strategy,CAGR,Sharpe,Sortino,MaxDD,Calmar,Final Equity,annualized_vol,turnover,transaction_cost_drag,time_in_stress,time_in_vix_lock,time_in_credit_lock,number_entries,number_unlocks,scope,exit_mode
SPY_CASH_TIMING,0.1203935416968398,0.9482196052541988,1.1006201709310846,-0.2945494550151177,0.4087379543467857,9.864453892588925,0.12696799457607152,141.0,0.07050000000000001,1029,296,273,41,39,,
VC_AND_EXIT_FINAL_SCOPE,0.1272233859909051,1.0642315933353548,1.2123844793600849,-0.21465299734700738,0.5926932657047232,11.148515115340388,0.11954483101951587,105.0,0.052500000000000005,1139,316,919,31,31,final_scope,independent
VC_AND_EXIT_ALL_REGIME,0.11008316078184865,1.064156275709209,1.118085349026893,-0.1478630131237746,0.7444942346041548,8.188977725035027,0.10344642351376779,125.0,0.0625,1690,365,1501,42,42,all_regime,independent
VC_ANCHOR_EXIT_FINAL_SCOPE,0.1305848979422377,1.0886565504020373,1.2450049842838058,-0.21465299734700738,0.6083534800640802,11.837372064812392,0.11995050036121413,109.0,0.0545,1119,502,899,31,27,final_scope,anchor
VC_ANCHOR_EXIT_ALL_REGIME,0.11945753086276456,1.1256046850298869,1.2223147429710708,-0.14599057020793693,0.8182551153312101,9.69984032913088,0.10612742861815003,137.0,0.0685,1520,675,1331,44,34,all_regime,anchor
