strategy,CAGR,Sharpe,Sortino,MaxDD,Calmar,Final Equity,annualized_vol,turnover,transaction_cost_drag,time_in_stress,time_in_vix_lock,time_in_credit_lock,steep_stress_days,inverted_stress_days,entries,unlocks,steep_vix_enabled,steep_credit_enabled
SPY_CASH_TIMING,0.1203935416968398,0.9482196052541988,1.1006201709310846,-0.2945494550151177,0.4087379543467857,9.864453892588925,0.12696799457607152,141.0,0.07050000000000001,1029,296,273,675,28,41,39,,
VC_ANCHOR_ALL_INVERTED_STEEP_OFF,0.14950434303463767,1.1617122429101088,1.341786363608965,-0.18605496238962715,0.8035493443144667,16.53394390348205,0.12869309413502156,65.0,0.0325,996,281,872,312,172,21,16,False,False
VC_ANCHOR_ALL_INVERTED_STEEP_VIX,0.1384259440586424,1.1457910662569841,1.3208839700256698,-0.2146529973470065,0.644882418459147,13.604806442098809,0.12081255312178833,113.0,0.05650000000000001,1117,551,872,430,172,34,28,True,False
VC_ANCHOR_ALL_INVERTED_STEEP_CREDIT,0.13451483758871596,1.2228905025453691,1.3471878071427088,-0.14599057020793715,0.9213940146759062,12.694003876953026,0.10999745055565634,85.0,0.042499999999999996,1484,281,1360,800,172,26,21,False,True
VC_ANCHOR_ALL_INVERTED_STEEP_ALL,0.1276675429836529,1.1675350487932608,1.291720318881932,-0.14599057020793693,0.8744917072507751,11.237298459175047,0.10934793188059523,125.0,0.0625,1451,675,1262,764,172,41,31,True,True
