strategy,CAGR,annualized_volatility,Sharpe,Sortino,MaxDD,Calmar,final_equity,win_rate,worst_day,worst_12m_return,turnover,transaction_cost,number_of_trades
SPY_BUY_HOLD,0.11138490180956961,0.19363068768012054,0.5752440542564119,0.7016046436312886,-0.551894409358084,0.20182284857555077,8.384514463464857,0.551044540796216,-0.1094236518704636,-0.4735408482965028,1.0,0.0005,1
SPY_CASH_TIMING,0.1409401129583936,0.11012827647519095,1.279781337449186,1.4198705313618154,-0.14599057020793693,0.965405592687597,14.222728665364523,0.6817106819077651,-0.0576490882079754,-0.08702510817599607,85.0,0.042499999999999996,43
FINAL_REGIME_HEDGE_TRIGGER_LOCK,0.22196577782965954,0.12273501659426453,1.8084959287815188,2.302702265358282,-0.12494577988913214,1.7764967974637955,56.61440239029625,0.6040599132834056,-0.07933115768327281,-0.01476245529517739,116.91674745003188,0.058458373725015944,231
REGIME_ONLY_REFERENCE,0.1535717417946716,0.166402810635443,0.9228915137203912,1.1096826940346145,-0.48487425293615116,0.3167248845751645,17.75265348912526,0.5603074497437919,-0.09773360008427663,-0.45386256332762676,53.52064057129801,0.02676032028564901,229
