date,MCL=F,USO,SPY,GLD,IEF,TLT,DBC,SHY,BIL,CL=F
2006-01-03,,,87.22505187988281,53.119998931884766,49.09079360961914,47.859737396240234,,54.9914436340332,,63.13999938964844
2006-01-04,,,87.63809204101562,53.29999923706055,49.17852020263672,47.97447204589844,,55.04624557495117,,63.41999816894531
2006-01-05,,,87.69322204589844,52.34000015258789,49.190269470214844,47.91712188720703,,54.99830627441406,,62.790000915527344
2006-01-06,,,88.42293548583984,53.720001220703125,49.12590026855469,47.828460693359375,,55.01197814941406,,64.20999908447266
2006-01-09,,,88.65013122558594,54.599998474121094,49.1492805480957,47.859737396240234,,55.018863677978516,,63.5
2006-01-10,,,88.73961639404297,54.060001373291016,48.950321197509766,47.47386169433594,,54.9640998840332,,63.369998931884766
2006-01-11,,,89.02188110351562,54.529998779296875,48.82750701904297,47.395633697509766,,54.9640998840332,,63.939998626708984
2006-01-12,,,88.67078399658203,54.43000030517578,49.003021240234375,47.713741302490234,,54.9914436340332,,63.939998626708984
2006-01-13,,,88.588134765625,55.439998626708984,49.2194938659668,47.990142822265625,,55.10101318359375,,63.91999816894531
2006-01-17,,,88.34720611572266,55.2599983215332,49.27801513671875,48.20390701293945,,55.080448150634766,,66.30999755859375
2006-01-18,,,87.99613952636719,54.06999969482422,49.295562744140625,48.18829345703125,,55.073631286621094,,65.7300033569336
2006-01-19,,,88.33342742919922,55.59000015258789,49.172733306884766,48.04750061035156,,55.080448150634766,,66.83000183105469
2006-01-20,,,86.7225112915039,55.20000076293945,49.254615783691406,48.17267990112305,,55.10101318359375,,68.3499984741211
2006-01-23,,,87.03230285644531,55.77000045776367,49.242889404296875,48.15702438354492,,55.10783004760742,,68.0999984741211
2006-01-24,,,87.12177276611328,55.72999954223633,49.160972595214844,47.9223747253418,,55.094146728515625,,67.05999755859375
2006-01-25,,,87.19752502441406,56.13999938964844,48.856712341308594,47.40086364746094,,55.018863677978516,,65.8499984741211
2006-01-26,,,87.67939758300781,55.880001068115234,48.75140380859375,47.19748306274414,,55.02569580078125,,66.26000213623047
2006-01-27,,,88.4917984008789,55.630001068115234,48.7865104675293,47.19748306274414,,54.98461151123047,,67.76000213623047
2006-01-30,,,88.42293548583984,56.68000030517578,48.68120574951172,47.15060043334961,,55.01197814941406,,68.3499984741211
2006-01-31,,,87.77580261230469,56.70000076293945,48.75140380859375,47.280948638916016,,55.01197814941406,,67.91999816894531
2006-02-01,,,88.38848876953125,56.70000076293945,48.601158142089844,47.11924743652344,,54.96185302734375,,66.55999755859375
2006-02-02,,,87.36273956298828,56.97999954223633,48.601158142089844,47.208194732666016,,54.96185302734375,,64.68000030517578
2006-02-03,,,86.92901611328125,56.5,48.7479133605957,47.54310607910156,,54.98933792114258,,65.37000274658203
2006-02-06,,,87.1562271118164,56.720001220703125,48.6774787902832,47.63731384277344,19.18509864807129,54.96185302734375,,65.11000061035156
2006-02-07,,,86.38516998291016,54.599998474121094,48.61876678466797,47.412269592285156,18.630159378051758,54.96873092651367,,63.09000015258789
2006-02-08,,,87.16998291015625,54.83000183105469,48.58942794799805,47.302398681640625,18.55087661743164,54.9481201171875,,62.54999923706055
2006-02-09,,,87.02540588378906,56.18000030517578,48.63639450073242,47.5169677734375,18.725290298461914,54.93438720703125,,62.619998931884766
2006-02-10,,,87.18376159667969,54.790000915527344,48.49551010131836,47.25529861450195,18.384397506713867,54.89323806762695,,61.84000015258789
2006-02-13,,,87.02540588378906,53.720001220703125,48.49551010131836,47.260555267333984,18.099000930786133,54.93438720703125,,61.2400016784668
2006-02-14,,,87.94792175292969,54.4900016784668,48.425071716308594,47.09304428100586,17.94837188720703,54.93438720703125,,59.56999969482422
2006-02-15,,,88.2577133178711,53.7599983215332,48.51312255859375,47.208194732666016,17.686756134033203,54.92755889892578,,57.70000076293945
2006-02-16,,,88.91864013671875,54.52000045776367,48.489646911621094,47.21867370605469,17.900806427001953,54.96873092651367,,58.459999084472656
2006-02-17,,,88.67768096923828,54.959999084472656,48.653961181640625,47.59543991088867,18.15449333190918,55.00992965698242,,59.880001068115234
2006-02-21,,,88.45734405517578,55.119998931884766,48.595279693603516,47.5169677734375,18.45574951171875,54.96873092651367,,61.099998474121094
2006-02-22,,,88.99433135986328,55.34000015258789,48.77729415893555,47.841426849365234,18.15449333190918,55.00992965698242,,61.0099983215332
2006-02-23,,,88.86356353759766,54.63999938964844,48.65984344482422,47.72104263305664,18.091068267822266,54.96185302734375,,60.540000915527344
2006-02-24,,,89.09070587158203,55.63999938964844,48.601158142089844,47.64778137207031,18.582590103149414,54.98244094848633,,62.90999984741211
2006-02-27,,,89.12516784667969,55.220001220703125,48.5072021484375,47.569278717041016,18.21791648864746,54.95499038696289,,61.0
2006-02-28,,,88.27836608886719,56.06999969482422,48.70090866088867,47.8047981262207,18.46367835998535,55.030487060546875,,61.40999984741211
2006-03-01,,,89.06317901611328,56.099998474121094,48.60492706298828,47.51591110229492,18.424036026000977,55.002281188964844,,61.970001220703125
2006-03-02,,,89.05632019042969,56.7400016784668,48.410614013671875,47.18509292602539,18.756999969482422,55.02293395996094,,63.36000061035156
2006-03-03,,,88.6432113647461,56.279998779296875,48.2928466796875,46.91200637817383,18.931411743164062,54.96778869628906,,63.66999816894531
2006-03-06,,,88.2370376586914,55.22999954223633,48.13978576660156,46.50243377685547,18.630159378051758,54.98850631713867,,62.40999984741211
2006-03-07,,,88.09938049316406,54.95000076293945,48.163307189941406,46.533897399902344,18.305118560791016,54.98850631713867,,61.58000183105469
2006-03-08,,,88.28524780273438,53.970001220703125,48.1868782043457,46.51816177368164,18.01179313659668,55.02293395996094,,60.02000045776367
2006-03-09,,,87.69322204589844,54.2400016784668,48.23398208618164,46.533897399902344,18.19413185119629,55.04360580444336,,60.470001220703125
2006-03-10,,,88.52619934082031,53.83000183105469,48.13978576660156,46.360595703125,18.114852905273438,54.98850631713867,,59.959999084472656
2006-03-13,,,88.69139099121094,54.310001373291016,48.09855270385742,46.32387924194336,18.35268783569336,54.98850631713867,,61.77000045776367
2006-03-14,,,89.62081146240234,54.869998931884766,48.37529754638672,46.633697509765625,18.622230529785156,55.09879684448242,,63.099998474121094
2006-03-15,,,90.02010345458984,55.119998931884766,48.286964416503906,46.38159942626953,18.416109085083008,55.112525939941406,,62.16999816894531
2006-03-16,,,90.20596313476562,55.34000015258789,48.59320068359375,46.80171203613281,18.574663162231445,55.20901870727539,,63.58000183105469
2006-03-17,,,90.28130340576172,55.119998931884766,48.49305725097656,46.65992736816406,18.487457275390625,55.18836212158203,,62.77000045776367
2006-03-20,,,90.13618469238281,55.16999816894531,48.58729934692383,46.73348617553711,18.1069278717041,55.2159309387207,,60.41999816894531
2006-03-21,,,89.56942749023438,54.83000183105469,48.387046813964844,46.491859436035156,18.170347213745117,55.11946105957031,,60.56999969482422
2006-03-22,,,90.11544036865234,54.75,48.44594955444336,46.591644287109375,18.138635635375977,55.13323974609375,,61.77000045776367
2006-03-23,,,89.92884063720703,54.70000076293945,48.322261810302734,46.44462966918945,18.447818756103516,55.11946105957031,,63.90999984741211
2006-03-24,,,89.99793243408203,55.709999084472656,48.53430938720703,46.78599548339844,18.408178329467773,55.19524383544922,,64.26000213623047
2006-03-27,,,89.86660766601562,56.38999938964844,48.42829513549805,46.612674713134766,18.519168853759766,55.181480407714844,,64.16000366210938
2006-03-28,,,89.31365966796875,56.060001373291016,48.19276809692383,46.17680740356445,18.756999969482422,55.13323974609375,,66.06999969482422
2006-03-29,,,89.8735122680664,57.06999969482422,48.145633697509766,45.956214904785156,18.88384246826172,55.13323974609375,,66.44999694824219
2006-03-30,,,89.71456909179688,58.599998474121094,48.004329681396484,45.63589859008789,19.113750457763672,55.10565948486328,,67.1500015258789
2006-03-31,,,89.73529815673828,58.099998474121094,48.03963851928711,45.62012481689453,18.97897720336914,55.126338958740234,,66.62999725341797
2006-04-03,,,89.66615295410156,58.470001220703125,47.986473083496094,45.634891510009766,19.066179275512695,55.095890045166016,,66.73999786376953
2006-04-04,,,90.2398452758789,58.33000183105469,47.99235153198242,45.587467193603516,18.963119506835938,55.13739776611328,,66.2300033569336
2006-04-05,,,90.55089569091797,58.65999984741211,48.10465621948242,45.65071487426758,19.0820369720459,55.14433288574219,,67.06999969482422
2006-04-06,,,90.45413970947266,59.279998779296875,47.96874237060547,45.30280303955078,19.422931671142578,55.13739776611328,,67.94000244140625
2006-04-07,,,89.53488159179688,58.59000015258789,47.75016784667969,44.86000442504883,19.335723876953125,55.102787017822266,,67.38999938964844
2006-04-10,,544.1599731445312,89.67312622070312,59.599998474121094,47.80923080444336,44.944332122802734,19.69247055053711,55.11665344238281,,68.73999786376953
2006-04-11,,545.5999755859375,88.91280364990234,59.0099983215332,47.89785385131836,45.10250473022461,19.77174949645996,55.1650505065918,,68.9800033569336
2006-04-12,,542.719970703125,89.07867431640625,59.43000030517578,47.78559494018555,44.828392028808594,19.73211097717285,55.130489349365234,,68.62000274658203
2006-04-13,,550.5599975585938,88.96119689941406,59.5,47.531578063964844,44.5120849609375,19.85895538330078,55.1235466003418,,69.31999969482422
2006-04-17,,558.3200073242188,88.92659759521484,61.09000015258789,47.7147102355957,44.67548370361328,20.0730037689209,55.158103942871094,,70.4000015258789
2006-04-18,,566.0,90.33659362792969,61.849998474121094,47.8682975769043,44.75458526611328,20.33461570739746,55.23417663574219,,71.3499984741211
2006-04-19,,574.7999877929688,90.50939178466797,63.75,47.73247528076172,44.48045349121094,20.53281021118164,55.220367431640625,,72.16999816894531
2006-04-20,,568.719970703125,90.63385009765625,60.959999084472656,47.69111251831055,44.44355392456055,20.294979095458984,55.19962692260742,,71.94999694824219
2006-04-21,,582.47998046875,90.64763641357422,63.20000076293945,47.79151153564453,44.70183563232422,20.72307777404785,55.19962692260742,,75.16999816894531
2006-04-24,,568.0800170898438,90.4817886352539,61.650001525878906,47.850616455078125,44.88107681274414,20.310836791992188,55.22724914550781,,73.33000183105469
2006-04-25,,565.1199951171875,90.10856628417969,62.779998779296875,47.54930114746094,44.34865951538086,20.37425422668457,55.1857795715332,,72.87999725341797
2006-04-26,,556.3200073242188,90.12925720214844,63.650001525878906,47.52569580078125,44.27482986450195,20.294979095458984,55.14433288574219,,71.93000030517578
2006-04-27,,549.5999755859375,90.56468963623047,62.959999084472656,47.65566635131836,44.3328742980957,19.97787094116211,55.23417663574219,,70.97000122070312
2006-04-28,,556.9600219726562,90.86881256103516,65.08999633789062,47.738372802734375,44.364471435546875,20.310836791992188,55.24805450439453,,71.87999725341797
2006-05-01,,572.0,90.12925720214844,65.16000366210938,47.479881286621094,44.03107833862305,20.53281021118164,55.21540069580078,,73.69999694824219
2006-05-02,,578.719970703125,90.80662536621094,66.55000305175781,47.55690383911133,44.14751052856445,20.77064323425293,55.22236633300781,,74.61000061035156
2006-05-03,,561.760009765625,90.46792602539062,66.45999908447266,47.49168395996094,44.05223083496094,20.398040771484375,55.22236633300781,,72.27999877929688
2006-05-04,,546.5599975585938,90.79278564453125,67.4800033569336,47.46206283569336,43.978172302246094,20.152278900146484,55.229305267333984,,69.94000244140625
2006-05-05,,544.0,91.59457397460938,67.98999786376953,47.57470703125,44.242740631103516,20.37425422668457,55.24314498901367,,70.19000244140625
2006-05-08,,543.0399780273438,91.48399353027344,67.55999755859375,47.598426818847656,44.269256591796875,20.318763732910156,55.236263275146484,,69.7699966430664
2006-05-09,,547.2000122070312,91.6636734008789,69.68000030517578,47.58066940307617,44.242740631103516,20.635873794555664,55.24314498901367,,70.69000244140625
2006-05-10,,558.1599731445312,91.61531829833984,70.37999725341797,47.6043815612793,44.32213592529297,21.151174545288086,55.24314498901367,,72.12999725341797
2006-05-11,,562.4000244140625,90.50939178466797,71.02999877929688,47.5213737487793,44.105159759521484,21.357295989990234,55.263973236083984,,73.31999969482422
2006-05-12,,552.8800048828125,89.32748413085938,71.12000274658203,47.34349822998047,43.7399787902832,21.28594398498535,55.24314498901367,,72.04000091552734
2006-05-15,,533.0399780273438,89.50718688964844,67.41000366210938,47.444252014160156,43.914649963378906,20.564525604248047,55.270904541015625,,69.41000366210938
2006-05-16,,533.5999755859375,89.37586975097656,68.61000061035156,47.62214660644531,44.242740631103516,20.627944946289062,55.31949234008789,,69.52999877929688
2006-05-17,,525.5999755859375,87.67559051513672,68.1500015258789,47.485755920410156,43.967559814453125,20.596235275268555,55.291751861572266,,68.69999694824219
2006-05-18,,533.9199829101562,87.23322296142578,67.45999908447266,47.82376480102539,44.5655632019043,20.60416030883789,55.34724044799805,,69.44999694824219
2006-05-19,,524.5599975585938,87.848388671875,65.58000183105469,47.794090270996094,44.682010650634766,20.152278900146484,55.33335494995117,,68.52999877929688
2006-05-22,,530.239990234375,87.17790222167969,65.30000305175781,47.85934066772461,44.777259826660156,20.310836791992188,55.33335494995117,,69.2300033569336
2006-05-23,,542.1599731445312,86.51441955566406,66.37999725341797,47.84150314331055,44.750831604003906,20.627944946289062,55.368045806884766,,71.76000213623047
2006-05-24,,528.7999877929688,87.2055892944336,64.05999755859375,47.91264724731445,44.7719841003418,20.104717254638672,55.40272521972656,,69.86000061035156
2006-05-25,,542.4000244140625,88.28380584716797,64.69999694824219,47.83561325073242,44.59736251831055,20.453533172607422,55.40272521972656,,71.31999969482422
2006-05-26,,542.0,88.73310089111328,65.0999984741211,47.87708282470703,44.5655632019043,20.6517276763916,55.4235725402832,,71.37000274658203
2006-05-30,,546.5599975585938,87.1572265625,65.11000061035156,47.83561325073242,44.5444221496582,20.540735244750977,55.38191604614258,,72.02999877929688
2006-05-31,,541.8400268554688,88.13178253173828,64.2300033569336,47.68739700317383,44.27983093261719,20.231557846069336,55.340293884277344,,71.29000091552734
2006-06-01,,534.5599975585938,88.97501373291016,62.560001373291016,47.76712417602539,44.477447509765625,19.985795974731445,55.4084587097168,,70.33999633789062
2006-06-02,,551.2000122070312,89.16159057617188,63.5,48.13607406616211,45.05127716064453,20.382184982299805,55.49204635620117,,72.33000183105469
2006-06-05,,549.9199829101562,87.86221313476562,63.290000915527344,48.04086685180664,44.99283981323242,20.326690673828125,55.44326400756836,,72.5999984741211
2006-06-06,,550.0800170898438,87.64794158935547,62.54999923706055,48.08248519897461,45.20538330078125,20.152278900146484,55.44326400756836,,72.5
2006-06-07,,538.239990234375,86.99132537841797,62.279998779296875,48.01704406738281,45.21602249145508,20.017507553100586,55.4084587097168,,70.81999969482422
2006-06-08,,536.9600219726562,86.91532135009766,60.90999984741211,48.08248519897461,45.306339263916016,19.80345916748047,55.471160888671875,,70.3499984741211
2006-06-09,,544.5599975585938,86.63882446289062,60.45000076293945,48.20158386230469,45.54543685913086,19.83517074584961,55.471160888671875,,71.62999725341797
2006-06-12,,536.6400146484375,85.69883728027344,60.029998779296875,48.177730560302734,45.5826301574707,19.597339630126953,55.478145599365234,,70.36000061035156
2006-06-13,,521.4400024414062,84.70355224609375,55.91999816894531,48.24318313598633,45.61454772949219,19.066179275512695,55.46420669555664,,68.55999755859375
2006-06-14,,526.3200073242188,85.36017608642578,55.619998931884766,47.92184066772461,45.157535552978516,19.058256149291992,55.4084587097168,,69.13999938964844
2006-06-15,,529.280029296875,87.17102813720703,57.31999969482422,47.81471633911133,44.897220611572266,19.264375686645508,55.394615173339844,,69.5
2006-06-16,,530.0,86.53581237792969,57.68000030517578,47.784996032714844,44.79624557495117,19.304014205932617,55.36674880981445,,69.87999725341797
2006-06-19,,524.3200073242188,85.85543060302734,56.36000061035156,47.73139190673828,44.732505798339844,18.947265625,55.34590148925781,,68.9800033569336
2006-06-20,,522.3200073242188,86.14701843261719,57.29999923706055,47.69572830200195,44.65809631347656,19.10582160949707,55.338924407958984,,68.94000244140625
2006-06-21,,530.7999877929688,86.78573608398438,58.33000183105469,47.68975830078125,44.66872787475586,19.383291244506836,55.352783203125,,70.33000183105469
2006-06-22,,536.0,86.4039077758789,57.72999954223633,47.535064697265625,44.413719177246094,19.375362396240234,55.32499313354492,,70.83999633789062
2006-06-23,,535.1199951171875,86.39000701904297,57.9900016784668,47.49338150024414,44.32335662841797,19.335723876953125,55.31105422973633,,70.87000274658203
2006-06-26,,541.5999755859375,86.7718505859375,58.279998779296875,47.4636344909668,44.23836135864258,19.549774169921875,55.31804275512695,,71.80000305175781
2006-06-27,,544.6400146484375,86.0220947265625,57.68000030517578,47.58859634399414,44.45620346069336,19.621126174926758,55.352783203125,,71.91999816894531
2006-06-28,,546.47998046875,86.60525512695312,57.540000915527344,47.43386459350586,44.22242736816406,19.541845321655273,55.32499313354492,,72.19000244140625
2006-06-29,,556.0800170898438,88.3547134399414,59.52000045776367,47.63023376464844,44.37118148803711,19.969942092895508,55.422489166259766,,73.5199966430664
2006-06-30,,558.1599731445312,88.36163330078125,61.22999954223633,47.7968864440918,44.80155563354492,20.057146072387695,55.471160888671875,,73.9800033569336
2006-07-03,,559.4400024414062,88.72264099121094,62.18000030517578,47.77415466308594,44.75728225708008,20.588308334350586,55.46284484863281,,
2006-07-05,,568.0,88.21583557128906,62.5,47.60090637207031,44.399898529052734,20.429752349853516,55.413902282714844,,75.19000244140625
2006-07-06,,566.1599731445312,88.47270202636719,63.02000045776367,47.75027847290039,44.67196273803711,20.564525604248047,55.455810546875,,75.13999938964844
2006-07-07,,558.7999877929688,87.89651489257812,62.630001068115234,47.89967727661133,44.959991455078125,20.413898468017578,55.49770736694336,,74.08999633789062
2006-07-10,,556.47998046875,88.06312561035156,62.02000045776367,47.93549346923828,45.00265884399414,20.271194458007812,55.49770736694336,,73.61000061035156
2006-07-11,,560.6400146484375,88.45186614990234,63.810001373291016,47.98925018310547,45.146671295166016,20.715147018432617,55.49770736694336,,74.16000366210938
2006-07-12,,569.1199951171875,87.5077133178711,64.91999816894531,48.031005859375,45.15734100341797,20.9212703704834,55.5186653137207,,74.94999694824219
2006-07-13,,586.0,86.08455657958984,65.55000305175781,48.13859558105469,45.333351135253906,20.91334342956543,55.58852767944336,,76.69999694824219
2006-07-14,,585.760009765625,85.75135803222656,65.8499984741211,48.174407958984375,45.36000442504883,21.008474349975586,55.595489501953125,,77.02999877929688
2006-07-17,,573.2000122070312,85.62640380859375,63.95000076293945,48.132625579833984,45.42936325073242,20.53281021118164,55.58852767944336,,75.30000305175781
2006-07-18,,566.0,86.063720703125,62.900001525878906,47.947425842285156,45.03998947143555,20.405967712402344,55.54655838012695,,73.54000091552734
2006-07-19,,558.7999877929688,87.25779724121094,64.02999877929688,48.25208282470703,45.4666862487793,20.477313995361328,55.62343215942383,,72.66000366210938
2006-07-20,,552.7999877929688,86.66077423095703,62.540000915527344,48.3536491394043,45.600067138671875,20.263267517089844,55.69331359863281,,73.08000183105469
2006-07-21,,556.1599731445312,86.04985809326172,61.709999084472656,48.32380676269531,45.51472091674805,20.207773208618164,55.679351806640625,,74.43000030517578
2006-07-24,,561.3599853515625,87.61880493164062,61.13999938964844,48.32380676269531,45.4880256652832,20.294979095458984,55.679351806640625,,75.05000305175781
2006-07-25,,552.0,87.93120574951172,61.54999923706055,48.27599334716797,45.35470962524414,20.120567321777344,55.66536331176758,,73.75
2006-07-26,,553.3599853515625,88.04926300048828,62.0,48.39548110961914,45.52002716064453,19.985795974731445,55.7352409362793,,73.94000244140625
2006-07-27,,557.4400024414062,87.9659194946289,62.900001525878906,48.38953399658203,45.45069885253906,20.37425422668457,55.76313781738281,,74.54000091552734
2006-07-28,,548.0,88.84757995605469,63.11000061035156,48.52094268798828,45.71207809448242,20.302907943725586,55.8330192565918,,73.23999786376953
2006-07-31,,556.1599731445312,88.75737762451172,63.15999984741211,48.598594665527344,45.7707405090332,20.501102447509766,55.83995819091797,,74.4000015258789
2006-08-01,,561.2000122070312,88.32001495361328,64.31999969482422,48.609981536865234,45.7664680480957,20.596235275268555,55.87434387207031,,74.91000366210938
2006-08-02,,568.9600219726562,88.91700744628906,64.75,48.65195083618164,45.93782424926758,20.873701095581055,55.87434387207031,,75.80999755859375
2006-08-03,,564.47998046875,89.153076171875,64.12000274658203,48.66395950317383,45.94853973388672,20.67551040649414,55.86733627319336,,75.45999908447266
2006-08-04,,558.47998046875,89.0003662109375,64.27999877929688,48.90388107299805,46.22702407836914,20.6517276763916,55.91637420654297,,74.76000213623047
2006-08-07,,576.0,88.79206848144531,64.5,48.837886810302734,46.25379180908203,20.976760864257812,55.93748474121094,,76.9800033569336
2006-08-08,,570.4000244140625,88.45186614990234,63.970001220703125,48.84386444091797,46.15204620361328,20.68343734741211,55.965457916259766,,76.30999755859375
2006-08-09,,569.3599853515625,88.15338134765625,64.62999725341797,48.81990432739258,46.002113342285156,20.715147018432617,55.98650360107422,,76.3499984741211
2006-08-10,,556.7999877929688,88.42411041259766,63.25,48.83186340332031,45.9324836730957,20.445608139038086,55.972496032714844,,74.0
2006-08-11,,557.8400268554688,88.17420959472656,62.709999084472656,48.67596435546875,45.73431396484375,20.247413635253906,55.92341613769531,,74.3499984741211
2006-08-14,,548.719970703125,88.24361419677734,62.25,48.592010498046875,45.653987884521484,20.057146072387695,55.8953742980957,,73.52999877929688
2006-08-15,,545.6799926757812,89.29886627197266,62.0099983215332,48.82590103149414,46.039554595947266,20.08885955810547,55.972496032714844,,73.05000305175781
2006-08-16,,536.7999877929688,90.04166412353516,62.4900016784668,49.029788970947266,46.350181579589844,19.874807357788086,56.063602447509766,,71.88999938964844
2006-08-17,,528.4000244140625,90.27075958251953,61.029998779296875,49.017845153808594,46.334110260009766,19.565628051757812,56.05660629272461,,70.05999755859375
2006-08-18,,529.4400024414062,90.7289810180664,61.040000915527344,49.1497688293457,46.467994689941406,19.66868782043457,56.07761764526367,,71.13999938964844
2006-08-21,,539.3599853515625,90.34020233154297,62.439998626708984,49.20973587036133,46.634010314941406,19.827245712280273,56.11271667480469,,72.44999694824219
2006-08-22,,536.4000244140625,90.33324432373047,62.04999923706055,49.227752685546875,46.65009307861328,19.7955322265625,56.1057243347168,,72.62999725341797
2006-08-23,,528.0,90.08333587646484,61.83000183105469,49.179771423339844,46.67149353027344,19.58941078186035,56.0916633605957,,71.76000213623047
2006-08-24,,534.0,90.00694274902344,61.75,49.227752685546875,46.757198333740234,19.874807357788086,56.12670135498047,,72.36000061035156
2006-08-25,,532.4000244140625,90.1180191040039,61.77000045776367,49.29368209838867,46.826812744140625,19.866884231567383,56.1407585144043,,72.51000213623047
2006-08-28,,519.0399780273438,90.5484619140625,61.0,49.2877082824707,46.869659423828125,19.557701110839844,56.154762268066406,,70.61000061035156
2006-08-29,,513.52001953125,90.65260314941406,60.939998626708984,49.329673767089844,46.93391418457031,19.52598762512207,56.17580032348633,,69.70999908447266
2006-08-30,,518.7999877929688,90.70814514160156,61.41999816894531,49.3896598815918,47.057090759277344,19.819316864013672,56.2108039855957,,70.02999877929688
2006-08-31,,518.4000244140625,90.69427490234375,62.290000915527344,49.45564651489258,47.16954803466797,19.819316864013672,56.25991439819336,,70.26000213623047
2006-09-01,,510.0,91.23576354980469,62.13999938964844,49.529029846191406,47.18569564819336,19.779678344726562,56.3239631652832,,69.19000244140625
2006-09-04,,,,,,,,,,68.0199966430664
2006-09-05,,506.4800109863281,91.4093017578125,63.36000061035156,49.366554260253906,46.889957427978516,19.74796485900879,56.260623931884766,,68.5999984741211
2006-09-06,,497.6000061035156,90.60398864746094,62.86000061035156,49.330406188964844,46.825408935546875,19.644906997680664,56.260623931884766,,67.5
2006-09-07,,495.1199951171875,90.18745422363281,61.25,49.366554260253906,46.916866302490234,19.581483840942383,56.260623931884766,,67.31999969482422
2006-09-08,,487.20001220703125,90.44432830810547,60.63999938964844,49.41470718383789,46.954498291015625,19.422931671142578,56.29582595825195,,66.25
2006-09-11,,480.239990234375,90.53458404541016,58.5,49.32438278198242,46.91147232055664,18.97104835510254,56.288753509521484,,65.61000061035156
2006-09-12,,470.0799865722656,91.4231948852539,58.31999969482422,49.46284103393555,47.14801025390625,18.6697940826416,56.31692123413086,,63.7599983215332
2006-09-13,,472.0,91.79109954833984,58.619998931884766,49.5109748840332,47.16958236694336,18.622230529785156,56.3239631652832,,63.970001220703125
2006-09-14,,465.20001220703125,91.79808044433594,57.189998626708984,49.41470718383789,47.06201171875,18.511240005493164,56.27467346191406,,63.220001220703125
2006-09-15,,464.32000732421875,92.01355743408203,57.400001525878906,49.38459396362305,47.02437210083008,18.45574951171875,56.29582595825195,,63.33000183105469
2006-09-18,,466.55999755859375,92.13905334472656,58.22999954223633,49.31233215332031,46.949100494384766,18.67772102355957,56.288753509521484,,63.79999923706055
2006-09-19,,450.0,91.90898895263672,56.91999816894531,49.60739517211914,47.47603225708008,18.400253295898438,56.36611557006836,,61.65999984741211
2006-09-20,,440.3999938964844,92.39701080322266,57.2599983215332,49.619388580322266,47.545928955078125,18.28926658630371,56.387264251708984,,60.459999084472656
2006-09-21,,447.1199951171875,91.95081329345703,57.95000076293945,49.974571228027344,47.98145294189453,18.60637092590332,56.48573303222656,,61.59000015258789
2006-09-22,,437.1199951171875,91.67185974121094,58.5,50.125099182128906,48.21805953979492,18.39232635498047,56.513916015625,,60.54999923706055
2006-09-25,,445.3599853515625,92.37613677978516,58.5,50.29364776611328,48.556732177734375,18.43196678161621,56.56312561035156,,61.45000076293945
2006-09-26,,443.3599853515625,93.14317321777344,58.7400016784668,50.1672248840332,48.35246276855469,18.511240005493164,56.49987030029297,,61.0099983215332
2006-09-27,,457.2799987792969,93.25469207763672,59.810001373291016,50.15517807006836,48.212646484375,18.788711547851562,56.542083740234375,,62.959999084472656
2006-09-28,,453.20001220703125,93.21983337402344,59.790000915527344,50.1070442199707,48.13199234008789,18.93933868408203,56.56312561035156,,62.7599983215332
2006-09-29,,456.0,93.14317321777344,59.470001220703125,50.0528564453125,48.07286834716797,18.986906051635742,56.506900787353516,,62.90999984741211
2006-10-02,,442.4800109863281,92.79450225830078,59.150001525878906,50.14103698730469,48.20453643798828,18.78078269958496,56.57325744628906,,61.029998779296875
2006-10-03,,425.9200134277344,92.98974609375,57.11000061035156,50.13508605957031,48.1397705078125,18.471601486206055,56.58034133911133,,58.68000030517578
2006-10-04,,432.32000732421875,94.07747650146484,56.369998931884766,50.364707946777344,48.490638732910156,18.60637092590332,56.679195404052734,,59.40999984741211
2006-10-05,,436.7200012207031,94.25878143310547,56.91999816894531,50.18946075439453,48.15057373046875,18.709436416625977,56.62268829345703,,60.029998779296875
2006-10-06,,434.79998779296875,94.1402587890625,56.9900016784668,49.917476654052734,47.6485481262207,18.78078269958496,56.55208206176758,,59.7599983215332
2006-10-09,,436.79998779296875,94.19606018066406,57.20000076293945,49.97791290283203,47.778076171875,19.304014205932617,56.55915832519531,,59.959999084472656
2006-10-10,,429.3599853515625,94.321533203125,57.0,49.675743103027344,47.400230407714844,18.788711547851562,56.48146057128906,,58.52000045776367
2006-10-11,,421.20001220703125,94.20996856689453,56.880001068115234,49.615360260009766,47.25986862182617,18.535024642944336,56.474395751953125,,57.59000015258789
2006-10-12,,427.44000244140625,95.02579498291016,57.4900016784668,49.64554977416992,47.28687286376953,18.741147994995117,56.50264358520508,,57.86000061035156
2006-10-13,,429.20001220703125,95.26983642578125,58.56999969482422,49.56089401245117,47.04939270019531,19.14546012878418,56.48146057128906,,58.56999969482422
2006-10-16,,437.760009765625,95.41626739501953,59.16999816894531,49.64554977416992,47.25986862182617,19.31194305419922,56.5096549987793,,59.939998626708984
2006-10-17,,431.9200134277344,95.1164779663086,58.650001525878906,49.69987106323242,47.29767990112305,19.327796936035156,56.51679229736328,,58.93000030517578
2006-10-18,,422.79998779296875,95.24195861816406,58.59000015258789,49.68783187866211,47.39483642578125,19.018617630004883,56.523860931396484,,57.650001525878906
2006-10-19,,431.20001220703125,95.39537811279297,59.40999984741211,49.64554977416992,47.308475494384766,19.335723876953125,56.51679229736328,,58.5
2006-10-20,,422.0,95.41626739501953,58.779998779296875,49.63345718383789,47.25986862182617,19.066179275512695,56.53794479370117,,56.81999969482422
2006-10-23,,418.9599914550781,95.8556137084961,57.7599983215332,49.49442672729492,47.07095718383789,19.10582160949707,56.5096549987793,,58.810001373291016
2006-10-24,,422.7200012207031,96.14143371582031,58.16999816894531,49.56089401245117,47.07095718383789,19.24059295654297,56.5096549987793,,59.349998474121094
2006-10-25,,437.6000061035156,96.46917724609375,58.7599983215332,49.74226379394531,47.44342041015625,19.581483840942383,56.57325744628906,,61.400001525878906
2006-10-26,,429.20001220703125,96.76900482177734,59.290000915527344,49.911441802978516,47.75110626220703,19.446714401245117,56.64389419555664,,60.36000061035156
2006-10-27,,432.0,96.16238403320312,59.400001525878906,50.07459259033203,47.972412109375,19.502206802368164,56.700408935546875,,60.75
2006-10-30,,415.8399963378906,96.09266662597656,59.900001525878906,50.09877014160156,48.10734939575195,19.296085357666016,56.66507339477539,,58.36000061035156
2006-10-31,,416.79998779296875,96.07869720458984,60.2400016784668,50.322357177734375,48.479835510253906,19.17717170715332,56.742767333984375,,58.72999954223633
2006-11-01,,416.9599914550781,95.43021392822266,61.36000061035156,50.49711227416992,48.74808883666992,19.422931671142578,56.783172607421875,,58.709999084472656
2006-11-02,,412.0,95.37446594238281,61.91999816894531,50.35752868652344,48.547576904296875,19.280231475830078,56.76900863647461,,57.880001068115234
2006-11-03,,421.44000244140625,95.20709991455078,62.29999923706055,49.97544479370117,47.97319412231445,19.518064498901367,56.66265106201172,,59.13999938964844
2006-11-06,,427.6000061035156,96.28092956542969,61.88999938964844,50.02391815185547,48.11406707763672,19.85895538330078,56.65559005737305,,60.02000045776367
2006-11-07,,420.79998779296875,96.65049743652344,62.040000915527344,50.19376754760742,48.33625793457031,19.81138801574707,56.7264518737793,,58.93000030517578
2006-11-08,,427.20001220703125,96.85968780517578,61.11000061035156,50.303009033203125,48.509666442871094,19.78760528564453,56.7547721862793,,59.83000183105469
2006-11-09,,436.0,96.35061645507812,62.95000076293945,50.29685592651367,48.482540130615234,20.04922103881836,56.74772262573242,,61.15999984741211
2006-11-10,,426.3999938964844,96.39250946044922,62.4900016784668,50.406097412109375,48.69391632080078,19.62904930114746,56.79024124145508,,59.59000015258789
2006-11-13,,418.79998779296875,96.62954711914062,62.189998626708984,50.381866455078125,48.683082580566406,19.486351013183594,56.79024124145508,,58.58000183105469
2006-11-14,,417.1199951171875,97.35474395751953,61.630001068115234,50.484962463378906,48.87272262573242,19.541845321655273,56.79734802246094,,58.279998779296875
2006-11-15,,420.0,97.6336441040039,61.84000015258789,50.34543228149414,48.68849182128906,19.69247055053711,56.76185607910156,,58.7599983215332
2006-11-16,,404.7200012207031,97.88471221923828,61.310001373291016,50.218055725097656,48.46634292602539,19.20095443725586,56.74062728881836,,56.2599983215332
2006-11-17,,407.5199890136719,97.91255950927734,61.779998779296875,50.40003204345703,48.74260711669922,19.438785552978516,56.8115348815918,,55.810001373291016
2006-11-20,,407.760009765625,97.96833038330078,61.77000045776367,50.430362701416016,48.818519592285156,19.3674373626709,56.825721740722656,,58.79999923706055
2006-11-21,,415.8399963378906,98.06598663330078,62.27000045776367,50.50313186645508,48.93773651123047,19.549774169921875,56.839813232421875,,60.16999816894531
2006-11-22,,410.4800109863281,98.2612075805664,62.5,50.581966400146484,49.01901626586914,19.621126174926758,56.88238525390625,,59.2400016784668
2006-11-24,,414.3999938964844,97.86373901367188,63.5,50.6365966796875,49.10572052001953,19.89066505432129,56.889461517333984,,
2006-11-27,,418.3999938964844,96.5179214477539,63.70000076293945,50.68509292602539,49.284542083740234,19.9461612701416,56.92493438720703,,60.31999969482422
2006-11-28,,421.67999267578125,96.93636322021484,63.56999969482422,50.77609634399414,49.38750076293945,20.00165557861328,56.95326232910156,,60.9900016784668
2006-11-29,,433.1199951171875,97.94743347167969,63.15999984741211,50.71541976928711,49.27370071411133,20.255342483520508,56.95326232910156,,62.459999084472656
2006-11-30,,436.6400146484375,97.98926544189453,64.38999938964844,50.98228073120117,49.59882354736328,20.437679290771484,57.01704788208008,,63.130001068115234
2006-12-01,,440.3999938964844,97.77307891845703,64.12000274658203,51.100425720214844,49.72504425048828,20.429752349853516,57.12873458862305,,63.43000030517578
2006-12-04,,433.6000061035156,98.5191879272461,64.12000274658203,51.09434127807617,49.812042236328125,20.33461570739746,57.12166976928711,,62.439998626708984
2006-12-05,,434.3999938964844,98.94454193115234,63.810001373291016,51.02735137939453,49.57815933227539,20.398040771484375,57.12166976928711,,62.43000030517578
2006-12-06,,431.1199951171875,98.86089324951172,62.689998626708984,50.94822311401367,49.480255126953125,20.128496170043945,57.11449432373047,,62.189998626708984
2006-12-07,,430.8800048828125,98.42854309082031,62.72999954223633,50.93001174926758,49.44218063354492,20.057146072387695,57.100311279296875,,62.4900016784668
2006-12-08,,428.6400146484375,98.6098861694336,62.04999923706055,50.69867706298828,49.08320617675781,19.898595809936523,57.0291862487793,,62.029998779296875
2006-12-11,,424.0,98.8957290649414,62.56999969482422,50.85690689086914,49.295345306396484,19.93030548095703,57.03626251220703,,61.220001220703125
2006-12-12,,420.3999938964844,98.81900024414062,62.52000045776367,50.94822311401367,49.398685455322266,19.898595809936523,57.11449432373047,,61.02000045776367
2006-12-13,,423.0400085449219,98.92363739013672,62.47999954223633,50.68646240234375,48.95808792114258,19.90652084350586,57.03626251220703,,61.369998931884766
2006-12-14,,429.8399963378906,99.79524993896484,62.119998931884766,50.607337951660156,48.77861404418945,20.136425018310547,57.00777053833008,,62.5099983215332
2006-12-15,,434.3999938964844,99.80432891845703,61.0,50.619503021240234,48.80582809448242,20.231557846069336,57.0291862487793,,63.43000030517578
2006-12-18,,425.2799987792969,99.53095245361328,61.040000915527344,50.643836975097656,48.82212829589844,19.874195098876953,57.0291862487793,,62.209999084472656
2006-12-19,,432.0,99.72019958496094,61.79999923706055,50.63167190551758,48.75685119628906,20.109731674194336,57.03626251220703,,63.150001525878906
2006-12-20,,432.3999938964844,99.66409301757812,61.619998931884766,50.619503021240234,48.75142288208008,20.15033721923828,57.07181167602539,,63.720001220703125
2006-12-21,,426.7200012207031,99.29949188232422,61.380001068115234,50.8021354675293,48.9962158203125,19.94729232788086,57.11449432373047,,62.65999984741211
2006-12-22,,423.3599853515625,98.68949890136719,61.650001525878906,50.57081985473633,48.620887756347656,20.101608276367188,57.10739517211914,,62.40999984741211
2006-12-26,,413.1199951171875,99.271484375,61.97999954223633,50.607337951660156,48.76773452758789,19.79297637939453,57.10739517211914,,61.099998474121094
2006-12-27,,410.79998779296875,99.92353820800781,62.220001220703125,50.472408294677734,48.4091682434082,19.73612403869629,57.076026916503906,,60.34000015258789
2006-12-28,,410.3999938964844,99.71321868896484,62.900001525878906,50.35639953613281,48.3000373840332,19.8823184967041,57.040321350097656,,60.529998779296875
2006-12-29,,412.79998779296875,99.29949188232422,63.209999084472656,50.332008361816406,48.261817932128906,19.963537216186523,57.054603576660156,,61.04999923706055
2007-01-02,,,,,,,,,,61.04999923706055
2007-01-03,,395.20001220703125,99.12419128417969,62.279998779296875,50.478515625,48.60566711425781,19.330034255981445,57.11172103881836,,58.31999969482422
2007-01-04,,379.1199951171875,99.33454895019531,61.650001525878906,50.66166305541992,48.90034484863281,18.82647705078125,57.168792724609375,,55.59000015258789
2007-01-05,,382.6400146484375,98.542236328125,60.16999816894531,50.49679946899414,48.6874885559082,18.761503219604492,57.1330680847168,,56.310001373291016
2007-01-08,,379.9200134277344,98.99800872802734,60.47999954223633,50.5334358215332,48.774837493896484,18.858963012695312,57.09738540649414,,56.09000015258789
2007-01-09,,378.3999938964844,98.91382598876953,60.849998474121094,50.52125549316406,48.774837493896484,18.6965274810791,57.11885070800781,,55.63999938964844
2007-01-10,,362.8800048828125,99.24337768554688,60.59000015258789,50.435726165771484,48.55653381347656,18.42038345336914,57.104515075683594,,54.02000045776367
2007-01-11,,354.7200012207031,99.67813873291016,60.630001068115234,50.30143737792969,48.27278137207031,18.396015167236328,57.061737060546875,,51.880001068115234
2007-01-12,,357.0400085449219,100.4354019165039,62.16999816894531,50.197662353515625,48.048954010009766,18.82647705078125,57.026004791259766,,52.9900016784668
2007-01-16,,346.7200012207031,100.23908233642578,61.970001220703125,50.29530334472656,48.152687072753906,18.396015167236328,57.08313751220703,,51.209999084472656
2007-01-17,,353.760009765625,100.28113555908203,62.63999938964844,50.197662353515625,48.00532531738281,18.558452606201172,57.061737060546875,,52.2400016784668
2007-01-18,,345.8399963378906,99.94456481933594,62.2599983215332,50.26477813720703,48.152687072753906,18.36353302001953,57.08313751220703,,50.47999954223633
2007-01-19,,355.44000244140625,100.14089965820312,63.0,50.18545150756836,48.021671295166016,18.639671325683594,57.076026916503906,,51.9900016784668
2007-01-22,,350.7200012207031,99.8323745727539,62.720001220703125,50.27701187133789,48.13626480102539,18.655916213989258,57.09738540649414,,51.130001068115234
2007-01-23,,365.20001220703125,100.12689208984375,64.2300033569336,50.130496978759766,47.81973648071289,19.248809814453125,57.068878173828125,,55.040000915527344
2007-01-24,,368.79998779296875,100.93323516845703,64.33000183105469,50.136634826660156,47.814300537109375,19.086374282836914,57.09738540649414,,55.369998931884766
2007-01-25,,362.1600036621094,99.74825286865234,64.05999755859375,49.94123840332031,47.470458984375,18.91581916809082,57.054603576660156,,54.22999954223633
2007-01-26,,370.239990234375,99.65711975097656,64.16999816894531,49.93513870239258,47.43224334716797,19.151351928710938,57.061737060546875,,55.41999816894531
2007-01-29,,359.760009765625,99.60099792480469,63.77000045776367,49.898521423339844,47.32856750488281,18.761503219604492,57.068878173828125,,54.0099983215332
2007-01-30,,378.8800048828125,100.119873046875,64.22000122070312,49.94731903076172,47.383148193359375,19.281301498413086,57.08313751220703,,56.970001220703125
2007-01-31,,385.9200134277344,100.79299926757812,64.83000183105469,50.130496978759766,47.781524658203125,19.484346389770508,57.14739990234375,,58.13999938964844
2007-02-01,,382.7200012207031,101.39600372314453,65.22000122070312,50.09430694580078,47.72400665283203,19.411251068115234,57.14018249511719,,57.29999923706055
2007-02-02,,394.7200012207031,101.53621673583984,64.27999877929688,50.1372184753418,47.78426742553711,19.663026809692383,57.16167068481445,,59.02000045776367
2007-02-05,,392.79998779296875,101.56423950195312,64.30999755859375,50.19237518310547,47.85002136230469,19.598054885864258,57.14740753173828,,58.7400016784668
2007-02-06,,393.67999267578125,101.59233093261719,64.79000091552734,50.333351135253906,48.113075256347656,19.50058937072754,57.21179962158203,,58.880001068115234
2007-02-07,,386.0,101.81673431396484,64.62999725341797,50.44367218017578,48.25555419921875,19.265058517456055,57.24049758911133,,57.709999084472656
2007-02-08,,398.0,101.68346405029297,65.5199966430664,50.45588684082031,48.293922424316406,19.711759567260742,57.261940002441406,,59.709999084472656
2007-02-09,,399.9200134277344,100.92619323730469,66.12000274658203,50.302730560302734,48.019893646240234,19.833585739135742,57.204647064208984,,59.88999938964844
2007-02-12,,386.9599914550781,100.58262634277344,65.66999816894531,50.23530960083008,47.91032409667969,19.459980010986328,57.204647064208984,,57.810001373291016
2007-02-13,,394.8800048828125,101.43109130859375,65.83999633789062,50.198543548583984,47.80619812011719,19.817340850830078,57.197479248046875,,59.060001373291016
2007-02-14,,387.6000061035156,102.09712982177734,66.37000274658203,50.48651885986328,48.26100540161133,19.549320220947266,57.32643127441406,,58.0
2007-02-15,,386.79998779296875,102.23040008544922,66.41000366210938,50.56624984741211,48.403499603271484,19.549320220947266,57.35506057739258,,57.9900016784668
2007-02-16,,394.79998779296875,102.18132781982422,66.36000061035156,50.621368408203125,48.57334518432617,19.890439987182617,57.36940383911133,,59.38999938964844
2007-02-20,,389.3599853515625,102.398681640625,65.30999755859375,50.682682037353516,48.6829719543457,19.67115020751953,57.362213134765625,,58.06999969482422
2007-02-21,,398.8800048828125,102.35657501220703,67.3499984741211,50.676578521728516,48.60078430175781,20.093488693237305,57.39802932739258,,60.06999969482422
2007-02-22,,402.6400146484375,102.2794418334961,67.1500015258789,50.547813415527344,48.337738037109375,20.36962890625,57.362213134765625,,60.95000076293945
2007-02-23,,403.67999267578125,101.87982177734375,67.72000122070312,50.75005340576172,48.6829719543457,20.49958038330078,57.42667770385742,,61.13999938964844
2007-02-26,,407.20001220703125,101.78864288330078,68.0999984741211,50.909454345703125,49.00631332397461,20.55643081665039,57.46965789794922,,61.38999938964844
2007-02-27,,399.6000061035156,97.81303405761719,65.41000366210938,51.338417053222656,49.62553787231445,20.16658592224121,57.60569763183594,,61.459999084472656
2007-02-28,,409.44000244140625,98.81571960449219,66.4800033569336,51.160736083984375,49.40085983276367,20.4752140045166,57.562744140625,,61.790000915527344
2007-03-01,,409.9200134277344,98.52120971679688,65.81999969482422,51.206809997558594,49.369483947753906,20.329023361206055,57.642539978027344,,62.0
2007-03-02,,408.0799865722656,97.23106384277344,63.709999084472656,51.372833251953125,49.617042541503906,20.142215728759766,57.707218170166016,,61.63999938964844
2007-03-05,,396.9599914550781,96.30552673339844,62.93000030517578,51.40357971191406,49.69953918457031,19.84170913696289,57.72872543334961,,60.06999969482422
2007-03-06,,402.55999755859375,97.95326232910156,64.1500015258789,51.335899353027344,49.551025390625,20.028512954711914,57.67845153808594,,60.689998626708984
2007-03-07,,410.32000732421875,97.8550796508789,64.30000305175781,51.42816162109375,49.7435188293457,20.304656982421875,57.7359619140625,,61.81999969482422
2007-03-08,,410.32000732421875,98.68245697021484,64.4800033569336,51.422019958496094,49.69953918457031,20.337142944335938,57.7359619140625,,61.63999938964844
2007-03-09,,400.8800048828125,98.71054077148438,64.25,51.133056640625,49.17692184448242,20.069120407104492,57.635379791259766,,60.04999923706055
2007-03-12,,394.79998779296875,98.85775756835938,64.37000274658203,51.27449417114258,49.369483947753906,19.8823184967041,57.6856575012207,,58.90999984741211
2007-03-13,,391.5199890136719,96.93656921386719,63.720001220703125,51.5019645690918,49.66653823852539,19.728002548217773,57.76469421386719,,57.93000030517578
2007-03-14,,393.1199951171875,97.65876770019531,63.939998626708984,51.43430709838867,49.44098663330078,19.768611907958984,57.779056549072266,,58.15999984741211
2007-03-15,,389.3599853515625,97.7919921875,63.97999954223633,51.37902069091797,49.435462951660156,19.64678382873535,57.76469421386719,,57.54999923706055
2007-03-16,,387.3599853515625,97.51813507080078,64.62000274658203,51.372833251953125,49.424503326416016,19.69551658630371,57.75748825073242,,57.11000061035156
2007-03-19,,389.6000061035156,98.6937255859375,64.73999786376953,51.305206298828125,49.31999588012695,19.79297637939453,57.707218170166016,,56.59000015258789
2007-03-20,,387.67999267578125,99.23576354980469,65.2699966430664,51.37902069091797,49.34747314453125,19.817340850830078,57.75748825073242,,56.72999954223633
2007-03-21,,390.3999938964844,100.86895751953125,65.81999969482422,51.452762603759766,49.369483947753906,19.849834442138672,57.850948333740234,,59.61000061035156
2007-03-22,,401.44000244140625,100.79148864746094,65.76000213623047,51.28061294555664,48.978939056396484,20.174705505371094,57.79345703125,,61.689998626708984
2007-03-23,,404.55999755859375,100.93933868408203,65.1500015258789,51.20064926147461,48.84135437011719,20.182825088500977,57.75748825073242,,62.279998779296875
2007-03-26,,409.3599853515625,100.80561065673828,65.83999633789062,51.24371337890625,48.90190887451172,20.272167205810547,57.81498336791992,,62.90999984741211
2007-03-27,,409.6000061035156,100.56623077392578,65.69999694824219,51.23137283325195,48.81944274902344,20.329023361206055,57.822208404541016,,62.93000030517578
2007-03-28,,416.0,99.83416748046875,66.05000305175781,51.225284576416016,48.72041320800781,20.52394676208496,57.850948333740234,,64.08000183105469
2007-03-29,,428.9599914550781,99.9398193359375,65.6500015258789,51.151512145996094,48.65440368652344,20.921916961669922,57.822208404541016,,66.02999877929688
2007-03-30,,426.79998779296875,99.96086883544922,65.73999786376953,51.090023040771484,48.56085205078125,20.613285064697266,57.822208404541016,,65.87000274658203
2007-04-02,,428.4800109863281,100.0735092163086,65.8499984741211,51.14681625366211,48.6414794921875,20.41023826599121,57.83298110961914,,65.94000244140625
2007-04-03,,419.67999267578125,101.15055084228516,65.83000183105469,51.10354232788086,48.58070755004883,20.329023361206055,57.83298110961914,,64.63999938964844
2007-04-04,,418.6400146484375,101.26316833496094,66.80999755859375,51.18380355834961,48.63040542602539,20.55643081665039,57.869110107421875,,64.37999725341797
2007-04-05,,416.0799865722656,101.53770446777344,66.86000061035156,51.05420684814453,48.44822311401367,20.597042083740234,57.84746170043945,,64.27999877929688
2007-04-09,,402.79998779296875,101.6784896850586,66.52999877929688,50.81964874267578,48.127994537353516,20.385875701904297,57.71760559082031,,61.5099983215332
2007-04-10,,404.8800048828125,101.79817199707031,67.16000366210938,50.9245719909668,48.271583557128906,20.67013931274414,57.78972244262695,,61.88999938964844
2007-04-11,,403.67999267578125,101.38282012939453,67.08000183105469,50.86280822753906,48.23843765258789,20.637653350830078,57.78972244262695,,62.0099983215332
2007-04-12,,413.20001220703125,101.8333969116211,66.98999786376953,50.912227630615234,48.249488830566406,20.759477615356445,57.782527923583984,,63.849998474121094
2007-04-13,,412.1600036621094,102.29791259765625,67.83999633789062,50.82582092285156,48.10041809082031,20.873186111450195,57.753662109375,,63.630001068115234
2007-04-16,,409.6000061035156,103.26942443847656,68.4000015258789,50.88138198852539,48.36544418334961,20.71074676513672,57.746463775634766,,63.61000061035156
2007-04-17,,402.32000732421875,103.54397583007812,68.0,51.09740447998047,48.63591766357422,20.49958038330078,57.84022903442383,,63.099998474121094
2007-04-18,,401.1199951171875,103.67070007324219,68.37999725341797,51.21463394165039,48.87885665893555,20.507701873779297,57.91956329345703,,63.130001068115234
2007-04-19,,393.760009765625,103.64249420166016,67.52999877929688,51.20852279663086,48.79605484008789,20.450849533081055,57.91956329345703,,61.83000183105469
2007-04-20,,400.3999938964844,104.62100219726562,68.69999694824219,51.15290832519531,48.66910171508789,20.7351131439209,57.90510559082031,,63.380001068115234
2007-04-23,,409.760009765625,104.22677612304688,68.26000213623047,51.25790786743164,48.84574508666992,20.873186111450195,57.94843292236328,,65.88999938964844
2007-04-24,,403.1199951171875,104.26901245117188,67.7300033569336,51.35664749145508,49.02796936035156,20.58892250061035,57.99889373779297,,64.58000183105469
2007-04-25,,410.55999755859375,105.2264175415039,67.88999938964844,51.325801849365234,48.8568000793457,20.995014190673828,57.977291107177734,,65.83999633789062
2007-04-26,,407.5199890136719,105.34601593017578,66.87000274658203,51.177669525146484,48.503456115722656,20.848819732666016,57.9339714050293,,65.05999755859375
2007-04-27,,414.7200012207031,105.26160430908203,67.55999755859375,51.177669525146484,48.49241638183594,20.954402923583984,57.95564651489258,,66.45999908447266
2007-04-30,,409.9200134277344,104.38865661621094,67.08999633789062,51.399871826171875,49.0003662109375,20.76759910583496,57.99889373779297,,65.70999908447266
2007-05-01,,402.8800048828125,104.65617370605469,66.69000244140625,51.40237045288086,49.03580856323242,20.808210372924805,57.97429275512695,,64.4000015258789
2007-05-02,,396.7200012207031,105.26864624023438,66.66000366210938,51.340389251708984,49.00810623168945,20.64577293395996,58.003273010253906,,63.68000030517578
2007-05-03,,394.239990234375,105.83883666992188,67.48999786376953,51.284603118896484,48.89726638793945,20.74323844909668,57.9598274230957,,63.189998626708984
2007-05-04,,386.3999938964844,106.24010467529297,68.19000244140625,51.414737701416016,49.09677505493164,20.702627182006836,57.988807678222656,,61.93000030517578
2007-05-07,,384.4800109863281,106.26119232177734,68.25,51.45808792114258,49.22975158691406,20.60516357421875,57.988807678222656,,61.470001220703125
2007-05-08,,389.1199951171875,106.12039947509766,67.87999725341797,51.45808792114258,49.118934631347656,20.4752140045166,58.01775360107422,,62.2599983215332
2007-05-09,,384.0799865722656,106.4090576171875,67.44999694824219,51.29079818725586,48.92498016357422,20.36962890625,57.97429275512695,,61.54999923706055
2007-05-10,,385.20001220703125,105.29681396484375,66.0,51.42091751098633,49.04135513305664,20.288408279418945,58.02497482299805,,61.810001373291016
2007-05-11,,388.55999755859375,106.1978988647461,66.44999694824219,51.315574645996094,48.869571685791016,20.58892250061035,58.003273010253906,,62.369998931884766
2007-05-14,,388.4800109863281,105.96551513671875,66.27999877929688,51.241241455078125,48.74216079711914,20.515823364257812,57.9598274230957,,62.459999084472656
2007-05-15,,391.9200134277344,105.9937515258789,66.54000091552734,51.235111236572266,48.72548294067383,20.718870162963867,57.97429275512695,,63.16999816894531
2007-05-16,,388.239990234375,106.71876525878906,65.5999984741211,51.20405578613281,48.6922492980957,20.515823364257812,58.0322380065918,,62.54999923706055
2007-05-17,,401.2799987792969,106.50757598876953,65.05999755859375,51.06773376464844,48.49275588989258,20.68638038635254,57.996009826660156,,64.86000061035156
2007-05-18,,400.79998779296875,107.43679809570312,65.5199966430664,50.91901397705078,48.1713752746582,20.653892517089844,57.938106536865234,,64.94000244140625
2007-05-21,,406.55999755859375,107.3804702758789,65.66999816894531,50.987186431884766,48.31542205810547,20.856945037841797,57.95260238647461,,66.2699966430664
2007-05-22,,399.3599853515625,107.29601287841797,65.19999694824219,50.84470748901367,48.066078186035156,20.55643081665039,57.967063903808594,,64.97000122070312
2007-05-23,,401.3599853515625,107.31011962890625,65.54000091552734,50.74557113647461,47.927520751953125,20.653892517089844,57.95260238647461,,65.7699966430664
2007-05-24,,391.44000244140625,106.33860778808594,64.75,50.81371307373047,47.971893310546875,20.540189743041992,57.97429275512695,,64.18000030517578
2007-05-25,,396.0,106.78216552734375,64.94000244140625,50.757999420166016,47.86103820800781,20.79196548461914,58.01047134399414,,65.19999694824219
2007-05-29,,387.20001220703125,107.16927337646484,65.06999969482422,50.65260314941406,47.8554801940918,20.337142944335938,57.95260238647461,,63.150001525878906
2007-05-30,,385.67999267578125,108.04220581054688,64.72000122070312,50.702186584472656,47.95526123046875,20.532068252563477,57.996009826660156,70.79452514648438,63.4900016784668
2007-05-31,,391.67999267578125,107.92955780029297,65.54000091552734,50.68361282348633,47.8665885925293,20.718870162963867,57.9598274230957,70.79452514648438,64.01000213623047
2007-06-01,,395.67999267578125,108.464599609375,66.44000244140625,50.46525573730469,47.61514663696289,20.873186111450195,57.930057525634766,70.81001281738281,65.08000183105469
2007-06-04,,402.79998779296875,108.47865295410156,66.54000091552734,50.546077728271484,47.832061767578125,21.05999183654785,57.9518928527832,70.82551574707031,66.20999908447266
2007-06-05,,400.1600036621094,108.04925537109375,66.37000274658203,50.38434600830078,47.53169250488281,20.97876739501953,57.90092849731445,70.82551574707031,65.61000061035156
2007-06-06,,402.4800109863281,106.88770294189453,66.41000366210938,50.40924072265625,47.509437561035156,20.970645904541016,57.97362518310547,70.85639953613281,65.95999908447266
2007-06-07,,405.20001220703125,104.95889282226562,65.26000213623047,49.90532684326172,46.65826416015625,21.076229095458984,57.908294677734375,70.84093475341797,66.93000030517578
2007-06-08,,392.4800109863281,106.32453918457031,64.22000122070312,49.99866485595703,46.61933135986328,20.702627182006836,57.930057525634766,70.85639953613281,64.76000213623047
2007-06-11,,398.7200012207031,106.50757598876953,64.69999694824219,49.86804962158203,46.48579788208008,21.100597381591797,57.937294006347656,70.8873291015625,65.97000122070312
2007-06-12,,396.4800109863281,105.34601593017578,64.0999984741211,49.51340103149414,45.81267166137695,21.043745040893555,57.88645935058594,70.82551574707031,65.3499984741211
2007-06-13,,400.7200012207031,106.92293548583984,64.52999877929688,49.675167083740234,46.35784149169922,21.311767578125,57.90092849731445,70.8873291015625,66.26000213623047
2007-06-14,,408.79998779296875,107.60575866699219,64.5999984741211,49.687599182128906,46.24105453491211,21.514812469482422,57.90092849731445,70.91825103759766,67.6500015258789
2007-06-15,,412.239990234375,108.21802520751953,64.8499984741211,49.90532684326172,46.558128356933594,21.64476203918457,57.98090362548828,70.98007202148438,68.0
2007-06-18,,417.1199951171875,108.09074401855469,64.94999694824219,49.88045120239258,46.46356201171875,21.64476203918457,57.98090362548828,70.9955062866211,69.08999633789062
2007-06-19,,416.9599914550781,108.35938262939453,65.4800033569336,50.12307357788086,46.89750289916992,21.43359375,58.082637786865234,70.9955062866211,69.0999984741211
2007-06-20,,412.3999938964844,106.85355377197266,64.70999908447266,49.96133804321289,46.5191650390625,21.457958221435547,58.024505615234375,71.01097106933594,68.19000244140625
2007-06-21,,412.79998779296875,107.44742584228516,64.55999755859375,49.89910125732422,46.296661376953125,21.360496520996094,58.04629898071289,71.01097106933594,68.6500015258789
2007-06-22,,415.1199951171875,106.43645477294922,64.77999877929688,50.04841995239258,46.59708023071289,21.311767578125,58.12617111206055,71.07283020019531,69.13999938964844
2007-06-25,,415.67999267578125,105.9273681640625,64.43000030517578,50.21017837524414,46.85295867919922,21.230546951293945,58.17701721191406,71.04186248779297,69.18000030517578
2007-06-26,,408.9599914550781,104.83853912353516,63.619998931884766,50.222625732421875,46.86407470703125,20.98689079284668,58.14071273803711,71.05732727050781,67.7699966430664
2007-06-27,,415.0400085449219,106.33036804199219,63.66999816894531,50.21638488769531,46.90858840942383,20.954402923583984,58.133480072021484,71.04186248779297,68.97000122070312
2007-06-28,,419.760009765625,106.31619262695312,64.26000213623047,50.18532180786133,46.89750289916992,20.889429092407227,58.11892318725586,71.07283020019531,69.56999969482422
2007-06-29,,424.0,106.3515625,64.2699966430664,50.44655990600586,47.381500244140625,20.873186111450195,58.23512268066406,71.1037368774414,70.68000030517578
2007-07-02,,428.239990234375,107.31306457519531,65.0199966430664,50.52335739135742,47.63051986694336,21.003137588500977,58.2730598449707,71.12396240234375,71.08999633789062
2007-07-03,,428.32000732421875,107.70189666748047,64.73999786376953,50.3735237121582,47.34018325805664,21.02750015258789,58.251197814941406,71.12396240234375,71.41000366210938
2007-07-05,,433.20001220703125,107.58879852294922,64.41999816894531,50.09246063232422,46.80963897705078,21.222423553466797,58.1710090637207,71.12396240234375,71.80999755859375
2007-07-06,,437.44000244140625,108.1543197631836,64.95999908447266,49.97382736206055,46.61974334716797,21.401105880737305,58.16370391845703,71.15497589111328,72.80999755859375
2007-07-09,,434.79998779296875,108.23920440673828,65.37999725341797,50.15493392944336,46.78728103637695,21.35237693786621,58.20746994018555,71.17049407958984,72.19000244140625
2007-07-10,,437.760009765625,106.69801330566406,65.61000061035156,50.498443603515625,47.58028793334961,21.506689071655273,58.31682205200195,71.18603515625,72.80999755859375
2007-07-11,,437.2799987792969,107.45443725585938,65.44000244140625,50.32354736328125,47.08880615234375,21.555421829223633,58.28767776489258,71.18603515625,72.55999755859375
2007-07-12,,437.9200134277344,109.15121459960938,66.0199966430664,50.17988204956055,46.92689514160156,21.612276077270508,58.251197814941406,71.2015151977539,72.5
2007-07-13,,444.32000732421875,109.47645568847656,66.02999877929688,50.29230880737305,47.055335998535156,21.64476203918457,58.28032684326172,71.21704864501953,73.93000030517578
2007-07-16,,446.0799865722656,109.46227264404297,65.81999969482422,50.492164611816406,47.50768280029297,21.26303482055664,58.33870315551758,71.23258209228516,74.1500015258789
2007-07-17,,445.1199951171875,109.40573120117188,65.75,50.386024475097656,47.40715408325195,21.133085250854492,58.30223846435547,71.26364135742188,74.0199966430664
2007-07-18,,452.6400146484375,109.20777130126953,66.62000274658203,50.567134857177734,47.58589172363281,21.376741409301758,58.38975524902344,71.24810791015625,75.05000305175781
2007-07-19,,456.6400146484375,109.63191986083984,67.01000213623047,50.560882568359375,47.57469177246094,21.449838638305664,58.382476806640625,71.26364135742188,75.91999816894531
2007-07-20,,456.0,108.5219955444336,67.58000183105469,50.81064987182617,48.00468063354492,21.441715240478516,58.47727584838867,71.2947006225586,75.56999969482422
2007-07-23,,451.0400085449219,108.85433197021484,67.47000122070312,50.791927337646484,47.92654037475586,21.34425163269043,58.4334831237793,71.2947006225586,74.88999938964844
2007-07-24,,441.2799987792969,106.9666519165039,67.47000122070312,50.929351806640625,48.10523223876953,21.18181800842285,58.49185562133789,71.2947006225586,73.55999755859375
2007-07-25,,459.5199890136719,107.18584442138672,66.9000015258789,50.99801254272461,48.20016098022461,21.36861801147461,58.535640716552734,71.31021118164062,75.87999725341797
2007-07-26,,449.760009765625,104.64771270751953,65.6500015258789,51.40394592285156,48.602237701416016,21.14120864868164,58.674190521240234,71.32573699951172,74.94999694824219
2007-07-27,,461.9200134277344,102.5904312133789,65.41000366210938,51.50388717651367,48.74188232421875,21.34425163269043,58.739803314208984,71.35679626464844,77.0199966430664
2007-07-30,,460.0,104.19525909423828,65.7699966430664,51.372718811035156,48.602237701416016,21.100597381591797,58.666893005371094,71.2947006225586,76.83000183105469
2007-07-31,,468.239990234375,103.02165222167969,65.79000091552734,51.58507537841797,48.95405960083008,21.27115821838379,58.76167297363281,71.38784790039062,78.20999908447266
2007-08-01,,462.0799865722656,103.52357482910156,65.93000030517578,51.44211959838867,48.848121643066406,21.23866844177246,58.70461654663086,71.36446380615234,76.52999877929688
2007-08-02,,461.6000061035156,104.35079956054688,65.88999938964844,51.47975158691406,48.97145080566406,21.27115821838379,58.73384475708008,71.38002014160156,76.86000061035156
2007-08-03,,451.5199890136719,101.6642837524414,66.69000244140625,51.812034606933594,49.296627044677734,21.03562355041504,58.88026428222656,71.34883880615234,75.4800033569336
2007-08-06,,433.6000061035156,103.36808776855469,66.5199966430664,51.60511779785156,48.93782424926758,20.74323844909668,58.80707931518555,71.42681884765625,72.05999755859375
2007-08-07,,434.8800048828125,104.47099304199219,66.4800033569336,51.59890365600586,48.89860534667969,20.856945037841797,58.755836486816406,71.44241333007812,72.41999816894531
2007-08-08,,434.1600036621094,105.9273681640625,66.7699966430664,51.24148941040039,48.3043327331543,20.824453353881836,58.711891174316406,71.41124725341797,72.1500015258789
2007-08-09,,430.239990234375,102.78837585449219,65.45999908447266,51.52989196777344,48.37156677246094,20.662017822265625,58.88026428222656,71.47356414794922,71.58999633789062
2007-08-10,,429.1199951171875,102.30760192871094,66.56999969482422,51.454647064208984,48.25943374633789,20.7351131439209,58.858306884765625,71.52032470703125,71.47000122070312
2007-08-13,,430.79998779296875,102.67523193359375,66.26000213623047,51.53619384765625,48.39961624145508,20.58892250061035,58.90956115722656,71.5359115600586,71.62000274658203
2007-08-14,,433.8399963378906,101.10572814941406,66.29000091552734,51.72427749633789,48.52854919433594,20.653892517089844,58.99002456665039,71.52032470703125,72.37999725341797
2007-08-15,,441.0400085449219,99.71299743652344,66.12999725341797,51.81830978393555,48.354736328125,20.808210372924805,59.07054901123047,71.5359115600586,73.33000183105469
2007-08-16,,428.6400146484375,100.46240234375,64.68000030517578,52.018882751464844,48.853702545166016,20.450849533081055,59.18769454956055,71.62948608398438,71.0
2007-08-17,,432.239990234375,102.30760192871094,65.01000213623047,52.05654525756836,48.657474517822266,20.43460464477539,59.23890686035156,71.67619323730469,71.9800033569336
2007-08-20,,428.32000732421875,102.25812530517578,65.12000274658203,52.16940689086914,48.68553161621094,20.491456985473633,59.31211471557617,71.73858642578125,71.12000274658203
2007-08-21,,419.44000244140625,102.46316528320312,65.06999969482422,52.39509201049805,48.9210090637207,20.45897102355957,59.392642974853516,71.72301483154297,69.47000122070312
2007-08-22,,418.79998779296875,103.67918395996094,65.4000015258789,52.22580337524414,48.84248733520508,20.507701873779297,59.31211471557617,71.72301483154297,69.26000213623047
2007-08-23,,421.20001220703125,103.58726501464844,65.30999755859375,52.24460983276367,49.01069259643555,20.572675704956055,59.2755012512207,71.67619323730469,69.83000183105469
2007-08-24,,429.1199951171875,104.8669204711914,66.11000061035156,52.263404846191406,49.251773834228516,20.81633186340332,59.16571807861328,71.6606216430664,71.08999633789062
2007-08-27,,434.6400146484375,103.89124298095703,65.9800033569336,52.40765380859375,49.50965881347656,20.840696334838867,59.246246337890625,71.56709289550781,71.97000122070312
2007-08-28,,432.239990234375,101.60770416259766,65.58999633789062,52.67720413208008,49.59377670288086,20.62140464782715,59.400001525878906,71.64505004882812,71.7300033569336
2007-08-29,,444.3999938964844,103.60139465332031,66.06999969482422,52.476627349853516,49.459190368652344,20.81633186340332,59.326759338378906,71.69181060791016,73.51000213623047
2007-08-30,,444.0,103.32563018798828,65.80000305175781,52.739959716796875,49.78998947143555,20.856945037841797,59.37799072265625,71.7074203491211,73.36000061035156
2007-08-31,,446.239990234375,104.3437271118164,66.5199966430664,52.75244140625,49.82919692993164,20.865060806274414,59.37799072265625,71.69181060791016,74.04000091552734
2007-09-04,,454.0,105.39715576171875,67.44000244140625,52.654296875,49.852874755859375,21.100597381591797,59.37504577636719,71.70282745361328,75.08000183105469
2007-09-05,,458.0799865722656,104.48511505126953,67.55999755859375,52.98160934448242,50.25254821777344,21.14120864868164,59.529335021972656,71.71841430664062,75.7300033569336
2007-09-06,,461.0400085449219,104.72552490234375,68.86000061035156,52.868289947509766,50.123104095458984,21.05999183654785,59.45588302612305,71.71841430664062,76.30000305175781
2007-09-07,,462.0799865722656,103.26910400390625,69.38999938964844,53.434837341308594,50.832366943359375,21.198060989379883,59.66159439086914,71.76535034179688,76.69999694824219
2007-09-10,,470.32000732421875,103.0711898803711,69.62000274658203,53.554412841796875,51.22639846801758,21.34425163269043,59.68362808227539,71.78105163574219,77.48999786376953
2007-09-11,,471.67999267578125,104.27306365966797,70.5199966430664,53.44108963012695,51.18704605102539,21.39298439025879,59.59550476074219,71.70282745361328,78.2300033569336
2007-09-12,,480.0,104.54169464111328,70.45999908447266,53.30891418457031,50.995628356933594,21.62039566040039,59.646915435791016,71.81229400634766,79.91000366210938
2007-09-13,,481.3599853515625,105.2769546508789,70.08000183105469,52.99419403076172,50.539634704589844,21.457958221435547,59.55870056152344,71.79668426513672,80.08999633789062
2007-09-14,,478.32000732421875,105.2698745727539,69.98999786376953,53.06341552734375,50.61284637451172,21.474201202392578,59.55144119262695,71.84359741210938,79.0999984741211
2007-09-17,,485.3599853515625,104.70431518554688,70.97000122070312,53.094913482666016,50.8548583984375,21.725980758666992,59.54401397705078,71.87491607666016,80.56999969482422
2007-09-18,,496.3999938964844,107.78677368164062,71.69999694824219,53.03824234008789,50.47212219238281,21.80719757080078,59.6248893737793,71.8280029296875,81.51000213623047
2007-09-19,,494.55999755859375,108.42298126220703,71.43000030517578,52.84939956665039,50.004844665527344,21.994003295898438,59.6248893737793,71.8592529296875,81.93000030517578
2007-09-20,,501.20001220703125,107.65950012207031,72.72000122070312,52.25144577026367,49.05913162231445,22.335119247436523,59.49995803833008,71.81229400634766,83.31999969482422
2007-09-21,,497.1199951171875,107.95005798339844,72.33999633789062,52.51578903198242,49.47572326660156,22.489437103271484,59.58074951171875,71.84359741210938,81.62000274658203
2007-09-24,,494.55999755859375,107.75115966796875,72.27999877929688,52.585025787353516,49.61640930175781,22.44882583618164,59.646915435791016,71.90619659423828,80.94999694824219
2007-09-25,,488.55999755859375,107.53797912597656,72.33000183105469,52.591331481933594,49.441917419433594,22.286388397216797,59.698341369628906,71.92186737060547,79.52999877929688
2007-09-26,,493.6000061035156,108.10626983642578,72.0,52.610206604003906,49.486976623535156,22.318878173828125,59.66159439086914,71.84359741210938,80.30000305175781
2007-09-27,,507.5199890136719,108.74559783935547,72.69999694824219,52.78014373779297,49.83039474487305,22.903650283813477,59.77183151245117,71.8592529296875,82.87999725341797
2007-09-28,,500.3999938964844,108.38330841064453,73.51000213623047,52.79903030395508,49.942893981933594,22.830554962158203,59.70570755004883,71.8280029296875,81.66000366210938
2007-10-01,,492.7200012207031,109.60509490966797,73.9000015258789,52.862220764160156,50.228336334228516,22.595016479492188,59.71822738647461,71.9064712524414,80.23999786376953
2007-10-02,,493.0400085449219,109.45590209960938,72.3499984741211,52.97592544555664,50.38654708862305,22.140195846557617,59.755096435546875,71.85938262939453,80.05000305175781
2007-10-03,,490.32000732421875,109.23572540283203,71.9000015258789,52.93804931640625,50.23965835571289,22.16456413269043,59.747684478759766,71.87506866455078,79.94000244140625
2007-10-04,,500.8800048828125,109.4062271118164,72.87000274658203,53.03281021118164,50.431800842285156,22.47319221496582,59.777191162109375,71.95362091064453,81.44000244140625
2007-10-05,,498.239990234375,110.70618438720703,73.4000015258789,52.565284729003906,49.88926696777344,22.53816795349121,59.71083450317383,71.87506866455078,81.22000122070312
2007-10-08,,486.0799865722656,110.11650848388672,72.52999877929688,52.75482177734375,49.84967803955078,22.06709861755371,59.76991271972656,71.98503112792969,79.0199966430664
2007-10-09,,491.20001220703125,111.15359497070312,73.08999633789062,52.59056854248047,49.78752136230469,22.221416473388672,59.637107849121094,71.93793487548828,80.26000213623047
2007-10-10,,499.20001220703125,110.96892547607422,73.36000061035156,52.641075134277344,49.815757751464844,22.481313705444336,59.65184020996094,72.00070190429688,81.30000305175781
2007-10-11,,508.7200012207031,110.43616485595703,73.91000366210938,52.647396087646484,49.76493453979492,22.733091354370117,59.66669464111328,71.98503112792969,83.08000183105469
2007-10-12,,512.0,111.04705810546875,74.58999633789062,52.47052764892578,49.52189636230469,22.83867835998535,59.60023498535156,72.00070190429688,83.69000244140625
2007-10-15,,527.1199951171875,110.1094741821289,75.13999938964844,52.521034240722656,49.53318786621094,23.228527069091797,59.60023498535156,71.96928405761719,86.12999725341797
2007-10-16,,535.8400268554688,109.23572540283203,75.12000274658203,52.66634750366211,49.550174713134766,23.252891540527344,59.67399978637695,72.01637268066406,87.61000061035156
2007-10-17,,533.0399780273438,109.56956481933594,74.5,52.98857879638672,50.09268569946289,23.131059646606445,59.81410598754883,72.04782104492188,87.4000015258789
2007-10-18,,545.3599853515625,109.17176055908203,76.0,53.19076919555664,50.36958312988281,23.545276641845703,59.89527130126953,72.04782104492188,89.47000122070312
2007-10-19,,537.1199951171875,106.31621551513672,75.69999694824219,53.64564895629883,51.12124252319336,23.48030662536621,60.050086975097656,72.11062622070312,88.5999984741211
2007-10-22,,532.3200073242188,106.93424987792969,74.5999984741211,53.5445671081543,51.12688446044922,23.41533088684082,59.99846649169922,72.07923126220703,87.55999755859375
2007-10-23,,526.6400146484375,107.80081176757812,75.2300033569336,53.53192138671875,51.05907440185547,23.252891540527344,60.005802154541016,72.07923126220703,85.2699966430664
2007-10-24,,543.8400268554688,107.6019515991211,75.5199966430664,53.80360412597656,51.437686920166016,23.334108352661133,60.123836517333984,72.11062622070312,87.0999984741211
2007-10-25,,560.9600219726562,107.85770416259766,76.02999877929688,53.75935745239258,51.262508392333984,23.87827491760254,60.08697509765625,72.09494018554688,90.45999908447266
2007-10-26,,569.3599853515625,109.12207794189453,77.69000244140625,53.62670135498047,51.143863677978516,24.24376106262207,60.09431838989258,72.06349182128906,91.86000061035156
2007-10-29,,580.0,109.48433685302734,78.12000274658203,53.670902252197266,51.34162139892578,24.641727447509766,60.09431838989258,72.12635040283203,93.52999877929688
2007-10-30,,556.3200073242188,108.72425079345703,77.3499984741211,53.72782897949219,51.313350677490234,24.08944320678711,60.08697509765625,72.09494018554688,90.37999725341797
2007-10-31,,586.1599731445312,109.85369110107422,78.62000274658203,53.36766052246094,50.84999465942383,24.77168083190918,59.9911003112793,72.11062622070312,94.52999877929688
2007-11-01,,577.3599853515625,107.28230285644531,77.93000030517578,53.80326843261719,51.51068115234375,24.454927444458008,60.185768127441406,72.15946197509766,93.48999786376953
2007-11-02,,594.7999877929688,107.4030532836914,79.83000183105469,53.94904327392578,51.675289154052734,24.98284912109375,60.25977325439453,72.20672607421875,95.93000030517578
2007-11-05,,588.3200073242188,106.58612823486328,79.75,53.88566589355469,51.652587890625,24.82040786743164,60.25239181518555,72.20672607421875,93.9800033569336
2007-11-06,,602.719970703125,108.02107238769531,81.43000030517578,53.790557861328125,51.40283203125,25.47015953063965,60.21538162231445,72.20672607421875,96.69999694824219
2007-11-07,,595.8400268554688,105.06604766845703,82.23999786376953,53.987117767333984,51.49364471435547,25.3402099609375,60.38560485839844,72.25396728515625,96.37000274658203
2007-11-08,,592.6400146484375,104.53331756591797,82.2300033569336,54.107574462890625,51.40283203125,25.27523422241211,60.48185729980469,72.20672607421875,95.45999908447266
2007-11-09,,598.1599731445312,103.0984115600586,82.18000030517578,54.43092727661133,51.83988952636719,25.267114639282227,60.50407028198242,72.26974487304688,96.31999969482422
2007-11-12,,582.1599731445312,102.07550048828125,78.30000305175781,54.526023864746094,52.02717971801758,24.714826583862305,60.64468765258789,72.30123901367188,94.62000274658203
2007-11-13,,567.4400024414062,105.18675231933594,79.12000274658203,54.24706268310547,51.8342170715332,24.24376106262207,60.45966339111328,72.28551483154297,91.16999816894531
2007-11-14,,580.7999877929688,104.89555358886719,80.27999877929688,54.285099029541016,51.8909912109375,24.787925720214844,60.4892578125,72.25396728515625,94.08999633789062
2007-11-15,,578.4000244140625,103.38258361816406,77.94999694824219,54.58943176269531,52.379112243652344,24.544267654418945,60.68910598754883,72.30123901367188,93.43000030517578
2007-11-16,,591.2000122070312,103.56012725830078,77.75,54.58943176269531,52.45290756225586,24.625486373901367,60.68910598754883,72.30123901367188,95.0999984741211
2007-11-19,,595.9199829101562,102.11812591552734,77.23999786376953,54.98255157470703,52.79344177246094,24.812288284301758,60.88899612426758,72.3327865600586,94.63999938964844
2007-11-20,,618.719970703125,102.74324035644531,79.47000122070312,54.83671188354492,52.736751556396484,25.429546356201172,60.86679458618164,72.34852600097656,98.02999877929688
2007-11-21,,611.52001953125,100.64061737060547,79.36000061035156,55.267826080322266,53.04323196411133,25.462039947509766,61.0592155456543,72.38007354736328,97.29000091552734
2007-11-23,,614.0800170898438,102.38094329833984,81.25,55.102996826171875,53.2021369934082,25.697566986083984,60.99258804321289,72.39579772949219,98.18000030517578
2007-11-26,,610.0,100.1220703125,81.30000305175781,55.857418060302734,54.25227355957031,25.38081932067871,61.16283416748047,72.34852600097656,97.69999694824219
2007-11-27,,594.4000244140625,101.27283477783203,80.0999984741211,55.33755111694336,53.73564147949219,25.177770614624023,60.97774124145508,72.41152954101562,94.41999816894531
2007-11-28,,574.4000244140625,104.51200103759766,79.56999969482422,55.14097213745117,53.37244415283203,24.869140625,60.92597961425781,72.42729949951172,90.62000274658203
2007-11-29,,573.1199951171875,104.54749298095703,78.27999877929688,55.451698303222656,53.832157135009766,24.925994873046875,61.036983489990234,72.38007354736328,91.01000213623047
2007-11-30,,559.280029296875,105.59881591796875,77.31999969482422,55.52779006958008,53.57107925415039,24.61736297607422,61.06659698486328,72.39579772949219,88.70999908447266
2007-12-03,,565.5999755859375,104.90269470214844,78.27999877929688,55.747230529785156,53.9962158203125,24.796043395996094,61.20470428466797,72.37844848632812,89.30999755859375
2007-12-04,,555.2000122070312,103.96499633789062,79.4000015258789,55.798187255859375,53.990543365478516,24.90974998474121,61.19728469848633,72.39424133300781,88.31999969482422
2007-12-05,,549.52001953125,105.7053451538086,78.62999725341797,55.58821487426758,53.346553802490234,24.72294807434082,61.219600677490234,72.39424133300781,87.48999786376953
2007-12-06,,568.1599731445312,107.21835327148438,79.37000274658203,55.29557800292969,52.8792610168457,25.169649124145508,61.09335708618164,72.4100570678711,90.2300033569336
2007-12-07,,555.4400024414062,107.19705200195312,78.5999984741211,54.939308166503906,52.28660583496094,25.088430404663086,61.02646255493164,72.47320556640625,88.27999877929688
2007-12-10,,554.8800048828125,108.02815246582031,80.0,54.81206512451172,51.973148345947266,25.072189331054688,60.98191833496094,72.42582702636719,87.86000061035156
2007-12-11,,562.0800170898438,105.06604766845703,78.83999633789062,55.56277847290039,52.993228912353516,25.291475296020508,61.20470428466797,72.52063751220703,90.0199966430664
2007-12-12,,591.2000122070312,106.10313415527344,80.48999786376953,55.098384857177734,52.4461669921875,25.981834411621094,61.04875183105469,72.50484466552734,94.38999938964844
2007-12-13,,585.3599853515625,105.88292694091797,78.5,54.691184997558594,51.87626647949219,25.7056941986084,60.95966720581055,72.53648376464844,92.25
2007-12-14,,578.0800170898438,104.5403823852539,78.5199966430664,54.53218460083008,51.636932373046875,25.527013778686523,60.81113052368164,72.48905181884766,91.2699966430664
2007-12-17,,575.1199951171875,103.04867553710938,78.12999725341797,54.85664367675781,52.09853744506836,25.40216636657715,60.98933792114258,72.52063751220703,90.62999725341797
2007-12-18,,568.8800048828125,103.62403869628906,79.25,54.96479034423828,52.43476486206055,25.293964385986328,60.95225524902344,72.52063751220703,90.48999786376953
2007-12-19,,577.2000122070312,103.62403869628906,79.23999786376953,55.403690338134766,53.1299934387207,25.535335540771484,61.10822296142578,72.55223846435547,91.23999786376953
2007-12-20,,576.7999877929688,104.2775650024414,78.66999816894531,55.314640045166016,53.016014099121094,25.427135467529297,61.15276336669922,72.58387756347656,91.05999755859375
2007-12-21,,590.4000244140625,105.78076934814453,80.0999984741211,54.913848876953125,52.241004943847656,25.72676658630371,61.05622482299805,72.58387756347656,93.30999755859375
2007-12-24,,591.5999755859375,106.56629943847656,80.13999938964844,54.75483703613281,51.99596405029297,25.918197631835938,61.00426483154297,72.58387756347656,94.12999725341797
2007-12-26,,607.280029296875,106.79481506347656,81.5199966430664,54.49397659301758,51.54001998901367,26.22615623474121,60.944766998291016,72.55223846435547,95.97000122070312
2007-12-27,,610.0,105.45227813720703,81.55999755859375,54.85987854003906,52.101863861083984,26.317710876464844,61.07819366455078,72.58387756347656,96.62000274658203
2007-12-28,,607.1199951171875,105.18806457519531,83.0,55.300445556640625,52.91440963745117,26.234477996826172,61.15269470214844,72.58226013183594,96.0
2007-12-31,,606.0800170898438,104.40967559814453,82.45999908447266,55.55584716796875,53.234771728515625,26.26776885986328,61.24958419799805,72.56639862060547,95.9800033569336
2008-01-02,,627.760009765625,103.49562072753906,84.86000061035156,55.951698303222656,54.00150680541992,26.991884231567383,61.36138916015625,72.62984466552734,99.62000274658203
2008-01-03,,626.9600219726562,103.4456558227539,85.56999969482422,56.0666389465332,53.9271354675293,27.199960708618164,61.458248138427734,72.58226013183594,99.18000030517578
2008-01-04,,618.47998046875,100.9105224609375,85.12999725341797,56.21349334716797,53.938560485839844,27.041824340820312,61.54764938354492,72.56639862060547,97.91000366210938
2008-01-07,,604.0,100.82488250732422,84.7699966430664,56.31562423706055,54.17315673828125,26.550756454467773,61.510433197021484,72.62984466552734,95.08999633789062
2008-01-08,,608.47998046875,99.19668579101562,86.77999877929688,56.43699645996094,54.11021423339844,26.792125701904297,61.59990310668945,72.58226013183594,96.33000183105469
2008-01-09,,602.0,100.23928833007812,86.55000305175781,56.347625732421875,54.21321105957031,26.525787353515625,61.57003402709961,72.53475952148438,95.66999816894531
2008-01-10,,592.1599731445312,100.8962631225586,88.25,56.1943359375,53.480873107910156,26.400938034057617,61.57003402709961,72.56639862060547,93.70999908447266
2008-01-11,,584.719970703125,100.08218383789062,88.58000183105469,56.551883697509766,53.89852523803711,26.64230728149414,61.74147415161133,72.59817504882812,92.69000244140625
2008-01-14,,594.0,100.88914489746094,89.54000091552734,56.57740783691406,54.09881591796875,26.975234985351562,61.76375198364258,72.6615219116211,94.19999694824219
2008-01-15,,582.239990234375,98.66825103759766,87.98999786376953,56.94776916503906,54.705299377441406,26.64230728149414,61.81597900390625,72.64567565917969,91.9000015258789
2008-01-16,,574.7999877929688,97.81845092773438,86.69999694824219,56.839202880859375,54.31053161621094,26.39261817932129,61.86817169189453,72.64567565917969,90.83999633789062
2008-01-17,,568.239990234375,95.28338623046875,86.5,57.298954010009766,55.0142707824707,26.051368713378906,61.97249221801758,72.61398315429688,90.12999725341797
2008-01-18,,572.3200073242188,94.30504608154297,87.41999816894531,57.21589279174805,54.63663101196289,26.1512451171875,62.02463912963867,72.6615219116211,90.56999969482422
2008-01-22,,564.4000244140625,93.34815216064453,88.16999816894531,57.854427337646484,55.220272064208984,26.059690475463867,62.28541946411133,72.69319915771484,89.8499984741211
2008-01-23,,556.0,95.59046936035156,87.88999938964844,57.58627700805664,55.094356536865234,25.568626403808594,62.255645751953125,72.77245330810547,86.98999786376953
2008-01-24,,567.4400024414062,96.39739227294922,90.08000183105469,57.062679290771484,53.99007034301758,26.20118522644043,62.06187057495117,72.80410766601562,89.41000366210938
2008-01-25,,575.280029296875,95.00486755371094,90.30000305175781,57.59265899658203,54.89982604980469,26.783802032470703,62.22587203979492,72.72489166259766,90.70999908447266
2008-01-28,,578.7999877929688,96.57593536376953,91.75,57.38191223144531,54.6938362121582,26.90865135192871,62.1960563659668,72.756591796875,90.98999786376953
2008-01-29,,583.8400268554688,97.05442810058594,91.1500015258789,57.152076721191406,54.32194137573242,27.133373260498047,62.15880584716797,72.81997680664062,91.63999938964844
2008-01-30,,584.6400146484375,96.34025573730469,92.05999755859375,57.12651062011719,53.967185974121094,26.90032958984375,62.20344543457031,72.85169982910156,92.33000183105469
2008-01-31,,578.7999877929688,98.09695434570312,91.4000015258789,57.420249938964844,54.350528717041016,27.033496856689453,62.263084411621094,72.85169982910156,91.75
2008-02-01,,563.760009765625,99.6751708984375,89.3499984741211,57.60666275024414,54.67721176147461,26.559080123901367,62.33103561401367,72.84373474121094,88.95999908447266
2008-02-04,,570.9600219726562,98.41832733154297,89.0999984741211,57.286346435546875,54.114559173583984,27.02517318725586,62.338531494140625,72.8596420288086,90.0199966430664
2008-02-05,,561.2000122070312,95.78327178955078,87.68000030517578,57.68988037109375,54.527915954589844,26.800447463989258,62.480587005615234,72.81201171875,88.41000366210938
2008-02-06,,552.1599731445312,95.01204681396484,88.94999694824219,57.58741760253906,54.36143112182617,26.675601959228516,62.50299072265625,72.87552642822266,87.13999938964844
2008-02-07,,558.4000244140625,95.64042663574219,89.8499984741211,56.94052505493164,53.19017791748047,27.000202178955078,62.420692443847656,72.8596420288086,88.11000061035156
2008-02-08,,583.2000122070312,95.02629852294922,91.0,57.42091751098633,53.79874801635742,27.80754852294922,62.53281784057617,72.8596420288086,91.7699966430664
2008-02-11,,596.4000244140625,95.5118637084961,91.33000183105469,57.549007415771484,54.02267074584961,27.99065399169922,62.555274963378906,72.87552642822266,93.58999633789062
2008-02-12,,588.719970703125,96.39739227294922,89.33000183105469,57.42726516723633,53.70118713378906,27.424684524536133,62.577632904052734,72.8596420288086,92.77999877929688
2008-02-13,,592.8800048828125,97.38285827636719,89.44000244140625,57.18390655517578,53.132713317871094,27.64940643310547,62.600128173828125,72.87552642822266,93.2699966430664
2008-02-14,,606.0800170898438,96.52593231201172,89.70999908447266,56.87004852294922,52.35192108154297,28.20705795288086,62.555274963378906,72.89141845703125,95.45999908447266
2008-02-15,,607.4400024414062,96.50452423095703,89.1500015258789,56.99177551269531,52.7537841796875,28.07388687133789,62.48796844482422,72.89141845703125,95.5
2008-02-19,,630.47998046875,96.7758560180664,91.58000183105469,56.581817626953125,52.219844818115234,28.98943328857422,62.4432258605957,72.89141845703125,100.01000213623047
2008-02-20,,634.5599975585938,97.0615005493164,93.23999786376953,56.53059005737305,52.58155822753906,29.139245986938477,62.36842727661133,72.8596420288086,100.73999786376953
2008-02-21,,618.6400146484375,96.25456237792969,93.25,57.113521575927734,53.13850021362305,28.981107711791992,62.540374755859375,72.92317199707031,98.2300033569336
2008-02-22,,628.7999877929688,96.84722900390625,93.38999938964844,56.953330993652344,52.834228515625,29.380619049072266,62.473079681396484,72.92317199707031,98.80999755859375
2008-02-25,,629.9199829101562,98.06841278076172,92.73999786376953,56.57541275024414,52.29446792602539,29.663604736328125,62.37588882446289,72.89141845703125,99.2300033569336
2008-02-26,,640.7999877929688,98.8039321899414,93.70999908447266,56.71634292602539,52.311668395996094,30.296157836914062,62.46559143066406,72.9391098022461,100.87999725341797
2008-02-27,,631.3599853515625,98.70394897460938,94.77999877929688,56.85084533691406,52.35762405395508,30.25453758239746,62.540374755859375,72.95494842529297,99.63999938964844
2008-02-28,,651.8400268554688,97.73989868164062,95.98999786376953,57.51699447631836,53.287776947021484,30.545856475830078,62.68977737426758,72.95494842529297,102.58999633789062
2008-02-29,,643.3599853515625,95.56190490722656,96.18000030517578,58.13184356689453,54.103092193603516,30.04646873474121,62.906368255615234,72.97083282470703,101.83999633789062
2008-03-03,,650.5599975585938,95.3333511352539,97.23999786376953,57.984092712402344,53.96363067626953,30.487590789794922,62.90868377685547,72.99788665771484,102.44999694824219
2008-03-04,,635.2000122070312,94.96918487548828,95.18000030517578,57.76563262939453,53.439231872558594,30.379392623901367,62.89369583129883,72.99788665771484,99.5199966430664
2008-03-05,,666.4000244140625,95.56900787353516,97.72000122070312,57.51506042480469,52.79950714111328,31.04524040222168,62.856292724609375,72.98197174072266,104.5199966430664
2008-03-06,,671.1199951171875,93.59089660644531,96.5,57.97765350341797,53.0818977355957,31.278295516967773,63.043434143066406,73.01380157470703,105.47000122070312
2008-03-07,,669.8400268554688,92.62690734863281,96.08999633789062,58.1768684387207,53.15103530883789,30.962007522583008,63.013458251953125,73.01380157470703,105.1500015258789
2008-03-10,,685.0399780273438,91.40576171875,95.87000274658203,58.594444274902344,53.934818267822266,31.544626235961914,63.08089065551758,73.01380157470703,107.9000015258789
2008-03-11,,690.719970703125,94.69065856933594,95.98999786376953,57.9583740234375,53.47376251220703,32.03569412231445,62.76646423339844,73.01380157470703,108.75
2008-03-12,,695.3599853515625,93.80518341064453,97.01000213623047,58.62655258178711,54.50529861450195,32.3852653503418,62.96854782104492,73.0297622680664,109.91999816894531
2008-03-13,,697.6799926757812,94.01223754882812,98.33999633789062,58.318153381347656,54.07888412475586,32.41855239868164,62.938636779785156,73.01380157470703,110.33000183105469
2008-03-14,,692.0800170898438,92.55549621582031,98.70999908447266,58.92208480834961,54.74734115600586,32.3769416809082,63.12578582763672,73.10932159423828,110.20999908447266
2008-03-17,,666.4000244140625,91.62002563476562,99.16999816894531,59.21764373779297,55.1680793762207,31.078533172607422,63.26803970336914,73.0933837890625,105.68000030517578
2008-03-18,,686.4000244140625,95.42622375488281,96.5,58.812896728515625,54.954833984375,31.769351959228516,63.043434143066406,73.1729965209961,109.41999816894531
2008-03-19,,658.3200073242188,93.0625,93.04000091552734,59.32046890258789,55.86537170410156,30.396038055419922,63.11082458496094,73.18892669677734,104.4800033569336
2008-03-20,,650.4000244140625,94.78627014160156,89.91000366210938,59.44890594482422,56.00368118286133,29.17253875732422,63.03599166870117,73.1729965209961,101.83999633789062
2008-03-24,,642.0800170898438,96.68082427978516,90.0999984741211,58.401702880859375,54.92024230957031,29.705219268798828,62.7739143371582,73.10932159423828,100.86000061035156
2008-03-25,,651.760009765625,96.7741470336914,92.7300033569336,58.607303619384766,55.15078353881836,30.004850387573242,62.81886291503906,73.06156921386719,101.22000122070312
2008-03-26,,678.47998046875,95.59004211425781,93.80000305175781,58.652286529541016,54.92024230957031,30.903745651245117,62.95357894897461,73.10932159423828,105.9000015258789
2008-03-27,,685.8400268554688,95.28860473632812,93.45999908447266,58.57516098022461,54.534175872802734,31.2449951171875,63.02098083496094,73.12521362304688,107.58000183105469
2008-03-28,,674.9600219726562,94.37725067138672,91.87999725341797,58.80643844604492,55.064353942871094,30.50423812866211,63.050941467285156,73.06156921386719,105.62000274658203
2008-03-31,,650.8800048828125,94.70732116699219,90.41000366210938,58.909271240234375,55.260215759277344,29.771800994873047,63.0659065246582,73.14118194580078,101.58000183105469
2008-04-01,,648.47998046875,98.0372085571289,86.86000061035156,58.394126892089844,54.36093521118164,29.6053409576416,62.83786392211914,73.09329223632812,100.9800033569336
2008-04-02,,670.239990234375,98.10179138183594,89.2699966430664,58.200767517089844,54.476661682128906,30.487590789794922,62.7852897644043,73.09329223632812,104.83000183105469
2008-04-03,,669.2000122070312,98.3458251953125,89.41999816894531,58.200767517089844,54.59814453125,30.6540584564209,62.74028778076172,73.09329223632812,103.83000183105469
2008-04-04,,679.0399780273438,98.23815155029297,90.25,58.64559555053711,55.09590530395508,30.870458602905273,62.852848052978516,73.12519836425781,106.2300033569336
2008-04-07,,695.4400024414062,98.28840637207031,91.16999816894531,58.258811950683594,54.8065185546875,31.203384399414062,62.732818603515625,73.09329223632812,109.08999633789062
2008-04-08,,697.52001953125,98.18791198730469,90.3499984741211,58.26521682739258,54.61552047729492,31.32822608947754,62.77029037475586,73.14116668701172,108.5
2008-04-09,,711.2000122070312,97.4774169921875,92.29000091552734,58.61336135864258,55.18271255493164,31.852584838867188,62.890296936035156,73.14116668701172,110.87000274658203
2008-04-10,,705.4400024414062,97.6137924194336,91.7699966430664,58.38129425048828,54.99751663208008,31.711090087890625,62.86781311035156,73.14116668701172,110.11000061035156
2008-04-11,,707.8400268554688,95.7192153930664,91.30000305175781,58.632686614990234,55.367889404296875,31.586244583129883,62.972896575927734,73.14116668701172,110.13999938964844
2008-04-14,,717.1199951171875,95.39627075195312,91.11000061035156,58.48438262939453,55.04383850097656,31.802642822265625,62.93537902832031,73.17306518554688,111.76000213623047
2008-04-15,,731.52001953125,95.61878204345703,91.66000366210938,58.22010040283203,54.36093521118164,32.18550491333008,62.852848052978516,73.17306518554688,113.79000091552734
2008-04-16,,737.2000122070312,98.20943450927734,93.2699966430664,57.82686996459961,53.82843780517578,32.49346923828125,62.7177619934082,73.12519836425781,114.93000030517578
2008-04-17,,738.9600219726562,98.35297393798828,92.55999755859375,57.69150924682617,53.735870361328125,32.34365463256836,62.605289459228516,73.12519836425781,114.86000061035156
2008-04-18,,750.3200073242188,99.37915802001953,90.62000274658203,57.63346862792969,53.6895866394043,32.360294342041016,62.56773376464844,73.07740783691406,116.69000244140625
2008-04-21,,755.0399780273438,99.42945098876953,90.25,57.639869689941406,53.90370559692383,32.401912689208984,62.50774002075195,73.10928344726562,117.4800033569336
2008-04-22,,760.6400146484375,98.99163055419922,90.2699966430664,57.68502426147461,54.08890914916992,32.60166549682617,62.53024673461914,73.12519836425781,119.37000274658203
2008-04-23,,761.4400024414062,98.83378601074219,89.22000122070312,57.627017974853516,53.909523010253906,32.2937126159668,62.53024673461914,73.12519836425781,118.30000305175781
2008-04-24,,745.5999755859375,99.26434326171875,87.22000122070312,57.175716400146484,53.452293395996094,31.752704620361328,62.35771560668945,73.14116668701172,116.05999755859375
2008-04-25,,765.280029296875,100.18296813964844,87.2699966430664,57.098350524902344,53.1397819519043,32.33531951904297,62.365196228027344,73.14116668701172,118.5199966430664
2008-04-28,,765.52001953125,100.2044906616211,87.69000244140625,57.20155334472656,53.30179977416992,32.41023254394531,62.43268966674805,73.09329223632812,118.75
2008-04-29,,743.9199829101562,99.80977630615234,85.80999755859375,57.30467987060547,53.504364013671875,31.627859115600586,62.41771697998047,73.17306518554688,115.62999725341797
2008-04-30,,740.0,99.2213134765625,86.6500015258789,57.48524856567383,53.88636016845703,31.569599151611328,62.53776931762695,73.09329223632812,113.45999908447266
2008-05-01,,723.0399780273438,101.27375030517578,83.98999786376953,57.478702545166016,53.88983917236328,30.8371639251709,62.426490783691406,73.14762115478516,112.5199966430664
2008-05-02,,747.2000122070312,101.55369567871094,84.58000183105469,57.01304244995117,53.210262298583984,31.619535446166992,62.34386444091797,73.09971618652344,116.31999969482422
2008-05-05,,773.9199829101562,101.065673828125,86.2699966430664,57.0971794128418,53.210262298583984,32.27705764770508,62.41142654418945,73.11572265625,119.97000122070312
2008-05-06,,787.0399780273438,101.94120788574219,86.62999725341797,56.916072845458984,52.82686233520508,32.701541900634766,62.448997497558594,73.08372497558594,121.83999633789062
2008-05-07,,798.4000244140625,100.12554931640625,85.81999969482422,57.142433166503906,53.05343246459961,32.75980758666992,62.52421188354492,73.13164520263672,123.52999877929688
2008-05-08,,805.280029296875,99.86724090576172,87.23999786376953,57.51102828979492,53.529701232910156,33.292484283447266,62.57684326171875,73.09971618652344,123.69000244140625
2008-05-09,,816.9600219726562,99.68060302734375,87.41999816894531,57.57572555541992,53.727169036865234,33.80851364135742,62.599365234375,73.13164520263672,125.95999908447266
2008-05-12,,800.8800048828125,100.80015563964844,86.98999786376953,57.478702545166016,53.6458740234375,33.234222412109375,62.47913360595703,73.13164520263672,124.2300033569336
2008-05-13,,813.6799926757812,100.8144760131836,85.38999938964844,57.00017166137695,53.05926513671875,33.41733169555664,62.37385177612305,73.09971618652344,125.80000305175781
2008-05-14,,801.760009765625,101.02259063720703,85.19999694824219,56.98074722290039,53.08246612548828,32.87632751464844,62.32878875732422,73.09971618652344,124.22000122070312
2008-05-15,,801.6799926757812,102.2856216430664,87.0,57.29762649536133,53.56458282470703,33.25087356567383,62.381351470947266,73.09971618652344,124.12000274658203
2008-05-16,,818.1599731445312,102.37896728515625,89.0999984741211,57.200645446777344,53.343833923339844,33.733612060546875,62.39644241333008,73.11572265625,126.29000091552734
2008-05-19,,822.4000244140625,102.6588363647461,89.38999938964844,57.33000183105469,53.41352844238281,33.78355026245117,62.46405792236328,73.11572265625,127.05000305175781
2008-05-20,,834.4000244140625,101.82635498046875,90.9000015258789,57.50454330444336,53.69232940673828,34.2496452331543,62.55424880981445,73.08372497558594,129.07000732421875
2008-05-21,,866.47998046875,100.1040267944336,91.95999908447266,57.36879348754883,53.70394515991211,35.2484130859375,62.486629486083984,73.08372497558594,133.1699981689453
2008-05-22,,845.0399780273438,100.11835479736328,90.9800033569336,56.99370574951172,53.07083511352539,34.74070358276367,62.3137321472168,73.13164520263672,130.80999755859375
2008-05-23,,855.5999755859375,98.77637481689453,91.2300033569336,57.24587631225586,53.303157806396484,34.80729293823242,62.43400573730469,73.13164520263672,132.19000244140625
2008-05-27,,834.0800170898438,99.50840759277344,89.36000061035156,56.967838287353516,52.943092346191406,34.2496452331543,62.366329193115234,73.13164520263672,128.85000610351562
2008-05-28,,847.3599853515625,99.96765899658203,89.13999938964844,56.541015625,52.47260284423828,34.46604537963867,62.25362777709961,73.16355895996094,131.02999877929688
2008-05-29,,818.0800170898438,100.47001647949219,86.51000213623047,56.275875091552734,52.09503936767578,33.52553176879883,62.231082916259766,73.13164520263672,126.62000274658203
2008-05-30,,824.47998046875,100.72119140625,87.44999694824219,56.46339416503906,52.43775939941406,33.7502555847168,62.32126998901367,73.16355895996094,127.3499984741211
2008-06-02,,824.4000244140625,99.68060302734375,87.95999908447266,56.79891586303711,52.6400032043457,34.19970703125,62.44416046142578,73.22267150878906,127.76000213623047
2008-06-03,,805.2000122070312,99.09931182861328,86.87999725341797,57.09748458862305,53.018917083740234,33.39236068725586,62.5345344543457,73.22267150878906,124.30999755859375
2008-06-04,,791.8400268554688,99.04908752441406,86.6500015258789,56.889766693115234,52.54673385620117,32.89297103881836,62.51195526123047,73.20671844482422,122.30000305175781
2008-06-05,,831.5999755859375,101.02974700927734,86.44999694824219,56.59125518798828,52.23198699951172,34.141441345214844,62.42902755737305,73.15872955322266,127.79000091552734
2008-06-06,,897.3599853515625,97.80754089355469,89.05999755859375,57.0844841003418,52.908180236816406,35.01536560058594,62.51195526123047,73.17472839355469,138.5399932861328
2008-06-09,,872.4000244140625,98.04439544677734,87.98999786376953,56.675621032714844,52.908180236816406,35.37326431274414,62.195396423339844,73.20671844482422,134.35000610351562
2008-06-10,,856.1599731445312,97.55641174316406,85.55000305175781,56.33815383911133,52.564247131347656,35.231773376464844,62.05219650268555,73.254638671875,131.30999755859375
2008-06-11,,887.9199829101562,96.12109375,87.0199966430664,56.39652633666992,52.441802978515625,36.530174255371094,62.1577033996582,73.30256652832031,136.3800048828125
2008-06-12,,890.1599731445312,96.48709106445312,85.5999984741211,55.9033088684082,51.91720199584961,36.521854400634766,61.8562126159668,73.254638671875,136.74000549316406
2008-06-13,,873.5999755859375,97.7070541381836,85.83000183105469,55.77357864379883,51.806396484375,36.28880310058594,61.924041748046875,73.30256652832031,134.86000061035156
2008-06-16,,871.9199829101562,97.76448059082031,87.01000213623047,55.780033111572266,51.818031311035156,36.255516052246094,61.96171951293945,73.30256652832031,134.61000061035156
2008-06-17,,869.4400024414062,97.2908706665039,87.25,55.968204498291016,51.923011779785156,36.62173080444336,62.082332611083984,73.28656768798828,134.00999450683594
2008-06-18,,887.1199951171875,96.34356689453125,88.27999877929688,56.273231506347656,52.36022186279297,37.12112045288086,62.14265060424805,73.31853485107422,136.67999267578125
2008-06-19,,855.280029296875,96.46559143066406,88.41999816894531,55.94878387451172,52.051239013671875,36.255516052246094,62.022037506103516,73.30256652832031,131.92999267578125
2008-06-20,,873.1199951171875,94.89979553222656,88.94999694824219,56.20836639404297,52.3543701171875,36.505210876464844,62.135093688964844,73.33453369140625,134.6199951171875
2008-06-23,,887.3599853515625,94.80601501464844,87.08999633789062,56.182403564453125,52.465152740478516,36.76321792602539,62.06729507446289,73.33453369140625,136.74000549316406
2008-06-24,,887.5999755859375,94.61846923828125,87.47000122070312,56.48093032836914,52.81492614746094,36.771549224853516,62.18031311035156,73.33453369140625,137.0
2008-06-25,,868.0,95.06566619873047,87.41999816894531,56.47444534301758,52.83821487426758,36.63005065917969,62.22555923461914,73.35050201416016,134.5500030517578
2008-06-26,,904.9600219726562,92.4836196899414,90.61000061035156,56.79241180419922,53.19379425048828,37.845237731933594,62.40646743774414,73.35050201416016,139.63999938964844
2008-06-27,,910.0,91.97879028320312,91.47000122070312,57.071468353271484,53.817569732666016,37.94511032104492,62.43657302856445,73.38245391845703,140.2100067138672
2008-06-30,,909.280029296875,92.30335998535156,91.4000015258789,57.110450744628906,53.829200744628906,37.27093505859375,62.47426986694336,73.33453369140625,140.0
2008-07-01,,916.719970703125,92.5918197631836,92.66000366210938,56.955440521240234,53.70171356201172,37.92845916748047,62.458412170410156,73.36013793945312,140.97000122070312
2008-07-02,,934.719970703125,91.005126953125,93.16999816894531,57.09219741821289,53.982513427734375,38.65257263183594,62.4659423828125,73.36013793945312,143.57000732421875
2008-07-03,,934.5599975585938,91.09886169433594,92.05999755859375,57.11174011230469,53.865478515625,38.63592529296875,62.57172775268555,73.36013793945312,145.2899932861328
2008-07-07,,919.5999755859375,90.16848754882812,91.2300033569336,57.378719329833984,54.11122512817383,38.111568450927734,62.60953903198242,73.3441162109375,141.3699951171875
2008-07-08,,879.3599853515625,91.76959991455078,90.86000061035156,57.521934509277344,54.46226501464844,36.72993469238281,62.61707305908203,73.3121109008789,136.0399932861328
2008-07-09,,877.2000122070312,90.00260162353516,91.5,57.79542922973633,54.70212173461914,36.70497131347656,62.7229118347168,73.3281021118164,136.0500030517578
2008-07-10,,914.719970703125,90.37045288085938,93.52999877929688,57.81496810913086,54.69624710083008,37.7037353515625,62.64728927612305,73.3921127319336,141.64999389648438
2008-07-11,,939.1199951171875,89.31744384765625,95.16000366210938,57.27448272705078,53.91820526123047,38.22809600830078,62.51885986328125,73.44009399414062,145.0800018310547
2008-07-14,,939.8400268554688,88.50963592529297,95.91000366210938,57.58055114746094,54.392066955566406,38.2447395324707,62.66246795654297,73.44009399414062,145.17999267578125
2008-07-15,,899.1199951171875,87.26190185546875,96.16999816894531,57.7889289855957,54.374473571777344,37.029571533203125,62.75315856933594,73.45609283447266,138.74000549316406
2008-07-16,,874.0,89.40396881103516,94.44000244140625,57.261478424072266,53.39162063598633,36.46359634399414,62.69268035888672,73.47209930419922,134.60000610351562
2008-07-17,,844.239990234375,90.29830932617188,94.22000122070312,56.98801803588867,53.11668014526367,35.60630798339844,62.60200500488281,73.36013793945312,129.2899932861328
2008-07-18,,835.52001953125,90.86087799072266,94.16999816894531,56.79262161254883,52.917720794677734,34.99872589111328,62.48859786987305,73.45609283447266,128.8800048828125
2008-07-21,,853.3599853515625,90.91133117675781,95.12000274658203,56.92290496826172,53.122501373291016,35.42320251464844,62.51885986328125,73.3921127319336,131.0399932861328
2008-07-22,,826.5599975585938,91.94274139404297,93.05999755859375,56.72758865356445,52.859214782714844,34.64915084838867,62.4659423828125,73.42410278320312,127.94999694824219
2008-07-23,,800.1599731445312,92.44033813476562,90.56999969482422,56.636348724365234,52.75392532348633,33.86677932739258,62.435665130615234,73.45609283447266,124.44000244140625
2008-07-24,,811.6799926757812,90.52188873291016,91.33000183105469,57.124752044677734,53.26873016357422,33.89175033569336,62.60953903198242,73.44009399414062,125.48999786376953
2008-07-25,,794.1599731445312,90.50022888183594,91.69000244140625,56.79262161254883,52.73637008666992,33.46726608276367,62.526371002197266,73.45609283447266,123.26000213623047
2008-07-28,,804.3200073242188,89.17322540283203,91.7300033569336,57.1182746887207,53.26873016357422,33.63373565673828,62.654884338378906,73.45609283447266,124.7300033569336
2008-07-29,,784.3200073242188,91.07723999023438,90.58999633789062,56.955440521240234,53.05225372314453,33.25087356567383,62.60200500488281,73.45609283447266,122.19000244140625
2008-07-30,,817.0399780273438,92.70001220703125,89.5199966430664,57.0661506652832,53.104949951171875,33.90839385986328,62.61707305908203,73.47209930419922,126.7699966430664
2008-07-31,,799.9199829101562,91.47390747070312,90.08000183105469,57.521934509277344,53.63148498535156,33.62540817260742,62.74554443359375,73.47209930419922,124.08000183105469
2008-08-01,,808.3200073242188,90.9906997680664,89.56999969482422,57.550724029541016,53.750118255615234,33.25087356567383,62.75766372680664,73.44966125488281,125.0999984741211
2008-08-04,,780.1599731445312,90.14685821533203,88.13999938964844,57.511470794677734,53.626773834228516,32.15221405029297,62.75011444091797,73.46568298339844,121.41000366210938
2008-08-05,,764.719970703125,92.5774154663086,86.08000183105469,57.21742248535156,53.22747039794922,31.927492141723633,62.71980667114258,73.481689453125,119.16999816894531
2008-08-06,,763.3599853515625,92.9885025024414,86.63999938964844,57.23710250854492,53.01028823852539,31.586244583129883,62.727352142333984,73.44966125488281,118.58000183105469
2008-08-07,,771.52001953125,91.60372924804688,86.08999633789062,57.77286911010742,53.87343215942383,31.761032104492188,62.863800048828125,73.49771881103516,120.0199966430664
2008-08-08,,741.4400024414062,93.30583190917969,84.43000030517578,57.74667739868164,54.02019119262695,30.870458602905273,62.810791015625,73.481689453125,115.19999694824219
2008-08-11,,740.0800170898438,94.27228546142578,81.12999725341797,57.46575927734375,53.50349426269531,30.8371639251709,62.727352142333984,73.49771881103516,114.44999694824219
2008-08-12,,731.9199829101562,93.29144287109375,80.5199966430664,57.86433029174805,54.002601623535156,30.570823669433594,62.841026306152344,73.44966125488281,113.01000213623047
2008-08-13,,750.0,92.72884368896484,81.55999755859375,57.740196228027344,53.8147087097168,31.59456443786621,62.8335075378418,73.51372528076172,116.0
2008-08-14,,741.9199829101562,93.42843627929688,79.3499984741211,57.91663360595703,54.16108703613281,31.319904327392578,62.856231689453125,73.49771881103516,115.01000213623047
2008-08-15,,734.4000244140625,93.8828353881836,77.62999725341797,58.1322135925293,54.630836486816406,30.89542579650879,62.90171813964844,73.51372528076172,113.7699966430664
2008-08-18,,730.0800170898438,92.59903717041016,78.80000305175781,58.275978088378906,54.848114013671875,31.07021141052246,62.954795837402344,73.46568298339844,112.87000274658203
2008-08-19,,741.9199829101562,91.58931732177734,80.43000030517578,58.19103240966797,54.6367301940918,31.552949905395508,63.000267028808594,73.52976989746094,114.52999877929688
2008-08-20,,751.8400268554688,92.01484680175781,80.05999755859375,58.36089324951172,54.78942108154297,31.802642822265625,63.08369827270508,73.52976989746094,114.9800033569336
2008-08-21,,785.6799926757812,92.1735610961914,82.30000305175781,58.23676681518555,54.68960189819336,33.16763687133789,63.03061294555664,73.54576110839844,121.18000030517578
2008-08-22,,740.3200073242188,93.5077896118164,81.08000183105469,58.06691360473633,54.65441131591797,32.04401779174805,62.916934967041016,73.5617904663086,114.58999633789062
2008-08-25,,744.7999877929688,91.61094665527344,80.93000030517578,58.45241165161133,55.20042419433594,31.86090660095215,63.02301025390625,73.54576110839844,115.11000061035156
2008-08-26,,751.2000122070312,91.87783813476562,81.2300033569336,58.47200012207031,55.24742889404297,31.877553939819336,63.000267028808594,73.5617904663086,116.2699966430664
2008-08-27,,765.280029296875,92.77210998535156,81.36000061035156,58.556922912597656,55.34136199951172,32.17718505859375,63.038169860839844,73.5617904663086,118.1500015258789
2008-08-28,,747.1199951171875,93.89727020263672,82.18000030517578,58.47200012207031,55.34719467163086,31.544626235961914,63.007896423339844,73.5617904663086,115.58999633789062
2008-08-29,,742.9600219726562,92.88754272460938,81.70999908447266,58.400142669677734,55.10059356689453,31.4281005859375,63.038169860839844,73.52976989746094,115.45999908447266
2008-09-02,,713.52001953125,92.31053161621094,79.19999694824219,58.718074798583984,55.61330032348633,30.612436294555664,63.1180305480957,73.58271026611328,109.70999908447266
2008-09-03,,707.52001953125,92.23120880126953,78.88999938964844,58.86225891113281,55.849037170410156,30.437652587890625,63.14081954956055,73.58271026611328,109.3499984741211
2008-09-04,,696.1599731445312,89.45448303222656,78.38999938964844,59.15726089477539,56.29690933227539,30.004850387573242,63.17887496948242,73.58271026611328,107.88999938964844
2008-09-05,,688.47998046875,89.7357406616211,78.9800033569336,59.02619934082031,56.267425537109375,29.705219268798828,63.15604782104492,73.5987319946289,106.2300033569336
2008-09-08,,687.4400024414062,91.58931732177734,78.86000061035156,59.032718658447266,56.50316619873047,29.638635635375977,63.125648498535156,73.5987319946289,106.33999633789062
2008-09-09,,658.7999877929688,88.8702163696289,76.48999786376953,59.30148696899414,57.06300735473633,28.556625366210938,63.224464416503906,73.58271026611328,103.26000213623047
2008-09-10,,663.760009765625,89.2308578491211,74.22000122070312,59.15070724487305,56.709381103515625,28.598243713378906,63.239707946777344,73.61478424072266,102.58000183105469
2008-09-11,,651.9199829101562,90.52188873291016,73.08000183105469,59.045806884765625,56.67995834350586,28.35687255859375,63.216854095458984,73.5987319946289,100.87000274658203
2008-09-12,,651.9199829101562,90.94020080566406,75.55000305175781,58.75080108642578,55.9492301940918,28.548301696777344,63.224464416503906,73.6308364868164,101.18000030517578
2008-09-15,,610.4000244140625,86.61279296875,77.55999755859375,59.878395080566406,57.76432800292969,27.424684524536133,63.673072814941406,73.71099090576172,95.70999908447266
2008-09-16,,599.9199829101562,88.06245422363281,76.79000091552734,59.70793151855469,57.75251770019531,26.867033004760742,63.55900192260742,73.74311065673828,91.1500015258789
2008-09-17,,620.0,84.10293579101562,85.45999908447266,60.24549102783203,58.04127883911133,27.674373626708984,63.86309051513672,74.06391906738281,97.16000366210938
2008-09-18,,633.3599853515625,86.59835815429688,82.80000305175781,59.53752899169922,57.19261169433594,27.72431755065918,63.65785217285156,73.85536193847656,97.87999725341797
2008-09-19,,661.0399780273438,90.03751373291016,85.9800033569336,58.475494384765625,55.37757873535156,28.639856338500977,63.30049514770508,73.5987319946289,104.55000305175781
2008-09-22,,700.9600219726562,87.9991455078125,89.18000030517578,58.35095977783203,55.37166213989258,29.630306243896484,63.34611129760742,73.6308364868164,120.91999816894531
2008-09-23,,689.0399780273438,85.99702453613281,88.31999969482422,58.35095977783203,55.159568786621094,29.339000701904297,63.391719818115234,73.8714599609375,106.61000061035156
2008-09-24,,678.8800048828125,86.27268981933594,86.70999908447266,58.50171661376953,55.40115737915039,29.097633361816406,63.52851486206055,73.6468734741211,105.7300033569336
2008-09-25,,693.52001953125,87.62194061279297,86.44999694824219,58.324771881103516,55.289188385009766,29.6053409576416,63.41452407836914,73.72709655761719,108.0199966430664
2008-09-26,,689.6799926757812,87.66548156738281,86.63999938964844,58.285369873046875,55.689903259277344,29.25577163696289,63.41452407836914,73.85536193847656,106.88999938964844
2008-09-29,,616.719970703125,80.79582977294922,89.56999969482422,59.098297119140625,57.310508728027344,27.441333770751953,63.77946090698242,74.17623138427734,96.37000274658203
2008-09-30,,656.0800170898438,84.13998413085938,85.06999969482422,58.31817626953125,55.91383361816406,28.20705795288086,63.52851486206055,73.90351104736328,100.63999938964844
2008-10-01,,636.719970703125,84.19075012207031,85.97000122070312,58.729312896728516,56.61727523803711,27.549531936645508,63.726932525634766,73.89230346679688,98.52999877929688
2008-10-02,,606.5599975585938,81.13678741455078,82.33000183105469,59.05821990966797,57.07243347167969,26.02640151977539,63.86422348022461,73.86013793945312,93.97000122070312
2008-10-03,,602.0,80.04141998291016,82.58999633789062,59.281864166259766,57.57490158081055,25.418811798095703,64.0396728515625,73.86013793945312,93.87999725341797
2008-10-06,,572.8800048828125,75.9646224975586,84.27999877929688,59.76206588745117,58.62115478515625,24.33680534362793,64.1692886352539,73.8441162109375,87.80999755859375
2008-10-07,,579.9199829101562,72.56249237060547,87.2699966430664,59.71598434448242,58.443870544433594,24.636436462402344,64.18462371826172,73.82801055908203,90.05999755859375
2008-10-08,,578.0800170898438,70.73446655273438,89.41999816894531,58.95293045043945,57.604454040527344,24.99433135986328,63.910011291503906,73.76378631591797,88.94999694824219
2008-10-09,,556.7999877929688,65.79444122314453,89.9000015258789,58.36089324951172,57.11969757080078,23.8290958404541,63.94812774658203,73.8761978149414,86.58999633789062
2008-10-10,,532.0,64.1985092163086,83.22000122070312,57.67677688598633,56.717750549316406,22.77206039428711,64.04730224609375,73.9404296875,77.69999694824219
2008-10-13,,542.239990234375,73.52003479003906,81.98999786376953,57.28208541870117,55.99070739746094,24.037174224853516,63.76503372192383,73.65135192871094,81.19000244140625
2008-10-14,,520.239990234375,72.4319076538086,82.19999694824219,57.01245880126953,55.6301155090332,23.59604835510254,63.78032302856445,73.77984619140625,78.62999725341797
2008-10-15,,485.8399963378906,65.30113983154297,83.30999755859375,57.47944641113281,56.162105560302734,22.522361755371094,63.99392318725586,73.7958984375,74.54000091552734
2008-10-16,,474.7200012207031,68.02140808105469,79.29000091552734,57.492637634277344,55.87249755859375,22.097885131835938,63.955772399902344,73.76378631591797,69.8499984741211
2008-10-17,,474.9599914550781,67.61520385742188,77.20999908447266,57.85440444946289,55.48827362060547,22.347579956054688,64.00151824951172,73.60314178466797,71.8499984741211
2008-10-20,,494.3999938964844,71.677490234375,78.5,57.913631439208984,55.931575775146484,22.797027587890625,63.955772399902344,73.77984619140625,74.25
2008-10-21,,470.1600036621094,69.53753662109375,76.02999877929688,58.525413513183594,56.22711181640625,21.98136329650879,64.08545684814453,73.77984619140625,70.88999938964844
2008-10-22,,439.44000244140625,65.75091552734375,71.70999908447266,58.9726676940918,57.367958068847656,20.94097137451172,64.17698669433594,73.68346405029297,66.75
2008-10-23,,452.79998779296875,66.51258087158203,70.6500015258789,59.05161666870117,57.793617248535156,21.02420425415039,64.13887023925781,73.77984619140625,67.83999633789062
2008-10-24,,424.0,63.13945007324219,72.20999908447266,58.80167007446289,57.17885971069336,20.183568954467773,64.19222259521484,73.69951629638672,64.1500015258789
2008-10-27,,406.79998779296875,60.8979606628418,72.18000030517578,58.76877212524414,57.22019958496094,20.033750534057617,64.0320053100586,73.81192016601562,63.220001220703125
2008-10-28,,425.760009765625,68.0141830444336,73.79000091552734,58.2951545715332,56.38673400878906,20.58307456970215,64.1082763671875,73.7958984375,62.72999954223633
2008-10-29,,445.44000244140625,67.52091979980469,74.0,58.380672454833984,56.1030158996582,21.798255920410156,64.14646911621094,73.715576171875,67.5
2008-10-30,,432.0,69.85673522949219,72.70999908447266,57.933345794677734,55.594635009765625,20.899356842041016,64.19985961914062,73.81192016601562,65.95999908447266
2008-10-31,,444.7200012207031,70.2411880493164,71.33999633789062,57.814910888671875,54.87348175048828,21.132400512695312,64.23037719726562,73.73162078857422,67.80999755859375
2008-11-03,,419.9200134277344,70.44432830810547,71.0999984741211,57.90741729736328,55.021854400634766,20.899356842041016,64.35060119628906,73.71070098876953,63.90999984741211
2008-11-04,,459.0400085449219,72.83814239501953,75.4800033569336,58.60057830810547,56.05451965332031,21.848194122314453,64.32763671875,73.74288940429688,70.52999877929688
2008-11-05,,430.7200012207031,69.77692413330078,72.80000305175781,58.910884857177734,56.71922302246094,21.28221893310547,64.44254302978516,73.77503967285156,65.30000305175781
2008-11-06,,401.20001220703125,65.91049194335938,72.22000122070312,58.73262405395508,56.30971145629883,20.35002899169922,64.46549987792969,73.88758850097656,60.77000045776367
2008-11-07,,400.32000732421875,68.08671569824219,72.5,58.521400451660156,55.94172668457031,20.375,64.35060119628906,73.88758850097656,61.040000915527344
2008-11-10,,409.8399963378906,67.1944580078125,73.58000183105469,58.58076858520508,56.21475601196289,20.508167266845703,64.54972839355469,73.87152862548828,62.40999984741211
2008-11-11,,384.8800048828125,65.11979675292969,72.05000305175781,58.798675537109375,56.38093948364258,20.11698341369629,64.59568786621094,73.87152862548828,59.33000183105469
2008-11-12,,366.0,62.25443649291992,70.0,59.161766052246094,56.742942810058594,19.526042938232422,64.69522857666016,73.88758850097656,56.15999984741211
2008-11-13,,392.0,66.1353759765625,72.1500015258789,58.73262405395508,55.38386917114258,19.89225959777832,64.53437042236328,73.88758850097656,58.2400016784668
2008-11-14,,369.44000244140625,62.834800720214844,73.30000305175781,59.3136100769043,56.481842041015625,19.767410278320312,64.51910400390625,73.88758850097656,57.040000915527344
2008-11-17,,361.2799987792969,62.000572204589844,72.6500015258789,59.56450653076172,56.73106384277344,19.317962646484375,64.63395690917969,73.9197998046875,54.95000076293945
2008-11-18,,358.1600036621094,63.16848373413086,72.51000213623047,60.02665328979492,57.461036682128906,19.026653289794922,64.70287322998047,73.83939361572266,54.38999938964844
2008-11-19,,346.0799865722656,59.120723724365234,72.26000213623047,60.67366409301758,58.93292236328125,18.810251235961914,64.79476928710938,73.82327270507812,53.619998931884766
2008-11-20,,316.3999938964844,54.73197937011719,73.44999694824219,61.895042419433594,61.97749328613281,17.85309410095215,64.91732025146484,73.87152862548828,49.619998931884766
2008-11-21,,328.0,57.684364318847656,78.8499984741211,61.32730484008789,61.08130645751953,18.161052703857422,64.81006622314453,73.85545349121094,49.93000030517578
2008-11-24,,353.0400085449219,61.68135452270508,80.91000366210938,60.752952575683594,60.12580871582031,19.409517288208008,64.64926147460938,73.87152862548828,54.5
2008-11-25,,330.8800048828125,62.138404846191406,80.87000274658203,61.796043395996094,61.89439010620117,18.760313034057617,64.70287322998047,73.88758850097656,50.77000045776367
2008-11-26,,356.32000732421875,64.53948974609375,80.37999725341797,62.172359466552734,61.97749328613281,19.35957908630371,64.90203857421875,73.9197998046875,54.439998626708984
2008-11-28,,336.7200012207031,65.35193634033203,80.30999755859375,62.297794342041016,62.74309158325195,18.518943786621094,64.94027709960938,73.69468688964844,54.43000030517578
2008-12-01,,319.1199951171875,59.56321334838867,75.6500015258789,63.141090393066406,65.14586639404297,17.944650650024414,65.04705810546875,73.89737701416016,49.279998779296875
2008-12-02,,308.0,61.8554573059082,76.94999694824219,63.472225189208984,65.39595794677734,17.952970504760742,65.03941345214844,73.96174621582031,46.959999084472656
2008-12-03,,304.3999938964844,63.342533111572266,76.18000030517578,63.57161331176758,65.58058166503906,17.744895935058594,65.09321594238281,73.84907531738281,46.790000915527344
2008-12-04,,283.2799987792969,61.877254486083984,75.5,63.969078063964844,66.87275695800781,16.81270408630371,65.10858917236328,73.8169174194336,43.66999816894531
2008-12-05,,274.0,63.785057067871094,74.5199966430664,63.29337692260742,65.78897094726562,16.396547317504883,65.03173828125,73.8169174194336,40.810001373291016
2008-12-08,,288.9599914550781,66.01204681396484,76.19999694824219,63.05488967895508,65.64606475830078,17.15395164489746,64.93952178955078,73.8330078125,43.709999084472656
2008-12-09,,275.6000061035156,64.92394256591797,76.33000183105469,63.59146499633789,66.94422912597656,16.77941131591797,65.1392822265625,73.80085754394531,42.06999969482422
2008-12-10,,286.4800109863281,65.36646270751953,79.75,63.531822204589844,66.78345489501953,17.28712272644043,65.05469512939453,73.84907531738281,43.52000045776367
2008-12-11,,309.1199951171875,63.79230499267578,80.6500015258789,63.916038513183594,66.91439056396484,17.83644676208496,65.20843505859375,73.76866912841797,47.97999954223633
2008-12-12,,304.79998779296875,64.55400848388672,80.80999755859375,64.09492492675781,66.91439056396484,18.22763442993164,65.2391357421875,73.80085754394531,46.279998779296875
2008-12-15,,294.7200012207031,63.654476165771484,82.5999984741211,64.23407745361328,67.6766357421875,17.711915969848633,65.28528594970703,73.78473663330078,44.5099983215332
2008-12-16,,291.5199890136719,66.65040588378906,84.45999908447266,65.25409698486328,69.34992980957031,17.96554946899414,65.3159408569336,73.8330078125,43.599998474121094
2008-12-17,,278.4800109863281,66.00479888916016,85.43000030517578,65.6979751586914,71.231689453125,17.72037124633789,65.17769622802734,73.78473663330078,40.060001373291016
2008-12-18,,261.8399963378906,64.77159881591797,83.87000274658203,66.14175415039062,72.7262954711914,17.4498291015625,65.20843505859375,73.73653411865234,36.220001220703125
2008-12-19,,264.4800109863281,64.49298858642578,82.62999725341797,65.92315673828125,72.80377960205078,17.331470489501953,65.14696502685547,73.78473663330078,33.869998931884766
2008-12-22,,245.0399932861328,63.6666145324707,83.45999908447266,65.75092315673828,72.24402618408203,16.841115951538086,65.02400970458984,73.88130187988281,39.90999984741211
2008-12-23,,240.0,63.00846481323242,82.62999725341797,65.71783447265625,72.14871215820312,16.90875244140625,65.03941345214844,73.80085754394531,38.97999954223633
2008-12-24,,232.16000366210938,63.37411117553711,83.45999908447266,65.65157318115234,71.9938735961914,16.646665573120117,65.05469512939453,73.88130187988281,35.349998474121094
2008-12-26,,232.8000030517578,63.73975372314453,85.5999984741211,66.002685546875,72.2320785522461,16.90875244140625,65.1316146850586,73.88130187988281,37.709999084472656
2008-12-29,,247.36000061035156,63.55693817138672,86.3499984741211,66.14825439453125,72.14543914794922,17.09474754333496,65.27508544921875,73.62049102783203,40.02000045776367
2008-12-30,,241.60000610351562,65.06340789794922,85.9000015258789,66.24137115478516,72.83258056640625,17.19620132446289,65.33678436279297,73.87805938720703,39.029998779296875
2008-12-31,,264.79998779296875,65.99214935302734,86.5199966430664,65.51004028320312,71.3089599609375,17.914823532104492,65.30593872070312,73.71709442138672,44.599998474121094
2009-01-02,,285.0400085449219,67.98127746582031,86.2300033569336,64.57252502441406,69.51654815673828,18.540447235107422,64.95880126953125,73.73318481445312,46.34000015258789
2009-01-05,,298.3999938964844,67.90081787109375,84.4800033569336,64.45948028564453,67.72410583496094,18.73489761352539,65.0899658203125,73.73318481445312,48.810001373291016
2009-01-06,,298.0,68.35420227050781,85.12999725341797,64.4195556640625,67.04296875,19.225250244140625,65.12076568603516,73.7492904663086,48.58000183105469
2009-01-07,,266.1600036621094,66.30659484863281,82.75,64.43292236328125,67.3059310913086,18.244543075561523,65.07447814941406,73.8619613647461,42.630001068115234
2009-01-08,,265.6000061035156,66.5771713256836,84.45999908447266,64.60578918457031,67.25211334228516,18.312177658081055,65.0899658203125,73.781494140625,41.70000076293945
2009-01-09,,258.9599914550781,65.15110778808594,83.91999816894531,64.90492248535156,67.35366821289062,18.100818634033203,65.13623809814453,73.82976531982422,40.83000183105469
2009-01-12,,245.1999969482422,63.58616638183594,80.76000213623047,65.31048583984375,68.05276489257812,17.280746459960938,65.15161895751953,73.79755401611328,37.59000015258789
2009-01-13,,254.72000122070312,63.70318603515625,80.87999725341797,65.35702514648438,68.12442016601562,17.568191528320312,65.15935516357422,73.89417266845703,37.779998779296875
2009-01-14,,249.83999633789062,61.699440002441406,79.79000091552734,65.72272491455078,69.24768829345703,17.323017120361328,65.23649597167969,73.9102783203125,37.279998779296875
2009-01-15,,241.44000244140625,61.721351623535156,80.38999938964844,65.66959381103516,69.36119079589844,17.306106567382812,65.16708374023438,73.92637634277344,35.400001525878906
2009-01-16,,238.8800048828125,62.20400619506836,82.70999908447266,65.06446838378906,68.29173278808594,17.3821964263916,65.19798278808594,73.87805938720703,36.5099983215332
2009-01-20,,229.27999877929688,58.92051696777344,84.5199966430664,64.96476745605469,68.27973175048828,16.841115951538086,65.22876739501953,73.7492904663086,38.7400016784668
2009-01-21,,248.24000549316406,61.46542739868164,84.1500015258789,64.38634490966797,66.12287139892578,16.90875244140625,65.12854766845703,73.87805938720703,43.54999923706055
2009-01-22,,240.16000366210938,60.51470184326172,84.58000183105469,63.96086883544922,64.8502197265625,16.68893814086914,65.15935516357422,73.89417266845703,43.66999816894531
2009-01-23,,258.6400146484375,60.77799606323242,88.52999877929688,63.97412872314453,64.34236907958984,17.466739654541016,65.14392852783203,73.87805938720703,46.470001220703125
2009-01-26,,257.1199951171875,61.1948127746582,88.94999694824219,63.81450653076172,63.780738830566406,17.500560760498047,65.05906677246094,73.8619613647461,45.72999954223633
2009-01-27,,236.0,61.81643295288086,88.37999725341797,64.23340606689453,65.28044891357422,17.02711296081543,65.12854766845703,73.82976531982422,41.58000183105469
2009-01-28,,238.0,63.90796661376953,87.41999816894531,63.82120895385742,63.649349212646484,17.43292236328125,65.10539245605469,73.79755401611328,42.15999984741211
2009-01-29,,233.75999450683594,61.831077575683594,89.5,62.99011993408203,62.185508728027344,17.22156524658203,64.98196411132812,73.79755401611328,41.439998626708984
2009-01-30,,233.75999450683594,60.57323455810547,91.30999755859375,62.96351623535156,61.988311767578125,17.120113372802734,65.02050018310547,73.8619613647461,41.68000030517578
2009-02-02,,227.1999969482422,60.39042663574219,88.83999633789062,63.474246978759766,63.141632080078125,16.79039192199707,65.08075714111328,73.90704345703125,40.08000183105469
2009-02-03,,230.9600067138672,61.238704681396484,88.47000122070312,62.92753982543945,61.637855529785156,16.59593963623047,65.0112533569336,73.84264373779297,40.779998779296875
2009-02-04,,226.16000366210938,60.938907623291016,89.18000030517578,62.607452392578125,61.42216491699219,16.68893814086914,64.90309143066406,73.89093780517578,40.31999969482422
2009-02-05,,230.47999572753906,61.845699310302734,90.12000274658203,62.75421142578125,61.4760856628418,17.060932159423828,64.91851043701172,73.8587417602539,41.16999816894531
2009-02-06,,225.60000610351562,63.60811233520508,89.58999633789062,62.374141693115234,61.28436279296875,17.187746047973633,64.87989807128906,73.74604034423828,40.16999816894531
2009-02-09,,226.0,63.69588088989258,88.31999969482422,62.24741744995117,61.48207473754883,17.09474754333496,64.85669708251953,73.84264373779297,39.560001373291016
2009-02-10,,215.27999877929688,60.77799606323242,90.20999908447266,63.08089828491211,62.81809997558594,16.874935150146484,65.00353240966797,73.82655334472656,37.54999923706055
2009-02-11,,208.63999938964844,61.13631057739258,92.29000091552734,63.567626953125,63.63294219970703,16.773483276367188,64.98806762695312,73.81044006347656,35.939998626708984
2009-02-12,,209.0399932861328,61.180206298828125,93.16999816894531,63.547603607177734,63.03382873535156,16.798847198486328,65.06536102294922,73.81044006347656,33.97999954223633
2009-02-13,,204.8000030517578,60.52203369140625,92.55000305175781,63.04753112792969,61.35626983642578,16.494487762451172,64.94170379638672,73.87483978271484,37.5099983215332
2009-02-17,,187.67999267578125,57.933231353759766,95.44999694824219,64.10761260986328,63.2674674987793,15.572959899902344,65.11165618896484,73.87483978271484,34.93000030517578
2009-02-18,,182.8800048828125,57.79431915283203,96.91000366210938,63.6408805847168,62.72826385498047,15.479961395263672,65.00353240966797,73.89093780517578,34.619998931884766
2009-02-19,,194.24000549316406,57.172706604003906,95.7699966430664,63.28757858276367,61.66178894042969,15.8604097366333,64.98033905029297,73.89093780517578,39.47999954223633
2009-02-20,,194.8000030517578,56.6169319152832,97.80000305175781,63.4675407409668,62.26093292236328,15.682865142822266,65.03443145751953,73.89093780517578,38.939998626708984
2009-02-23,,186.55999755859375,54.59122085571289,97.7300033569336,63.52761459350586,62.836151123046875,15.53069019317627,65.02667999267578,73.87483978271484,38.439998626708984
2009-02-24,,195.52000427246094,56.66080093383789,94.7300033569336,63.28757858276367,62.77021408081055,15.826591491699219,64.98033905029297,73.82655334472656,39.959999084472656
2009-02-25,,208.0,56.21469497680664,93.1500015258789,62.71416091918945,62.04524230957031,16.012590408325195,64.85669708251953,73.79435729980469,42.5
2009-02-26,,217.83999633789062,55.30060958862305,93.05999755859375,62.55409622192383,61.3922233581543,16.35076332092285,64.88761901855469,73.81044006347656,45.220001220703125
2009-02-27,,216.39999389648438,54.064697265625,92.62999725341797,62.500755310058594,61.03876876831055,16.15631675720215,64.92627716064453,73.8587417602539,44.7599983215332
2009-03-02,,195.83999633789062,51.62948226928711,90.93000030517578,63.127845764160156,62.04926681518555,15.34469223022461,65.07256317138672,73.90221405029297,40.150001525878906
2009-03-03,,203.1199951171875,51.24190139770508,90.04000091552734,63.04763412475586,61.63471221923828,15.446146965026855,65.01829528808594,73.8861083984375,41.650001525878906
2009-03-04,,220.8800048828125,52.45587158203125,88.98999786376953,62.72681427001953,61.35234451293945,15.987224578857422,64.94873046875,73.8861083984375,45.380001068115234
2009-03-05,,212.47999572753906,50.31316375732422,91.98999786376953,63.462135314941406,63.058589935302734,15.85195541381836,65.02606201171875,73.90221405029297,43.61000061035156
2009-03-06,,223.9199981689453,50.400909423828125,92.29000091552734,63.161251068115234,62.6380615234375,16.232404708862305,64.97962951660156,73.8861083984375,45.52000045776367
2009-03-09,,229.1999969482422,49.80854034423828,90.56999969482422,63.18809509277344,62.27147674560547,16.139402389526367,64.91776275634766,73.8861083984375,47.06999969482422
2009-03-10,,222.63999938964844,52.77760696411133,88.13999938964844,62.72681427001953,61.075984954833984,16.097131729125977,64.8790283203125,73.8861083984375,45.709999084472656
2009-03-11,,210.39999389648438,53.12133026123047,89.22000122070312,63.17463684082031,61.73677444458008,15.58987045288086,64.91002655029297,73.8861083984375,42.33000183105469
2009-03-12,,225.83999633789062,55.21284103393555,91.0999984741211,63.355220794677734,62.03120422363281,16.316946029663086,64.9332275390625,73.85391998291016,47.029998779296875
2009-03-13,,221.0399932861328,55.6442985534668,91.30000305175781,63.308387756347656,61.718807220458984,16.173219680786133,64.98736572265625,73.83782196044922,46.25
2009-03-16,,226.0,55.476097106933594,90.80000305175781,62.94740676879883,60.74555587768555,16.528305053710938,64.90225982666016,73.82170867919922,47.349998474121094
2009-03-17,,235.52000427246094,57.172706604003906,90.04000091552734,62.82709503173828,60.41507339477539,16.88338851928711,64.88679504394531,73.87002563476562,49.15999984741211
2009-03-18,,236.8800048828125,58.452449798583984,93.08999633789062,64.97967529296875,62.70413589477539,17.09474754333496,65.13439178466797,73.8861083984375,48.13999938964844
2009-03-19,,242.8800048828125,57.72850799560547,94.3499984741211,64.75904846191406,62.782203674316406,17.4498291015625,65.0570068359375,73.83782196044922,51.61000061035156
2009-03-20,,246.0800018310547,56.499229431152344,93.58999633789062,64.75904846191406,62.43373489379883,17.686553955078125,65.13439178466797,73.87002563476562,51.060001373291016
2009-03-23,,254.24000549316406,60.55751037597656,92.08000183105469,64.5384521484375,61.893062591552734,18.058547973632812,65.08025360107422,73.8861083984375,53.79999923706055
2009-03-24,,252.8800048828125,59.36431884765625,90.94999694824219,64.4448471069336,62.48183059692383,17.762645721435547,64.99513244628906,73.87002563476562,53.97999954223633
2009-03-25,,249.67999267578125,59.990360260009766,91.9800033569336,64.05711364746094,61.64069747924805,17.492103576660156,64.97962951660156,73.90221405029297,52.77000045776367
2009-03-26,,256.1600036621094,61.213016510009766,91.93000030517578,64.22427368164062,62.35564041137695,17.79646110534668,65.06476593017578,73.8861083984375,54.34000015258789
2009-03-27,,246.0,60.10822296142578,90.69000244140625,64.18412780761719,62.81822967529297,17.466739654541016,65.09568786621094,73.90221405029297,52.380001068115234
2009-03-30,,229.60000610351562,58.031227111816406,89.9800033569336,64.45818328857422,63.058589935302734,16.83266258239746,65.15767669677734,73.8861083984375,48.40999984741211
2009-03-31,,232.39999389648438,58.56888198852539,90.27999877929688,64.57184600830078,63.5091552734375,16.90875244140625,65.25049591064453,73.85391998291016,49.65999984741211
2009-04-01,,228.63999938964844,59.70314025878906,91.02999877929688,64.73007202148438,64.0887680053711,16.86648178100586,65.23575592041016,73.86680603027344,48.38999938964844
2009-04-02,,247.83999633789062,61.44871520996094,88.80000305175781,64.30773162841797,63.305538177490234,17.517467498779297,65.1272201538086,73.81851196289062,52.63999938964844
2009-04-03,,247.44000244140625,62.06004333496094,87.58999633789062,63.570167541503906,62.01008224487305,17.788005828857422,64.97994232177734,73.86680603027344,52.5099983215332
2009-04-06,,241.83999633789062,61.57392883300781,85.2699966430664,63.42274856567383,61.74497985839844,17.568191528320312,65.0264892578125,73.8506851196289,51.04999923706055
2009-04-07,,231.52000427246094,60.13768005371094,86.73999786376953,63.58359146118164,61.901676177978516,17.255380630493164,65.04973602294922,73.8506851196289,49.150001525878906
2009-04-08,,235.9199981689453,60.78584289550781,86.61000061035156,63.89879608154297,62.44997787475586,17.3821964263916,65.04973602294922,73.8829345703125,49.380001068115234
2009-04-09,,245.52000427246094,63.201629638671875,86.30999755859375,63.523284912109375,61.666717529296875,17.635828018188477,64.97222137451172,73.83457946777344,52.2400016784668
2009-04-13,,237.44000244140625,63.216365814208984,87.87999725341797,63.89879608154297,62.23306655883789,17.711915969848633,65.09620666503906,73.8829345703125,50.04999923706055
2009-04-14,,233.67999267578125,62.12630844116211,87.37000274658203,64.22725677490234,62.55842971801758,17.39065170288086,65.15048217773438,73.8506851196289,49.40999984741211
2009-04-15,,234.47999572753906,62.789207458496094,87.5,64.28760528564453,62.44997787475586,17.280746459960938,65.1815414428711,73.8506851196289,49.25
2009-04-16,,234.32000732421875,63.70984649658203,85.80999755859375,64.0328140258789,61.95588684082031,17.204654693603516,65.0885238647461,73.8990249633789,49.97999954223633
2009-04-17,,235.60000610351562,64.13703155517578,85.22000122070312,63.51660919189453,61.27505874633789,17.07784080505371,65.01871490478516,73.81851196289062,50.33000183105469
2009-04-20,,217.75999450683594,61.44871520996094,86.94999694824219,63.95906448364258,62.20291519165039,16.4353084564209,65.08074188232422,73.8506851196289,45.880001068115234
2009-04-21,,218.63999938964844,62.64921951293945,86.88999938964844,63.7110481262207,61.58836364746094,16.494487762451172,65.0885238647461,73.83457946777344,46.5099983215332
2009-04-22,,218.72000122070312,62.26626968383789,87.37999725341797,63.55685043334961,61.214786529541016,16.519851684570312,65.0885238647461,73.8829345703125,48.849998474121094
2009-04-23,,223.0399932861328,62.877559661865234,88.80000305175781,63.54342269897461,61.208805084228516,16.73966407775879,65.0419692993164,73.91512298583984,49.619998931884766
2009-04-24,,231.1999969482422,63.82769012451172,89.72000122070312,63.295372009277344,60.59418487548828,16.99329376220703,65.0419692993164,73.91512298583984,51.54999923706055
2009-04-27,,224.63999938964844,63.22370529174805,89.01000213623047,63.55685043334961,60.85333251953125,16.570575714111328,65.1194839477539,73.8990249633789,50.13999938964844
2009-04-28,,222.8000030517578,63.02488708496094,87.75,63.24839401245117,59.85915756225586,16.452213287353516,65.05750274658203,73.91512298583984,49.91999816894531
2009-04-29,,228.47999572753906,64.36539459228516,88.33000183105469,62.90655517578125,59.328983306884766,16.83266258239746,65.0885238647461,73.8990249633789,50.970001220703125
2009-04-30,,229.0399932861328,64.38748168945312,87.2699966430664,62.799224853515625,59.093994140625,16.891841888427734,65.14277648925781,73.8990249633789,51.119998931884766
2009-05-01,,236.9600067138672,64.73361206054688,86.94999694824219,62.597511291503906,58.68722152709961,17.39910888671875,65.09380340576172,73.92320251464844,53.20000076293945
2009-05-04,,244.47999572753906,66.93585205078125,88.63999938964844,62.65803146362305,58.880653381347656,17.737281799316406,65.07830047607422,73.82655334472656,54.470001220703125
2009-05-05,,241.1999969482422,66.7075424194336,88.25,62.64459991455078,58.808135986328125,17.48365020751953,65.06277465820312,73.84263610839844,53.84000015258789
2009-05-06,,251.44000244140625,67.86388397216797,89.54000091552734,62.67152404785156,58.669158935546875,17.948638916015625,65.1015625,73.82655334472656,56.34000015258789
2009-05-07,,251.9199981689453,66.921142578125,89.44000244140625,62.14698028564453,57.23686599731445,17.982458114624023,65.00834655761719,73.82655334472656,56.709999084472656
2009-05-08,,259.9200134277344,68.4825668334961,89.9800033569336,62.22092056274414,57.37582778930664,18.430538177490234,65.05493927001953,73.84263610839844,58.630001068115234
2009-05-11,,258.32000732421875,67.20100402832031,89.69000244140625,62.806007385253906,58.19169616699219,18.278362274169922,65.16374969482422,73.82655334472656,58.5
2009-05-12,,261.0400085449219,67.00215911865234,90.69999694824219,62.765586853027344,58.403194427490234,18.464357376098633,65.156005859375,73.8909912109375,58.849998474121094
2009-05-13,,257.5199890136719,65.31549072265625,91.08999633789062,63.05472946166992,59.03776931762695,18.25299644470215,65.18700408935547,73.84263610839844,58.02000045776367
2009-05-14,,259.20001220703125,65.8752670288086,91.02999877929688,63.06148147583008,59.267417907714844,18.37135887145996,65.21029663085938,73.85873413085938,58.619998931884766
2009-05-15,,250.39999389648438,65.33759307861328,91.55000305175781,62.906829833984375,59.24932861328125,17.906368255615234,65.20249938964844,73.85873413085938,56.34000015258789
2009-05-18,,261.67999267578125,67.19363403320312,90.36000061035156,62.537025451660156,58.33073806762695,18.379812240600586,65.14045715332031,73.90707397460938,59.029998779296875
2009-05-19,,262.32000732421875,67.11264038085938,90.95999908447266,62.4495849609375,58.022525787353516,18.379812240600586,65.1792221069336,73.8909912109375,59.650001525878906
2009-05-20,,270.9599914550781,66.663330078125,92.25,62.64459991455078,58.63286209106445,18.675718307495117,65.2646484375,73.82655334472656,62.040000915527344
2009-05-21,,267.0400085449219,65.70585632324219,93.8499984741211,61.95872116088867,57.15827560424805,18.52353858947754,65.1792221069336,73.87483215332031,61.04999923706055
2009-05-22,,269.6000061035156,65.56588745117188,94.1500015258789,61.59555435180664,56.52372741699219,18.794076919555664,65.19482421875,73.8909912109375,61.66999816894531
2009-05-26,,272.8800048828125,67.24518585205078,93.76000213623047,61.18540573120117,55.6716194152832,18.836349487304688,65.1093978881836,73.90707397460938,62.45000076293945
2009-05-27,,276.6400146484375,66.04464721679688,93.44999694824219,60.492733001708984,54.6865348815918,18.9208927154541,65.09380340576172,73.90707397460938,63.45000076293945
2009-05-28,,282.7200012207031,66.96531677246094,94.23999786376953,60.80880355834961,55.47819519042969,19.26752471923828,65.0860595703125,73.8909912109375,65.08000183105469
2009-05-29,,291.20001220703125,68.1511001586914,96.19999694824219,61.49468994140625,56.910518646240234,19.639514923095703,65.1792221069336,73.90707397460938,66.30999755859375
2009-06-01,,299.44000244140625,69.80096435546875,95.7300033569336,60.491111755371094,55.227996826171875,20.18059539794922,65.12554931640625,73.84903717041016,68.58000183105469
2009-06-02,,300.8800048828125,69.85989379882812,96.36000061035156,60.69346237182617,55.525146484375,20.265138626098633,65.10220336914062,73.84903717041016,68.55000305175781
2009-06-03,,290.0,68.97604370117188,94.41000366210938,61.064388275146484,56.046512603759766,19.588788986206055,65.21894073486328,73.88129425048828,66.12000274658203
2009-06-04,,301.5199890136719,69.62421417236328,96.2300033569336,60.356258392333984,54.888519287109375,20.307411193847656,65.15667724609375,73.88129425048828,68.80999755859375
2009-06-05,,299.20001220703125,69.63892364501953,93.70999908447266,59.75599670410156,54.47015380859375,20.1975040435791,64.72883605957031,73.8652114868164,68.44000244140625
2009-06-08,,300.32000732421875,69.35167694091797,93.55999755859375,59.4525032043457,54.3306884765625,20.146778106689453,64.55775451660156,73.88129425048828,68.08999633789062
2009-06-09,,305.5199890136719,69.70520782470703,93.83000183105469,59.70877456665039,54.32462692260742,20.34122657775879,64.70549774169922,73.8652114868164,70.01000213623047
2009-06-10,,311.760009765625,69.52845764160156,93.86000061035156,59.35129928588867,53.46971893310547,20.265138626098633,64.6977767944336,73.88129425048828,71.33000183105469
2009-06-11,,317.44000244140625,69.83779907226562,93.69999694824219,59.75599670410156,54.06390380859375,20.451135635375977,64.70549774169922,73.8330078125,72.68000030517578
2009-06-12,,315.44000244140625,70.029296875,92.16999816894531,60.07297134399414,54.548946380615234,20.16368865966797,64.77554321289062,73.89738464355469,72.04000091552734
2009-06-15,,308.1600036621094,68.42366790771484,91.0999984741211,60.342735290527344,55.040061950683594,19.774784088134766,64.82218933105469,73.89738464355469,70.62000274658203
2009-06-16,,308.0799865722656,67.49565124511719,91.93000030517578,60.68000411987305,55.99802780151367,19.698694229125977,64.89217376708984,73.91352081298828,70.47000122070312
2009-06-17,,309.6000061035156,67.4293212890625,92.3499984741211,60.51813888549805,55.68272018432617,19.757877349853516,64.96222686767578,73.91352081298828,71.02999877929688
2009-06-18,,310.79998779296875,67.92281341552734,91.61000061035156,59.782955169677734,54.840003967285156,19.783239364624023,64.85331726074219,73.89738464355469,71.37000274658203
2009-06-19,,303.760009765625,68.17316436767578,91.9000015258789,60.05946350097656,55.59181594848633,19.614152908325195,64.89217376708984,73.91352081298828,69.55000305175781
2009-06-22,,290.0,66.12886047363281,90.54000091552734,60.38319396972656,56.13139343261719,18.954708099365234,64.977783203125,73.91352081298828,66.93000030517578
2009-06-23,,299.2799987792969,66.18070220947266,90.91999816894531,60.57875442504883,56.792274475097656,19.28443145751953,64.977783203125,73.91352081298828,69.23999786376953
2009-06-24,,296.7200012207031,66.75104522705078,91.44999694824219,60.34950637817383,56.22236633300781,19.275978088378906,64.97000122070312,73.91352081298828,68.66999816894531
2009-06-25,,304.3999938964844,68.20281982421875,92.30999755859375,61.104854583740234,57.25307083129883,19.445064544677734,65.09446716308594,73.91352081298828,70.2300033569336
2009-06-26,,300.0799865722656,68.02498626708984,92.29000091552734,61.185855865478516,57.3501091003418,19.28443145751953,65.12554931640625,73.91352081298828,69.16000366210938
2009-06-29,,309.3599853515625,68.6620101928711,92.04000091552734,61.31397247314453,57.4349365234375,19.470430374145508,65.12554931640625,73.91352081298828,71.48999786376953
2009-06-30,,303.44000244140625,68.10648345947266,91.18000030517578,61.152122497558594,57.33794403076172,19.12380027770996,65.11779022216797,73.89738464355469,69.88999938964844
2009-07-01,,299.67999267578125,68.38796997070312,92.38999938964844,61.11283874511719,57.224151611328125,19.047712326049805,65.18168640136719,73.8990249633789,69.30999755859375
2009-07-02,,288.3999938964844,66.52145385742188,91.25,61.315757751464844,57.35806655883789,18.62499237060547,65.25175476074219,73.91513061523438,66.7300033569336
2009-07-06,,277.67999267578125,66.5140380859375,90.76000213623047,61.35637664794922,57.24853515625,18.066999435424805,65.27508544921875,73.8990249633789,64.05000305175781
2009-07-07,,270.4800109863281,65.2251968383789,90.70999908447266,61.59981155395508,57.63170623779297,17.77955436706543,65.26734924316406,73.8990249633789,62.93000030517578
2009-07-08,,260.55999755859375,65.1807632446289,89.2699966430664,62.30992126464844,58.69615173339844,17.559738159179688,65.36861419677734,73.91513061523438,60.13999938964844
2009-07-09,,262.1600036621094,65.30670166015625,89.51000213623047,61.944698333740234,57.99665832519531,17.669645309448242,65.33747863769531,73.8990249633789,60.40999984741211
2009-07-10,,259.0400085449219,65.15110778808594,89.58000183105469,62.33026885986328,58.531959533691406,17.534374237060547,65.39976501464844,73.8990249633789,59.88999938964844
2009-07-13,,258.9599914550781,66.73619079589844,90.19000244140625,62.10710525512695,58.20351791381836,17.62737464904785,65.36084747314453,73.91513061523438,59.689998626708984
2009-07-14,,256.8800048828125,67.11396789550781,90.80999755859375,61.694522857666016,57.23637008666992,17.62737464904785,65.31407165527344,73.91513061523438,59.52000045776367
2009-07-15,,267.760009765625,69.07682800292969,92.23999786376953,60.89640808105469,55.76441192626953,18.092363357543945,65.1583480834961,73.8829116821289,61.540000915527344
2009-07-16,,268.4800109863281,68.96571350097656,91.9800033569336,61.261680603027344,56.3665771484375,18.1346378326416,65.25959014892578,73.91513061523438,62.02000045776367
2009-07-17,,273.9200134277344,69.72120666503906,91.93000030517578,60.84912109375,55.49677276611328,18.405179977416992,65.23617553710938,73.91513061523438,63.560001373291016
2009-07-20,,278.6400146484375,70.4618911743164,93.27999877929688,61.07225799560547,55.78874969482422,18.709531784057617,65.22840118408203,73.8829116821289,63.97999954223633
2009-07-21,,279.5199890136719,70.78781127929688,93.12999725341797,61.75536346435547,56.901817321777344,18.64189910888672,65.30632781982422,73.8829116821289,64.72000122070312
2009-07-22,,278.4800109863281,70.77298736572266,93.44000244140625,61.390113830566406,56.39091873168945,18.74335289001465,65.27508544921875,73.8990249633789,65.4000015258789
2009-07-23,,286.32000732421875,72.33586120605469,93.26000213623047,60.795013427734375,55.35689926147461,19.13224983215332,65.1583480834961,73.8829116821289,67.16000366210938
2009-07-24,,289.760009765625,72.6321029663086,93.41000366210938,60.92351150512695,55.6245002746582,19.14916229248047,65.19727325439453,73.86681365966797,68.05000305175781
2009-07-27,,290.55999755859375,72.84693908691406,93.70999908447266,60.63941955566406,54.98582077026367,19.225250244140625,65.15047454833984,73.86681365966797,68.37999725341797
2009-07-28,,286.0799865722656,72.50618743896484,92.11000061035156,60.761165618896484,55.47248840332031,19.013893127441406,65.11151123046875,73.8829116821289,67.2300033569336
2009-07-29,,267.760009765625,72.32846069335938,91.19999694824219,60.80180740356445,55.77653503417969,18.52353858947754,65.07263946533203,73.8829116821289,63.349998474121094
2009-07-30,,283.9200134277344,73.08392333984375,91.62000274658203,61.04529571533203,56.567256927490234,19.098434448242188,65.08038330078125,73.8990249633789,66.94000244140625
2009-07-31,,294.4800109863281,73.1876449584961,93.3499984741211,61.660728454589844,57.6682243347168,19.478883743286133,65.189453125,73.85066986083984,69.44999694824219
2009-08-03,,303.3599853515625,74.39498138427734,93.87000274658203,61.005428314208984,56.79429626464844,20.02841567993164,65.09739685058594,73.87004852294922,71.58000183105469
2009-08-04,,303.760009765625,74.58753967285156,94.68000030517578,60.829124450683594,56.342655181884766,20.036869049072266,65.04280853271484,73.8861312866211,71.41999816894531
2009-08-05,,305.6000061035156,74.37275695800781,94.77999877929688,60.48319625854492,55.500450134277344,20.248231887817383,65.01939392089844,73.87004852294922,71.97000122070312
2009-08-06,,306.1600036621094,73.98755645751953,94.5999984741211,60.48319625854492,55.68968963623047,19.783239364624023,65.01939392089844,73.87004852294922,71.94000244140625
2009-08-07,,301.20001220703125,74.9579086303711,93.75,60.083003997802734,55.225833892822266,19.690242767333984,64.91020202636719,73.87004852294922,70.93000030517578
2009-08-10,,301.67999267578125,74.8023452758789,92.93000030517578,60.469608306884766,55.91548538208008,19.681787490844727,65.01165008544922,73.87004852294922,70.5999984741211
2009-08-11,,294.8800048828125,73.86908721923828,92.79000091552734,60.89013671875,56.56235885620117,19.38588523864746,65.08184814453125,73.87004852294922,69.44999694824219
2009-08-12,,298.79998779296875,74.66163635253906,92.94999694824219,60.72060012817383,55.958152770996094,19.487335205078125,65.10527801513672,73.90225219726562,70.16000366210938
2009-08-13,,302.3999938964844,75.2319107055664,93.72000122070312,61.19533157348633,56.751564025878906,19.74942398071289,65.21441650390625,73.87004852294922,70.5199966430664
2009-08-14,,288.239990234375,74.65422058105469,93.0,61.385318756103516,56.97126388549805,19.19143295288086,65.26126098632812,73.90225219726562,67.51000213623047
2009-08-17,,284.1600036621094,72.81730651855469,91.61000061035156,61.80583572387695,57.8134880065918,18.90398597717285,65.33140563964844,73.87004852294922,66.75
2009-08-18,,294.8800048828125,73.3950424194336,92.05999755859375,61.58879852294922,57.47783279418945,19.275978088378906,65.3157958984375,73.90225219726562,69.19000244140625
2009-08-19,,304.9599914550781,74.03943634033203,92.52999877929688,61.81944274902344,57.953834533691406,19.41124725341797,65.34696197509766,73.87004852294922,72.41999816894531
2009-08-20,,301.3599853515625,74.8023452758789,92.2699966430664,61.982181549072266,58.42988204956055,19.250614166259766,65.33140563964844,73.8861312866211,72.54000091552734
2009-08-21,,305.8399963378906,76.2688980102539,93.6500015258789,61.351383209228516,57.22761154174805,19.394338607788086,65.2300033569336,73.87004852294922,73.88999938964844
2009-08-24,,306.3999938964844,76.26150512695312,92.33999633789062,61.73124313354492,58.26509094238281,19.42815589904785,65.30805206298828,73.87004852294922,74.37000274658203
2009-08-25,,297.3599853515625,76.40965270996094,92.76000213623047,61.894039154052734,58.59461975097656,19.14916229248047,65.30805206298828,73.87004852294922,72.05000305175781
2009-08-26,,295.6000061035156,76.41704559326172,92.79000091552734,61.975425720214844,58.863162994384766,19.098434448242188,65.34696197509766,73.8861312866211,71.43000030517578
2009-08-27,,301.760009765625,76.58743286132812,93.19000244140625,61.80583572387695,58.63127136230469,19.259069442749023,65.33922576904297,73.8861312866211,72.48999786376953
2009-08-28,,301.2799987792969,76.57257843017578,93.87000274658203,61.94829177856445,58.89979934692383,19.216794967651367,65.40937805175781,73.90225219726562,72.73999786376953
2009-08-31,,288.3999938964844,75.89112091064453,93.4000015258789,62.13139724731445,58.95472717285156,18.692623138427734,65.45622253417969,73.90225219726562,69.95999908447266
2009-09-01,,282.1600036621094,74.21720123291016,93.9000015258789,62.29261779785156,58.812076568603516,18.405179977416992,65.50926971435547,73.85713195800781,68.05000305175781
2009-09-02,,281.44000244140625,73.93573760986328,96.19000244140625,62.6326789855957,59.669227600097656,18.44744873046875,65.57962036132812,73.92158508300781,68.05000305175781
2009-09-03,,282.55999755859375,74.55052947998047,97.45999908447266,62.40827941894531,59.3018798828125,18.354448318481445,65.51715087890625,73.92158508300781,67.95999908447266
2009-09-04,,281.0400085449219,75.59489440917969,97.52999877929688,62.0341682434082,58.29169464111328,18.278362274169922,65.48591613769531,73.92158508300781,68.0199966430664
2009-09-08,,295.5199890136719,76.24667358398438,97.43000030517578,61.89132308959961,57.881465911865234,18.61653709411621,65.49372100830078,73.92158508300781,71.0999984741211
2009-09-09,,295.5199890136719,76.83185577392578,97.08000183105469,61.94574737548828,57.81411361694336,18.692623138427734,65.50145721435547,73.87325286865234,71.30999755859375
2009-09-10,,298.9599914550781,77.61697387695312,97.69999694824219,62.40827941894531,58.87944412231445,18.794076919555664,65.54058837890625,73.88934326171875,71.94000244140625
2009-09-11,,286.55999755859375,77.60213470458984,98.77999877929688,62.59186935424805,59.20388412475586,18.54890251159668,65.51715087890625,73.87325286865234,69.29000091552734
2009-09-14,,285.67999267578125,77.97991943359375,97.95999908447266,62.22458267211914,58.616153717041016,18.44744873046875,65.47808074951172,73.87325286865234,68.86000061035156
2009-09-15,,293.6000061035156,78.30581665039062,98.9000015258789,62.095401763916016,58.31621170043945,18.878620147705078,65.50926971435547,73.87325286865234,70.93000030517578
2009-09-16,,299.44000244140625,79.49092102050781,99.91000366210938,62.04777145385742,58.42022705078125,19.12380027770996,65.42343139648438,73.87325286865234,72.51000213623047
2009-09-17,,299.9200134277344,79.37242126464844,99.33999633789062,62.353851318359375,59.15495681762695,19.13224983215332,65.51715087890625,73.88934326171875,72.47000122070312
2009-09-18,,296.9599914550781,79.42301940917969,98.66999816894531,62.02056884765625,58.628414154052734,18.963165283203125,65.45465087890625,73.87325286865234,72.04000091552734
2009-09-21,,286.79998779296875,79.2220687866211,98.36000061035156,61.9797248840332,58.763099670410156,18.54890251159668,65.47808074951172,73.92158508300781,69.70999908447266
2009-09-22,,295.8399963378906,79.6834945678711,99.66999816894531,62.14301300048828,58.88556671142578,18.85325813293457,65.46248626708984,73.87325286865234,71.55000305175781
2009-09-23,,281.0400085449219,79.0211410522461,98.83000183105469,62.27898025512695,59.06313705444336,18.430538177490234,65.56397247314453,73.90544128417969,68.97000122070312
2009-09-24,,271.760009765625,78.15039825439453,97.55000305175781,62.449134826660156,59.23457336425781,18.193817138671875,65.57962036132812,73.87325286865234,65.88999938964844
2009-09-25,,272.0,77.73365020751953,97.0,62.70077896118164,59.98759460449219,18.050094604492188,65.5561752319336,73.90544128417969,66.0199966430664
2009-09-28,,276.0799865722656,79.12535858154297,97.05000305175781,62.8095703125,60.514129638671875,18.210725784301758,65.54832458496094,73.92158508300781,66.83999633789062
2009-09-29,,274.4800109863281,78.88716888427734,97.43000030517578,62.782386779785156,60.459014892578125,18.143089294433594,65.54058837890625,73.92158508300781,66.70999908447266
2009-09-30,,289.5199890136719,78.58200073242188,98.8499984741211,62.82999801635742,60.4039192199707,18.650352478027344,65.61085510253906,73.92158508300781,70.61000061035156
2009-10-01,,289.8399963378906,76.63219451904297,97.88999938964844,63.302635192871094,61.23116683959961,18.53199005126953,65.67652130126953,73.87647247314453,70.81999969482422
2009-10-02,,286.9599914550781,76.27497100830078,98.37000274658203,63.275394439697266,60.80741500854492,18.34599494934082,65.69996643066406,73.87647247314453,69.94999694824219
2009-10-05,,289.44000244140625,77.41362762451172,99.81999969482422,63.26851272583008,60.813560485839844,18.937803268432617,65.69996643066406,73.90865325927734,70.41000366210938
2009-10-06,,292.32000732421875,78.52250671386719,102.27999877929688,63.06392288208008,60.211708068847656,18.709531784057617,65.66090393066406,73.87647247314453,70.87999725341797
2009-10-07,,287.67999267578125,78.73833465576172,102.36000061035156,63.46642303466797,60.91794967651367,18.74335289001465,65.7469482421875,73.90865325927734,69.56999969482422
2009-10-08,,293.44000244140625,79.3411865234375,103.63999938964844,63.23442840576172,60.27927780151367,19.115345001220703,65.684326171875,73.87647247314453,71.69000244140625
2009-10-09,,297.2799987792969,79.82488250732422,102.83999633789062,62.62738800048828,58.89738464355469,19.19143295288086,65.5905532836914,73.89258575439453,71.7699966430664
2009-10-12,,301.5199890136719,80.137451171875,103.55999755859375,62.81154251098633,58.989501953125,19.580333709716797,65.66867065429688,73.89258575439453,73.2699966430664
2009-10-13,,305.20001220703125,79.97372436523438,104.26000213623047,62.95481872558594,59.29656219482422,19.80014991760254,65.70779418945312,73.89258575439453,74.1500015258789
2009-10-14,,308.8800048828125,81.35054779052734,104.18000030517578,62.525115966796875,58.41836166381836,19.952327728271484,65.6218032836914,73.87647247314453,75.18000030517578
2009-10-15,,319.2799987792969,81.6482162475586,102.86000061035156,62.320491790771484,58.148128509521484,20.15523338317871,65.58267974853516,73.87647247314453,77.58000183105469
2009-10-16,,323.6000061035156,81.03797149658203,103.18000030517578,62.60694885253906,58.62104415893555,20.205957412719727,65.6218032836914,73.90865325927734,78.52999877929688
2009-10-19,,326.0799865722656,81.7077865600586,104.2300033569336,62.70247268676758,59.08164978027344,20.493406295776367,65.6218032836914,73.89258575439453,79.61000061035156
2009-10-20,,323.1199951171875,81.27610778808594,103.41999816894531,62.84568405151367,59.40103530883789,20.366592407226562,65.65303802490234,73.87647247314453,79.08999633789062
2009-10-21,,330.6400146484375,80.54678344726562,103.75,62.70247268676758,59.044795989990234,20.797767639160156,65.6218032836914,73.87647247314453,81.37000274658203
2009-10-22,,331.760009765625,81.36544036865234,103.91999816894531,62.51829528808594,58.75611114501953,20.96685028076172,65.6296615600586,73.87647247314453,81.19000244140625
2009-10-23,,327.2799987792969,80.4351577758789,103.48999786376953,62.21136474609375,58.313987731933594,20.890762329101562,65.52020263671875,73.87647247314453,80.5
2009-10-26,,321.0400085449219,79.5644302368164,101.86000061035156,61.85671615600586,57.55854797363281,20.510318756103516,65.44973754882812,73.87647247314453,78.68000030517578
2009-10-27,,324.7200012207031,79.19975280761719,101.8499984741211,62.38869094848633,58.34468460083008,20.366592407226562,65.58267974853516,73.87647247314453,79.55000305175781
2009-10-28,,315.67999267578125,77.70390319824219,100.7300033569336,62.57969284057617,58.62104415893555,19.842418670654297,65.67652130126953,73.87647247314453,77.45999908447266
2009-10-29,,327.20001220703125,79.37092590332031,102.69000244140625,62.27952194213867,57.98236083984375,20.4595890045166,65.6218032836914,73.89258575439453,79.87000274658203
2009-10-30,,314.55999755859375,77.0712661743164,102.52999877929688,62.74334716796875,58.82368850708008,19.943872451782227,65.69996643066406,73.9248046875,77.0
2009-11-02,,319.760009765625,77.63690185546875,103.94999694824219,62.578250885009766,58.56367111206055,20.290504455566406,65.70782470703125,73.92642211914062,78.12999725341797
2009-11-03,,324.9599914550781,77.88250732421875,106.45999908447266,62.43378448486328,57.978363037109375,20.57794952392578,65.6999740600586,73.92642211914062,79.5999984741211
2009-11-04,,327.9200134277344,78.08343505859375,107.0999984741211,62.26189041137695,57.44844055175781,20.5610408782959,65.69217681884766,73.91029357910156,80.4000015258789
2009-11-05,,326.3999938964844,79.51976776123047,106.9800033569336,62.275630950927734,57.44844055175781,20.451135635375977,65.7548599243164,73.91029357910156,79.62000274658203
2009-11-06,,317.6000061035156,79.7281265258789,107.43000030517578,62.461307525634766,57.503936767578125,20.08759880065918,65.8018569946289,73.92642211914062,77.43000030517578
2009-11-09,,324.0,81.54403686523438,108.19000244140625,62.488861083984375,57.57170486450195,20.417316436767578,65.8018569946289,73.92642211914062,79.43000030517578
2009-11-10,,323.2799987792969,81.55894470214844,108.38999938964844,62.537010192871094,57.466983795166016,20.31586456298828,65.78618621826172,73.87806701660156,79.05000305175781
2009-11-11,,324.3999938964844,81.97569274902344,109.5999984741211,62.71585464477539,57.70725631713867,20.451135635375977,65.8567123413086,73.87806701660156,79.27999877929688
2009-11-12,,314.1600036621094,81.14216613769531,108.20999908447266,62.736480712890625,57.60249710083008,20.146778106689453,65.84886169433594,73.87806701660156,76.94000244140625
2009-11-13,,312.9599914550781,81.58122253417969,109.73999786376953,62.78466796875,57.86748504638672,20.12986946105957,65.86457824707031,73.87806701660156,76.3499984741211
2009-11-16,,322.32000732421875,82.76457214355469,111.62999725341797,63.12168884277344,58.545169830322266,20.713220596313477,65.90373992919922,73.87806701660156,78.9000015258789
2009-11-17,,323.8399963378906,82.8613052368164,111.97000122070312,63.259246826171875,58.85947036743164,20.81467628479004,65.91940307617188,73.87806701660156,79.13999938964844
2009-11-18,,325.3599853515625,82.80921173095703,112.25,63.10102844238281,58.514442443847656,20.831581115722656,65.91940307617188,73.87806701660156,79.58000183105469
2009-11-19,,317.2799987792969,81.73009490966797,112.30000305175781,63.17667007446289,58.61914825439453,20.535680770874023,65.94293975830078,73.87806701660156,77.45999908447266
2009-11-20,,315.3599853515625,81.43985748291016,112.94000244140625,63.169795989990234,58.6068115234375,20.510318756103516,65.95858764648438,73.87806701660156,76.72000122070312
2009-11-23,,315.0400085449219,82.47431945800781,114.29000091552734,63.080387115478516,58.53292465209961,20.603313446044922,65.95075988769531,73.87806701660156,77.55999755859375
2009-11-24,,308.6400146484375,82.6008071899414,114.7300033569336,63.4036979675293,58.90252685546875,20.366592407226562,66.00564575195312,73.87806701660156,76.0199966430664
2009-11-25,,316.0,82.89105224609375,116.62000274658203,63.61688232421875,59.17364501953125,20.856945037841797,66.03702545166016,73.87806701660156,77.95999908447266
2009-11-27,,308.0,81.54403686523438,115.05999755859375,63.905757904052734,59.395469665527344,20.620223999023438,66.08401489257812,73.89421081542969,76.05000305175781
2009-11-30,,313.20001220703125,81.81940460205078,115.63999938964844,64.00895690917969,59.53718948364258,20.84848976135254,66.091796875,73.89421081542969,77.27999877929688
2009-12-01,,316.9599914550781,82.83154296875,117.37999725341797,63.65597915649414,58.87395095825195,21.000669479370117,66.10839080810547,73.89421081542969,78.37000274658203
2009-12-02,,310.7200012207031,82.79434204101562,119.18000030517578,63.52503967285156,58.923404693603516,20.856945037841797,66.05321502685547,73.87806701660156,76.5999984741211
2009-12-03,,308.1600036621094,82.14685821533203,118.69999694824219,63.22861099243164,58.31147766113281,20.84003448486328,66.0137710571289,73.87806701660156,76.45999908447266
2009-12-04,,306.6400146484375,82.61571502685547,113.75,62.75986099243164,57.69340133666992,20.670949935913086,65.84797668457031,73.91029357910156,75.47000122070312
2009-12-07,,299.9200134277344,82.48918151855469,113.11000061035156,62.93218994140625,57.76756286621094,20.48495101928711,65.99003601074219,73.87806701660156,73.93000030517578
2009-12-08,,294.79998779296875,81.5738296508789,110.94999694824219,63.1527214050293,57.85405731201172,20.28204917907715,66.05321502685547,73.87806701660156,72.62000274658203
2009-12-09,,286.9599914550781,81.8789291381836,110.83999633789062,63.02867889404297,57.58831024169922,20.02841567993164,66.00582122802734,73.91029357910156,70.66999816894531
2009-12-10,,285.8399963378906,82.3403549194336,110.81999969482422,62.81499099731445,56.926937103271484,19.918508529663086,65.98213958740234,73.87806701660156,70.54000091552734
2009-12-11,,283.8399963378906,82.69013214111328,109.31999969482422,62.504756927490234,56.920745849609375,20.01996421813965,65.91109466552734,73.87806701660156,69.87000274658203
2009-12-14,,284.6400146484375,83.25574493408203,110.23999786376953,62.504756927490234,56.98876190185547,20.12986946105957,65.84015655517578,73.8619613647461,69.51000213623047
2009-12-15,,287.44000244140625,82.86875915527344,110.20999908447266,62.304832458496094,56.7353630065918,20.036869049072266,65.82429504394531,73.8619613647461,70.69000244140625
2009-12-16,,293.9200134277344,82.99524688720703,111.58999633789062,62.304832458496094,56.66737365722656,20.383499145507812,65.87166595458984,73.87806701660156,72.66000366210938
2009-12-17,,290.8800048828125,81.99801635742188,107.33999633789062,62.856353759765625,57.60066604614258,20.07068634033203,65.99789428710938,73.87806701660156,72.6500015258789
2009-12-18,,293.2799987792969,82.46190643310547,108.94999694824219,62.54612350463867,57.353431701660156,20.15523338317871,65.95065307617188,73.87806701660156,73.36000061035156
2009-12-21,,289.2799987792969,83.29991149902344,106.94999694824219,61.90503692626953,56.33355712890625,19.960779190063477,65.84797668457031,73.87806701660156,72.47000122070312
2009-12-22,,292.4800109863281,83.59923553466797,106.16999816894531,61.62924575805664,56.018348693847656,20.10450553894043,65.76909637451172,73.87806701660156,74.4000015258789
2009-12-23,,301.9200134277344,83.76383972167969,106.55000305175781,61.6016845703125,56.030662536621094,20.4595890045166,65.76909637451172,73.87806701660156,76.66999816894531
2009-12-24,,305.6000061035156,84.16038513183594,108.36000061035156,61.38106918334961,55.449642181396484,20.57794952392578,65.69017791748047,73.89421081542969,78.05000305175781
2009-12-28,,310.8800048828125,84.33993530273438,108.55000305175781,61.21566390991211,55.295166015625,20.94148826599121,65.5954818725586,73.87806701660156,78.7699966430664
2009-12-29,,310.7200012207031,84.22026062011719,107.47000122070312,61.37727355957031,55.65992736816406,20.89921760559082,65.63890075683594,73.88452911376953,78.87000274658203
2009-12-30,,313.1199951171875,84.1903076171875,106.93000030517578,61.48777389526367,56.025901794433594,20.873855590820312,65.61520385742188,73.90062713623047,79.27999877929688
2009-12-31,,314.239990234375,83.38220977783203,107.30999755859375,61.190773010253906,55.75913619995117,20.81467628479004,65.53623962402344,73.91674041748047,79.36000061035156
2010-01-04,,322.1600036621094,84.79638671875,109.80000305175781,61.34274673461914,55.70952224731445,21.33884620666504,65.62310791015625,73.88452911376953,81.51000213623047
2010-01-05,,323.2799987792969,85.02082824707031,109.69999694824219,61.612098693847656,56.06928634643555,21.36421012878418,65.70211029052734,73.8684310913086,81.7699966430664
2010-01-06,,327.760009765625,85.0806884765625,111.51000213623047,61.36346435546875,55.31874465942383,21.744653701782227,65.71004486083984,73.8684310913086,83.18000030517578
2010-01-07,,325.760009765625,85.43985748291016,110.81999969482422,61.36346435546875,55.41179656982422,21.4741153717041,65.6942367553711,73.8684310913086,82.66000366210938
2010-01-08,,327.44000244140625,85.72416687011719,111.37000274658203,61.43944549560547,55.38694381713867,21.457204818725586,65.75737762451172,73.8684310913086,82.75
2010-01-11,,324.32000732421875,85.84387969970703,112.8499984741211,61.4808235168457,55.083045959472656,21.389570236206055,65.78898620605469,73.8684310913086,82.5199966430664
2010-01-12,,317.0400085449219,85.04327392578125,110.48999786376953,61.922855377197266,56.025901794433594,20.933034896850586,65.84432220458984,73.8684310913086,80.79000091552734
2010-01-13,,313.67999267578125,85.7616195678711,111.54000091552734,61.625850677490234,55.374549865722656,20.94994354248047,65.78898620605469,73.90062713623047,79.6500015258789
2010-01-14,,312.4800109863281,85.99351501464844,112.02999877929688,61.915958404541016,56.14992141723633,20.84003448486328,65.85220336914062,73.88452911376953,79.38999938964844
2010-01-15,,307.20001220703125,85.0283203125,110.86000061035156,62.192230224609375,56.497337341308594,20.603313446044922,65.90753936767578,73.88452911376953,78.0
2010-01-19,,311.44000244140625,86.0907974243164,111.5199966430664,62.08167266845703,56.336021423339844,20.738584518432617,65.92330169677734,73.88452911376953,79.0199966430664
2010-01-20,,303.1199951171875,85.21536254882812,108.94000244140625,62.295799255371094,56.90669631958008,20.34968376159668,65.92330169677734,73.88452911376953,77.62000274658203
2010-01-21,,297.9200134277344,83.5767593383789,107.37000274658203,62.523738861083984,57.167232513427734,20.096052169799805,65.97855377197266,73.88452911376953,76.08000183105469
2010-01-22,,290.7200012207031,81.71369171142578,107.16999816894531,62.5789909362793,57.068031311035156,19.88469123840332,66.03388977050781,73.88452911376953,74.54000091552734
2010-01-25,,294.4800109863281,82.13269805908203,107.4800033569336,62.440887451171875,56.807498931884766,19.977689743041992,65.97855377197266,73.90062713623047,75.26000213623047
2010-01-26,,292.0,81.78852081298828,107.55999755859375,62.565181732177734,56.82607650756836,19.757877349853516,65.98651123046875,73.90062713623047,74.70999908447266
2010-01-27,,288.6400146484375,82.17759704589844,106.52999877929688,62.42011260986328,56.79507827758789,19.470430374145508,65.96280670166016,73.91674041748047,73.66999816894531
2010-01-28,,289.2799987792969,81.23480987548828,106.4800033569336,62.39943313598633,56.7640495300293,19.402793884277344,65.99442291259766,73.90062713623047,73.63999938964844
2010-01-29,,285.1199951171875,80.35192108154297,105.95999908447266,62.64115905761719,57.26024627685547,19.182979583740234,66.05757904052734,73.91674041748047,72.88999938964844
2010-02-01,,293.760009765625,81.60148620605469,108.3499984741211,62.42634201049805,56.74052429199219,19.647972106933594,66.02912902832031,73.90062713623047,74.43000030517578
2010-02-02,,300.239990234375,82.5890884399414,109.12999725341797,62.53028869628906,56.90237045288086,20.07068634033203,66.03701782226562,73.88452911376953,77.2300033569336
2010-02-03,,301.20001220703125,82.17759704589844,108.69999694824219,62.23232650756836,56.24253845214844,19.82551383972168,65.98958587646484,73.91674041748047,76.9800033569336
2010-02-04,,286.3999938964844,79.64111328125,104.37000274658203,62.74506759643555,57.13270950317383,19.166072845458984,66.08453369140625,73.91674041748047,73.13999938964844
2010-02-05,,281.67999267578125,79.80573272705078,104.68000030517578,62.94602584838867,57.257144927978516,18.9208927154541,66.18736267089844,73.91674041748047,71.19000244140625
2010-02-08,,280.7200012207031,79.22956085205078,104.04000091552734,62.89059066772461,57.331878662109375,18.92934799194336,66.13982391357422,73.91674041748047,71.88999938964844
2010-02-09,,289.67999267578125,80.22471618652344,105.41000366210938,62.55107879638672,56.75920104980469,19.26752471923828,66.07655334472656,73.91674041748047,73.75
2010-02-10,,292.0799865722656,80.06759643554688,105.12000274658203,62.377838134765625,56.217594146728516,19.343610763549805,66.00540161132812,73.91674041748047,74.5199966430664
2010-02-11,,294.239990234375,80.90556335449219,107.12999725341797,62.301570892333984,55.912567138671875,19.571880340576172,66.02912902832031,73.91674041748047,75.27999877929688
2010-02-12,,290.4800109863281,80.83824920654297,107.04000091552734,62.44713592529297,56.142906188964844,19.461973190307617,66.08453369140625,73.91674041748047,74.12999725341797
2010-02-16,,302.32000732421875,82.11024475097656,109.62000274658203,62.58577346801758,56.248714447021484,20.053781509399414,66.09237670898438,73.91674041748047,77.01000213623047
2010-02-17,,303.760009765625,82.49931335449219,109.25,62.253074645996094,55.60757827758789,19.952327728271484,66.03701782226562,73.8684310913086,77.33000183105469
2010-02-18,,309.8399963378906,82.98568725585938,109.9800033569336,62.031402587890625,55.38347244262695,20.12986946105957,65.99751281738281,73.90062713623047,79.05999755859375
2010-02-19,,312.7200012207031,83.15777587890625,109.47000122070312,62.06601333618164,55.682281494140625,20.248231887817383,65.97383117675781,73.8684310913086,79.80999755859375
2010-02-22,,312.239990234375,83.17273712158203,109.06999969482422,62.01748275756836,55.45194625854492,20.138322830200195,65.99751281738281,73.90062713623047,80.16000366210938
2010-02-23,,306.6400146484375,82.16259765625,107.88999938964844,62.48872756958008,56.31721115112305,19.808603286743164,66.05287170410156,73.8684310913086,78.86000061035156
2010-02-24,,311.9200134277344,82.91831970214844,107.36000061035156,62.52337646484375,56.45414352416992,19.96923828125,66.08453369140625,73.90062713623047,80.0
2010-02-25,,304.8800048828125,82.80607604980469,108.30999755859375,62.751983642578125,56.77162170410156,19.631061553955078,66.13982391357422,73.90062713623047,78.16999816894531
2010-02-26,,310.55999755859375,82.85843658447266,109.43000030517578,62.849021911621094,57.06419372558594,19.977689743041992,66.16358184814453,73.90062713623047,79.66000366210938
2010-03-01,,306.79998779296875,83.71895599365234,109.43000030517578,62.914329528808594,57.03919219970703,19.774784088134766,66.15170288085938,73.8684310913086,78.69999694824219
2010-03-02,,310.3999938964844,83.95085144042969,111.0199966430664,62.94908905029297,56.96428680419922,19.98614501953125,66.15170288085938,73.88452911376953,79.68000030517578
2010-03-03,,315.20001220703125,84.02571868896484,111.62999725341797,62.886505126953125,56.82063293457031,20.18059539794922,66.1438217163086,73.8684310913086,80.87000274658203
2010-03-04,,313.20001220703125,84.28009796142578,110.83000183105469,62.99770736694336,57.120452880859375,20.003053665161133,66.12006378173828,73.8684310913086,80.20999908447266
2010-03-05,,318.79998779296875,85.48477172851562,110.80999755859375,62.6989860534668,56.371028900146484,20.239776611328125,66.06460571289062,73.8684310913086,81.5
2010-03-08,,318.32000732421875,85.49971771240234,109.87999725341797,62.53217697143555,56.077545166015625,20.214412689208984,66.03302001953125,73.8684310913086,81.87000274658203
2010-03-09,,316.3999938964844,85.64186096191406,109.72000122070312,62.6920051574707,56.090003967285156,19.994598388671875,66.08045959472656,73.8684310913086,81.48999786376953
2010-03-10,,319.20001220703125,86.02344512939453,108.47000122070312,62.5877571105957,55.94636917114258,20.053781509399414,66.06460571289062,73.88452911376953,82.08999633789062
2010-03-11,,320.3999938964844,86.38261413574219,108.5999984741211,62.53217697143555,56.15245819091797,20.003053665161133,65.98546600341797,73.8684310913086,82.11000061035156
2010-03-12,,316.0799865722656,86.39009094238281,107.94999694824219,62.62944793701172,56.50220489501953,19.88469123840332,65.99335479736328,73.8684310913086,81.23999786376953
2010-03-15,,310.6400146484375,86.41255950927734,108.36000061035156,62.62944793701172,56.427223205566406,19.647972106933594,66.01715087890625,73.8684310913086,79.80000305175781
2010-03-16,,318.32000732421875,87.10091400146484,110.4000015258789,62.87260055541992,56.87687301635742,19.910057067871094,66.03302001953125,73.8684310913086,81.69999694824219
2010-03-17,,321.8399963378906,87.61715698242188,109.58999633789062,62.94908905029297,57.120452880859375,20.08759880065918,66.048828125,73.8684310913086,82.93000030517578
2010-03-18,,319.3599853515625,87.57228088378906,110.33999633789062,62.78230285644531,56.93308639526367,20.045326232910156,66.0092544555664,73.8684310913086,82.19999694824219
2010-03-19,,313.6000061035156,87.12902069091797,108.27999877929688,62.6989860534668,56.9892692565918,19.80014991760254,65.96172332763672,73.8684310913086,80.68000030517578
2010-03-22,,316.4800109863281,87.59483337402344,107.75,62.90738296508789,57.05173110961914,19.80014991760254,65.98546600341797,73.88452911376953,81.25
2010-03-23,,317.6000061035156,88.21089935302734,108.31999969482422,62.77534866333008,56.78318405151367,19.71560287475586,65.96172332763672,73.88452911376953,81.91000366210938
2010-03-24,,311.5199890136719,87.78265380859375,106.30000305175781,62.150047302246094,55.74652862548828,19.49578857421875,65.85887908935547,73.8684310913086,80.61000061035156
2010-03-25,,311.20001220703125,87.63987731933594,106.77999877929688,61.9207649230957,55.39061737060547,19.38588523864746,65.8825454711914,73.90062713623047,80.52999877929688
2010-03-26,,310.6400146484375,87.58731842041016,108.58999633789062,62.06672668457031,55.5467529296875,19.419700622558594,65.92218017578125,73.90062713623047,80.0
2010-03-29,,319.67999267578125,88.14327239990234,108.75,61.9763069152832,55.33444595336914,19.85932731628418,65.95382690429688,73.8684310913086,82.16999816894531
2010-03-30,,319.6000061035156,88.20338439941406,107.97000122070312,62.03889846801758,55.50932312011719,19.90160369873047,65.93791961669922,73.8684310913086,82.37000274658203
2010-03-31,,322.32000732421875,87.90284729003906,108.94999694824219,62.18476486206055,55.89017105102539,19.88469123840332,65.98546600341797,73.90062713623047,83.76000213623047
2010-04-01,,329.9200134277344,88.50389862060547,110.26000213623047,62.055877685546875,55.753543853759766,20.273595809936523,65.96170806884766,73.90062713623047,84.87000274658203
2010-04-05,,336.55999755859375,89.22515869140625,110.88999938964844,61.498443603515625,54.82590866088867,20.594860076904297,65.77949523925781,73.8684310913086,86.62000274658203
2010-04-06,,336.1600036621094,89.43553161621094,111.02999877929688,61.679588317871094,54.91365051269531,20.57794952392578,65.8270263671875,73.8684310913086,86.83999633789062
2010-04-07,,332.1600036621094,88.92462921142578,112.48999786376953,62.06290054321289,55.615638732910156,20.501859664916992,65.93000030517578,73.8684310913086,85.87999725341797
2010-04-08,,331.5199890136719,89.2326889038086,112.6500015258789,61.99317932128906,55.6407356262207,20.468046188354492,65.91416931152344,73.8684310913086,85.38999938964844
2010-04-09,,329.3599853515625,89.81867980957031,113.63999938964844,62.06290054321289,55.772335052490234,20.510318756103516,65.93000030517578,73.8684310913086,84.91999816894531
2010-04-12,,327.44000244140625,89.96141052246094,113.01000213623047,62.23006820678711,56.06697463989258,20.493406295776367,65.96170806884766,73.8684310913086,84.33999633789062
2010-04-13,,327.1199951171875,90.02906799316406,112.69000244140625,62.348514556884766,56.24873733520508,20.569494247436523,65.94590759277344,73.8684310913086,84.05000305175781
2010-04-14,,334.0799865722656,91.05085754394531,113.02999877929688,62.181297302246094,55.85383224487305,20.80621910095215,65.94590759277344,73.8684310913086,85.83999633789062
2010-04-15,,333.67999267578125,91.1259994506836,113.6500015258789,62.28583908081055,55.91650390625,20.882308959960938,65.99336242675781,73.8684310913086,85.51000213623047
2010-04-16,,324.79998779296875,89.67597961425781,111.23999786376953,62.66207504272461,56.3239631652832,20.501859664916992,66.09635925292969,73.8684310913086,83.23999786376953
2010-04-19,,320.8800048828125,90.01402282714844,111.1500015258789,62.508792877197266,56.18606185913086,20.239776611328125,66.03304290771484,73.88452911376953,81.44999694824219
2010-04-20,,322.3999938964844,90.81792449951172,111.45999908447266,62.53664016723633,56.38661575317383,20.400409698486328,66.04090881347656,73.8684310913086,83.44999694824219
2010-04-21,,322.1600036621094,90.65264892578125,112.30999755859375,62.73870086669922,56.85049057006836,20.501859664916992,66.04887390136719,73.8684310913086,83.68000030517578
2010-04-22,,322.3999938964844,90.92311096191406,111.83999633789062,62.5924072265625,56.68119430541992,20.552589416503906,66.00128173828125,73.8684310913086,83.69999694824219
2010-04-23,,327.6000061035156,91.51663208007812,113.19000244140625,62.418209075927734,56.48064422607422,20.687856674194336,65.9775390625,73.8684310913086,85.12000274658203
2010-04-26,,322.79998779296875,91.17105102539062,112.75,62.46001434326172,56.543312072753906,20.586406707763672,65.9775390625,73.88452911376953,84.19999694824219
2010-04-27,,314.9599914550781,89.01480102539062,114.62999725341797,63.04531478881836,57.33937072753906,20.273595809936523,66.10430908203125,73.8684310913086,82.44000244140625
2010-04-28,,319.760009765625,89.69096374511719,114.30999755859375,62.72480392456055,56.85049057006836,20.34122657775879,66.08853912353516,73.88452911376953,83.22000122070312
2010-04-29,,328.32000732421875,90.80291748046875,114.27999877929688,62.82931137084961,57.088619232177734,20.501859664916992,66.10430908203125,73.88452911376953,85.16999816894531
2010-04-30,,330.6400146484375,89.2627182006836,115.36000061035156,63.21255111694336,57.746734619140625,20.66249656677246,66.18352508544922,73.8684310913086,86.1500015258789
2010-05-03,,331.67999267578125,90.41972351074219,115.7300033569336,63.04690170288086,57.67128372192383,20.763946533203125,66.11852264404297,73.88452911376953,86.19000244140625
2010-05-04,,317.6000061035156,88.29354095458984,114.87000274658203,63.47327423095703,58.709083557128906,20.205957412719727,66.15816497802734,73.8684310913086,82.73999786376953
2010-05-05,,306.4800109863281,87.7676010131836,115.08999633789062,63.717796325683594,59.0550537109375,19.74942398071289,66.2453842163086,73.88452911376953,79.97000122070312
2010-05-06,,295.67999267578125,84.85257720947266,118.48999786376953,64.41671752929688,60.87908172607422,19.360519409179688,66.38811492919922,73.90062713623047,77.11000061035156
2010-05-07,,290.4800109863281,83.59037017822266,118.2699966430664,64.24200439453125,60.11800003051758,19.259069442749023,66.36437225341797,73.90062713623047,75.11000061035156
2010-05-10,,297.8399963378906,87.27175903320312,117.56999969482422,63.75278854370117,58.872623443603516,19.631061553955078,66.27715301513672,73.90062713623047,76.80000305175781
2010-05-11,,294.0799865722656,87.02384185791016,120.66000366210938,63.82967758178711,58.721702575683594,19.59724235534668,66.31671142578125,73.90062713623047,76.37000274658203
2010-05-12,,294.1600036621094,88.24093627929688,121.4000015258789,63.668888092041016,58.27509307861328,19.757877349853516,66.30093383789062,73.90062713623047,75.6500015258789
2010-05-13,,289.0400085449219,87.14404296875,120.55999755859375,63.84366989135742,58.65876007080078,19.588788986206055,66.34059143066406,73.88452911376953,74.4000015258789
2010-05-14,,278.4800109863281,85.5663070678711,120.37000274658203,64.25601196289062,59.67772674560547,19.089982986450195,66.42782592773438,73.90062713623047,71.61000061035156
2010-05-17,,271.0400085449219,85.61140441894531,119.36000061035156,64.11621856689453,59.45759201049805,18.54890251159668,66.40393829345703,73.90062713623047,70.08000183105469
2010-05-18,,267.760009765625,84.44689178466797,119.48999786376953,64.58446502685547,60.3696174621582,18.52353858947754,66.47541809082031,73.88452911376953,69.41000366210938
2010-05-19,,268.0799865722656,83.9660415649414,116.62999725341797,64.640380859375,60.570884704589844,18.354448318481445,66.44363403320312,73.90062713623047,69.87000274658203
2010-05-20,,257.6000061035156,80.79549407958984,115.83999633789062,65.26940155029297,61.84766387939453,17.974002838134766,66.52294158935547,73.90062713623047,68.01000213623047
2010-05-21,,258.1600036621094,81.97506713867188,115.22000122070312,65.30435180664062,61.910606384277344,18.15999984741211,66.47541809082031,73.90062713623047,70.04000091552734
2010-05-24,,257.3599853515625,80.92323303222656,116.83999633789062,65.30435180664062,61.69679260253906,18.143089294433594,66.46742248535156,73.90062713623047,70.20999908447266
2010-05-25,,254.8000030517578,81.00585174560547,117.36000061035156,65.5279541015625,61.998626708984375,17.999366760253906,66.45947265625,73.90062713623047,68.75
2010-05-26,,260.7200012207031,80.51750946044922,118.47000122070312,65.39521026611328,61.82255172729492,18.193817138671875,66.40393829345703,73.91674041748047,71.51000213623047
2010-05-27,,274.4800109863281,83.21473693847656,118.69000244140625,64.77313232421875,60.41992950439453,18.726442337036133,66.35640716552734,73.88452911376953,74.55000305175781
2010-05-28,,272.32000732421875,82.1703872680664,118.87999725341797,65.066650390625,60.696693420410156,18.56580924987793,66.4832763671875,73.90062713623047,73.97000122070312
2010-06-01,,265.44000244140625,80.78797912597656,119.91000366210938,65.15081787109375,61.12333297729492,18.219179153442383,66.48407745361328,73.90062713623047,72.58000183105469
2010-06-02,,270.32000732421875,82.89167022705078,119.77999877929688,64.7793960571289,60.54269790649414,18.438993453979492,66.43648529052734,73.91674041748047,72.86000061035156
2010-06-03,,274.0799865722656,83.1771469116211,117.95999908447266,64.68824768066406,60.10088348388672,18.540447235107422,66.42062377929688,73.88452911376953,74.61000061035156
2010-06-04,,261.44000244140625,80.25457763671875,119.19000244140625,65.58531188964844,61.716575622558594,17.96554946899414,66.57132720947266,73.91674041748047,71.51000213623047
2010-06-07,,260.7200012207031,79.25534057617188,121.48999786376953,65.85162353515625,62.18992614746094,17.999366760253906,66.54763793945312,73.90062713623047,71.44000244140625
2010-06-08,,265.5199890136719,80.10432434082031,121.0,65.64842224121094,61.880638122558594,18.143089294433594,66.5396728515625,73.91674041748047,71.98999786376953
2010-06-09,,271.6000061035156,79.67605590820312,120.55999755859375,65.6554183959961,61.81123733520508,18.22763442993164,66.54763793945312,73.91674041748047,74.37999725341797
2010-06-10,,278.1600036621094,82.00509643554688,118.97000122070312,65.04568481445312,60.70673370361328,18.53199005126953,66.46029663085938,73.91674041748047,75.4800033569336
2010-06-11,,273.8399963378906,82.40330505371094,120.01000213623047,65.45914459228516,61.476768493652344,18.557355880737305,66.5317153930664,73.91674041748047,73.77999877929688
2010-06-14,,274.6400146484375,82.27555847167969,119.5999984741211,65.40312957763672,61.16120910644531,18.60807991027832,66.54763793945312,73.88452911376953,75.12000274658203
2010-06-15,,281.8399963378906,84.14633178710938,120.98999786376953,65.19986724853516,60.90873718261719,18.9208927154541,66.51580810546875,73.88452911376953,76.94000244140625
2010-06-16,,283.9200134277344,84.11624145507812,120.33000183105469,65.38208770751953,61.255882263183594,18.963165283203125,66.5317153930664,73.88452911376953,77.66999816894531
2010-06-17,,281.1199951171875,84.25152587890625,121.9000015258789,65.69046783447266,61.754425048828125,18.971620559692383,66.57132720947266,73.88452911376953,76.79000091552734
2010-06-18,,283.2799987792969,84.3428726196289,122.83000183105469,65.55731201171875,61.653472900390625,18.937803268432617,66.57928466796875,73.90062713623047,77.18000030517578
2010-06-21,,282.6400146484375,84.10130310058594,120.38999938964844,65.50822448730469,61.476768493652344,18.861713409423828,66.58726501464844,73.88452911376953,77.81999969482422
2010-06-22,,280.0,82.71231079101562,121.44999694824219,65.90070343017578,62.20883560180664,18.819440841674805,66.6190185546875,73.90062713623047,77.20999908447266
2010-06-23,,273.9200134277344,82.45567321777344,120.94999694824219,66.14602661132812,62.6317024230957,18.506629943847656,66.6666488647461,73.90062713623047,76.3499984741211
2010-06-24,,275.1199951171875,81.08934020996094,121.30000305175781,66.08995819091797,62.25929260253906,18.54890251159668,66.6824951171875,73.90062713623047,76.51000213623047
2010-06-25,,285.2799987792969,81.42898559570312,122.76000213623047,66.19501495361328,62.51173782348633,18.88707733154297,66.70628356933594,73.90062713623047,78.86000061035156
2010-06-28,,281.67999267578125,81.17235565185547,121.08999633789062,66.6646728515625,63.09872055053711,18.684171676635742,66.7459487915039,73.90062713623047,78.25
2010-06-29,,273.3599853515625,78.66614532470703,121.2699966430664,66.95197296142578,63.786624908447266,18.168453216552734,66.77767181396484,73.90062713623047,75.94000244140625
2010-06-30,,271.67999267578125,77.91881561279297,121.68000030517578,67.05014038085938,64.21582794189453,18.236087799072266,66.76184844970703,73.91674041748047,75.62999725341797
2010-07-01,,262.9599914550781,77.57157135009766,117.04000091552734,67.02058410644531,64.31706237792969,17.957094192504883,66.74040222167969,73.90062713623047,72.94999694824219
2010-07-02,,260.79998779296875,77.14886474609375,118.48999786376953,66.901123046875,63.80428695678711,17.92327880859375,66.74040222167969,73.90062713623047,72.13999938964844
2010-07-06,,260.8800048828125,77.65460205078125,116.51000213623047,67.06275939941406,64.3297119140625,17.974002838134766,66.74040222167969,73.88452911376953,71.9800033569336
2010-07-07,,269.20001220703125,80.10043334960938,117.7300033569336,66.85193634033203,63.5764045715332,18.379812240600586,66.7324447631836,73.88452911376953,74.06999969482422
2010-07-08,,273.8399963378906,80.89306640625,117.20999908447266,66.69027709960938,63.17127227783203,18.54890251159668,66.74040222167969,73.90062713623047,75.44000244140625
2010-07-09,,274.7200012207031,81.49696350097656,118.36000061035156,66.51471710205078,62.81043243408203,18.582719802856445,66.716552734375,73.88452911376953,76.08999633789062
2010-07-12,,270.239990234375,81.5498046875,117.33999633789062,66.62705993652344,62.785099029541016,18.37135887145996,66.72455596923828,73.90062713623047,74.94999694824219
2010-07-13,,277.9200134277344,82.78025817871094,118.36000061035156,66.29683685302734,62.24701690673828,18.667264938354492,66.67683410644531,73.90062713623047,77.1500015258789
2010-07-14,,277.2799987792969,82.772705078125,118.30000305175781,66.62705993652344,62.873722076416016,18.633445739746094,66.74835968017578,73.90062713623047,77.04000091552734
2010-07-15,,276.6400146484375,82.79535675048828,118.2300033569336,66.97145080566406,63.50044631958008,18.810985565185547,66.76425170898438,73.90062713623047,76.62000274658203
2010-07-16,,273.2799987792969,80.5156478881836,116.66999816894531,67.35790252685547,63.810604095458984,18.574260711669922,66.82779693603516,73.90062713623047,76.01000213623047
2010-07-19,,275.67999267578125,80.99119567871094,115.7300033569336,67.18219757080078,63.41816329956055,18.557355880737305,66.80393981933594,73.88452911376953,76.54000091552734
2010-07-20,,278.55999755859375,81.88948822021484,116.6500015258789,67.25251007080078,63.51308822631836,18.709531784057617,66.82779693603516,73.88452911376953,77.44000244140625
2010-07-21,,273.6000061035156,80.8250961303711,115.8499984741211,67.68110656738281,64.58928680419922,18.658809661865234,66.85958099365234,73.88452911376953,76.55999755859375
2010-07-22,,283.3599853515625,82.62928771972656,116.86000061035156,67.30867767333984,63.84230041503906,19.030799865722656,66.83573913574219,73.88452911376953,79.30000305175781
2010-07-23,,283.1199951171875,83.3464126586914,116.08999633789062,67.09086608886719,63.164913177490234,18.971620559692383,66.80393981933594,73.90062713623047,78.9800033569336
2010-07-26,,282.79998779296875,84.21453094482422,115.5199966430664,67.06976318359375,63.05730056762695,18.954708099365234,66.78010559082031,73.8684310913086,78.9800033569336
2010-07-27,,277.3599853515625,84.20698547363281,113.51000213623047,66.83792877197266,62.44957733154297,18.751806259155273,66.74040222167969,73.8684310913086,77.5
2010-07-28,,274.8800048828125,83.66345977783203,113.77999877929688,67.12599182128906,62.65214538574219,18.827898025512695,66.80393981933594,73.88452911376953,76.98999786376953
2010-07-29,,280.4800109863281,83.25584411621094,114.29000091552734,67.26651763916016,62.633201599121094,19.098434448242188,66.85958099365234,73.8684310913086,78.36000061035156
2010-07-30,,282.7200012207031,83.24072265625,115.48999786376953,67.66000366210938,63.60807800292969,19.352066040039062,66.89130401611328,73.88452911376953,78.94999694824219
2010-08-02,,291.8399963378906,85.12039947509766,115.54000091552734,67.4507827758789,62.715126037597656,19.72406005859375,66.87621307373047,73.8684310913086,81.33999633789062
2010-08-03,,295.2799987792969,84.71272277832031,115.98999786376953,67.767822265625,63.07714080810547,19.791696548461914,66.92388153076172,73.8684310913086,82.55000305175781
2010-08-04,,295.20001220703125,85.27889251708984,116.72000122070312,67.48603820800781,62.5944938659668,19.960779190063477,66.86833190917969,73.8684310913086,82.47000122070312
2010-08-05,,293.67999267578125,85.18832397460938,116.9800033569336,67.81004333496094,62.886558532714844,19.86778450012207,66.94773864746094,73.8684310913086,82.01000213623047
2010-08-06,,289.6000061035156,84.84107971191406,117.83999633789062,68.25394439697266,63.57252883911133,19.690242767333984,66.96366119384766,73.8684310913086,80.69999694824219
2010-08-09,,292.239990234375,85.29402160644531,117.4000015258789,68.23985290527344,63.3375129699707,19.757877349853516,66.92388153076172,73.8684310913086,81.4800033569336
2010-08-10,,286.9599914550781,84.83354187011719,117.7300033569336,68.58504486083984,63.470916748046875,19.546520233154297,66.95574188232422,73.88452911376953,80.25
2010-08-11,,277.9200134277344,82.50849151611328,117.33999633789062,68.97257232666016,64.32191467285156,19.106889724731445,66.97166442871094,73.90062713623047,78.0199966430664
2010-08-12,,271.3599853515625,82.00272369384766,118.7699966430664,68.7964096069336,64.16313171386719,18.963165283203125,66.95574188232422,73.90062713623047,75.73999786376953
2010-08-13,,270.32000732421875,81.76117706298828,118.73999786376953,69.09232330322266,64.96331787109375,18.946256637573242,66.94773864746094,73.90062713623047,75.38999938964844
2010-08-16,,268.8800048828125,81.72340393066406,119.7300033569336,69.5925064086914,66.58921813964844,18.88707733154297,67.01141357421875,73.88452911376953,75.23999786376953
2010-08-17,,270.9599914550781,82.72740936279297,119.75,69.24024200439453,66.20807647705078,19.157617568969727,66.9954605102539,73.90062713623047,75.7699966430664
2010-08-18,,269.44000244140625,82.87837982177734,120.22000122070312,69.16990661621094,66.38591003417969,19.081527709960938,67.01141357421875,73.88452911376953,75.41999816894531
2010-08-19,,266.0,81.43656158447266,120.38999938964844,69.47982788085938,67.42111206054688,18.88707733154297,67.02725219726562,73.88452911376953,74.43000030517578
2010-08-20,,263.6000061035156,81.17235565185547,119.97000122070312,69.25433349609375,67.34493255615234,18.768714904785156,67.0033950805664,73.90062713623047,73.45999908447266
2010-08-23,,259.44000244140625,80.86286926269531,119.77999877929688,69.345947265625,67.35757446289062,18.64189910888672,67.01141357421875,73.88452911376953,73.0999984741211
2010-08-24,,254.16000366210938,79.66259002685547,120.36000061035156,69.89546966552734,68.43727111816406,18.430538177490234,67.05904388427734,73.88452911376953,71.62999725341797
2010-08-25,,258.9599914550781,79.97209167480469,121.36000061035156,69.57843780517578,68.2149887084961,18.52353858947754,66.9954605102539,73.90062713623047,72.5199966430664
2010-08-26,,260.9599914550781,79.4361343383789,120.95999908447266,69.89546966552734,68.85643768310547,18.73489761352539,66.9954605102539,73.88452911376953,73.36000061035156
2010-08-27,,268.55999755859375,80.66656494140625,121.01000213623047,69.09232330322266,66.90666961669922,19.056163787841797,66.94773864746094,73.88452911376953,75.16999816894531
2010-08-30,,264.1600036621094,79.49653625488281,120.91000366210938,69.62069702148438,68.18955993652344,19.02234649658203,67.02725219726562,73.90062713623047,74.69999694824219
2010-08-31,,255.36000061035156,79.49653625488281,122.08000183105469,69.93067169189453,68.9453353881836,18.768714904785156,67.05113220214844,73.88452911376953,71.91999816894531
2010-09-01,,263.6000061035156,81.87435913085938,121.69000244140625,69.42710876464844,67.51976776123047,19.140705108642578,67.01138305664062,73.88452911376953,73.91000366210938
2010-09-02,,267.1199951171875,82.63681030273438,122.29000091552734,69.13751220703125,66.806396484375,19.275978088378906,66.99542999267578,73.90062713623047,75.0199966430664
2010-09-03,,264.7200012207031,83.7087631225586,121.86000061035156,68.7420425415039,65.978271484375,19.377429962158203,66.96359252929688,73.90062713623047,74.5999984741211
2010-09-07,,262.1600036621094,82.76516723632812,122.69999694824219,69.2858657836914,67.3287124633789,19.478883743286133,67.03522491455078,73.88452911376953,74.08999633789062
2010-09-08,,265.1199951171875,83.3464126586914,122.70999908447266,69.09516906738281,66.79364013671875,19.521154403686523,66.98748779296875,73.88452911376953,74.66999816894531
2010-09-09,,263.1199951171875,83.73141479492188,121.55999755859375,68.55130004882812,65.47509765625,19.41124725341797,66.9159164428711,73.88452911376953,74.25
2010-09-10,,270.1600036621094,84.15415954589844,121.7300033569336,68.3535385131836,65.17572784423828,19.614152908325195,66.90795135498047,73.88452911376953,76.44999694824219
2010-09-13,,272.239990234375,85.09020233154297,121.62000274658203,68.67845916748047,65.49417877197266,19.757877349853516,66.96359252929688,73.88452911376953,77.19000244140625
2010-09-14,,271.1199951171875,85.03733825683594,124.0199966430664,69.02454376220703,66.12480926513672,19.81705665588379,67.01138305664062,73.90062713623047,76.80000305175781
2010-09-15,,267.9200134277344,85.36194610595703,123.94000244140625,68.7844009399414,65.14385986328125,19.783239364624023,67.02726745605469,73.90062713623047,76.0199966430664
2010-09-16,,263.8399963378906,85.33930969238281,124.62999725341797,68.54429626464844,64.50047302246094,19.681787490844727,67.04316711425781,73.90062713623047,74.56999969482422
2010-09-17,,261.20001220703125,85.37117004394531,124.54000091552734,68.69964599609375,64.76166534423828,19.74942398071289,67.05904388427734,73.88452911376953,73.66000366210938
2010-09-20,,265.760009765625,86.67649841308594,124.87000274658203,68.91157531738281,65.13748168945312,19.910057067871094,67.06703186035156,73.88452911376953,74.86000061035156
2010-09-21,,261.20001220703125,86.50196838378906,126.01000213623047,69.55420684814453,66.04197692871094,19.698694229125977,67.11479187011719,73.88452911376953,73.5199966430664
2010-09-22,,260.6400146484375,86.07697296142578,126.19999694824219,69.66020202636719,66.63440704345703,19.81705665588379,67.1068115234375,73.88452911376953,74.70999908447266
2010-09-23,,261.3599853515625,85.37875366210938,126.30000305175781,69.7590560913086,66.82549285888672,19.833967208862305,67.11479187011719,73.88452911376953,75.18000030517578
2010-09-24,,267.20001220703125,87.13945007324219,126.69000244140625,69.41300964355469,65.92733001708984,20.138322830200195,67.1068115234375,73.90062713623047,76.48999786376953
2010-09-27,,265.9200134277344,86.7220458984375,126.72000122070312,69.94976043701172,67.0738754272461,20.003053665161133,67.12275695800781,73.90062713623047,76.5199966430664
2010-09-28,,265.5199890136719,87.02564239501953,127.8499984741211,70.18284606933594,67.53250122070312,20.003053665161133,67.1386947631836,73.88452911376953,76.18000030517578
2010-09-29,,271.5199890136719,86.87382507324219,127.94999694824219,70.01334381103516,67.25227355957031,20.265138626098633,67.12275695800781,73.88452911376953,77.86000061035156
2010-09-30,,278.7200012207031,86.61582946777344,127.91000366210938,69.92858123779297,67.20767211914062,20.383499145507812,67.13067626953125,73.88452911376953,79.97000122070312
2010-10-01,,285.0400085449219,86.98011016845703,128.91000366210938,69.96607208251953,66.88290405273438,20.42577362060547,67.14262390136719,73.88452911376953,81.58000183105469
2010-10-04,,284.7200012207031,86.32742309570312,128.4600067138672,70.21390533447266,67.05550384521484,20.358137130737305,67.1506118774414,73.90062713623047,81.47000122070312
2010-10-05,,288.7200012207031,88.06534576416016,130.99000549316406,70.22802734375,66.65270233154297,20.772403717041016,67.18244934082031,73.88452911376953,82.81999969482422
2010-10-06,,290.239990234375,88.0577392578125,131.80999755859375,70.68109893798828,67.49029541015625,20.780855178833008,67.1904067993164,73.88452911376953,83.2300033569336
2010-10-07,,283.67999267578125,87.95150756835938,130.3699951171875,70.75192260742188,66.92767333984375,20.569494247436523,67.24617004394531,73.88452911376953,81.66999816894531
2010-10-08,,289.20001220703125,88.44482421875,131.66000366210938,70.7802505493164,66.63347625732422,21.254302978515625,67.24617004394531,73.88452911376953,82.66000366210938
2010-10-11,,284.79998779296875,88.52830505371094,132.2899932861328,70.85104370117188,66.64630889892578,21.152849197387695,67.25408935546875,73.88452911376953,82.20999908447266
2010-10-12,,285.20001220703125,88.80149841308594,131.9600067138672,70.64572143554688,65.98775482177734,21.254302978515625,67.206298828125,73.88452911376953,81.66999816894531
2010-10-13,,289.2799987792969,89.49211883544922,134.07000732421875,70.64572143554688,65.88548278808594,21.355754852294922,67.21429443359375,73.88452911376953,83.01000213623047
2010-10-14,,288.0,89.14298248291016,134.75,70.2421646118164,64.90087127685547,21.32193374633789,67.18244934082031,73.90062713623047,82.69000244140625
2010-10-15,,283.760009765625,89.32514953613281,133.67999267578125,69.93781280517578,64.10806274414062,21.085214614868164,67.206298828125,73.88452911376953,81.25
2010-10-18,,290.239990234375,89.76533508300781,134.27999877929688,70.2705307006836,64.6259765625,21.29657554626465,67.22227478027344,73.90062713623047,83.08000183105469
2010-10-19,,276.9599914550781,88.58900451660156,130.11000061035156,70.51121520996094,65.01595306396484,20.670949935913086,67.25408935546875,73.88452911376953,79.48999786376953
2010-10-20,,284.7200012207031,89.45419311523438,131.32000732421875,70.46871185302734,65.15662384033203,21.161304473876953,67.2620620727539,73.88452911376953,81.7699966430664
2010-10-21,,278.79998779296875,89.65150451660156,129.47000122070312,70.07939910888672,64.38301849365234,20.89921760559082,67.2700424194336,73.88452911376953,80.55999755859375
2010-10-22,,283.9200134277344,89.81845092773438,129.72999572753906,70.10060119628906,64.81778717041016,21.07676124572754,67.25408935546875,73.90062713623047,81.69000244140625
2010-10-25,,284.55999755859375,90.08406829833984,130.85000610351562,70.07939910888672,65.0031509399414,21.18666648864746,67.2700424194336,73.88452911376953,82.5199966430664
2010-10-26,,285.44000244140625,90.09927368164062,130.8800048828125,69.61216735839844,63.999366760253906,21.29657554626465,67.206298828125,73.90062713623047,82.55000305175781
2010-10-27,,283.3599853515625,89.84124755859375,129.52000427246094,69.2085952758789,63.43678665161133,21.22893714904785,67.17452239990234,73.90062713623047,81.94000244140625
2010-10-28,,283.1199951171875,89.85641479492188,131.24000549316406,69.61216735839844,63.60936737060547,21.33884620666504,67.2620620727539,73.88452911376953,82.18000030517578
2010-10-29,,281.3599853515625,89.92471313476562,132.6199951171875,69.92362976074219,64.20399475097656,21.288118362426758,67.27799987792969,73.90062713623047,81.43000030517578
2010-11-01,,286.4800109863281,89.95507049560547,131.9199981689453,69.8065414428711,63.927490234375,21.42338752746582,67.30751037597656,73.90062713623047,82.94999694824219
2010-11-02,,290.1600036621094,90.66847229003906,132.49000549316406,70.04071807861328,64.76775360107422,21.617839813232422,67.26763916015625,73.8684310913086,83.9000015258789
2010-11-03,,293.9200134277344,91.03275299072266,131.57000732421875,70.26775360107422,63.44651794433594,21.71929359436035,67.29155731201172,73.88452911376953,84.69000244140625
2010-11-04,,299.9200134277344,92.78584289550781,136.02999877929688,70.83550262451172,63.94040298461914,22.235008239746094,67.30751037597656,73.88452911376953,86.48999786376953
2010-11-05,,301.20001220703125,93.13497924804688,136.3800048828125,70.5374755859375,62.84363555908203,22.328006744384766,67.25166320800781,73.88452911376953,86.8499984741211
2010-11-08,,300.239990234375,92.96038055419922,137.77999877929688,70.55876922607422,63.12582778930664,22.38718605041504,67.21980285644531,73.88452911376953,87.05999755859375
2010-11-09,,296.3999938964844,92.29254150390625,135.58999633789062,69.9626693725586,61.734012603759766,22.235008239746094,67.1321792602539,73.88452911376953,86.72000122070312
2010-11-10,,304.32000732421875,92.6644287109375,137.24000549316406,70.2252197265625,61.81735610961914,22.471731185913086,67.17203521728516,73.88452911376953,87.80999755859375
2010-11-11,,302.7200012207031,92.3152847290039,137.66000366210938,70.14716339111328,61.785301208496094,22.285734176635742,67.06842803955078,73.8684310913086,87.80999755859375
2010-11-12,,291.760009765625,91.22246551513672,133.69000244140625,69.5652847290039,61.4517707824707,21.355754852294922,67.06842803955078,73.90062713623047,84.87999725341797
2010-11-15,,292.0,91.09346008300781,132.4199981689453,68.6711654663086,60.16899490356445,21.389570236206055,67.02859497070312,73.90062713623047,84.86000061035156
2010-11-16,,283.6000061035156,89.67428588867188,130.97000122070312,69.18207550048828,61.66343688964844,20.7554931640625,67.06047058105469,73.90062713623047,82.33999633789062
2010-11-17,,277.8399963378906,89.71977996826172,130.3800048828125,68.98328399658203,61.32347106933594,20.594860076904297,67.10035705566406,73.90062713623047,80.44000244140625
2010-11-18,,284.0,91.04033660888672,132.08999633789062,68.82014465332031,61.57363510131836,21.152849197387695,67.1081771850586,73.88452911376953,81.8499984741211
2010-11-19,,281.760009765625,91.2907485961914,132.1999969482422,68.9620590209961,61.952064514160156,20.84848976135254,67.06842803955078,73.88452911376953,81.51000213623047
2010-11-22,,280.3999938964844,91.21488189697266,133.47999572753906,69.33106231689453,62.215065002441406,20.916128158569336,67.1321792602539,73.88452911376953,81.73999786376953
2010-11-23,,279.6000061035156,89.89435577392578,134.41000366210938,69.47297668457031,62.52293014526367,20.865400314331055,67.17203521728516,73.88452911376953,81.25
2010-11-24,,288.6400146484375,91.22246551513672,134.17999267578125,68.7279052734375,61.40683364868164,21.254302978515625,67.05245971679688,73.90062713623047,83.86000061035156
2010-11-26,,287.760009765625,90.15998840332031,133.11000061035156,69.02593231201172,62.259883880615234,21.355754852294922,67.10035705566406,73.90062713623047,83.76000213623047
2010-11-29,,294.239990234375,90.43318939208984,133.50999450683594,69.1749267578125,62.792266845703125,21.398027420043945,67.09228515625,73.90062713623047,85.7300033569336
2010-11-30,,288.32000732421875,89.92471313476562,135.4199981689453,69.29557037353516,63.11939239501953,21.195117950439453,67.14014434814453,73.90062713623047,84.11000061035156
2010-12-01,,297.6000061035156,91.83719635009766,135.3800048828125,68.38434600830078,61.716304779052734,21.820743560791016,67.03965759277344,73.88452911376953,86.75
2010-12-02,,302.1600036621094,93.01351165771484,135.1999969482422,68.21359252929688,61.5554313659668,22.006742477416992,67.03965759277344,73.88452911376953,88.0
2010-12-03,,306.4800109863281,93.26396942138672,138.07000732421875,68.22066497802734,61.072662353515625,22.285734176635742,67.12738800048828,73.90062713623047,89.19000244140625
2010-12-06,,305.760009765625,93.16531372070312,139.11000061035156,68.64753723144531,61.93510437011719,22.260374069213867,67.1672592163086,73.88452911376953,89.37999725341797
2010-12-07,,302.3999938964844,93.21842956542969,136.5,67.50932312011719,60.609275817871094,22.108190536499023,67.04764556884766,73.88452911376953,88.69000244140625
2010-12-08,,303.67999267578125,93.55992889404297,134.7899932861328,66.93312072753906,60.02357864379883,22.277280807495117,66.94395446777344,73.88452911376953,88.27999877929688
2010-12-09,,303.5199890136719,93.9242172241211,135.3699951171875,67.07540893554688,60.31965255737305,22.218101501464844,66.93594360351562,73.90062713623047,88.37000274658203
2010-12-10,,301.2799987792969,94.47063446044922,135.41000366210938,66.50628662109375,59.95277404785156,22.184282302856445,66.91204833984375,73.90062713623047,87.79000091552734
2010-12-13,,303.1199951171875,94.53138732910156,136.0500030517578,66.71971893310547,60.17802429199219,22.404098510742188,66.9519271850586,73.90062713623047,88.61000061035156
2010-12-14,,303.20001220703125,94.61485290527344,136.17999267578125,66.01544952392578,59.30278015136719,22.34491539001465,66.92005920410156,73.90062713623047,88.27999877929688
2010-12-15,,303.9200134277344,94.1822280883789,134.6999969482422,65.74515533447266,58.5304069519043,22.285734176635742,66.8960952758789,73.88452911376953,88.62000274658203
2010-12-16,,302.1600036621094,94.72869110107422,133.80999755859375,66.13639068603516,58.93586730957031,22.209644317626953,66.91204833984375,73.88452911376953,87.69999694824219
2010-12-17,,302.4800109863281,94.83015441894531,134.1999969482422,66.70549774169922,60.01069259643555,22.378732681274414,66.9678955078125,73.90062713623047,88.0199966430664
2010-12-20,,304.3999938964844,95.05903625488281,135.11000061035156,66.6983413696289,59.94640350341797,22.58163833618164,66.98381805419922,73.90062713623047,88.80999755859375
2010-12-21,,306.32000732421875,95.6617431640625,135.32000732421875,66.84069061279297,60.364742279052734,22.72536277770996,66.9678955078125,73.90062713623047,89.81999969482422
2010-12-22,,309.1199951171875,95.95928192138672,135.0500030517578,66.65572357177734,59.933467864990234,22.84372329711914,66.9519271850586,73.88452911376953,90.4800033569336
2010-12-23,,311.8399963378906,95.82195281982422,134.66000366210938,66.42098236083984,59.811180114746094,22.928268432617188,66.86419677734375,73.88452911376953,91.51000213623047
2010-12-27,,309.67999267578125,95.8601303100586,135.02000427246094,66.67704010009766,60.34544372558594,22.885995864868164,66.90409088134766,73.88452911376953,91.0
2010-12-28,,311.2799987792969,95.99739837646484,137.22000122070312,65.97661590576172,59.1635856628418,23.131174087524414,66.81468963623047,73.90062713623047,91.48999786376953
2010-12-29,,310.55999755859375,96.06610107421875,137.7100067138672,66.7183609008789,60.16459274291992,23.13962745666504,66.97428894042969,73.88452911376953,91.12000274658203
2010-12-30,,304.9599914550781,95.91350555419922,137.02999877929688,66.58285522460938,60.11935043334961,22.86063575744629,66.9503402709961,73.90062713623047,89.83999633789062
2010-12-31,,312.0,95.93637084960938,138.72000122070312,66.91814422607422,60.78458023071289,23.291805267333984,67.03019714355469,73.88452911376953,91.37999725341797
2011-01-03,,312.3999938964844,96.92821502685547,138.0,66.7112808227539,60.32602310180664,23.393259048461914,67.01422119140625,73.90062713623047,91.55000305175781
2011-01-04,,304.6400146484375,96.87476348876953,134.75,66.86819458007812,60.397056579589844,23.0804443359375,66.99828338623047,73.90062713623047,89.37999725341797
2011-01-05,,308.1600036621094,97.3782958984375,134.3699951171875,66.14776611328125,59.06666946411133,23.325624465942383,66.87850952148438,73.90062713623047,90.30000305175781
2011-01-06,,301.44000244140625,97.18759155273438,133.8300018310547,66.49014282226562,59.32501220703125,23.0128116607666,66.9503402709961,73.90062713623047,88.37999725341797
2011-01-07,,301.3599853515625,96.9968490600586,133.5800018310547,66.932373046875,59.641448974609375,22.928268432617188,67.04621124267578,73.88452911376953,88.02999877929688
2011-01-10,,305.3599853515625,96.87476348876953,134.1199951171875,67.16065979003906,59.9643669128418,23.198808670043945,67.07805633544922,73.90062713623047,89.25
2011-01-11,,311.0400085449219,97.21809387207031,134.91000366210938,66.89675903320312,59.62849426269531,23.460891723632812,67.03813934326172,73.90062713623047,91.11000061035156
2011-01-12,,311.9200134277344,98.09541320800781,135.4600067138672,66.70413970947266,59.1635856628418,23.61307144165039,67.03813934326172,73.88452911376953,91.86000061035156
2011-01-13,,309.20001220703125,97.93522644042969,134.0500030517578,67.15345764160156,59.693172454833984,23.579254150390625,67.0621337890625,73.88452911376953,91.4000015258789
2011-01-14,,311.3599853515625,98.64474487304688,132.69000244140625,66.96806335449219,59.31208038330078,23.689163208007812,67.0621337890625,73.88452911376953,91.54000091552734
2011-01-18,,309.8399963378906,98.81257629394531,133.42999267578125,66.80397033691406,59.03438949584961,23.663799285888672,67.04621124267578,73.88452911376953,91.37999725341797
2011-01-19,,308.32000732421875,97.84365844726562,133.72000122070312,66.97514343261719,59.46062088012695,23.6384334564209,67.07805633544922,73.90062713623047,90.86000061035156
2011-01-20,,300.55999755859375,97.71398162841797,131.1999969482422,66.45449829101562,58.640464782714844,23.401714324951172,67.00625610351562,73.90062713623047,88.86000061035156
2011-01-21,,300.0799865722656,97.93522644042969,131.02999877929688,66.67562866210938,59.10541915893555,23.6384334564209,67.0222396850586,73.88452911376953,89.11000061035156
2011-01-24,,295.44000244140625,98.49214172363281,130.36000061035156,66.68276977539062,59.13127136230469,23.435529708862305,67.01422119140625,73.88452911376953,87.87000274658203
2011-01-25,,290.1600036621094,98.54559326171875,130.10000610351562,67.0179443359375,59.693172454833984,23.13962745666504,67.0621337890625,73.90062713623047,86.19000244140625
2011-01-26,,294.79998779296875,98.92698669433594,131.16000366210938,66.61141967773438,58.78899383544922,23.655344009399414,67.04621124267578,73.88452911376953,87.33000183105469
2011-01-27,,287.5199890136719,99.17115783691406,127.93000030517578,66.86104583740234,59.05376434326172,23.452436447143555,67.09404754638672,73.90062713623047,85.63999938964844
2011-01-28,,300.6400146484375,97.43932342529297,130.27999877929688,67.1677474975586,59.36376953125,23.748342514038086,67.12599182128906,73.88452911376953,89.33999633789062
2011-01-31,,308.8800048828125,98.17169952392578,129.8699951171875,66.90383911132812,58.91166687011719,24.12033462524414,67.11798095703125,73.88452911376953,92.19000244140625
2011-02-01,,304.55999755859375,99.74332427978516,130.8000030517578,66.59276580810547,58.62002182006836,24.29787826538086,67.04444885253906,73.88452911376953,90.7699966430664
2011-02-02,,305.44000244140625,99.55259704589844,130.4499969482422,66.43553161621094,58.63302993774414,24.534597396850586,67.00452423095703,73.88452911376953,90.86000061035156
2011-02-03,,304.7200012207031,99.77383422851562,132.1999969482422,66.05650329589844,58.14687728881836,24.373966217041016,66.94062042236328,73.88452911376953,90.54000091552734
2011-02-04,,298.7200012207031,100.05612182617188,131.66000366210938,65.6489486694336,57.55717086791992,24.23869514465332,66.88469696044922,73.90062713623047,89.02999877929688
2011-02-07,,293.2799987792969,100.68169403076172,131.67999267578125,65.6203384399414,57.855316162109375,24.171062469482422,66.85284423828125,73.88452911376953,87.4800033569336
2011-02-08,,293.1199951171875,101.13943481445312,133.13999938964844,65.1697998046875,57.32386016845703,24.331695556640625,66.7649154663086,73.88452911376953,86.94000244140625
2011-02-09,,292.0,100.91058349609375,133.07000732421875,65.54169464111328,57.822914123535156,24.450054168701172,66.81285858154297,73.90062713623047,86.70999908447266
2011-02-10,,292.32000732421875,100.94873046875,132.85000610351562,65.32717895507812,57.155330657958984,24.306331634521484,66.78086853027344,73.88452911376953,86.7300033569336
2011-02-11,,288.3999938964844,101.55142211914062,132.32000732421875,65.62747955322266,57.97840118408203,24.22178840637207,66.78086853027344,73.88452911376953,85.58000183105469
2011-02-14,,287.0400085449219,101.79559326171875,132.9499969482422,65.6489486694336,58.017330169677734,24.340147018432617,66.78086853027344,73.88452911376953,84.80999755859375
2011-02-15,,283.1199951171875,101.4751205444336,133.97000122070312,65.79907989501953,58.27652359008789,24.0273380279541,66.81285858154297,73.90062713623047,84.31999969482422
2011-02-16,,284.239990234375,102.11599731445312,134.10000610351562,65.70613098144531,58.08858871459961,24.204877853393555,66.80485534667969,73.90062713623047,84.98999786376953
2011-02-17,,288.4800109863281,102.421142578125,135.0399932861328,65.94924926757812,58.17936706542969,24.280967712402344,66.88469696044922,73.90062713623047,86.36000061035156
2011-02-18,,290.8800048828125,102.63475036621094,135.41000366210938,65.93495178222656,57.99789047241211,24.255605697631836,66.90868377685547,73.88452911376953,86.19999694824219
2011-02-22,,307.9200134277344,100.57488250732422,136.2899932861328,66.57132720947266,58.86631393432617,24.22178840637207,66.9805908203125,73.88452911376953,93.56999969482422
2011-02-23,,318.3999938964844,99.9569320678711,137.50999450683594,66.40690612792969,59.08015441894531,24.762868881225586,66.96463775634766,73.90062713623047,98.0999984741211
2011-02-24,,311.760009765625,99.88829040527344,136.47999572753906,66.57850646972656,59.4560432434082,24.543054580688477,66.99653625488281,73.90062713623047,97.27999877929688
2011-02-25,,317.44000244140625,100.95633697509766,137.3800048828125,66.79302215576172,59.8060302734375,25.08413314819336,67.01253509521484,73.90062713623047,97.87999725341797
2011-02-28,,313.5199890136719,101.58193969726562,137.66000366210938,66.76439666748047,59.88385772705078,25.126405715942383,67.03646087646484,73.88452911376953,96.97000122070312
2011-03-01,,323.8399963378906,99.88829040527344,140.02999877929688,66.84034729003906,60.05742263793945,25.506851196289062,67.07720184326172,73.88452911376953,99.62999725341797
2011-03-02,,331.1199951171875,100.10191345214844,139.9199981689453,66.48916625976562,59.13416290283203,25.608306884765625,67.04524230957031,73.90062713623047,102.2300033569336
2011-03-03,,329.44000244140625,101.82606506347656,138.08999633789062,66.03760528564453,58.55550765991211,25.599849700927734,66.90934753417969,73.88452911376953,101.91000366210938
2011-03-04,,338.6400146484375,101.06314086914062,139.35000610351562,66.51066589355469,59.043148040771484,25.726665496826172,67.0613021850586,73.90062713623047,104.41999816894531
2011-03-07,,338.9599914550781,100.26974487304688,139.72000122070312,66.3458480834961,58.66608428955078,25.608306884765625,67.0133285522461,73.88452911376953,105.44000244140625
2011-03-08,,338.4800109863281,101.14707946777344,139.36000061035156,66.18815612792969,58.30842208862305,25.388490676879883,66.9892578125,73.88452911376953,105.0199966430664
2011-03-09,,336.3999938964844,101.00215911865234,139.41000366210938,66.57522583007812,58.87409591674805,25.48994255065918,67.0372543334961,73.88452911376953,104.37999725341797
2011-03-10,,331.20001220703125,99.13302612304688,137.77000427246094,67.14142608642578,59.86231994628906,25.075679779052734,67.10926055908203,73.88452911376953,102.69999694824219
2011-03-11,,325.5199890136719,99.81961059570312,138.22000122070312,66.98368835449219,59.524295806884766,24.931957244873047,67.11725616455078,73.90062713623047,101.16000366210938
2011-03-14,,327.2799987792969,99.2169189453125,138.86000061035156,67.13421630859375,59.49824905395508,24.999588012695312,67.15718841552734,73.90062713623047,101.19000244140625
2011-03-15,,315.1199951171875,98.08014678955078,136.27000427246094,67.3779067993164,60.38906478881836,24.086517333984375,67.12529754638672,73.91674041748047,97.18000030517578
2011-03-16,,317.44000244140625,96.26446533203125,136.24000549316406,67.95124816894531,61.071712493896484,24.230241775512695,67.24512481689453,73.91674041748047,97.9800033569336
2011-03-17,,325.5199890136719,97.53850555419922,136.97000122070312,67.74345397949219,60.60360336303711,24.98267936706543,67.21314239501953,73.91674041748047,101.41999816894531
2011-03-18,,327.760009765625,97.89325714111328,138.3699951171875,67.7004165649414,60.76606369018555,25.126405715942383,67.18120574951172,73.91674041748047,101.06999969482422
2011-03-21,,329.0400085449219,99.41036224365234,139.13999938964844,67.34928131103516,60.40850067138672,25.244766235351562,67.10926055908203,73.91674041748047,102.33000183105469
2011-03-22,,335.44000244140625,99.06561279296875,139.0500030517578,67.38506317138672,60.61008834838867,25.430763244628906,67.09326171875,73.88452911376953,104.0
2011-03-23,,336.8800048828125,99.34910583496094,140.33999633789062,67.29905700683594,60.53207778930664,25.481489181518555,67.10128021240234,73.90062713623047,105.75
2011-03-24,,336.3999938964844,100.29922485351562,139.22000122070312,66.95511627197266,60.076969146728516,25.56603240966797,67.05327606201172,73.88452911376953,105.5999984741211
2011-03-25,,337.44000244140625,100.60572052001953,139.25999450683594,66.77588653564453,59.927406311035156,25.633668899536133,67.00535583496094,73.88452911376953,105.4000015258789
2011-03-28,,331.3599853515625,100.3604965209961,138.5399932861328,66.79734802246094,60.01194381713867,25.28704071044922,66.97332000732422,73.90062713623047,103.9800033569336
2011-03-29,,334.6400146484375,101.0348129272461,138.2100067138672,66.60389709472656,59.55031967163086,25.430763244628906,66.9493637084961,73.88452911376953,104.79000091552734
2011-03-30,,333.2799987792969,101.73209381103516,138.6699981689453,66.83322143554688,60.02495193481445,25.396947860717773,66.9892578125,73.90062713623047,104.2699966430664
2011-03-31,,340.79998779296875,101.5941390991211,139.86000061035156,66.66122436523438,59.90138244628906,25.79430389404297,66.9493637084961,73.88452911376953,106.72000122070312
2011-04-01,,345.3599853515625,102.02324676513672,139.1999969482422,66.8034896850586,60.192588806152344,25.971843719482422,67.00299072265625,73.88452911376953,107.94000244140625
2011-04-04,,346.0799865722656,102.10748291015625,139.83999633789062,66.95442962646484,60.257904052734375,26.20856475830078,67.01899719238281,73.88452911376953,108.47000122070312
2011-04-05,,344.79998779296875,102.09219360351562,142.0500030517578,66.61665344238281,60.01628875732422,26.233928680419922,66.94697570800781,73.88452911376953,108.33999633789062
2011-04-06,,346.9599914550781,102.41404724121094,142.3800048828125,66.32918548583984,59.115272521972656,26.310016632080078,66.94697570800781,73.88452911376953,108.83000183105469
2011-04-07,,351.9200134277344,102.15351867675781,142.50999450683594,66.33636474609375,58.99776077270508,26.360746383666992,66.9949951171875,73.90062713623047,110.30000305175781
2011-04-08,,361.20001220703125,101.80104064941406,143.66000366210938,66.1423568725586,58.68431091308594,26.98636817932129,66.97093963623047,73.88452911376953,112.79000091552734
2011-04-11,,349.1199951171875,101.49456024169922,142.63999938964844,66.22863006591797,58.7365608215332,26.487558364868164,66.96295928955078,73.88452911376953,109.91999816894531
2011-04-12,,338.3999938964844,100.73595428466797,141.61000061035156,66.602294921875,59.369895935058594,25.94647979736328,67.07494354248047,73.90062713623047,106.25
2011-04-13,,342.0,100.72830200195312,141.89999389648438,66.86096954345703,59.7420768737793,26.149385452270508,67.10697937011719,73.90062713623047,107.11000061035156
2011-04-14,,346.239990234375,100.80493927001953,143.80999755859375,66.63819122314453,59.69635772705078,26.21702003479004,67.04293823242188,73.88452911376953,108.11000061035156
2011-04-15,,349.67999267578125,101.17271423339844,145.0500030517578,67.12689971923828,60.5059814453125,26.3522891998291,67.17098999023438,73.90062713623047,109.66000366210938
2011-04-18,,343.0400085449219,100.0386962890625,145.92999267578125,67.29217529296875,60.64311218261719,26.1916561126709,67.18701934814453,73.88452911376953,107.12000274658203
2011-04-19,,343.6000061035156,100.61337280273438,145.92999267578125,67.37834930419922,60.90428924560547,26.200111389160156,67.20307159423828,73.88452911376953,108.1500015258789
2011-04-20,,353.760009765625,101.98490142822266,146.5,67.1125259399414,60.51251983642578,26.614376068115234,67.1949462890625,73.88452911376953,111.44999694824219
2011-04-21,,356.55999755859375,102.50598907470703,146.74000549316406,67.1628189086914,60.46024703979492,26.80882453918457,67.17902374267578,73.88452911376953,112.29000091552734
2011-04-25,,356.239990234375,102.39868927001953,146.8699951171875,67.39994049072266,60.68878173828125,26.732738494873047,67.18701934814453,73.88452911376953,112.27999877929688
2011-04-26,,355.8399963378906,103.27985382080078,146.3800048828125,67.68738555908203,61.27642059326172,26.72428321838379,67.25101470947266,73.88452911376953,112.20999908447266
2011-04-27,,360.1600036621094,103.95415496826172,149.1999969482422,67.49335479736328,60.64961242675781,26.88491439819336,67.2750015258789,73.88452911376953,112.76000213623047
2011-04-28,,358.6400146484375,104.2912826538086,149.82000732421875,67.75210571289062,61.113189697265625,26.69046401977539,67.2750015258789,73.88452911376953,112.86000061035156
2011-04-29,,361.20001220703125,104.53644561767578,152.3699951171875,67.88861846923828,61.302555084228516,26.969457626342773,67.30697631835938,73.88452911376953,113.93000030517578
2011-05-02,,359.44000244140625,104.37557220458984,150.41000366210938,67.86768341064453,61.40088653564453,26.698917388916016,67.29576110839844,73.88452911376953,113.5199966430664
2011-05-03,,352.6400146484375,104.00009155273438,149.8800048828125,68.04783630371094,61.74844741821289,26.419925689697266,67.31983947753906,73.88452911376953,111.05000305175781
2011-05-04,,346.0799865722656,103.31047821044922,147.72999572753906,68.22071838378906,62.023826599121094,25.99720573425293,67.35181427001953,73.91674041748047,109.23999786376953
2011-05-05,,314.55999755859375,102.3757095336914,143.47000122070312,68.55938720703125,62.613948822021484,24.255605697631836,67.36780548095703,73.91674041748047,99.80000305175781
2011-05-06,,310.9599914550781,102.82778930664062,145.3000030517578,68.59539794921875,62.338539123535156,24.17951774597168,67.3758316040039,73.91674041748047,97.18000030517578
2011-05-09,,326.9599914550781,103.22618865966797,147.3800048828125,68.69627380371094,62.27306365966797,25.067222595214844,67.40787506103516,73.91674041748047,102.55000305175781
2011-05-10,,328.6400146484375,104.1073989868164,147.89999389648438,68.36480712890625,61.82712173461914,25.295495986938477,67.34381103515625,73.91674041748047,103.87999725341797
2011-05-11,,314.79998779296875,103.01166534423828,146.5399932861328,68.60980987548828,62.18121337890625,24.48387336730957,67.40787506103516,73.91674041748047,98.20999908447266
2011-05-12,,314.239990234375,103.50204467773438,146.58999633789062,68.45845031738281,61.78773498535156,24.50923728942871,67.3758316040039,73.91674041748047,98.97000122070312
2011-05-13,,315.5199890136719,102.7051773071289,145.6300048828125,68.7250747680664,62.34511947631836,24.551509857177734,67.40787506103516,73.90062713623047,99.6500015258789
2011-05-16,,308.0799865722656,102.05387878417969,145.3699951171875,68.89075469970703,62.69265365600586,24.230241775512695,67.4399185180664,73.90062713623047,97.37000274658203
2011-05-17,,308.3999938964844,102.0385513305664,144.74000549316406,69.09247589111328,63.33525085449219,24.289424896240234,67.4478988647461,73.90062713623047,96.91000366210938
2011-05-18,,316.0,102.95035552978516,145.60000610351562,68.69627380371094,62.495933532714844,24.779775619506836,67.41588592529297,73.88452911376953,100.0999984741211
2011-05-19,,312.55999755859375,103.19559478759766,145.64999389648438,68.76827239990234,62.4697265625,24.5853271484375,67.4239273071289,73.91674041748047,98.44000244140625
2011-05-20,,315.760009765625,102.3757095336914,147.49000549316406,68.93396759033203,62.50250244140625,24.8135929107666,67.4478988647461,73.90062713623047,99.48999786376953
2011-05-23,,307.760009765625,101.18805694580078,147.8300018310547,69.02769470214844,62.80414962768555,24.416234970092773,67.45590209960938,73.90062713623047,97.69999694824219
2011-05-24,,314.239990234375,101.10374450683594,148.58999633789062,69.09970092773438,63.0401611328125,24.745960235595703,67.45590209960938,73.90062713623047,99.58999633789062
2011-05-25,,319.44000244140625,101.44091796875,148.5800018310547,69.10693359375,62.745059967041016,25.194040298461914,67.48797607421875,73.90062713623047,101.31999969482422
2011-05-26,,316.79998779296875,101.90828704833984,148.22000122070312,69.48878479003906,63.28280258178711,25.28704071044922,67.5279541015625,73.90062713623047,100.2300033569336
2011-05-27,,317.67999267578125,102.29908752441406,149.6999969482422,69.48155975341797,63.256622314453125,25.430763244628906,67.55198669433594,73.90062713623047,100.58999633789062
2011-05-31,,324.0,103.36412048339844,149.63999938964844,69.58966064453125,63.400821685791016,25.574487686157227,67.55198669433594,73.90062713623047,102.69999694824219
2011-06-01,,316.1600036621094,101.0424575805664,149.91000366210938,70.16314697265625,64.25765228271484,25.253223419189453,67.5969009399414,73.88452911376953,100.29000091552734
2011-06-02,,317.44000244140625,100.9351806640625,149.5,69.74417114257812,63.03361511230469,25.47303581237793,67.55677795410156,73.88452911376953,100.4000015258789
2011-06-03,,317.2799987792969,99.93143463134766,150.22000122070312,70.01869201660156,63.3955192565918,25.574487686157227,67.5808334350586,73.88452911376953,100.22000122070312
2011-06-06,,312.0,98.87406158447266,150.47999572753906,69.97534942626953,62.91514205932617,25.278583526611328,67.58882904052734,73.88452911376953,99.01000213623047
2011-06-07,,312.3999938964844,98.81275177001953,150.4199981689453,70.10533142089844,63.20468521118164,25.515308380126953,67.63692474365234,73.90062713623047,99.08999633789062
2011-06-08,,318.79998779296875,98.39896392822266,149.80999755859375,70.2570571899414,63.69828796386719,25.726665496826172,67.64492797851562,73.90062713623047,100.73999786376953
2011-06-09,,321.1199951171875,99.14988708496094,150.55999755859375,69.97534942626953,63.44163513183594,25.870391845703125,67.57281494140625,73.88452911376953,101.93000030517578
2011-06-10,,312.55999755859375,97.77067565917969,149.24000549316406,70.19923400878906,63.928672790527344,25.599849700927734,67.62894439697266,73.90062713623047,99.29000091552734
2011-06-13,,306.0799865722656,97.8472671508789,147.77000427246094,70.04754638671875,63.60614776611328,25.430763244628906,67.6048812866211,73.88452911376953,97.30000305175781
2011-06-14,,312.79998779296875,99.08858489990234,148.6699981689453,69.49141693115234,62.64529800415039,25.608306884765625,67.54878997802734,73.90062713623047,99.37000274658203
2011-06-15,,300.6400146484375,97.32624816894531,149.1199951171875,70.24256896972656,63.78382873535156,24.923500061035156,67.64492797851562,73.90062713623047,94.80999755859375
2011-06-16,,299.3599853515625,97.54081726074219,148.97000122070312,70.43763732910156,64.0733871459961,24.822050094604492,67.6529541015625,73.90062713623047,94.94999694824219
2011-06-17,,293.0400085449219,97.8318862915039,149.94000244140625,70.38700866699219,63.77070617675781,24.712141036987305,67.66897583007812,73.90062713623047,93.01000213623047
2011-06-20,,293.760009765625,98.33238220214844,150.02999877929688,70.27867126464844,63.849666595458984,24.57686996459961,67.66897583007812,73.90062713623047,93.26000213623047
2011-06-21,,294.32000732421875,99.67988586425781,150.75999450683594,70.18477630615234,63.56661605834961,24.593780517578125,67.67694854736328,73.88452911376953,93.4000015258789
2011-06-22,,296.79998779296875,99.07933807373047,150.99000549316406,70.15587615966797,63.60614776611328,24.703685760498047,67.66093444824219,73.90062713623047,95.41000366210938
2011-06-23,,288.0799865722656,98.7944107055664,148.33999633789062,70.52425384521484,64.09317016601562,24.17951774597168,67.70108795166016,73.90062713623047,91.0199966430664
2011-06-24,,286.4800109863281,97.64707946777344,146.25999450683594,70.82040405273438,63.82337188720703,23.892065048217773,67.74105834960938,73.88452911376953,91.16000366210938
2011-06-27,,285.1199951171875,98.51718139648438,145.72999572753906,70.54595184326172,62.948097229003906,23.88361167907715,67.67694854736328,73.88452911376953,90.61000061035156
2011-06-28,,291.3599853515625,99.80315399169922,146.24000549316406,69.89585876464844,62.441307067871094,24.306331634521484,67.55677795410156,73.88452911376953,92.88999938964844
2011-06-29,,297.8399963378906,100.65784454345703,147.17999267578125,69.47696685791016,62.02671432495117,24.745960235595703,67.55677795410156,73.90062713623047,94.7699966430664
2011-06-30,,297.9200134277344,101.62039947509766,146.0,69.23857879638672,61.927955627441406,24.48387336730957,67.54878997802734,73.90062713623047,95.41999816894531
2011-07-01,,297.20001220703125,103.1219711303711,144.92999267578125,69.06559753417969,61.828975677490234,24.517690658569336,67.52554321289062,73.88452911376953,94.94000244140625
2011-07-05,,303.67999267578125,103.03726196289062,147.6300048828125,69.49995422363281,61.96760177612305,24.847410202026367,67.6056900024414,73.88452911376953,96.88999938964844
2011-07-06,,303.1199951171875,103.16046142578125,148.91000366210938,69.6230697631836,62.28457260131836,24.83895492553711,67.62976837158203,73.90062713623047,96.6500015258789
2011-07-07,,308.8800048828125,104.23075103759766,149.14999389648438,69.35520935058594,62.099666595458984,25.363128662109375,67.56558227539062,73.88452911376953,98.66999816894531
2011-07-08,,302.3999938964844,103.49156951904297,150.25,70.09368133544922,62.97793960571289,25.3377628326416,67.66182708740234,73.88452911376953,96.19999694824219
2011-07-11,,298.32000732421875,101.62039947509766,151.58999633789062,70.62946319580078,63.922264099121094,25.143314361572266,67.7099380493164,73.8684310913086,95.1500015258789
2011-07-12,,303.44000244140625,101.18148803710938,152.77000427246094,70.7308120727539,64.14015197753906,25.363128662109375,67.70195007324219,73.88452911376953,97.43000030517578
2011-07-13,,306.79998779296875,101.5202865600586,154.13999938964844,70.8466796875,64.31851196289062,25.70975685119629,67.7179946899414,73.90062713623047,98.05000305175781
2011-07-14,,300.3999938964844,100.819580078125,154.5399932861328,70.44120788574219,63.400604248046875,25.56603240966797,67.69389343261719,73.90062713623047,95.69000244140625
2011-07-15,,305.0400085449219,101.40478515625,155.1999969482422,70.7308120727539,63.50625228881836,25.79430389404297,67.7099380493164,73.90062713623047,97.23999786376953
2011-07-18,,300.7200012207031,100.57315063476562,156.57000732421875,70.68740844726562,62.89207077026367,25.650577545166016,67.7099380493164,73.90062713623047,95.93000030517578
2011-07-19,,306.0,102.20563507080078,154.66000366210938,70.95524597167969,64.19962310791016,25.8281192779541,67.7099380493164,73.90062713623047,97.5
2011-07-20,,307.20001220703125,102.14399719238281,156.02000427246094,70.60774230957031,63.44022750854492,25.912662506103516,67.68590545654297,73.88452911376953,98.13999938964844
2011-07-21,,309.760009765625,103.56086730957031,154.8300018310547,70.21678924560547,62.9515495300293,25.78584861755371,67.65382385253906,73.88452911376953,99.12999725341797
2011-07-22,,311.44000244140625,103.63017272949219,156.1199951171875,70.48467254638672,63.4269905090332,25.99720573425293,67.66182708740234,73.90062713623047,99.87000274658203
2011-07-25,,309.44000244140625,103.05265045166016,157.33999633789062,70.26019287109375,62.73360824584961,25.870391845703125,67.62976837158203,73.90062713623047,99.19999694824219
2011-07-26,,310.4800109863281,102.66764068603516,157.77000427246094,70.5571060180664,63.162899017333984,26.07329559326172,67.66983032226562,73.90062713623047,99.58999633789062
2011-07-27,,303.760009765625,100.5654525756836,157.19000244140625,70.44120788574219,63.16942596435547,25.895755767822266,67.62976837158203,73.90062713623047,97.4000015258789
2011-07-28,,303.2799987792969,100.27284240722656,157.32000732421875,70.57881927490234,63.40718078613281,25.811208724975586,67.66983032226562,73.90062713623047,97.44000244140625
2011-07-29,,299.3599853515625,99.58753204345703,158.2899932861328,71.43317413330078,64.66182708740234,25.599849700927734,67.74202728271484,73.90062713623047,95.69999694824219
2011-08-01,,297.6000061035156,99.16401672363281,157.72000122070312,71.6929702758789,65.31443786621094,25.599849700927734,67.71873474121094,73.90062713623047,94.88999938964844
2011-08-02,,291.20001220703125,96.63063049316406,161.52000427246094,72.35346221923828,67.27561950683594,25.599849700927734,67.80704498291016,73.90062713623047,93.79000091552734
2011-08-03,,286.8800048828125,97.15423583984375,161.49000549316406,72.41146087646484,67.40811920166016,25.219402313232422,67.79906463623047,73.90062713623047,91.93000030517578
2011-08-04,,269.8399963378906,92.6033935546875,160.63999938964844,73.36952209472656,69.80657958984375,24.26405906677246,67.86322021484375,73.90062713623047,86.62999725341797
2011-08-05,,271.6000061035156,92.46479797363281,161.75,72.5203628540039,67.79240417480469,24.36551284790039,67.84712219238281,73.90062713623047,86.87999725341797
2011-08-08,,252.0800018310547,86.44318389892578,167.1199951171875,73.67436218261719,69.93247985839844,23.460891723632812,67.87125396728516,73.90062713623047,81.30999755859375
2011-08-09,,252.9600067138672,90.46273803710938,168.61000061035156,74.10256958007812,70.14446258544922,23.689163208007812,67.94340515136719,73.90062713623047,79.30000305175781
2011-08-10,,254.24000549316406,86.46629333496094,174.5800018310547,75.08243560791016,72.23149108886719,23.79061508178711,67.99158477783203,73.90062713623047,82.88999938964844
2011-08-11,,266.3999938964844,90.34720611572266,170.75,73.9792251586914,68.5874252319336,24.306331634521484,67.9755630493164,73.90062713623047,85.72000122070312
2011-08-12,,265.8399963378906,90.95552062988281,169.97000122070312,74.49449920654297,69.94567108154297,24.272512435913086,67.9835433959961,73.90062713623047,85.37999725341797
2011-08-15,,273.760009765625,92.88059997558594,171.8000030517578,74.21874237060547,69.23675537109375,24.56841468811035,67.95952606201172,73.90062713623047,87.87999725341797
2011-08-16,,270.6400146484375,92.08749389648438,173.9199981689453,74.55982208251953,70.3829574584961,24.56841468811035,67.95952606201172,73.90062713623047,86.6500015258789
2011-08-17,,272.0799865722656,92.14906311035156,174.4199981689453,75.08243560791016,71.6153564453125,24.779775619506836,67.9755630493164,73.90062713623047,87.58000183105469
2011-08-18,,253.75999450683594,88.17578887939453,177.72000122070312,75.47429656982422,73.0861587524414,24.171062469482422,67.96753692626953,73.8684310913086,82.37999725341797
2011-08-19,,256.9599914550781,86.73580169677734,179.9499969482422,75.55413818359375,73.6759262084961,24.602231979370117,67.96753692626953,73.90062713623047,82.26000213623047
2011-08-22,,261.760009765625,86.80509948730469,184.58999633789062,75.41629791259766,73.49032592773438,24.644506454467773,67.95952606201172,73.8684310913086,84.12000274658203
2011-08-23,,267.3599853515625,89.66188049316406,177.6699981689453,75.11143493652344,72.47665405273438,24.89813995361328,67.92740631103516,73.90062713623047,85.44000244140625
2011-08-24,,264.6400146484375,90.92472839355469,171.64999389648438,74.30577087402344,70.41610717773438,24.644506454467773,67.92740631103516,73.90062713623047,85.16000366210938
2011-08-25,,263.760009765625,89.53868103027344,172.36000061035156,74.7630386352539,71.17803955078125,24.75441551208496,67.96753692626953,73.8684310913086,85.30000305175781
2011-08-26,,265.20001220703125,90.84003448486328,177.47000122070312,75.00251770019531,71.88033294677734,25.033409118652344,67.9755630493164,73.90062713623047,85.37000274658203
2011-08-29,,271.67999267578125,93.4504165649414,173.88999938964844,74.50899505615234,70.88655090332031,25.117950439453125,67.95952606201172,73.90062713623047,87.2699966430664
2011-08-30,,275.5199890136719,93.69682312011719,179.10000610351562,75.0243148803711,72.02610778808594,25.456127166748047,67.9755630493164,73.90062713623047,88.9000015258789
2011-08-31,,276.0799865722656,94.11263275146484,177.72000122070312,74.75579833984375,70.91301727294922,25.498395919799805,67.9755630493164,73.90062713623047,88.80999755859375
2011-09-01,,275.760009765625,93.12702178955078,177.8699951171875,75.35154724121094,72.41619873046875,25.32085418701172,67.99479675292969,73.90062713623047,88.93000030517578
2011-09-02,,269.1199951171875,90.74764251708984,183.24000549316406,76.0426025390625,74.76876831054688,25.18558692932129,67.96271514892578,73.90062713623047,86.44999694824219
2011-09-06,,268.7200012207031,90.08539581298828,182.89999389648438,76.14441680908203,75.54625701904297,25.101041793823242,67.97073364257812,73.88452911376953,86.0199966430664
2011-09-07,,277.5199890136719,92.62650299072266,177.0800018310547,75.7370376586914,74.10417175292969,25.329309463500977,67.95471954345703,73.8684310913086,89.33999633789062
2011-09-08,,275.67999267578125,91.66395568847656,181.80999755859375,76.10800170898438,74.76876831054688,25.16022300720215,67.97876739501953,73.8684310913086,89.05000305175781
2011-09-09,,270.79998779296875,89.26148223876953,180.6999969482422,76.47898864746094,75.56625366210938,24.762868881225586,68.00287628173828,73.88452911376953,87.23999786376953
2011-09-12,,275.3599853515625,89.83900451660156,176.6699981689453,76.24616241455078,75.64595794677734,24.703685760498047,67.95471954345703,73.88452911376953,88.19000244140625
2011-09-13,,278.79998779296875,90.66291809082031,178.5399932861328,76.02072143554688,74.56938171386719,24.62759780883789,67.96271514892578,73.8684310913086,90.20999908447266
2011-09-14,,274.7200012207031,91.91809844970703,177.2100067138672,76.06439208984375,75.20072937011719,24.50923728942871,67.96271514892578,73.8684310913086,88.91000366210938
2011-09-15,,276.79998779296875,93.50434875488281,174.39999389648438,75.49703216552734,74.05106353759766,24.610689163208008,67.97073364257812,73.8684310913086,89.4000015258789
2011-09-16,,273.1199951171875,94.05773162841797,176.02999877929688,75.64246368408203,74.58934783935547,24.500782012939453,67.98674774169922,73.8684310913086,87.95999908447266
2011-09-19,,266.32000732421875,93.12117004394531,173.30999755859375,76.26075744628906,76.01142883300781,24.086517333984375,68.01892852783203,73.88452911376953,85.69999694824219
2011-09-20,,267.44000244140625,93.0128173828125,175.77999877929688,76.36259460449219,76.33050537109375,24.044246673583984,67.98674774169922,73.88452911376953,86.88999938964844
2011-09-21,,263.3599853515625,90.27284240722656,173.58999633789062,76.68995666503906,78.85578155517578,23.689163208007812,67.91455078125,73.88452911376953,85.91999816894531
2011-09-22,,249.0399932861328,87.35479736328125,169.0500030517578,77.40277862548828,81.8197021484375,22.8521785736084,67.92254638671875,73.8684310913086,80.51000213623047
2011-09-23,,248.72000122070312,87.88114929199219,159.8000030517578,76.76266479492188,80.29780578613281,22.446365356445312,67.93058776855469,73.88452911376953,79.8499984741211
2011-09-26,,251.75999450683594,89.97096252441406,157.5800018310547,76.44263458251953,79.00857543945312,22.522459030151367,67.90650177001953,73.88452911376953,80.23999786376953
2011-09-27,,258.9599914550781,90.97718048095703,160.6300048828125,75.93341064453125,77.79914855957031,22.90290641784668,67.88235473632812,73.8684310913086,84.44999694824219
2011-09-28,,250.0,89.11954498291016,156.22000122070312,75.94801330566406,77.77253723144531,22.285734176635742,67.85835266113281,73.88452911376953,81.20999908447266
2011-09-29,,255.75999450683594,89.82390594482422,157.6999969482422,75.94801330566406,78.3108139038086,22.547821044921875,67.87438201904297,73.88452911376953,82.13999938964844
2011-09-30,,243.9199981689453,87.57929229736328,158.05999755859375,76.42809295654297,80.2778549194336,21.770017623901367,67.90650177001953,73.88452911376953,79.19999694824219
2011-10-03,,237.9199981689453,85.08695983886719,160.9600067138672,77.13579559326172,82.48714447021484,21.660114288330078,67.92173767089844,73.88452911376953,77.61000061035156
2011-10-04,,239.27999877929688,86.95233154296875,157.63999938964844,76.74223327636719,81.44117736816406,21.617839813232422,67.881591796875,73.88452911376953,75.66999816894531
2011-10-05,,246.72000122070312,88.56230163574219,159.4600067138672,76.4214859008789,80.85486602783203,21.922197341918945,67.881591796875,73.88452911376953,79.68000030517578
2011-10-06,,255.83999633789062,90.16446685791016,160.49000549316406,75.88945770263672,79.3625259399414,22.378732681274414,67.86550903320312,73.8684310913086,82.58999633789062
2011-10-07,,256.32000732421875,89.56072998046875,159.17999267578125,75.49589538574219,78.77617645263672,22.277280807495117,67.84141540527344,73.88452911376953,82.9800033569336
2011-10-10,,265.9200134277344,92.55616760253906,163.27000427246094,74.70142364501953,77.66356658935547,22.776090621948242,67.78515625,73.8684310913086,85.41000366210938
2011-10-11,,264.0799865722656,92.6490249633789,162.10000610351562,74.94922637939453,77.40374755859375,22.94517707824707,67.81734466552734,73.88452911376953,85.80999755859375
2011-10-12,,263.3599853515625,93.46173858642578,163.25999450683594,74.69412994384766,76.27774047851562,22.98744773864746,67.81734466552734,73.8684310913086,85.56999969482422
2011-10-13,,261.20001220703125,93.27598571777344,162.3000030517578,74.99291229248047,77.03728485107422,23.038175582885742,67.83334350585938,73.88452911376953,84.2300033569336
2011-10-14,,270.9599914550781,94.8704605102539,163.39999389648438,74.62122344970703,75.91799926757812,23.562345504760742,67.86550903320312,73.8684310913086,86.80000305175781
2011-10-17,,267.44000244140625,93.05925750732422,162.6199951171875,75.10955810546875,77.23053741455078,23.224170684814453,67.87357330322266,73.8684310913086,86.37999725341797
2011-10-18,,273.20001220703125,94.8781967163086,161.83999633789062,75.02937316894531,76.75077819824219,23.350984573364258,67.87357330322266,73.88452911376953,88.33999633789062
2011-10-19,,266.4800109863281,93.75585174560547,159.8699951171875,75.14605712890625,76.72415924072266,22.89444923400879,67.89765167236328,73.88452911376953,86.11000061035156
2011-10-20,,266.6400146484375,94.16609954833984,157.77000427246094,74.99291229248047,76.17788696289062,22.86063575744629,67.9057388305664,73.88452911376953,85.30000305175781
2011-10-21,,270.79998779296875,95.9540786743164,159.52000427246094,74.85446166992188,75.37173461914062,22.978994369506836,67.881591796875,73.8684310913086,87.4000015258789
2011-10-24,,283.0400085449219,97.13056182861328,161.02000427246094,74.8180160522461,75.49828338623047,23.342531204223633,67.881591796875,73.8684310913086,91.2699966430664
2011-10-25,,286.3999938964844,95.24198913574219,165.58999633789062,75.45947265625,77.41704559326172,23.418622970581055,67.92173767089844,73.88452911376953,93.16999816894531
2011-10-26,,280.4800109863281,96.20948028564453,167.39999389648438,74.90550994873047,76.06460571289062,23.283353805541992,67.881591796875,73.88452911376953,90.19999694824219
2011-10-27,,289.67999267578125,99.56095123291016,169.5500030517578,74.0016860961914,73.48626708984375,23.900522232055664,67.83334350585938,73.8684310913086,93.95999908447266
2011-10-28,,288.239990234375,99.53775024414062,169.6199951171875,74.44633483886719,74.25907135009766,23.799068450927734,67.86550903320312,73.8684310913086,93.31999969482422
2011-10-31,,285.9200134277344,97.13829803466797,167.33999633789062,75.44487762451172,77.20382690429688,23.435529708862305,67.92979431152344,73.85230255126953,93.19000244140625
2011-11-01,,281.6000061035156,94.42926025390625,167.3800048828125,76.34971618652344,79.78819274902344,23.156536102294922,67.93626403808594,73.88452911376953,92.19000244140625
2011-11-02,,285.3599853515625,95.96954345703125,169.05999755859375,76.16716003417969,78.79298400878906,23.300260543823242,67.95230102539062,73.8684310913086,92.51000213623047
2011-11-03,,290.55999755859375,97.71879577636719,171.72000122070312,75.80928039550781,77.7108383178711,23.587711334228516,67.96035766601562,73.85230255126953,94.06999969482422
2011-11-04,,291.67999267578125,97.1228256225586,170.85000610351562,76.03567504882812,77.80436706542969,23.663799285888672,67.96035766601562,73.8684310913086,94.26000213623047
2011-11-07,,296.7200012207031,97.72654724121094,174.97999572753906,76.12336730957031,78.29864501953125,24.01042938232422,67.94422912597656,73.88452911376953,95.5199966430664
2011-11-08,,299.44000244140625,98.98043060302734,173.52999877929688,75.78003692626953,77.29671478271484,24.12879180908203,67.93626403808594,73.88452911376953,96.80000305175781
2011-11-09,,296.0,95.32713317871094,172.07000732421875,76.45201873779297,78.89984130859375,23.596162796020508,67.95230102539062,73.8684310913086,95.73999786376953
2011-11-10,,301.760009765625,96.22496795654297,171.13999938964844,76.07952117919922,77.72416687011719,23.570796966552734,67.96035766601562,73.88452911376953,97.77999877929688
2011-11-11,,305.67999267578125,98.03617095947266,173.9600067138672,75.72891235351562,77.24995422363281,23.799068450927734,67.92820739746094,73.8684310913086,98.98999786376953
2011-11-14,,302.8800048828125,97.10734558105469,173.1999969482422,76.20368194580078,78.49234008789062,23.545440673828125,67.96035766601562,73.88452911376953,98.13999938964844
2011-11-15,,307.44000244140625,97.58724212646484,173.36000061035156,76.1014175415039,78.385498046875,23.714521408081055,67.95230102539062,73.8684310913086,99.37000274658203
2011-11-16,,314.7200012207031,96.03921508789062,171.50999450683594,76.37892150878906,79.10021209716797,23.655344009399414,67.93626403808594,73.88452911376953,102.58999633789062
2011-11-17,,305.8399963378906,94.51437377929688,167.10000610351562,76.53230285644531,79.73477172851562,23.10580825805664,67.94422912597656,73.88452911376953,98.81999969482422
2011-11-18,,302.55999755859375,94.41378784179688,167.6199951171875,76.24750518798828,79.71472930908203,23.071989059448242,67.92012023925781,73.88452911376953,97.41000366210938
2011-11-21,,300.7200012207031,92.61807250976562,163.5,76.45928192138672,80.18901062011719,22.90290641784668,67.92820739746094,73.88452911376953,96.91999816894531
2011-11-22,,302.55999755859375,92.25430297851562,165.30999755859375,76.6929702758789,81.0840835571289,23.055084228515625,67.93626403808594,73.8684310913086,98.01000213623047
2011-11-23,,297.2799987792969,90.21864318847656,164.8300018310547,76.95592498779297,81.87897491455078,22.708454132080078,67.94422912597656,73.88452911376953,96.16999816894531
2011-11-25,,297.2799987792969,90.0483627319336,163.39999389648438,76.4665756225586,80.68994140625,22.522459030151367,67.94422912597656,73.88452911376953,96.7699966430664
2011-11-28,,302.79998779296875,92.65675354003906,166.6300048828125,76.47390747070312,80.64988708496094,22.801450729370117,67.95230102539062,73.88452911376953,98.20999908447266
2011-11-29,,308.3999938964844,92.91995239257812,166.8800048828125,76.32781982421875,79.98860168457031,23.097354888916016,67.96035766601562,73.85230255126953,99.79000091552734
2011-11-30,,310.239990234375,96.74354553222656,170.1300048828125,75.88233184814453,78.73948669433594,23.367895126342773,67.96035766601562,73.8684310913086,100.36000061035156
2011-12-01,,308.8800048828125,96.72808074951172,169.6300048828125,75.86038970947266,78.34445190429688,23.283353805541992,67.96438598632812,73.85230255126953,100.19999694824219
2011-12-02,,312.239990234375,96.6429214477539,169.82000732421875,76.1969985961914,79.44261169433594,23.486257553100586,67.94828033447266,73.8684310913086,100.95999908447266
2011-12-05,,312.0799865722656,97.6955795288086,167.32000732421875,76.153076171875,79.28191375732422,23.35944175720215,67.95634460449219,73.8684310913086,100.98999786376953
2011-12-06,,312.0,97.72654724121094,168.17999267578125,75.95549774169922,78.5252456665039,23.486257553100586,67.95634460449219,73.88452911376953,101.27999877929688
2011-12-07,,310.4800109863281,98.09034729003906,169.39999389648438,76.29940795898438,78.80643463134766,23.283353805541992,67.98043823242188,73.8684310913086,100.48999786376953
2011-12-08,,302.239990234375,95.9385757446289,165.97999572753906,76.6872329711914,79.79077911376953,22.98744773864746,67.98848724365234,73.8684310913086,98.33999633789062
2011-12-09,,308.0,97.56396484375,166.39999389648438,76.16036987304688,78.15023040771484,23.071989059448242,67.98848724365234,73.85230255126953,99.41000366210938
2011-12-12,,303.0400085449219,96.13981628417969,161.99000549316406,76.42383575439453,79.0207748413086,22.776090621948242,67.98848724365234,73.85230255126953,97.7699966430664
2011-12-13,,308.8800048828125,95.24198913574219,158.4499969482422,76.77507019042969,79.75735473632812,22.86908721923828,67.98848724365234,73.85230255126953,100.13999938964844
2011-12-14,,293.2799987792969,94.22801971435547,152.88999938964844,77.0970458984375,81.26395416259766,22.057466506958008,67.97240447998047,73.8684310913086,94.94999694824219
2011-12-15,,289.0400085449219,94.56858825683594,152.3300018310547,77.0311508178711,80.96265411376953,21.94755744934082,67.96438598632812,73.85230255126953,93.87000274658203
2011-12-16,,290.1600036621094,94.70877838134766,155.22999572753906,77.40437316894531,81.90679931640625,22.125102996826172,67.99647521972656,73.8684310913086,93.52999877929688
2011-12-19,,289.6000061035156,93.69621276855469,154.8699951171875,77.66776275634766,82.94466400146484,22.023649215698242,67.98848724365234,73.8684310913086,93.87999725341797
2011-12-20,,300.4800109863281,96.5314712524414,156.97999572753906,76.96528625488281,80.87553405761719,22.530912399291992,67.97240447998047,73.8684310913086,97.22000122070312
2011-12-21,,304.8800048828125,96.7184066772461,157.16000366210938,76.71649932861328,79.75062561035156,22.691543579101562,67.94828033447266,73.8684310913086,98.66999816894531
2011-12-22,,306.239990234375,97.57521057128906,156.0399932861328,76.81159973144531,80.0854263305664,22.716909408569336,67.94025421142578,73.8684310913086,99.52999877929688
2011-12-23,,307.9200134277344,98.4476089477539,156.30999755859375,76.49696350097656,79.19483184814453,22.826814651489258,67.95634460449219,73.8684310913086,99.68000030517578
2011-12-27,,312.4800109863281,98.52552032470703,154.91000366210938,76.54024505615234,79.5710678100586,22.928268432617188,67.93131256103516,73.85230255126953,101.33999633789062
2011-12-28,,306.7200012207031,97.2325210571289,151.02999877929688,77.02409362792969,81.04219818115234,22.657726287841797,67.94749450683594,73.85552215576172,99.36000061035156
2011-12-29,,307.2799987792969,98.23731231689453,150.33999633789062,77.11935424804688,81.19002532958984,22.72536277770996,67.95553588867188,73.85552215576172,99.6500015258789
2011-12-30,,304.8800048828125,97.75435638427734,151.99000549316406,77.39057922363281,81.45199584960938,22.691543579101562,67.9957046508789,73.85552215576172,98.83000183105469
2012-01-03,,317.5199890136719,99.31221008300781,155.9199981689453,76.8994369506836,80.22942352294922,23.367895126342773,67.95553588867188,73.83939361572266,102.95999908447266
2012-01-04,,318.1600036621094,99.46798706054688,156.7100067138672,76.65753936767578,79.27549743652344,23.545440673828125,67.96354675292969,73.83939361572266,103.22000122070312
2012-01-05,,313.3599853515625,99.73280334472656,157.77999877929688,76.67221069335938,79.1343765258789,23.224170684814453,67.97156524658203,73.83939361572266,101.80999755859375
2012-01-06,,313.760009765625,99.47577667236328,157.1999969482422,76.97277069091797,79.7591323852539,23.325624465942383,67.96354675292969,73.83939361572266,101.55999755859375
2012-01-09,,312.6400146484375,99.71723175048828,156.5,76.9874267578125,79.6180419921875,23.350984573364258,67.97962951660156,73.85552215576172,101.30999755859375
2012-01-10,,314.7200012207031,100.58184051513672,158.63999938964844,76.83342742919922,79.4837417602539,23.52007293701172,67.98773193359375,73.85552215576172,102.23999786376953
2012-01-11,,311.3599853515625,100.63633728027344,159.6699981689453,77.28063201904297,80.51821899414062,23.452436447143555,68.01187896728516,73.83939361572266,100.87000274658203
2012-01-12,,304.4800109863281,100.87786102294922,160.3800048828125,77.11935424804688,80.40401458740234,23.12272071838379,68.00379180908203,73.83939361572266,99.0999984741211
2012-01-13,,305.2799987792969,100.35596466064453,159.25999450683594,77.46395111083984,81.20341491699219,23.071989059448242,68.01985931396484,73.83939361572266,98.69999694824219
2012-01-17,,310.32000732421875,100.74543762207031,160.5,77.53724670410156,81.57962036132812,23.232624053955078,68.02793884277344,73.83939361572266,100.70999908447266
2012-01-18,,310.6400146484375,101.85926818847656,161.60000610351562,77.29531860351562,80.59214782714844,23.24108123779297,68.01985931396484,73.83939361572266,100.58999633789062
2012-01-19,,309.5199890136719,102.39671325683594,161.22000122070312,76.83342742919922,79.4837417602539,23.342531204223633,68.01985931396484,73.83939361572266,100.38999938964844
2012-01-20,,302.239990234375,102.77837371826172,162.07000732421875,76.56954193115234,78.58352661132812,23.173444747924805,68.00379180908203,73.83939361572266,98.45999908447266
2012-01-23,,307.1199951171875,102.51355743408203,163.16000366210938,76.40090942382812,78.08644104003906,23.44398307800293,68.01187896728516,73.83939361572266,99.58000183105469
2012-01-24,,304.79998779296875,102.39671325683594,162.00999450683594,76.4889144897461,78.22750091552734,23.486257553100586,68.01187896728516,73.83939361572266,98.94999694824219
2012-01-25,,306.79998779296875,103.25352478027344,166.4199981689453,76.85543060302734,78.03937530517578,23.680707931518555,68.05203247070312,73.83939361572266,99.4000015258789
2012-01-26,,306.9599914550781,102.723876953125,167.27000427246094,77.2659912109375,79.07392883300781,23.748342514038086,68.06008911132812,73.83939361572266,99.69999694824219
2012-01-27,,306.3999938964844,102.67713928222656,168.97000122070312,77.50057220458984,79.32242584228516,23.8328857421875,68.07621002197266,73.83939361572266,99.55999755859375
2012-01-30,,304.0799865722656,102.32662200927734,168.02999877929688,77.76445770263672,80.25624084472656,23.587711334228516,68.05203247070312,73.85552215576172,98.77999877929688
2012-01-31,,302.55999755859375,102.28770446777344,169.30999755859375,78.05769348144531,81.18328094482422,23.528528213500977,68.05203247070312,73.83939361572266,98.4800033569336
2012-02-01,,299.0400085449219,103.18341827392578,169.55999755859375,77.78669738769531,80.25335693359375,23.604618072509766,68.02873229980469,73.83939361572266,97.61000061035156
2012-02-02,,297.0400085449219,103.3470230102539,171.0500030517578,77.89690399169922,80.21968841552734,23.663799285888672,68.03680419921875,73.83939361572266,96.36000061035156
2012-02-03,,300.7200012207031,104.79583740234375,167.63999938964844,77.27998352050781,78.4958267211914,23.942792892456055,68.03680419921875,73.83939361572266,97.83999633789062
2012-02-06,,298.6400146484375,104.72567749023438,167.17999267578125,77.492919921875,79.27693939208984,24.061153411865234,68.02064514160156,73.85552215576172,96.91000366210938
2012-02-07,,303.6000061035156,104.99050903320312,169.6999969482422,76.99354553222656,78.29383087158203,24.044246673583984,68.00457000732422,73.83939361572266,98.41000366210938
2012-02-08,,304.32000732421875,105.3021011352539,168.5,77.03028869628906,78.35441589355469,24.154150009155273,68.00457000732422,73.85552215576172,98.70999908447266
2012-02-09,,306.6400146484375,105.43446350097656,168.02000427246094,76.8540267944336,77.76859283447266,24.280967712402344,67.97239685058594,73.83939361572266,99.83999633789062
2012-02-10,,304.1600036621094,104.65557098388672,167.13999938964844,77.28732299804688,78.77865600585938,24.052701950073242,67.98844146728516,73.85552215576172,98.66999816894531
2012-02-13,,309.5199890136719,105.43446350097656,167.50999450683594,77.23594665527344,78.87966918945312,24.111881256103516,67.94817352294922,73.83939361572266,100.91000366210938
2012-02-14,,310.7200012207031,105.3021011352539,167.1199951171875,77.3974838256836,79.29718017578125,24.103425979614258,67.96434020996094,73.85552215576172,100.73999786376953
2012-02-15,,313.44000244140625,104.81139373779297,168.11000061035156,77.45625305175781,79.15574645996094,24.187969207763672,67.97239685058594,73.83939361572266,101.80000305175781
2012-02-16,,314.239990234375,105.97193908691406,168.0,77.10369110107422,78.52275848388672,24.29787826538086,67.94817352294922,73.85552215576172,102.30999755859375
2012-02-17,,318.0,106.25237274169922,167.35000610351562,77.02301025390625,78.5025863647461,24.255605697631836,67.93206787109375,73.83939361572266,103.23999786376953
2012-02-21,,324.6400146484375,106.29910278320312,171.02000427246094,76.74386596679688,77.63389587402344,24.636051177978516,67.91604614257812,73.83939361572266,105.83999633789062
2012-02-22,,324.7200012207031,105.95636749267578,172.94000244140625,77.04499816894531,78.61029815673828,24.86431884765625,67.94817352294922,73.83939361572266,106.27999877929688
2012-02-23,,330.9599914550781,106.4237289428711,173.02000427246094,77.15515899658203,78.61029815673828,24.94040870666504,67.94020080566406,73.83939361572266,107.83000183105469
2012-02-24,,336.0799865722656,106.65741729736328,172.22999572753906,77.2138442993164,79.12210083007812,25.092588424682617,67.92405700683594,73.85552215576172,109.7699966430664
2012-02-27,,329.44000244140625,106.83657836914062,171.6999969482422,77.47090911865234,79.82238006591797,24.88968276977539,67.94020080566406,73.83939361572266,108.55999755859375
2012-02-28,,326.32000732421875,107.14810943603516,173.49000549316406,77.50765991210938,79.55979919433594,24.881227493286133,67.95626068115234,73.83939361572266,106.55000305175781
2012-02-29,,327.3599853515625,106.72750091552734,164.2899932861328,77.19917297363281,79.0749282836914,24.788230895996094,67.95626068115234,73.85552215576172,107.06999969482422
2012-03-01,,334.0,107.2805404663086,166.61000061035156,76.94908905029297,78.33052062988281,25.17713165283203,67.94419860839844,73.83939361572266,108.83999633789062
2012-03-02,,326.1600036621094,106.95339965820312,166.33999633789062,77.2580337524414,79.06619262695312,24.923500061035156,67.96025848388672,73.83939361572266,106.69999694824219
2012-03-05,,327.760009765625,106.51718139648438,165.64999389648438,77.10356140136719,78.43846893310547,24.805139541625977,67.96025848388672,73.83939361572266,106.72000122070312
2012-03-06,,321.0400085449219,104.9593505859375,162.6999969482422,77.42723083496094,79.39014434814453,24.39933204650879,67.96025848388672,73.83939361572266,104.69999694824219
2012-03-07,,324.8800048828125,105.69155883789062,163.6300048828125,77.28015899658203,78.90416717529297,24.50923728942871,67.94419860839844,73.83939361572266,106.16000366210938
2012-03-08,,326.55999755859375,106.74308013916016,165.27999877929688,77.0521011352539,78.11457061767578,24.712141036987305,67.9200439453125,73.85552215576172,106.58000183105469
2012-03-09,,328.7200012207031,107.15595245361328,166.3800048828125,76.99323272705078,78.269775390625,24.779775619506836,67.9200439453125,73.85552215576172,107.4000015258789
2012-03-12,,325.6000061035156,107.16368865966797,165.07000732421875,76.97113800048828,78.25625610351562,24.745960235595703,67.92810821533203,73.85552215576172,106.33999633789062
2012-03-13,,326.6400146484375,109.09542083740234,162.3000030517578,76.41949462890625,76.8794937133789,24.855865478515625,67.88783264160156,73.85552215576172,106.70999908447266
2012-03-14,,323.2799987792969,108.97859954833984,159.57000732421875,75.54407501220703,74.94246673583984,24.686777114868164,67.79117584228516,73.83939361572266,105.43000030517578
2012-03-15,,322.239990234375,109.60952758789062,161.0800018310547,75.5221176147461,75.05712127685547,24.703685760498047,67.8314208984375,73.83939361572266,105.11000061035156
2012-03-16,,328.239990234375,109.76128387451172,161.3000030517578,75.50000762939453,75.20568084716797,25.008047103881836,67.87175750732422,73.83939361572266,107.05999755859375
2012-03-19,,330.32000732421875,110.19158172607422,161.58999633789062,75.03659057617188,74.30805969238281,24.96577262878418,67.82345581054688,73.85552215576172,108.08999633789062
2012-03-20,,323.44000244140625,109.87081909179688,160.1300048828125,75.07333374023438,74.60499572753906,24.66141700744629,67.80731964111328,73.85552215576172,105.61000061035156
2012-03-21,,325.2799987792969,109.69088745117188,160.2100067138672,75.45588684082031,75.44862365722656,24.602231979370117,67.8475570678711,73.85552215576172,107.2699966430664
2012-03-22,,321.1199951171875,108.90072631835938,159.57000732421875,75.5515365600586,75.69161987304688,24.407787322998047,67.85562896728516,73.85552215576172,105.3499984741211
2012-03-23,,325.5199890136719,109.25276947021484,161.52999877929688,75.83100128173828,76.40697479248047,24.644506454467773,67.86366271972656,73.85552215576172,106.87000274658203
2012-03-26,,326.1600036621094,110.7861557006836,164.39999389648438,75.74272918701172,76.01557159423828,24.75441551208496,67.87976837158203,73.85552215576172,107.02999877929688
2012-03-27,,325.67999267578125,110.44192504882812,163.24000549316406,76.16201782226562,76.56222534179688,24.65296173095703,67.9039535522461,73.83939361572266,107.33000183105469
2012-03-28,,321.5199890136719,109.894287109375,161.50999450683594,76.02959442138672,76.4542465209961,24.416234970092773,67.88783264160156,73.85552215576172,105.41000366210938
2012-03-29,,314.32000732421875,109.70651245117188,161.27999877929688,76.34590911865234,77.02794647216797,24.078060150146484,67.9119873046875,73.83939361572266,102.77999877929688
2012-03-30,,313.8399963378906,110.16027069091797,162.1199951171875,75.97075653076172,75.72537231445312,24.348600387573242,67.9039535522461,73.83939361572266,103.0199966430664
2012-04-02,,320.239990234375,110.96611022949219,162.94000244140625,76.15279388427734,76.14491271972656,24.66141700744629,67.92005920410156,73.82327270507812,105.2300033569336
2012-04-03,,317.2799987792969,110.51232147216797,159.88999938964844,75.59276580810547,74.82535552978516,24.551509857177734,67.87171173095703,73.83939361572266,104.01000213623047
2012-04-04,,310.7200012207031,109.41703796386719,157.2100067138672,75.97593688964844,75.85391998291016,24.171062469482422,67.8878402709961,73.82327270507812,101.47000122070312
2012-04-05,,314.0799865722656,109.36229705810547,158.30999755859375,76.31488037109375,76.4019775390625,24.26405906677246,67.9119873046875,73.83939361572266,103.30999755859375
2012-04-09,,311.760009765625,108.1340103149414,159.3699951171875,77.09593963623047,78.18844604492188,24.154150009155273,67.9603271484375,73.85552215576172,102.45999908447266
2012-04-10,,308.0799865722656,106.31897735595703,161.10000610351562,77.45698547363281,79.07482147216797,23.8328857421875,67.99254608154297,73.85552215576172,101.0199966430664
2012-04-11,,312.0799865722656,107.1795883178711,161.07000732421875,77.15491485595703,78.1275405883789,23.892065048217773,67.98445892333984,73.85552215576172,102.69999694824219
2012-04-12,,315.5199890136719,108.57999420166016,162.6999969482422,77.0001449584961,77.80272674560547,24.204877853393555,67.99254608154297,73.83939361572266,103.63999938964844
2012-04-13,,313.20001220703125,107.28910064697266,160.85000610351562,77.46434020996094,79.06129455566406,23.959701538085938,68.0006103515625,73.82327270507812,102.83000183105469
2012-04-16,,313.44000244140625,107.21868896484375,160.4600067138672,77.44230651855469,78.94625854492188,23.722978591918945,68.0006103515625,73.83939361572266,102.93000030517578
2012-04-17,,317.1199951171875,108.80687713623047,160.25,77.36116027832031,78.89887237548828,23.8328857421875,68.0006103515625,73.83939361572266,104.19999694824219
2012-04-18,,312.3999938964844,108.43914031982422,159.30999755859375,77.51593017578125,79.12893676757812,23.604618072509766,68.01671600341797,73.83939361572266,102.66999816894531
2012-04-19,,311.67999267578125,107.74287414550781,159.42999267578125,77.60435485839844,79.2033920288086,23.61307144165039,68.02477264404297,73.85552215576172,102.2699966430664
2012-04-20,,315.1199951171875,107.92280578613281,159.5399932861328,77.61175537109375,79.2169189453125,23.706069946289062,68.02477264404297,73.83939361572266,103.05000305175781
2012-04-23,,312.239990234375,107.01529693603516,159.07000732421875,77.76651000976562,79.7920913696289,23.663799285888672,68.0408706665039,73.85552215576172,103.11000061035156
2012-04-24,,313.3599853515625,107.42211151123047,159.3000030517578,77.56748962402344,79.23048400878906,23.663799285888672,68.01671600341797,73.85552215576172,103.55000305175781
2012-04-25,,315.2799987792969,108.89289855957031,159.6199951171875,77.47171783447266,78.82447052001953,23.799068450927734,68.03282165527344,73.83939361572266,104.12000274658203
2012-04-26,,316.239990234375,109.65172576904297,161.02999877929688,77.72959899902344,79.29810333251953,23.849794387817383,68.0408706665039,73.85552215576172,104.55000305175781
2012-04-27,,316.9599914550781,109.83168029785156,161.3800048828125,77.81065368652344,79.36580657958984,23.92588233947754,68.02477264404297,73.83939361572266,104.93000030517578
2012-04-30,,317.44000244140625,109.42486572265625,161.8800048828125,77.87698364257812,79.38609313964844,24.018882751464844,68.0408706665039,73.85552215576172,104.87000274658203
2012-05-01,,321.20001220703125,110.10551452636719,161.32000732421875,77.73529815673828,78.97434997558594,24.018882751464844,68.03926086425781,73.85552215576172,106.16000366210938
2012-05-02,,319.1199951171875,109.77692413330078,160.58999633789062,77.88287353515625,79.53060150146484,23.706069946289062,68.04735565185547,73.85552215576172,105.22000122070312
2012-05-03,,310.6400146484375,108.9398422241211,158.97000122070312,77.87552642822266,79.51026916503906,23.44398307800293,68.03926086425781,73.83939361572266,102.54000091552734
2012-05-04,,298.32000732421875,107.1795883178711,159.47000122070312,78.18546295166016,80.13427734375,23.02971839904785,68.06343078613281,73.83939361572266,98.48999786376953
2012-05-07,,296.3999938964844,107.25784301757812,159.0800018310547,78.16333770751953,80.14779663085938,22.978994369506836,68.06343078613281,73.85552215576172,97.94000244140625
2012-05-08,,294.9599914550781,106.82756042480469,156.0,78.34046936035156,80.57508087158203,22.89444923400879,68.07147979736328,73.85552215576172,97.01000213623047
2012-05-09,,292.1600036621094,106.19386291503906,154.47000122070312,78.4068832397461,80.62943267822266,22.716909408569336,68.06343078613281,73.85552215576172,96.80999755859375
2012-05-10,,292.8800048828125,106.41290283203125,154.77000427246094,78.29622650146484,80.3919906616211,22.72536277770996,68.05538940429688,73.85552215576172,97.08000183105469
2012-05-11,,290.0799865722656,106.09214782714844,153.55999755859375,78.5544662475586,81.05673217773438,22.556276321411133,68.06343078613281,73.85552215576172,96.12999725341797
2012-05-14,,284.8800048828125,104.91860961914062,151.3300018310547,78.90130615234375,82.18949127197266,22.260374069213867,68.05538940429688,73.85552215576172,94.77999877929688
2012-05-15,,282.239990234375,104.3162612915039,149.74000549316406,78.92352294921875,82.52188110351562,22.302644729614258,68.04735565185547,73.85552215576172,93.9800033569336
2012-05-16,,280.3999938964844,103.91727447509766,149.4600067138672,78.9825210571289,82.75928497314453,22.277280807495117,68.03926086425781,73.85552215576172,92.80999755859375
2012-05-17,,280.32000732421875,102.37606811523438,152.8000030517578,79.27778625488281,84.22437286376953,22.22655487060547,68.00701141357422,73.85552215576172,92.55999755859375
2012-05-18,,275.44000244140625,101.49984741210938,154.5500030517578,79.22611999511719,84.24473571777344,22.209644317626953,68.01507568359375,73.85552215576172,91.4800033569336
2012-05-21,,281.20001220703125,103.24444580078125,154.64999389648438,79.01942443847656,84.06839752197266,22.505550384521484,68.02315521240234,73.85552215576172,92.56999969482422
2012-05-22,,275.8399963378906,103.42436981201172,152.0800018310547,78.84963989257812,83.13232421875,22.184282302856445,67.99893951416016,73.82327270507812,91.66000366210938
2012-05-23,,272.7200012207031,103.47917938232422,151.6199951171875,79.05633544921875,83.70885467529297,21.939105987548828,68.03119659423828,73.82327270507812,89.9000015258789
2012-05-24,,274.0799865722656,103.68257904052734,151.41000366210938,78.88658142089844,83.39009094238281,21.94755744934082,68.00701141357422,73.85552215576172,90.66000366210938
2012-05-25,,273.760009765625,103.34613800048828,152.67999267578125,79.11537170410156,83.70211791992188,22.023649215698242,68.03926086425781,73.85552215576172,90.86000061035156
2012-05-29,,273.8399963378906,104.5978775024414,151.02000427246094,79.0489273071289,83.44432830810547,21.93065071105957,68.02315521240234,73.85552215576172,90.76000213623047
2012-05-30,,264.1600036621094,103.08015441894531,151.91000366210938,79.8017578125,85.56060791015625,21.52484130859375,68.05538940429688,73.85552215576172,87.81999969482422
2012-05-31,,260.8800048828125,102.85334014892578,151.6199951171875,80.1116943359375,86.55093383789062,21.33884620666504,68.07957458496094,73.85552215576172,86.52999877929688
2012-06-01,,251.44000244140625,100.26378631591797,157.5,80.79987335205078,88.60569763183594,20.89921760559082,68.08599090576172,73.85552215576172,83.2300033569336
2012-06-04,,254.0800018310547,100.21683502197266,157.32000732421875,80.33418273925781,87.90563201904297,21.017580032348633,68.07796478271484,73.85552215576172,83.9800033569336
2012-06-05,,254.0800018310547,100.97569274902344,157.13999938964844,80.06809997558594,86.72976684570312,20.94148826599121,68.09406280517578,73.85552215576172,84.29000091552734
2012-06-06,,257.20001220703125,103.24444580078125,157.2100067138672,79.54326629638672,84.9964828491211,21.33039093017578,68.06990051269531,73.83939361572266,85.0199966430664
2012-06-07,,253.75999450683594,103.3070068359375,154.5,79.73548889160156,85.12567138671875,21.18666648864746,68.0618667602539,73.83939361572266,84.81999969482422
2012-06-08,,254.39999389648438,104.12849426269531,154.72999572753906,79.79459381103516,85.10521697998047,21.254302978515625,68.0618667602539,73.83939361572266,84.0999984741211
2012-06-11,,245.60000610351562,102.80638885498047,155.36000061035156,80.0089340209961,85.49264526367188,20.865400314331055,68.0618667602539,73.83939361572266,82.69999694824219
2012-06-12,,251.36000061035156,103.98768615722656,156.4600067138672,79.58023071289062,84.71094512939453,20.96685028076172,68.0295639038086,73.85552215576172,83.31999969482422
2012-06-13,,248.8000030517578,103.32270812988281,157.1199951171875,80.00153350830078,85.54703521728516,20.80621910095215,68.02152252197266,73.85552215576172,82.62000274658203
2012-06-14,,253.83999633789062,104.41796875,157.75,79.78717041015625,85.43826293945312,21.0513973236084,68.0295639038086,73.85552215576172,83.91000366210938
2012-06-15,,253.0399932861328,105.48584747314453,157.83999633789062,80.15680694580078,85.9140625,21.017580032348633,68.05370330810547,73.83939361572266,84.02999877929688
2012-06-18,,250.55999755859375,105.69033813476562,157.92999267578125,80.13465881347656,86.37628173828125,21.034486770629883,68.03766632080078,73.85552215576172,83.2699966430664
2012-06-19,,253.44000244140625,106.71260833740234,157.16000366210938,79.86112976074219,85.24799346923828,21.21202850341797,68.0295639038086,73.82327270507812,84.02999877929688
2012-06-20,,243.9199981689453,106.53962707519531,155.97000122070312,79.69851684570312,85.66938781738281,20.865400314331055,68.00541687011719,73.82327270507812,81.80000305175781
2012-06-21,,235.67999267578125,104.1490249633789,152.02000427246094,79.8685302734375,86.12480926513672,20.417316436767578,68.01345825195312,73.85552215576172,78.19999694824219
2012-06-22,,240.8000030517578,104.95112609863281,152.63999938964844,79.52105712890625,84.97612762451172,20.620223999023438,68.02152252197266,73.83939361572266,79.76000213623047
2012-06-25,,238.39999389648438,103.26828002929688,153.75999450683594,79.95716857910156,86.21318054199219,20.831581115722656,68.02152252197266,73.85552215576172,79.20999908447266
2012-06-26,,238.47999572753906,103.78726196289062,152.6199951171875,79.77983856201172,85.87330627441406,20.97530746459961,68.00541687011719,73.85552215576172,79.36000061035156
2012-06-27,,241.60000610351562,104.72306060791016,152.8300018310547,79.89073944091797,86.0092544555664,21.093669891357422,68.00541687011719,73.83939361572266,80.20999908447266
2012-06-28,,236.0,104.42424011230469,151.0500030517578,80.14939880371094,86.219970703125,20.865400314331055,68.01345825195312,73.85552215576172,77.69000244140625
2012-06-29,,254.63999938964844,107.02720642089844,155.19000244140625,79.77983856201172,85.09844207763672,21.770017623901367,68.01345825195312,73.82327270507812,84.95999908447266
2012-07-02,,251.44000244140625,107.349609375,155.08999633789062,80.14994049072266,85.97645568847656,21.727745056152344,68.034423828125,73.82327270507812,83.75
2012-07-03,,263.5199890136719,108.05732727050781,157.4600067138672,79.95008850097656,85.31573486328125,22.336462020874023,68.01828002929688,73.82327270507812,87.66000366210938
2012-07-05,,260.9599914550781,107.56979370117188,155.67999267578125,80.16474914550781,85.75166320800781,22.42100715637207,68.0425033569336,73.82327270507812,87.22000122070312
2012-07-06,,252.72000122070312,106.54750061035156,153.7100067138672,80.44606018066406,86.54862213134766,21.905288696289062,68.06666564941406,73.82327270507812,84.44999694824219
2012-07-09,,257.3599853515625,106.4138412475586,154.0399932861328,80.66810607910156,87.31150817871094,22.294191360473633,68.06666564941406,73.82327270507812,85.98999786376953
2012-07-10,,252.16000366210938,105.48584747314453,152.14999389648438,80.70513916015625,87.48868560791016,22.006742477416992,68.06666564941406,73.82327270507812,83.91000366210938
2012-07-11,,258.6400146484375,105.5016098022461,152.99000549316406,80.63113403320312,87.59764099121094,22.251916885375977,68.07469177246094,73.82327270507812,85.80999755859375
2012-07-12,,257.6000061035156,104.99044036865234,152.58999633789062,80.81623840332031,88.21751403808594,22.302644729614258,68.09088897705078,73.82327270507812,86.08000183105469
2012-07-13,,261.44000244140625,106.75196075439453,154.13999938964844,80.74954986572266,87.98590850830078,22.573183059692383,68.10698699951172,73.83939361572266,87.0999984741211
2012-07-16,,264.9599914550781,106.50029754638672,154.2100067138672,80.92723846435547,88.39456939697266,22.8521785736084,68.13121795654297,73.82327270507812,88.43000030517578
2012-07-17,,267.0400085449219,107.23165893554688,153.47000122070312,80.71997833251953,87.6998291015625,22.877540588378906,68.12315368652344,73.82327270507812,89.22000122070312
2012-07-18,,269.5199890136719,108.02590942382812,153.0500030517578,80.8013687133789,87.74747467041016,23.0804443359375,68.13922119140625,73.82327270507812,89.87000274658203
2012-07-19,,277.1199951171875,108.30899810791016,153.3800048828125,80.6829605102539,87.52272033691406,23.35944175720215,68.15545654296875,73.83939361572266,92.66000366210938
2012-07-20,,273.6000061035156,107.3181381225586,153.6699981689453,81.00123596191406,88.59210205078125,23.35944175720215,68.1634750366211,73.82327270507812,91.44000244140625
2012-07-23,,264.0,106.23291778564453,153.02999877929688,81.13455963134766,89.08937072753906,22.86908721923828,68.17149353027344,73.82327270507812,88.13999938964844
2012-07-24,,265.20001220703125,105.32073211669922,153.52000427246094,81.29000854492188,89.79097747802734,22.733814239501953,68.15545654296875,73.83939361572266,88.5
2012-07-25,,265.67999267578125,105.34432983398438,155.6699981689453,81.33440399169922,90.02256774902344,22.90290641784668,68.1634750366211,73.85552215576172,88.97000122070312
2012-07-26,,267.2799987792969,107.08221435546875,156.77000427246094,81.08273315429688,89.19837951660156,22.94517707824707,68.1634750366211,73.83939361572266,89.38999938964844
2012-07-27,,269.3599853515625,109.0560531616211,157.5399932861328,80.49787902832031,87.51591491699219,23.181900024414062,68.11506652832031,73.85552215576172,90.12999725341797
2012-07-30,,267.6000061035156,109.0560531616211,157.42999267578125,80.75697326660156,88.1698226928711,23.317169189453125,68.14730834960938,73.85552215576172,89.77999877929688
2012-07-31,,261.44000244140625,108.29330444335938,156.49000549316406,80.89763641357422,88.34687042236328,23.038175582885742,68.1634750366211,73.82327270507812,88.05999755859375
2012-08-01,,265.3599853515625,108.19889831542969,155.13999938964844,80.60255432128906,87.90530395507812,23.071989059448242,68.15217590332031,73.83939361572266,88.91000366210938
2012-08-02,,260.79998779296875,107.45181274414062,154.1300048828125,80.79534149169922,88.40359497070312,22.877540588378906,68.1601791381836,73.83939361572266,87.12999725341797
2012-08-03,,272.55999755859375,109.58297729492188,155.5500030517578,80.37272644042969,86.97696685791016,23.266443252563477,68.13600158691406,73.83939361572266,91.4000015258789
2012-08-06,,275.3599853515625,109.79523468017578,156.3000030517578,80.42463684082031,87.01104736328125,23.401714324951172,68.14408874511719,73.85552215576172,92.19999694824219
2012-08-07,,279.2799987792969,110.34574127197266,156.27999877929688,80.00201416015625,85.8916015625,23.579254150390625,68.11185455322266,73.83939361572266,93.66999816894531
2012-08-08,,278.9599914550781,110.47940826416016,156.47999572753906,79.89083862304688,85.43425750732422,23.64689064025879,68.08760070800781,73.82327270507812,93.3499984741211
2012-08-09,,279.44000244140625,110.57379913330078,156.99000549316406,79.83157348632812,85.37283325195312,23.841341018676758,68.08760070800781,73.82327270507812,93.36000061035156
2012-08-10,,278.79998779296875,110.7546615600586,157.17999267578125,80.06133270263672,85.8028793334961,23.714521408081055,68.10376739501953,73.82327270507812,92.87000274658203
2012-08-13,,277.2799987792969,110.69963073730469,155.99000549316406,80.00946807861328,85.65955352783203,23.528528213500977,68.11185455322266,73.82327270507812,92.7300033569336
2012-08-14,,279.3599853515625,110.71532440185547,155.1300048828125,79.61652374267578,84.49909973144531,23.553892135620117,68.09564208984375,73.82327270507812,93.43000030517578
2012-08-15,,281.5199890136719,110.8411865234375,155.6300048828125,79.21621704101562,83.31135559082031,23.756797790527344,68.07144165039062,73.82327270507812,94.33000183105469
2012-08-16,,284.4800109863281,111.65901184082031,156.55999755859375,79.02342224121094,82.60143280029297,23.849794387817383,68.06344604492188,73.82327270507812,95.5999984741211
2012-08-17,,287.6000061035156,111.80839538574219,156.72000122070312,79.11984252929688,83.00421905517578,23.88361167907715,68.07144165039062,73.82327270507812,96.01000213623047
2012-08-20,,286.6400146484375,111.81622314453125,157.25999450683594,79.16429901123047,83.17484283447266,23.99351692199707,68.07144165039062,73.82327270507812,95.97000122070312
2012-08-21,,287.8399963378906,111.47811889648438,158.8300018310547,79.23101806640625,83.54344940185547,24.21333122253418,68.07144165039062,73.82327270507812,96.68000030517578
2012-08-22,,289.760009765625,111.52532958984375,160.5399932861328,79.84632110595703,84.92229461669922,24.340147018432617,68.11185455322266,73.82327270507812,97.26000213623047
2012-08-23,,286.0799865722656,110.61312103271484,161.88999938964844,79.98723602294922,85.2772445678711,24.22178840637207,68.11988830566406,73.82327270507812,96.2699966430664
2012-08-24,,285.44000244140625,111.28156280517578,161.97000122070312,79.95016479492188,85.1953353881836,24.111881256103516,68.11988830566406,73.82327270507812,96.1500015258789
2012-08-27,,284.8800048828125,111.30516052246094,161.36000061035156,80.15771484375,85.69361877441406,24.001972198486328,68.11185455322266,73.82327270507812,95.47000122070312
2012-08-28,,286.32000732421875,111.19505310058594,161.63999938964844,80.1874008178711,85.8984146118164,24.018882751464844,68.11988830566406,73.82327270507812,96.33000183105469
2012-08-29,,283.0400085449219,111.28156280517578,160.58999633789062,80.13543701171875,85.52294921875,24.061153411865234,68.11988830566406,73.82327270507812,95.48999786376953
2012-08-30,,282.0799865722656,110.47940826416016,160.52000427246094,80.28372192382812,85.96665954589844,24.086517333984375,68.1279525756836,73.82327270507812,94.62000274658203
2012-08-31,,287.1199951171875,111.00630187988281,164.22000122070312,80.80278778076172,87.18170166015625,24.340147018432617,68.16829681396484,73.82327270507812,96.47000122070312
2012-09-04,,284.0799865722656,110.90409088134766,164.47999572753906,80.61784362792969,87.09412384033203,24.348600387573242,68.16346740722656,73.82327270507812,95.30000305175781
2012-09-05,,284.55999755859375,110.80968475341797,164.30999755859375,80.58817291259766,86.6837387084961,24.230241775512695,68.16346740722656,73.83939361572266,95.36000061035156
2012-09-06,,281.8399963378906,113.05876922607422,164.88999938964844,80.03878021240234,85.2403564453125,24.22178840637207,68.13118743896484,73.83939361572266,95.52999877929688
2012-09-07,,287.0400085449219,113.49915313720703,168.44000244140625,80.14275360107422,84.84362030029297,24.492326736450195,68.14728546142578,73.82327270507812,96.41999816894531
2012-09-10,,286.79998779296875,112.85430145263672,167.2899932861328,80.17985534667969,85.04877471923828,24.52614402770996,68.13118743896484,73.82327270507812,96.54000091552734
2012-09-11,,288.8800048828125,113.16886138916016,167.89999389648438,80.03129577636719,84.51526641845703,24.57686996459961,68.14728546142578,73.82327270507812,97.16999816894531
2012-09-12,,288.32000732421875,113.54633331298828,167.9199981689453,79.6379165649414,83.46177673339844,24.703685760498047,68.13924407958984,73.82327270507812,97.01000213623047
2012-09-13,,292.0799865722656,115.27639770507812,171.30999755859375,79.86800384521484,83.13346862792969,24.872774124145508,68.16346740722656,73.82327270507812,98.30999755859375
2012-09-14,,294.7200012207031,115.78755187988281,171.8000030517578,79.11821746826172,80.9239730834961,25.134859085083008,68.13118743896484,73.82327270507812,99.0
2012-09-17,,286.0,115.39437103271484,170.39999389648438,79.2815170288086,81.89533996582031,24.441600799560547,68.13118743896484,73.82327270507812,96.62000274658203
2012-09-18,,284.55999755859375,115.30000305175781,171.72000122070312,79.48200988769531,82.30570220947266,24.26405906677246,68.13924407958984,73.82327270507812,95.29000091552734
2012-09-19,,272.9599914550781,115.36290740966797,171.74000549316406,79.66758728027344,82.8461685180664,23.908977508544922,68.13924407958984,73.82327270507812,91.9800033569336
2012-09-20,,276.0799865722656,115.37074279785156,171.47000122070312,79.712158203125,83.05139923095703,24.044246673583984,68.1231460571289,73.82327270507812,91.87000274658203
2012-09-21,,275.9200134277344,115.322509765625,171.9600067138672,79.88287353515625,83.14715576171875,24.204877853393555,68.13118743896484,73.82327270507812,92.88999938964844
2012-09-24,,272.7200012207031,115.1485824584961,171.0500030517578,80.06105041503906,83.79701232910156,23.951248168945312,68.13924407958984,73.82327270507812,91.93000030517578
2012-09-25,,270.0,113.9231948852539,170.77000427246094,80.35802459716797,84.62474060058594,23.97661018371582,68.1231460571289,73.82327270507812,91.37000274658203
2012-09-26,,266.7200012207031,113.28280639648438,169.80999755859375,80.69206237792969,85.53450012207031,23.80752182006836,68.13924407958984,73.82327270507812,89.9800033569336
2012-09-27,,273.20001220703125,114.35013580322266,172.33999633789062,80.52133178710938,84.92571258544922,24.103425979614258,68.14728546142578,73.83939361572266,91.8499984741211
2012-09-28,,272.9599914550781,113.8204574584961,171.88999938964844,80.52133178710938,84.97358703613281,24.247150421142578,68.17952728271484,73.82327270507812,92.19000244140625
2012-10-01,,274.0,114.12083435058594,172.2899932861328,80.67076873779297,85.28888702392578,24.280967712402344,68.18120574951172,73.82327270507812,92.4800033569336
2012-10-02,,272.1600036621094,114.23943328857422,172.10000610351562,80.61876678466797,85.1723403930664,24.154150009155273,68.16503143310547,73.83939361572266,91.88999938964844
2012-10-03,,260.8800048828125,114.70588684082031,172.41000366210938,80.7005386352539,85.19976806640625,23.739887237548828,68.16503143310547,73.82327270507812,88.13999938964844
2012-10-04,,271.5199890136719,115.52809143066406,173.61000061035156,80.38088989257812,84.13729095458984,24.255605697631836,68.16503143310547,73.82327270507812,91.70999908447266
2012-10-05,,266.79998779296875,115.5360107421875,172.6199951171875,80.01661682128906,83.04734802246094,24.12879180908203,68.13274383544922,73.82327270507812,89.87999725341797
2012-10-08,,265.760009765625,115.14067840576172,172.0500030517578,80.27680206298828,83.74652099609375,24.061153411865234,68.14088439941406,73.82327270507812,89.33000183105469
2012-10-09,,273.44000244140625,114.00225067138672,170.99000549316406,80.11329650878906,83.5957260131836,24.23869514465332,68.14088439941406,73.82327270507812,92.38999938964844
2012-10-10,,270.7200012207031,113.2749252319336,170.83999633789062,80.30652618408203,84.18524169921875,24.196422576904297,68.13274383544922,73.83939361572266,91.25
2012-10-11,,274.32000732421875,113.33816528320312,171.32000732421875,80.38088989257812,84.76795959472656,24.475419998168945,68.12467956542969,73.83939361572266,92.06999969482422
2012-10-12,,272.0,112.96658325195312,170.05999755859375,80.38827514648438,84.98043823242188,24.137243270874023,68.14891815185547,73.82327270507812,91.86000061035156
2012-10-15,,272.0,113.90738677978516,168.35000610351562,80.41058349609375,84.78849029541016,24.018882751464844,68.13274383544922,73.83939361572266,91.8499984741211
2012-10-16,,273.0400085449219,115.06160736083984,169.4199981689453,80.03145599365234,83.61628723144531,24.035791397094727,68.13274383544922,73.82327270507812,92.08999633789062
2012-10-17,,272.79998779296875,115.58344268798828,169.5399932861328,79.52600860595703,82.84170532226562,24.044246673583984,68.09239196777344,73.83939361572266,92.12000274658203
2012-10-18,,272.55999755859375,115.28301239013672,168.7899932861328,79.38475036621094,82.33441925048828,24.035791397094727,68.10052490234375,73.82327270507812,92.0999984741211
2012-10-19,,266.7200012207031,113.36186981201172,166.97000122070312,79.71923065185547,83.45178985595703,23.672252655029297,68.10052490234375,73.82327270507812,90.05000305175781
2012-10-22,,263.20001220703125,113.37767791748047,167.5800018310547,79.45165252685547,82.9170913696289,23.562345504760742,68.0762710571289,73.82327270507812,88.7300033569336
2012-10-23,,255.75999450683594,111.80439758300781,165.42999267578125,79.8307876586914,84.10301208496094,23.2748966217041,68.10852813720703,73.83939361572266,86.66999816894531
2012-10-24,,253.0399932861328,111.48822784423828,164.86000061035156,79.65982818603516,83.27352142333984,23.207263946533203,68.10052490234375,73.83939361572266,85.7300033569336
2012-10-25,,254.24000549316406,111.81233978271484,166.02000427246094,79.36988830566406,82.84850311279297,23.266443252563477,68.0762710571289,73.82327270507812,86.05000305175781
2012-10-26,,254.32000732421875,111.74906921386719,165.92999267578125,79.8753433227539,84.0687255859375,23.317169189453125,68.09239196777344,73.82327270507812,86.27999877929688
2012-10-31,,254.24000549316406,111.74906921386719,166.8300018310547,80.2025146484375,84.56224060058594,23.300260543823242,68.13274383544922,73.83939361572266,86.23999786376953
2012-11-01,,256.4800109863281,112.91912841796875,166.07000732421875,80.04239654541016,83.86994934082031,23.342531204223633,68.11664581298828,73.83939361572266,87.08999633789062
2012-11-02,,250.8000030517578,111.91511535644531,162.60000610351562,80.10942840576172,83.80826568603516,22.94517707824707,68.10852813720703,73.83939361572266,84.86000061035156
2012-11-05,,252.8800048828125,112.14437866210938,163.22999572753906,80.30292510986328,84.28118896484375,23.13962745666504,68.10852813720703,73.82327270507812,85.6500015258789
2012-11-06,,260.4800109863281,113.0219497680664,166.3000030517578,79.93817901611328,83.4860610961914,23.553892135620117,68.0843734741211,73.82327270507812,88.70999908447266
2012-11-07,,249.67999267578125,110.46046447753906,166.49000549316406,80.60809326171875,85.0009765625,23.1142635345459,68.14088439941406,73.83939361572266,84.44000244140625
2012-11-08,,250.39999389648438,109.13227081298828,167.99000549316406,80.96538543701172,86.26232147216797,23.148082733154297,68.14088439941406,73.83939361572266,85.08999633789062
2012-11-09,,253.83999633789062,109.22713470458984,167.82000732421875,80.97293090820312,86.35826873779297,23.334077835083008,68.14088439941406,73.83939361572266,86.06999969482422
2012-11-12,,252.72000122070312,109.31407165527344,167.4499969482422,81.02494049072266,86.50223541259766,23.224170684814453,68.14088439941406,73.83939361572266,85.56999969482422
2012-11-13,,251.27999877929688,108.9345932006836,167.10000610351562,81.12177276611328,86.79016876220703,23.181900024414062,68.14891815185547,73.83939361572266,85.37999725341797
2012-11-14,,254.16000366210938,107.4641342163086,167.13999938964844,81.14407348632812,86.87237548828125,23.24953269958496,68.16503143310547,73.83939361572266,86.31999969482422
2012-11-15,,251.9199981689453,107.28226470947266,166.08999633789062,81.10688018798828,86.70101928710938,23.156536102294922,68.16503143310547,73.83939361572266,85.44999694824219
2012-11-16,,255.44000244140625,107.81198120117188,165.8800048828125,81.15899658203125,86.62556457519531,23.25798797607422,68.16503143310547,73.83939361572266,86.66999816894531
2012-11-19,,261.3599853515625,109.99402618408203,167.8699951171875,80.99520111083984,86.13890075683594,23.697614669799805,68.156982421875,73.83939361572266,89.27999877929688
2012-11-20,,255.60000610351562,110.04143524169922,167.38999938964844,80.66027069091797,85.27515411376953,23.536983489990234,68.14088439941406,73.82327270507812,86.75
2012-11-21,,256.9599914550781,110.24698638916016,167.55999755859375,80.54113006591797,85.22720336914062,23.6384334564209,68.13274383544922,73.82327270507812,87.37999725341797
2012-11-23,,258.55999755859375,111.74906921386719,169.61000061035156,80.49649810791016,85.14498138427734,23.722978591918945,68.13274383544922,73.82327270507812,88.27999877929688
2012-11-26,,257.5199890136719,111.51190185546875,169.42999267578125,80.63043975830078,85.54938507080078,23.689163208007812,68.12467956542969,73.82327270507812,87.73999786376953
2012-11-27,,255.83999633789062,110.94268035888672,168.7100067138672,80.81656646728516,85.88529968261719,23.655344009399414,68.13274383544922,73.82327270507812,87.18000030517578
2012-11-28,,254.32000732421875,111.83606719970703,166.5500030517578,80.9207992553711,85.76187896728516,23.579254150390625,68.14088439941406,73.82327270507812,86.48999786376953
2012-11-29,,257.3599853515625,112.35784149169922,167.17999267578125,81.0025863647461,85.77555084228516,23.739887237548828,68.14088439941406,73.82327270507812,88.06999969482422
2012-11-30,,260.4800109863281,112.38156127929688,166.0500030517578,80.98772430419922,85.54248809814453,23.756797790527344,68.14891815185547,73.82327270507812,88.91000366210938
2012-12-03,,260.79998779296875,111.828125,166.1300048828125,80.9556884765625,85.62154388427734,23.815975189208984,68.15702056884766,73.82327270507812,89.08999633789062
2012-12-04,,259.20001220703125,111.67001342773438,164.4199981689453,81.09733581542969,86.11603546142578,23.604618072509766,68.15702056884766,73.82327270507812,88.5
2012-12-05,,257.760009765625,111.86766815185547,164.1199951171875,81.16441345214844,86.0748291015625,23.579254150390625,68.17314147949219,73.82327270507812,87.87999725341797
2012-12-06,,253.27999877929688,112.2471923828125,164.5,81.20911407470703,86.26032257080078,23.367895126342773,68.17314147949219,73.82327270507812,86.26000213623047
2012-12-07,,252.24000549316406,112.58707427978516,165.16000366210938,80.97811126708984,85.46354675292969,23.342531204223633,68.17314147949219,73.82327270507812,85.93000030517578
2012-12-10,,251.1199951171875,112.634521484375,165.8000030517578,81.05260467529297,85.84129333496094,23.291805267333984,68.17314147949219,73.82327270507812,85.55999755859375
2012-12-11,,251.75999450683594,113.40140533447266,165.64999389648438,80.89613342285156,85.18878936767578,23.24953269958496,68.17314147949219,73.82327270507812,85.79000091552734
2012-12-12,,254.24000549316406,113.45674133300781,165.77000427246094,80.55323791503906,84.19973754882812,23.35944175720215,68.1650619506836,73.82327270507812,86.7699966430664
2012-12-13,,252.63999938964844,112.76101684570312,164.3699951171875,80.39672088623047,84.26154327392578,23.148082733154297,68.1650619506836,73.82327270507812,85.88999938964844
2012-12-14,,254.47999572753906,112.3420639038086,164.1300048828125,80.57563781738281,84.8934326171875,23.291805267333984,68.18118286132812,73.82327270507812,86.7300033569336
2012-12-17,,256.0799865722656,113.66229248046875,164.44000244140625,80.15078735351562,83.62281036376953,23.2748966217041,68.1650619506836,73.82327270507812,87.19999694824219
2012-12-18,,257.44000244140625,114.92723846435547,162.0800018310547,79.83773040771484,82.77117156982422,23.334077835083008,68.1246566772461,73.83939361572266,87.93000030517578
2012-12-19,,261.3599853515625,114.0733871459961,161.69000244140625,79.94956970214844,83.0458755493164,23.418622970581055,68.14083099365234,73.82327270507812,89.51000213623047
2012-12-20,,261.8399963378906,114.7295913696289,159.72999572753906,80.00169372558594,83.0595932006836,23.308713912963867,68.13278198242188,73.82327270507812,90.12999725341797
2012-12-21,,258.8800048828125,113.68819427490234,160.3300018310547,80.21788787841797,83.96626281738281,23.266443252563477,68.14083099365234,73.82327270507812,88.66000366210938
2012-12-24,,257.9200134277344,113.33782196044922,160.6199951171875,80.13580322265625,83.81511688232422,23.190351486206055,68.14083099365234,73.82327270507812,88.61000061035156
2012-12-26,,265.20001220703125,112.86009216308594,160.77999877929688,80.30083465576172,84.11662292480469,23.427074432373047,68.1415786743164,73.82327270507812,90.9800033569336
2012-12-27,,265.5199890136719,112.70886993408203,161.16000366210938,80.46498107910156,84.39889526367188,23.427074432373047,68.16584014892578,73.82327270507812,90.87000274658203
2012-12-28,,264.32000732421875,111.49067687988281,160.5399932861328,80.65159606933594,84.88072204589844,23.35944175720215,68.16584014892578,73.83939361572266,90.80000305175781
2012-12-31,,266.9599914550781,113.38558959960938,162.02000427246094,80.2261962890625,83.41451263427734,23.486257553100586,68.16584014892578,73.82327270507812,91.81999969482422
2013-01-02,,270.55999755859375,116.29173278808594,163.1699981689453,79.8604965209961,82.29939270019531,23.570796966552734,68.14973449707031,73.82327270507812,93.12000274658203
2013-01-03,,269.9200134277344,116.02896118164062,161.1999969482422,79.4499282836914,81.1843032836914,23.3763484954834,68.14973449707031,73.82327270507812,92.91999816894531
2013-01-04,,271.0400085449219,116.53858184814453,160.44000244140625,79.48731994628906,81.50091552734375,23.2748966217041,68.15779113769531,73.83939361572266,93.08999633789062
2013-01-07,,271.3599853515625,116.22005462646484,159.42999267578125,79.53205871582031,81.53533935546875,23.317169189453125,68.15779113769531,73.80715942382812,93.19000244140625
2013-01-08,,271.67999267578125,115.88561248779297,160.55999755859375,79.72611999511719,82.07222747802734,23.3763484954834,68.16584014892578,73.80715942382812,93.1500015258789
2013-01-09,,271.0400085449219,116.18022918701172,160.49000549316406,79.77091979980469,81.9964828491211,23.342531204223633,68.19011688232422,73.80715942382812,93.0999984741211
2013-01-10,,273.3599853515625,117.10384368896484,161.97999572753906,79.53955841064453,81.76934814453125,23.427074432373047,68.18205261230469,73.80715942382812,93.81999969482422
2013-01-11,,272.4800109863281,117.09590148925781,161.05999755859375,79.79331970214844,82.4990005493164,23.325624465942383,68.17395782470703,73.80715942382812,93.55999755859375
2013-01-14,,274.239990234375,117.0162353515625,161.5399932861328,79.76345825195312,82.27185821533203,23.477802276611328,68.17395782470703,73.80715942382812,94.13999938964844
2013-01-15,,271.9200134277344,117.09590148925781,162.55999755859375,79.9574966430664,82.65045166015625,23.3763484954834,68.18205261230469,73.80715942382812,93.27999877929688
2013-01-16,,274.239990234375,117.0799560546875,162.64999389648438,80.06200408935547,82.822509765625,23.401714324951172,68.18205261230469,73.80715942382812,94.23999786376953
2013-01-17,,277.3599853515625,117.83637237548828,163.35000610351562,79.69630432128906,81.9964828491211,23.50316619873047,68.17395782470703,73.82327270507812,95.48999786376953
2013-01-18,,278.1600036621094,118.09905242919922,163.08999633789062,79.92018127441406,82.62981414794922,23.655344009399414,68.17395782470703,73.80715942382812,95.55999755859375
2013-01-22,,280.0799865722656,118.73603057861328,163.6699981689453,79.98733520507812,82.78809356689453,23.722978591918945,68.19011688232422,73.80715942382812,96.23999786376953
2013-01-23,,276.8800048828125,118.92709350585938,163.2100067138672,80.0246353149414,82.6642074584961,23.748342514038086,68.19011688232422,73.80715942382812,95.2300033569336
2013-01-24,,278.0799865722656,118.95895385742188,161.4199981689453,79.89036560058594,82.3750991821289,23.73143196105957,68.19011688232422,73.82327270507812,95.94999694824219
2013-01-25,,278.239990234375,119.62776184082031,160.64999389648438,79.36042785644531,81.24618530273438,23.680707931518555,68.15779113769531,73.80715942382812,95.87999725341797
2013-01-28,,279.5199890136719,119.48446655273438,160.2899932861328,79.19620513916016,80.9501953125,23.672252655029297,68.13356018066406,73.80715942382812,96.44000244140625
2013-01-29,,282.32000732421875,119.95421600341797,160.99000549316406,79.07678985595703,80.50277709960938,23.80752182006836,68.1415786743164,73.80715942382812,97.56999969482422
2013-01-30,,283.9200134277344,119.48446655273438,162.19000244140625,79.12156677246094,80.3651123046875,24.078060150146484,68.16584014892578,73.80715942382812,97.94000244140625
2013-01-31,,282.239990234375,119.18982696533203,161.1999969482422,79.18876647949219,80.7574691772461,24.06960678100586,68.17395782470703,73.82327270507812,97.48999786376953
2013-02-01,,282.79998779296875,120.41598510742188,161.4499969482422,78.91968536376953,79.70885467529297,24.162607192993164,68.16667938232422,73.80715942382812,97.7699966430664
2013-02-04,,278.239990234375,119.06246185302734,162.0,79.37561798095703,80.7298583984375,24.078060150146484,68.18282318115234,73.80715942382812,96.16999816894531
2013-02-05,,280.239990234375,120.26469421386719,161.9600067138672,79.09158325195312,80.01239013671875,24.171062469482422,68.18282318115234,73.82327270507812,96.63999938964844
2013-02-06,,280.32000732421875,120.35231018066406,162.38999938964844,79.33076477050781,80.66777801513672,24.137243270874023,68.19902801513672,73.82327270507812,96.62000274658203
2013-02-07,,277.44000244140625,120.19300079345703,161.83999633789062,79.36809539794922,80.4884262084961,24.044246673583984,68.19902801513672,73.82327270507812,95.83000183105469
2013-02-08,,277.6000061035156,120.86189270019531,161.57000732421875,79.42789459228516,80.79886627197266,24.137243270874023,68.2070541381836,73.82327270507812,95.72000122070312
2013-02-11,,280.9599914550781,120.83797454833984,159.6999969482422,79.345703125,80.7367935180664,24.052701950073242,68.18282318115234,73.82327270507812,97.02999877929688
2013-02-12,,282.239990234375,121.03705596923828,159.88999938964844,79.26346588134766,80.53670501708984,24.094970703125,68.16667938232422,73.82327270507812,97.51000213623047
2013-02-13,,281.5199890136719,121.14055633544922,159.0500030517578,78.98696899414062,79.88131713867188,24.103425979614258,68.1585464477539,73.80715942382812,97.01000213623047
2013-02-14,,282.1600036621094,121.25196838378906,158.35000610351562,79.32325744628906,80.60568237304688,24.06960678100586,68.16667938232422,73.82327270507812,97.30999755859375
2013-02-15,,277.760009765625,121.10865020751953,155.75999450683594,79.24851989746094,80.37114715576172,23.968156814575195,68.17475891113281,73.80715942382812,95.86000061035156
2013-02-19,,279.67999267578125,122.01634979248047,155.3300018310547,79.12152099609375,79.97102355957031,23.87515640258789,68.16667938232422,73.80715942382812,96.66000366210938
2013-02-20,,273.3599853515625,120.4955825805664,151.44000244140625,79.29341125488281,80.21244812011719,23.604618072509766,68.16667938232422,73.82327270507812,94.45999908447266
2013-02-21,,267.44000244140625,119.76309967041016,152.6199951171875,79.45030212402344,80.68159484863281,23.334077835083008,68.19091796875,73.80715942382812,92.83999633789062
2013-02-22,,268.79998779296875,120.93350982666016,152.97000122070312,79.54742431640625,80.7367935180664,23.334077835083008,68.19091796875,73.82327270507812,93.12999725341797
2013-02-25,,265.67999267578125,118.6325454711914,154.33999633789062,80.16031646728516,82.32352447509766,23.224170684814453,68.2070541381836,73.80715942382812,93.11000061035156
2013-02-26,,266.6400146484375,119.44464111328125,156.22000122070312,80.01080322265625,81.84748840332031,23.181900024414062,68.22319030761719,73.80715942382812,92.62999725341797
2013-02-27,,267.20001220703125,120.94947052001953,154.57000732421875,79.97344970703125,81.6060562133789,23.038175582885742,68.22319030761719,73.82327270507812,92.76000213623047
2013-02-28,,264.4800109863281,120.7105484008789,153.0,80.08558654785156,81.75782775878906,22.936721801757812,68.21510314941406,73.82327270507812,92.05000305175781
2013-03-01,,261.9200134277344,121.10865020751953,152.44000244140625,80.28534698486328,82.20304870605469,22.776090621948242,68.2296371459961,73.82327270507812,90.68000030517578
2013-03-04,,259.20001220703125,121.75360107421875,152.3000030517578,80.09829711914062,81.7674789428711,22.691543579101562,68.22159576416016,73.80715942382812,90.12000274658203
2013-03-05,,261.5199890136719,122.8443603515625,152.3800048828125,80.0159683227539,81.53245544433594,22.90290641784668,68.21354675292969,73.82327270507812,90.81999969482422
2013-03-06,,260.32000732421875,123.01156616210938,153.22999572753906,79.76156616210938,80.79265594482422,22.776090621948242,68.20543670654297,73.80715942382812,90.43000030517578
2013-03-07,,263.5199890136719,123.2344970703125,152.69000244140625,79.45481872558594,80.17042541503906,22.928268432617188,68.18931579589844,73.82327270507812,91.55999755859375
2013-03-08,,264.3999938964844,123.75997924804688,152.7100067138672,79.05078887939453,79.33385467529297,22.995901107788086,68.19734954833984,73.80715942382812,91.94999694824219
2013-03-11,,264.32000732421875,124.22972869873047,152.99000549316406,79.08818054199219,79.40990447998047,23.0128116607666,68.18931579589844,73.82327270507812,92.05999755859375
2013-03-12,,266.0799865722656,123.95112609863281,154.19000244140625,79.30512237548828,79.98377990722656,23.06353759765625,68.20543670654297,73.80715942382812,92.54000091552734
2013-03-13,,265.5199890136719,124.12621307373047,153.66000366210938,79.23780059814453,79.90083312988281,22.94517707824707,68.18931579589844,73.82327270507812,92.5199966430664
2013-03-14,,267.3599853515625,124.787109375,153.67999267578125,79.26026153564453,79.65877532958984,23.1142635345459,68.18931579589844,73.82327270507812,93.02999877929688
2013-03-15,,268.79998779296875,124.62234497070312,154.0,79.53707885742188,80.03216552734375,23.16499137878418,68.21354675292969,73.82327270507812,93.44999694824219
2013-03-18,,269.20001220703125,123.93457794189453,155.3800048828125,79.7989730834961,80.64056396484375,23.02971839904785,68.2296371459961,73.80715942382812,93.73999786376953
2013-03-19,,264.55999755859375,123.64662170410156,156.0800018310547,80.04591369628906,81.18672180175781,22.86063575744629,68.22159576416016,73.80715942382812,92.16000366210938
2013-03-20,,267.6000061035156,124.51036834716797,155.3699951171875,79.73912811279297,80.28105163574219,23.02126693725586,68.21354675292969,73.80715942382812,92.95999908447266
2013-03-21,,264.3999938964844,123.44669342041016,156.25,79.94866943359375,81.05536651611328,22.91981315612793,68.22159576416016,73.80715942382812,92.44999694824219
2013-03-22,,268.8800048828125,124.43844604492188,155.5500030517578,79.97856903076172,81.11758422851562,22.96208381652832,68.20543670654297,73.82327270507812,93.70999908447266
2013-03-25,,270.79998779296875,123.9185791015625,155.24000549316406,80.0384292602539,81.04153442382812,22.978994369506836,68.20543670654297,73.80715942382812,94.80999755859375
2013-03-26,,275.6000061035156,124.91024017333984,154.72000122070312,80.12068939208984,81.1383285522461,23.190351486206055,68.21354675292969,73.82327270507812,96.33999633789062
2013-03-27,,276.3999938964844,124.91024017333984,155.36000061035156,80.4649429321289,81.82971954345703,23.308713912963867,68.2296371459961,73.80715942382812,96.58000183105469
2013-03-28,,278.0,125.29411315917969,154.4499969482422,80.31522369384766,81.41488647460938,23.088899612426758,68.23774719238281,73.82327270507812,97.2300033569336
2013-04-01,,277.44000244140625,124.79829406738281,154.6699981689453,80.52876281738281,82.02810668945312,23.088899612426758,68.24420928955078,73.80715942382812,97.06999969482422
2013-04-02,,277.20001220703125,125.4140853881836,152.42999267578125,80.37149047851562,81.69551849365234,22.978994369506836,68.24420928955078,73.82327270507812,97.19000244140625
2013-04-03,,270.0799865722656,124.14250946044922,150.72999572753906,80.70861053466797,82.42994689941406,22.590091705322266,68.23619079589844,73.80715942382812,94.44999694824219
2013-04-04,,267.1199951171875,124.64633178710938,150.2899932861328,81.0307846069336,83.41380310058594,22.564729690551758,68.2603988647461,73.80715942382812,93.26000213623047
2013-04-05,,266.239990234375,124.08651733398438,152.80999755859375,81.28551483154297,85.09745788574219,22.547821044921875,68.2603988647461,73.82327270507812,92.69999694824219
2013-04-08,,267.9200134277344,124.92620086669922,152.16000366210938,81.02327728271484,84.44615936279297,22.615455627441406,68.24420928955078,73.82327270507812,93.36000061035156
2013-04-09,,269.1199951171875,125.35810089111328,153.33999633789062,81.05330657958984,84.23831939697266,22.75918197631836,68.24420928955078,73.82327270507812,94.19999694824219
2013-04-10,,270.6400146484375,126.89352416992188,150.75,80.71611022949219,83.08119201660156,22.708454132080078,68.24420928955078,73.82327270507812,94.63999938964844
2013-04-11,,267.67999267578125,127.30941009521484,151.0500030517578,80.8060531616211,83.24055480957031,22.615455627441406,68.24420928955078,73.80715942382812,93.51000213623047
2013-04-12,,260.239990234375,126.99756622314453,143.9499969482422,81.25552368164062,84.48080444335938,22.336462020874023,68.25230407714844,73.82327270507812,91.29000091552734
2013-04-15,,251.9199981689453,124.0545425415039,131.30999755859375,81.43535614013672,85.2152328491211,21.66856575012207,68.2603988647461,73.82327270507812,88.70999908447266
2013-04-16,,254.0800018310547,125.88593292236328,132.8000030517578,81.20317840576172,84.51543426513672,21.89683723449707,68.2603988647461,73.82327270507812,88.72000122070312
2013-04-17,,248.0800018310547,124.04652404785156,132.8699951171875,81.35298156738281,85.0766830444336,21.5755672454834,68.2603988647461,73.82327270507812,86.68000030517578
2013-04-18,,253.1199951171875,123.27074432373047,134.3000030517578,81.39794158935547,85.28450775146484,21.803836822509766,68.2603988647461,73.80715942382812,87.7300033569336
2013-04-19,,251.1199951171875,124.34246063232422,135.47000122070312,81.35298156738281,85.10437774658203,21.753108978271484,68.2603988647461,73.82327270507812,88.01000213623047
2013-04-22,,254.55999755859375,124.89421081542969,137.89999389648438,81.39794158935547,85.16676330566406,21.820743560791016,68.26847076416016,73.82327270507812,88.76000213623047
2013-04-23,,254.8800048828125,126.18186950683594,136.8800048828125,81.34546661376953,84.86881256103516,21.685474395751953,68.2603988647461,73.82327270507812,89.18000030517578
2013-04-24,,261.2799987792969,126.26177215576172,138.3699951171875,81.38296508789062,85.08362579345703,21.922197341918945,68.26847076416016,73.82327270507812,91.43000030517578
2013-04-25,,266.0,126.77363586425781,141.6300048828125,81.29303741455078,84.71639251708984,22.209644317626953,68.2603988647461,73.80715942382812,93.63999938964844
2013-04-26,,264.9599914550781,126.54969024658203,140.91000366210938,81.585205078125,85.49236297607422,22.08283233642578,68.27653503417969,73.80715942382812,93.0
2013-04-29,,268.8800048828125,127.39740753173828,142.3000030517578,81.5552978515625,85.18055725097656,22.378732681274414,68.29276275634766,73.80715942382812,94.5
2013-04-30,,265.2799987792969,127.70127868652344,142.77000427246094,81.54026794433594,85.2291259765625,22.209644317626953,68.28458404541016,73.80715942382812,93.45999908447266
2013-05-01,,259.1199951171875,126.5816879272461,141.11000061035156,81.80659484863281,86.10468292236328,21.81229019165039,68.29837799072266,73.80715942382812,91.02999877929688
2013-05-02,,267.9200134277344,127.75725555419922,141.9199981689453,81.80659484863281,85.99359130859375,22.09128189086914,68.29027557373047,73.82327270507812,93.98999786376953
2013-05-03,,272.0799865722656,129.05288696289062,142.08999633789062,81.10894775390625,83.9660873413086,22.336462020874023,68.26604461669922,73.80715942382812,95.61000061035156
2013-05-06,,273.1199951171875,129.3806915283203,142.14999389648438,81.0038833618164,83.75779724121094,22.361825942993164,68.26604461669922,73.80715942382812,96.16000366210938
2013-05-07,,272.0799865722656,130.03659057617188,140.3800048828125,80.89142608642578,83.4314956665039,22.285734176635742,68.26604461669922,73.80715942382812,95.62000274658203
2013-05-08,,275.20001220703125,130.62838745117188,142.4600067138672,80.98889923095703,83.56338500976562,22.38718605041504,68.27416229248047,73.82327270507812,96.62000274658203
2013-05-09,,273.3599853515625,130.26048278808594,140.80999755859375,80.9738998413086,83.34813690185547,22.378732681274414,68.26604461669922,73.82327270507812,96.38999938964844
2013-05-10,,273.1199951171875,130.6842803955078,139.60000610351562,80.51631164550781,82.45243835449219,22.277280807495117,68.25792694091797,73.80715942382812,96.04000091552734
2013-05-13,,270.8800048828125,130.7882537841797,138.42999267578125,80.3737564086914,81.82061004638672,22.175827026367188,68.24180603027344,73.82327270507812,95.16999816894531
2013-05-14,,268.4800109863281,132.13983154296875,137.80999755859375,80.05115509033203,80.93183898925781,22.0997371673584,68.24180603027344,73.80715942382812,94.20999908447266
2013-05-15,,268.8800048828125,132.8515625,134.6300048828125,80.2612075805664,81.47339630126953,22.049015045166016,68.2499008178711,73.80715942382812,94.30000305175781
2013-05-16,,270.9599914550781,132.22781372070312,134.08999633789062,80.64382934570312,82.32057189941406,22.023649215698242,68.26604461669922,73.80715942382812,95.16000366210938
2013-05-17,,273.67999267578125,133.50733947753906,131.07000732421875,80.20872497558594,81.27901458740234,22.133556365966797,68.2499008178711,73.82327270507812,96.0199966430664
2013-05-20,,275.5199890136719,133.49937438964844,135.1199951171875,80.14867401123047,81.18180847167969,22.277280807495117,68.25792694091797,73.80715942382812,96.70999908447266
2013-05-21,,272.8800048828125,133.6912384033203,132.8800048828125,80.35877990722656,81.82061004638672,22.150466918945312,68.25792694091797,73.82327270507812,96.16000366210938
2013-05-22,,267.67999267578125,132.69964599609375,131.94000244140625,79.72110748291016,80.60549926757812,22.049015045166016,68.23372650146484,73.82327270507812,94.27999877929688
2013-05-23,,268.32000732421875,132.3157958984375,134.61000061035156,79.80364990234375,80.98739624023438,22.150466918945312,68.2499008178711,73.82327270507812,94.25
2013-05-24,,266.9599914550781,132.2037811279297,133.75999450683594,79.83364868164062,81.0985107421875,22.065919876098633,68.23372650146484,73.82327270507812,94.1500015258789
2013-05-28,,270.32000732421875,132.9954833984375,133.49000549316406,78.89591217041016,79.04319763183594,22.26882553100586,68.18523406982422,73.80715942382812,95.01000213623047
2013-05-29,,264.79998779296875,132.1318359375,134.8300018310547,79.21851348876953,79.93202209472656,22.125102996826172,68.18523406982422,73.82327270507812,93.12999725341797
2013-05-30,,266.0,132.61965942382812,136.6999969482422,79.22602081298828,79.73755645751953,22.125102996826172,68.20133972167969,73.80715942382812,93.61000061035156
2013-05-31,,260.8800048828125,130.71630859375,133.9199981689453,79.00843811035156,79.46678161621094,21.863018035888672,68.19329071044922,73.82327270507812,91.97000122070312
2013-06-03,,265.2799987792969,131.43600463867188,136.50999450683594,79.12262725830078,79.88784790039062,22.133556365966797,68.21509552001953,73.82327270507812,93.44999694824219
2013-06-04,,265.6000061035156,130.8042755126953,135.22999572753906,78.91978454589844,79.15009307861328,22.218101501464844,68.21509552001953,73.82327270507812,93.30999755859375
2013-06-05,,266.0799865722656,128.972900390625,135.52000427246094,79.3028564453125,80.24284362792969,22.116647720336914,68.22321319580078,73.82327270507812,93.73999786376953
2013-06-06,,268.9599914550781,130.14044189453125,136.52999877929688,79.40050506591797,80.19412994384766,22.20119285583496,68.21509552001953,73.80715942382812,94.76000213623047
2013-06-07,,273.2799987792969,131.79592895507812,133.27999877929688,78.7845687866211,78.76038360595703,22.251916885375977,68.20702362060547,73.82327270507812,96.02999877929688
2013-06-10,,272.0,131.79592895507812,133.94000244140625,78.58926391601562,78.38450622558594,22.167373657226562,68.18277740478516,73.80715942382812,95.7699966430664
2013-06-11,,270.32000732421875,130.4364013671875,133.25,78.7845687866211,79.3171615600586,21.972925186157227,68.1746826171875,73.82327270507812,95.37999725341797
2013-06-12,,272.239990234375,129.35675048828125,134.25,78.43158721923828,78.18268585205078,21.9982852935791,68.16663360595703,73.80715942382812,95.87999725341797
2013-06-13,,274.6400146484375,131.3241424560547,133.74000549316406,79.02500915527344,79.40766143798828,22.142011642456055,68.19901275634766,73.82327270507812,96.69000244140625
2013-06-14,,277.9200134277344,130.50039672851562,134.42999267578125,79.1301498413086,79.21971130371094,22.235008239746094,68.24747467041016,73.80715942382812,97.8499984741211
2013-06-17,,278.0799865722656,131.508056640625,133.77000427246094,78.94231414794922,78.8021240234375,22.285734176635742,68.24747467041016,73.80715942382812,97.7699966430664
2013-06-18,,279.67999267578125,132.54769897460938,132.1300048828125,78.89725494384766,78.84384155273438,22.328006744384766,68.24747467041016,73.80715942382812,98.44000244140625
2013-06-19,,278.239990234375,130.71630859375,130.58999633789062,77.81555938720703,78.02952575683594,22.361825942993164,68.16663360595703,73.80715942382812,98.23999786376953
2013-06-20,,269.0400085449219,127.47737884521484,123.5999984741211,77.4625244140625,76.74887084960938,21.634748458862305,68.15851593017578,73.80715942382812,95.4000015258789
2013-06-21,,265.8399963378906,127.88654327392578,125.05000305175781,76.6436767578125,75.44734954833984,21.49947738647461,68.10193634033203,73.82327270507812,93.69000244140625
2013-06-24,,269.1199951171875,126.27067565917969,123.93000030517578,76.45586395263672,75.76056671142578,21.40648078918457,68.06962585449219,73.82327270507812,95.18000030517578
2013-06-25,,269.9200134277344,127.48471069335938,123.47000122070312,76.36576843261719,75.08541107177734,21.42338752746582,68.06157684326172,73.82327270507812,95.31999969482422
2013-06-26,,270.3999938964844,128.74685668945312,118.27999877929688,76.67374420166016,75.57260131835938,21.36421012878418,68.09387969970703,73.82327270507812,95.5
2013-06-27,,274.6400146484375,129.50253295898438,115.94000244140625,77.08689880371094,76.34518432617188,21.355754852294922,68.13433837890625,73.80715942382812,97.05000305175781
2013-06-28,,273.44000244140625,128.9718475341797,119.11000061035156,76.9968032836914,76.86721801757812,21.245845794677734,68.12621307373047,73.80715942382812,96.55999755859375
2013-07-01,,277.3599853515625,129.72769165039062,121.12999725341797,77.02613067626953,77.0220718383789,21.381114959716797,68.1561508178711,73.82327270507812,97.98999786376953
2013-07-02,,281.67999267578125,129.6071014404297,120.05000305175781,77.0561752319336,76.97325134277344,21.46565818786621,68.16423797607422,73.80715942382812,99.5999984741211
2013-07-03,,286.7200012207031,129.66334533691406,120.73999786376953,76.90575408935547,76.7430191040039,21.660114288330078,68.1561508178711,73.82327270507812,101.23999786376953
2013-07-05,,292.4800109863281,131.06222534179688,118.08999633789062,75.61198425292969,74.12701416015625,21.60938262939453,68.0833740234375,73.82327270507812,103.22000122070312
2013-07-08,,291.2799987792969,131.8098907470703,119.51000213623047,76.05571746826172,74.84557342529297,21.71929359436035,68.13189697265625,73.79104614257812,103.13999938964844
2013-07-09,,294.1600036621094,132.7586669921875,120.62000274658203,76.18363952636719,74.92231750488281,21.854562759399414,68.123779296875,73.79104614257812,103.52999877929688
2013-07-10,,299.44000244140625,132.80682373046875,120.94999694824219,75.9128189086914,74.3363265991211,21.922197341918945,68.123779296875,73.79104614257812,106.5199966430664
2013-07-11,,296.0799865722656,134.6157684326172,124.23999786376953,76.67259979248047,75.20829772949219,22.032102584838867,68.18040466308594,73.79104614257812,104.91000366210938
2013-07-12,,300.4800109863281,134.67205810546875,124.12999725341797,76.61238098144531,75.14554595947266,22.116647720336914,68.13995361328125,73.79104614257812,105.94999694824219
2013-07-15,,301.3599853515625,135.18658447265625,124.18000030517578,76.85306549072266,75.54317474365234,22.057466506958008,68.17228698730469,73.79104614257812,106.31999969482422
2013-07-16,,299.8399963378906,134.6800994873047,124.88999938964844,76.89071655273438,75.80130004882812,22.08283233642578,68.18040466308594,73.79104614257812,106.0
2013-07-17,,302.3999938964844,135.0258026123047,123.31999969482422,77.22920989990234,75.94078063964844,22.065919876098633,68.20462036132812,73.79104614257812,106.4800033569336
2013-07-18,,306.7200012207031,135.76547241210938,124.01000213623047,76.86815643310547,74.9920654296875,22.15892219543457,68.196533203125,73.80715942382812,108.04000091552734
2013-07-19,,307.6000061035156,136.00665283203125,125.11000061035156,77.28936767578125,76.17798614501953,22.175827026367188,68.22884368896484,73.80715942382812,108.05000305175781
2013-07-22,,303.3599853515625,136.27191162109375,128.83999633789062,77.28181457519531,76.28959655761719,22.15892219543457,68.22884368896484,73.80715942382812,106.91000366210938
2013-07-23,,304.7200012207031,135.98245239257812,129.7100067138672,77.19158935546875,75.96867370605469,22.19273567199707,68.2208023071289,73.80715942382812,107.2300033569336
2013-07-24,,299.20001220703125,135.48410034179688,127.4800033569336,76.67259979248047,75.00604248046875,22.015195846557617,68.1884536743164,73.82327270507812,105.38999938964844
2013-07-25,,300.6400146484375,135.81362915039062,128.6699981689453,76.78536224365234,74.97809600830078,21.989831924438477,68.22884368896484,73.79104614257812,105.48999786376953
2013-07-26,,297.67999267578125,135.95840454101562,128.77999877929688,76.85306549072266,75.43852996826172,21.854562759399414,68.23698425292969,73.79104614257812,104.69999694824219
2013-07-29,,297.0400085449219,135.5403594970703,128.47000122070312,76.69509887695312,74.88738250732422,21.846105575561523,68.22884368896484,73.80715942382812,104.55000305175781
2013-07-30,,293.3599853515625,135.5403594970703,128.1199951171875,76.67259979248047,74.85951232910156,21.770017623901367,68.23698425292969,73.79104614257812,103.08000183105469
2013-07-31,,298.8800048828125,135.63682556152344,127.95999908447266,76.72517395019531,75.131591796875,21.922197341918945,68.23698425292969,73.80715942382812,105.02999877929688
2013-08-01,,306.1600036621094,137.20452880859375,126.61000061035156,76.04808044433594,73.68391418457031,21.972925186157227,68.21112060546875,73.79104614257812,107.88999938964844
2013-08-02,,303.5199890136719,137.43771362304688,126.36000061035156,76.69586944580078,74.49518585205078,21.888378143310547,68.25961303710938,73.80715942382812,106.94000244140625
2013-08-05,,302.6400146484375,137.23670959472656,125.69999694824219,76.45475006103516,73.92166900634766,21.778474807739258,68.25154113769531,73.80715942382812,106.55999755859375
2013-08-06,,299.67999267578125,136.45687866210938,123.97000122070312,76.47740936279297,74.13851165771484,21.60093116760254,68.24339294433594,73.80715942382812,105.30000305175781
2013-08-07,,296.0799865722656,136.0146942138672,124.1500015258789,76.75605773925781,74.69099426269531,21.457204818725586,68.25961303710938,73.79104614257812,104.37000274658203
2013-08-08,,294.7200012207031,136.51312255859375,126.86000061035156,76.86905670166016,74.8937759399414,21.567110061645508,68.25961303710938,73.79104614257812,103.4000015258789
2013-08-09,,300.7200012207031,136.1191864013672,126.86000061035156,76.92179107666016,75.01270294189453,21.71929359436035,68.24339294433594,73.80715942382812,105.97000122070312
2013-08-12,,302.0799865722656,135.95840454101562,129.1300048828125,76.77115631103516,74.50218200683594,21.98137855529785,68.24339294433594,73.80715942382812,106.11000061035156
2013-08-13,,303.20001220703125,136.36033630371094,127.73999786376953,76.07817840576172,73.4251480102539,21.972925186157227,68.21112060546875,73.80715942382812,106.83000183105469
2013-08-14,,304.7200012207031,135.66091918945312,129.0,76.14598083496094,73.53704071044922,22.150466918945312,68.21112060546875,73.80715942382812,106.8499984741211
2013-08-15,,305.9200134277344,133.76356506347656,131.69000244140625,75.7241439819336,72.5439682006836,22.361825942993164,68.18685913085938,73.80715942382812,107.33000183105469
2013-08-16,,307.20001220703125,133.32142639160156,132.5800018310547,75.430419921875,72.29218292236328,22.370277404785156,68.19493103027344,73.80715942382812,107.45999908447266
2013-08-19,,305.3599853515625,132.46920776367188,132.00999450683594,75.10648345947266,71.66278839111328,22.34491539001465,68.17874145507812,73.79104614257812,107.0999984741211
2013-08-20,,300.1600036621094,133.12034606933594,132.4499969482422,75.51322937011719,72.21527099609375,22.302644729614258,68.19493103027344,73.80715942382812,104.97000122070312
2013-08-21,,297.3599853515625,132.3003692626953,132.07000732421875,75.03874206542969,71.42498016357422,22.277280807495117,68.15449523925781,73.80715942382812,103.8499984741211
2013-08-22,,300.32000732421875,133.50633239746094,132.80999755859375,75.008544921875,72.15228271484375,22.285734176635742,68.13023376464844,73.79104614257812,105.02999877929688
2013-08-23,,303.6000061035156,133.95651245117188,134.89999389648438,75.430419921875,72.9356460571289,22.463275909423828,68.13023376464844,73.80715942382812,106.41999816894531
2013-08-26,,303.67999267578125,133.45806884765625,135.4499969482422,75.58099365234375,73.29925537109375,22.590091705322266,68.15449523925781,73.79104614257812,105.91999816894531
2013-08-27,,310.9599914550781,131.3114471435547,136.75,76.01038360595703,74.22236633300781,22.809904098510742,68.18685913085938,73.79104614257812,109.01000213623047
2013-08-28,,312.6400146484375,131.77781677246094,136.7100067138672,75.70158386230469,73.62095642089844,22.84372329711914,68.14641571044922,73.79104614257812,110.0999984741211
2013-08-29,,308.6400146484375,131.98680114746094,135.8699951171875,75.77690887451172,74.20841217041016,22.60700035095215,68.16258239746094,73.80715942382812,108.80000305175781
2013-08-30,,307.8399963378906,131.56875610351562,134.6199951171875,75.6337661743164,74.12451171875,22.539365768432617,68.17069244384766,73.80715942382812,107.6500015258789
2013-09-03,,310.0799865722656,132.16368103027344,136.4199981689453,75.20454406738281,73.07898712158203,22.657726287841797,68.14476013183594,73.80715942382812,108.54000091552734
2013-09-04,,306.7200012207031,133.25709533691406,134.66000366210938,74.9555435180664,72.91776275634766,22.463275909423828,68.08011627197266,73.80715942382812,107.2300033569336
2013-09-05,,309.5199890136719,133.42596435546875,132.1999969482422,74.38224792480469,71.90099334716797,22.412551879882812,68.0153579711914,73.80715942382812,108.37000274658203
2013-09-06,,314.8800048828125,133.49020385742188,134.14999389648438,74.83489990234375,72.25858306884766,22.539365768432617,68.08011627197266,73.80715942382812,110.52999877929688
2013-09-09,,311.5199890136719,134.76853942871094,133.91000366210938,74.98574829101562,72.2936782836914,22.39564323425293,68.09626007080078,73.77490997314453,109.5199966430664
2013-09-10,,306.7200012207031,135.76547241210938,131.74000549316406,74.6387710571289,71.7888412475586,22.19273567199707,68.07199096679688,73.79104614257812,107.38999938964844
2013-09-11,,307.8399963378906,136.19154357910156,131.6999969482422,75.015869140625,72.4269027709961,22.22655487060547,68.10436248779297,73.79104614257812,107.55999755859375
2013-09-12,,310.9599914550781,135.82974243164062,127.66999816894531,75.02342224121094,72.32876586914062,22.336462020874023,68.10436248779297,73.79104614257812,108.5999984741211
2013-09-13,,310.79998779296875,136.13528442382812,127.81999969482422,75.12152862548828,72.60921478271484,22.26882553100586,68.10436248779297,73.80715942382812,108.20999908447266
2013-09-16,,304.8800048828125,136.923095703125,126.44999694824219,75.28749084472656,72.12537384033203,21.989831924438477,68.15284729003906,73.79104614257812,106.58999633789062
2013-09-17,,301.9200134277344,137.53419494628906,126.5,75.43834686279297,72.72139739990234,21.761564254760742,68.17715454101562,73.79104614257812,105.41999816894531
2013-09-18,,309.44000244140625,139.12603759765625,132.00999450683594,76.37378692626953,73.61891174316406,22.235008239746094,68.26609802246094,73.80715942382812,108.06999969482422
2013-09-19,,304.6400146484375,138.8928680419922,131.75,76.10978698730469,73.18418884277344,22.150466918945312,68.2418441772461,73.80715942382812,106.38999938964844
2013-09-20,,302.1600036621094,137.92173767089844,127.95999908447266,76.1852035522461,73.56986999511719,21.94755744934082,68.24993133544922,73.79104614257812,104.68000030517578
2013-09-23,,298.1600036621094,137.28363037109375,127.55000305175781,76.47188568115234,74.10977172851562,21.786928176879883,68.26609802246094,73.79104614257812,103.58999633789062
2013-09-24,,297.760009765625,136.9604034423828,127.66000366210938,76.75098419189453,74.9091567993164,21.778474807739258,68.27418518066406,73.79104614257812,103.12999725341797
2013-09-25,,295.0400085449219,136.56455993652344,128.7899932861328,76.96222686767578,75.0634536743164,21.81229019165039,68.29845428466797,73.79104614257812,102.66000366210938
2013-09-26,,296.6400146484375,137.08970642089844,127.79000091552734,76.79624938964844,74.53752136230469,21.98137855529785,68.26609802246094,73.79104614257812,103.02999877929688
2013-09-27,,295.67999267578125,136.45953369140625,128.97000122070312,76.90189361572266,74.7198486328125,21.871471405029297,68.30655670166016,73.79104614257812,102.87000274658203
2013-09-30,,294.79998779296875,135.73240661621094,128.17999267578125,77.03009796142578,74.60762786865234,21.778474807739258,68.32268524169922,73.79104614257812,102.33000183105469
2013-10-01,,293.44000244140625,136.80697631835938,124.58999633789062,76.85868835449219,74.38124084472656,21.634748458862305,68.30493927001953,73.80715942382812,102.04000091552734
2013-10-02,,299.3599853515625,136.6776885986328,127.05999755859375,76.9870376586914,74.4937515258789,21.846105575561523,68.31301879882812,73.80715942382812,104.0999984741211
2013-10-03,,297.1199951171875,135.4174041748047,127.18000030517578,77.09278106689453,74.37419891357422,21.81229019165039,68.31301879882812,73.80715942382812,103.30999755859375
2013-10-04,,298.4800109863281,136.44337463378906,126.52999877929688,76.88129425048828,74.31798553466797,21.879924774169922,68.28878784179688,73.80715942382812,103.83999633789062
2013-10-07,,297.1199951171875,135.2638397216797,127.63999938964844,76.94930267333984,74.62028503417969,22.032102584838867,68.28878784179688,73.80715942382812,103.02999877929688
2013-10-08,,298.4800109863281,133.68849182128906,127.4000015258789,76.91150665283203,74.64138793945312,22.108190536499023,68.23213195800781,73.80715942382812,103.48999786376953
2013-10-09,,292.3999938964844,133.78543090820312,126.11000061035156,76.77550506591797,74.04377746582031,21.94755744934082,68.25640106201172,73.79104614257812,101.61000061035156
2013-10-10,,296.79998779296875,136.66961669921875,124.2699966430664,76.60930633544922,74.1633071899414,22.22655487060547,68.25640106201172,73.77490997314453,103.01000213623047
2013-10-11,,294.0,137.55015563964844,122.5999984741211,76.7226333618164,74.14226531982422,22.108190536499023,68.25640106201172,73.75885772705078,102.0199966430664
2013-10-14,,294.9599914550781,138.09959411621094,122.83000183105469,76.46577453613281,73.54464721679688,22.0997371673584,68.23213195800781,73.75885772705078,102.41000366210938
2013-10-15,,291.760009765625,137.0977783203125,123.7300033569336,76.4808578491211,73.49537658691406,22.023649215698242,68.25640106201172,73.75885772705078,101.20999908447266
2013-10-16,,295.3599853515625,139.01246643066406,123.54000091552734,76.85104370117188,74.4163818359375,22.19273567199707,68.2806396484375,73.77490997314453,102.29000091552734
2013-10-17,,291.0400085449219,139.94149780273438,127.41999816894531,77.28925323486328,75.0913314819336,22.074377059936523,68.30493927001953,73.77490997314453,100.66999816894531
2013-10-18,,291.6000061035156,140.88673400878906,126.8499984741211,77.29680633544922,75.25299072265625,22.20119285583496,68.30493927001953,73.79104614257812,100.80999755859375
2013-10-21,,287.5199890136719,140.8948211669922,126.9800033569336,77.24394226074219,75.01396942138672,22.150466918945312,68.30493927001953,73.79104614257812,99.22000122070312
2013-10-22,,283.2799987792969,141.71078491210938,129.33999633789062,77.78031921386719,75.85060119628906,22.125102996826172,68.36155700683594,73.79104614257812,97.80000305175781
2013-10-23,,279.6000061035156,141.03213500976562,128.69000244140625,77.91632843017578,76.14588165283203,21.786928176879883,68.33729553222656,73.79104614257812,96.86000061035156
2013-10-24,,279.9200134277344,141.50079345703125,129.89999389648438,77.75767517089844,75.85060119628906,21.79538345336914,68.32917785644531,73.77490997314453,97.11000061035156
2013-10-25,,282.55999755859375,142.14703369140625,130.4600067138672,77.89368438720703,76.13184356689453,21.863018035888672,68.34538269042969,73.79104614257812,97.8499984741211
2013-10-28,,284.3999938964844,142.3732452392578,130.55999755859375,77.81816864013672,75.87168884277344,21.94755744934082,68.36155700683594,73.79104614257812,98.68000030517578
2013-10-29,,283.2799987792969,143.1326141357422,129.77000427246094,77.92388916015625,75.97008514404297,21.888378143310547,68.36155700683594,73.77490997314453,98.19999694824219
2013-10-30,,278.79998779296875,142.4216766357422,129.60000610351562,77.71991729736328,75.51316833496094,21.956012725830078,68.36155700683594,73.77490997314453,96.7699966430664
2013-10-31,,277.5199890136719,142.0177001953125,127.73999786376953,77.62925720214844,75.67484283447266,21.770017623901367,68.36968994140625,73.77490997314453,96.37999725341797
2013-11-01,,273.0400085449219,142.35708618164062,126.94999694824219,77.19867706298828,74.8557357788086,21.49947738647461,68.34453582763672,73.77490997314453,94.61000061035156
2013-11-04,,272.32000732421875,142.8579559326172,126.80999755859375,77.35005950927734,74.92620849609375,21.40648078918457,68.36078643798828,73.77490997314453,94.62000274658203
2013-11-05,,269.3599853515625,142.40554809570312,126.55999755859375,77.00196838378906,74.03095245361328,21.34729766845703,68.36078643798828,73.77490997314453,93.37000274658203
2013-11-06,,273.5199890136719,143.1326141357422,127.19999694824219,77.23650360107422,74.06613159179688,21.36421012878418,68.37690734863281,73.79104614257812,94.80000305175781
2013-11-07,,271.760009765625,141.32293701171875,126.16000366210938,77.44085693359375,74.69358825683594,21.21202850341797,68.39312744140625,73.77490997314453,94.19999694824219
2013-11-08,,272.0799865722656,143.22958374023438,124.27999877929688,76.57063293457031,72.8960952758789,21.33039093017578,68.34453582763672,73.77490997314453,94.5999984741211
2013-11-11,,274.0799865722656,143.25384521484375,123.87000274658203,76.53278350830078,72.62109375,21.42338752746582,68.36078643798828,73.79104614257812,95.13999938964844
2013-11-12,,269.1199951171875,142.96292114257812,122.44999694824219,76.46471405029297,72.95947265625,21.279664993286133,68.34453582763672,73.79104614257812,93.04000091552734
2013-11-13,,271.20001220703125,144.11016845703125,122.8499984741211,76.78251647949219,73.22737121582031,21.372663497924805,68.34453582763672,73.79104614257812,93.87999725341797
2013-11-14,,271.44000244140625,144.82925415039062,124.2699966430664,77.1533203125,73.67849731445312,21.46565818786621,68.38499450683594,73.77490997314453,93.76000213623047
2013-11-15,,271.0400085449219,145.45932006835938,124.31999969482422,77.09271240234375,73.82652282714844,21.43184471130371,68.38499450683594,73.77490997314453,93.83999633789062
2013-11-18,,268.9599914550781,144.9503631591797,122.9000015258789,77.36516571044922,74.27069854736328,21.288118362426758,68.41741943359375,73.77490997314453,93.02999877929688
2013-11-19,,269.760009765625,144.63531494140625,122.94999694824219,77.07762908935547,73.70669555664062,21.254302978515625,68.39312744140625,73.77490997314453,93.33999633789062
2013-11-20,,269.0400085449219,144.18287658691406,120.12000274658203,76.65386962890625,72.45188903808594,21.271209716796875,68.40123748779297,73.77490997314453,93.33000183105469
2013-11-21,,273.3599853515625,145.3462371826172,119.94000244140625,76.72196960449219,72.57182312011719,21.541751861572266,68.43356323242188,73.79104614257812,95.44000244140625
2013-11-22,,272.32000732421875,146.07333374023438,119.91999816894531,76.94140625,73.24847412109375,21.60938262939453,68.41741943359375,73.77490997314453,94.83999633789062
2013-11-25,,270.55999755859375,145.9279327392578,120.45999908447266,77.00196838378906,73.45996856689453,21.584022521972656,68.41741943359375,73.77490997314453,94.08999633789062
2013-11-26,,269.5199890136719,145.96832275390625,119.81999969482422,77.16844940185547,73.73482513427734,21.5755672454834,68.42549133300781,73.77490997314453,93.68000030517578
2013-11-27,,265.5199890136719,146.32379150390625,119.45999908447266,76.994384765625,73.60802459716797,21.5755672454834,68.42549133300781,73.79104614257812,92.30000305175781
2013-11-29,,267.67999267578125,146.2268829345703,120.69999694824219,76.94898223876953,73.62915802001953,21.567110061645508,68.43356323242188,73.75885772705078,92.72000122070312
2013-12-02,,269.44000244140625,145.84716796875,117.58000183105469,76.61849212646484,73.05651092529297,21.541751861572266,68.39230346679688,73.77490997314453,93.81999969482422
2013-12-03,,276.0799865722656,145.21697998046875,117.95999908447266,76.75492095947266,73.32514190673828,21.66856575012207,68.40848541259766,73.79104614257812,96.04000091552734
2013-12-04,,279.0400085449219,145.20083618164062,119.95999908447266,76.4062728881836,72.62518310546875,21.710838317871094,68.39230346679688,73.79104614257812,97.19999694824219
2013-12-05,,279.44000244140625,144.56263732910156,118.30000305175781,76.21680450439453,72.42012023925781,21.685474395751953,68.40037536621094,73.79104614257812,97.37999725341797
2013-12-06,,280.3999938964844,146.17840576171875,118.55000305175781,76.28504180908203,72.7665786743164,21.761564254760742,68.37613677978516,73.79104614257812,97.6500015258789
2013-12-09,,279.2799987792969,146.54998779296875,119.72000122070312,76.37596893310547,72.93628692626953,21.685474395751953,68.37613677978516,73.79104614257812,97.33999633789062
2013-12-10,,282.4800109863281,146.02484130859375,121.81999969482422,76.69432830810547,73.45947265625,21.753108978271484,68.40037536621094,73.77490997314453,98.51000213623047
2013-12-11,,279.8399963378906,144.38487243652344,120.86000061035156,76.398681640625,72.89387512207031,21.753108978271484,68.37613677978516,73.79104614257812,97.44000244140625
2013-12-12,,279.760009765625,143.90821838378906,118.29000091552734,76.1789321899414,72.61814880371094,21.55020523071289,68.35179138183594,73.79104614257812,97.5
2013-12-13,,277.1199951171875,143.89205932617188,119.37999725341797,76.2926025390625,72.97161102294922,21.46565818786621,68.36803436279297,73.79104614257812,96.5999984741211
2013-12-16,,279.5199890136719,144.788818359375,119.69000244140625,76.25466918945312,72.70296478271484,21.533294677734375,68.36803436279297,73.77490997314453,97.4800033569336
2013-12-17,,278.9599914550781,144.3282928466797,118.6500015258789,76.49723815917969,73.02815246582031,21.43184471130371,68.38420867919922,73.77490997314453,97.22000122070312
2013-12-18,,280.239990234375,146.79237365722656,117.61000061035156,76.209228515625,72.6605453491211,21.4741153717041,68.38420867919922,73.79104614257812,97.80000305175781
2013-12-19,,282.55999755859375,146.62271118164062,114.81999969482422,75.89092254638672,72.58987426757812,21.52484130859375,68.34373474121094,73.79104614257812,98.7699966430664
2013-12-20,,283.8399963378906,147.4755096435547,115.94000244140625,76.12589263916016,73.70696258544922,21.693927764892578,68.31944274902344,73.77490997314453,99.31999969482422
2013-12-23,,282.8800048828125,148.26345825195312,115.56999969482422,75.88333892822266,73.28980255126953,21.693927764892578,68.31138610839844,73.77490997314453,98.91000366210938
2013-12-24,,283.9200134277344,148.58837890625,116.0999984741211,75.5877685546875,72.70296478271484,21.761564254760742,68.28707122802734,73.77490997314453,99.22000122070312
2013-12-26,,285.20001220703125,149.3437957763672,116.73999786376953,75.52243041992188,72.42277526855469,21.79538345336914,68.27976989746094,73.77490997314453,99.55000305175781
2013-12-27,,286.7200012207031,149.33566284179688,117.12000274658203,75.47686004638672,72.21707153320312,21.854562759399414,68.31224060058594,73.79104614257812,100.31999969482422
2013-12-30,,284.239990234375,149.31134033203125,115.38999938964844,75.681884765625,72.71360778808594,21.727745056152344,68.32837677001953,73.79104614257812,99.29000091552734
2013-12-31,,282.55999755859375,150.0178985595703,116.12000274658203,75.34020233154297,72.25251007080078,21.693927764892578,68.31224060058594,73.75885772705078,98.41999816894531
2014-01-02,,273.8399963378906,148.5802459716797,118.0,75.6363525390625,72.47240447998047,21.381114959716797,68.34453582763672,73.75885772705078,95.44000244140625
2014-01-03,,270.0,148.55596923828125,119.29000091552734,75.59077453613281,72.47240447998047,21.245845794677734,68.32024383544922,73.77490997314453,93.95999908447266
2014-01-06,,268.55999755859375,148.12542724609375,119.5,75.80332946777344,72.7774658203125,21.271209716796875,68.32837677001953,73.75885772705078,93.43000030517578
2014-01-07,,268.6400146484375,149.03517150878906,118.81999969482422,75.92479705810547,72.96186065673828,21.254302978515625,68.32837677001953,73.77490997314453,93.66999816894531
2014-01-08,,265.2799987792969,149.06765747070312,118.12000274658203,75.55282592773438,72.76322174072266,21.0513973236084,68.26363372802734,73.77490997314453,92.33000183105469
2014-01-09,,264.6400146484375,149.16510009765625,118.45999908447266,75.75025177001953,73.1888427734375,20.882308959960938,68.27976989746094,73.75885772705078,91.66000366210938
2014-01-10,,265.5199890136719,149.57122802734375,120.26000213623047,76.387939453125,74.0613784790039,21.017580032348633,68.34453582763672,73.77490997314453,92.72000122070312
2014-01-13,,262.4800109863281,147.5812225341797,121.0199966430664,76.60807037353516,74.43018341064453,21.009124755859375,68.36079406738281,73.77490997314453,91.80000305175781
2014-01-14,,264.32000732421875,149.189453125,119.88999938964844,76.3195571899414,74.08973693847656,21.009124755859375,68.34453582763672,73.77490997314453,92.58999633789062
2014-01-15,,270.1600036621094,149.99356079101562,119.66000366210938,76.25128936767578,74.0116958618164,21.06830406188965,68.32024383544922,73.77490997314453,94.16999816894531
2014-01-16,,269.20001220703125,149.79867553710938,119.79000091552734,76.46380615234375,74.50824737548828,21.034486770629883,68.33647918701172,73.77490997314453,93.95999908447266
2014-01-17,,269.5199890136719,149.16510009765625,120.93000030517578,76.6460189819336,74.82036590576172,21.059850692749023,68.33647918701172,73.75885772705078,94.37000274658203
2014-01-21,,271.9200134277344,149.6037139892578,119.69999694824219,76.56248474121094,74.8770751953125,21.110576629638672,68.32837677001953,73.77490997314453,94.98999786376953
2014-01-22,,276.4800109863281,149.70123291015625,119.19000244140625,76.34999084472656,74.69261932373047,21.21202850341797,68.2959976196289,73.77490997314453,96.7300033569336
2014-01-23,,277.760009765625,148.4746856689453,121.79000091552734,76.86621856689453,75.74954986572266,21.195117950439453,68.36079406738281,73.77490997314453,97.31999969482422
2014-01-24,,276.6400146484375,145.30685424804688,122.29000091552734,77.17745971679688,76.23898315429688,21.20357322692871,68.38502502441406,73.75885772705078,96.63999938964844
2014-01-27,,273.8399963378906,144.59201049804688,120.95999908447266,76.94207763671875,75.7070083618164,21.059850692749023,68.3769302368164,73.75885772705078,95.72000122070312
2014-01-28,,277.5199890136719,145.45301818847656,120.94999694824219,77.05599212646484,75.89139556884766,21.161304473876953,68.3769302368164,73.75885772705078,97.41000366210938
2014-01-29,,277.8399963378906,144.05589294433594,122.47000122070312,77.42041778564453,76.515625,21.144393920898438,68.42552947998047,73.77490997314453,97.36000061035156
2014-01-30,,279.6000061035156,145.58306884765625,119.7699966430664,77.34446716308594,76.29571533203125,21.059850692749023,68.41742706298828,73.77490997314453,98.2300033569336
2014-01-31,,278.3999938964844,144.73007202148438,120.08999633789062,77.64811706542969,76.80648040771484,21.034486770629883,68.4498519897461,73.75885772705078,97.48999786376953
2014-02-03,,276.1600036621094,141.47293090820312,121.31999969482422,78.0701904296875,77.74234771728516,21.034486770629883,68.46846771240234,73.75885772705078,96.43000030517578
2014-02-04,,277.9200134277344,142.46389770507812,120.98999786376953,77.83447265625,76.9173812866211,21.195117950439453,68.47654724121094,73.77490997314453,97.19000244140625
2014-02-05,,277.67999267578125,142.28517150878906,121.29000091552734,77.55308532714844,76.20626831054688,21.237394332885742,68.44413757324219,73.75885772705078,97.37999725341797
2014-02-06,,279.20001220703125,144.16152954101562,121.23999786376953,77.40857696533203,75.87911987304688,21.32193374633789,68.4522476196289,73.75885772705078,97.83999633789062
2014-02-07,,285.1199951171875,145.94854736328125,122.16999816894531,77.6138916015625,75.94310760498047,21.567110061645508,68.46846771240234,73.77490997314453,99.87999725341797
2014-02-10,,285.0400085449219,146.2165985107422,122.91999816894531,77.65193939208984,76.15641784667969,21.448753356933594,68.4522476196289,73.75885772705078,100.05999755859375
2014-02-11,,285.1199951171875,147.81674194335938,124.36000061035156,77.30973815917969,75.71556091308594,21.558658599853516,68.4360580444336,73.75885772705078,99.94000244140625
2014-02-12,,286.3999938964844,147.88983154296875,124.43000030517578,77.12722778320312,75.32440185546875,21.60093116760254,68.40364074707031,73.77490997314453,100.37000274658203
2014-02-13,,286.9599914550781,148.6533660888672,125.48999786376953,77.49224090576172,75.75110626220703,21.71929359436035,68.44413757324219,73.77490997314453,100.3499984741211
2014-02-14,,287.2799987792969,149.47378540039062,127.1500015258789,77.43898010253906,75.79373931884766,21.79538345336914,68.44413757324219,73.77490997314453,100.30000305175781
2014-02-18,,293.2799987792969,149.65243530273438,127.4000015258789,77.62914276123047,75.9644775390625,22.108190536499023,68.46846771240234,73.75885772705078,102.43000030517578
2014-02-19,,295.20001220703125,148.6614990234375,126.2699966430664,77.4770278930664,75.6444320678711,22.167373657226562,68.44413757324219,73.77490997314453,103.30999755859375
2014-02-20,,295.0400085449219,149.5387420654297,127.5999984741211,77.39337158203125,75.45955657958984,22.209644317626953,68.4522476196289,73.77490997314453,102.91999816894531
2014-02-21,,293.5199890136719,149.3681640625,127.58000183105469,77.49224090576172,75.85774230957031,22.150466918945312,68.4603271484375,73.75885772705078,102.19999694824219
2014-02-24,,294.32000732421875,150.19667053222656,128.99000549316406,77.41619110107422,75.66577911376953,22.24346351623535,68.4603271484375,73.77490997314453,102.81999969482422
2014-02-25,,292.7200012207031,150.1398468017578,129.2100067138672,77.68235778808594,76.34134674072266,22.142011642456055,68.4522476196289,73.77490997314453,101.83000183105469
2014-02-26,,294.0,150.14794921875,128.11000061035156,77.91050720214844,76.74668884277344,22.08283233642578,68.48463439941406,73.77490997314453,102.58999633789062
2014-02-27,,293.5199890136719,150.93585205078125,128.1999969482422,78.00176239013672,77.1662826538086,22.015195846557617,68.47654724121094,73.75885772705078,102.4000015258789
2014-02-28,,293.9200134277344,151.31759643554688,127.62000274658203,77.92571258544922,77.20899963378906,22.09128189086914,68.47654724121094,73.77490997314453,102.58999633789062
2014-03-03,,300.1600036621094,150.25352478027344,130.2899932861328,78.31108856201172,77.72435760498047,22.39564323425293,68.5154037475586,73.77490997314453,104.91999816894531
2014-03-04,,296.4800109863281,152.36544799804688,128.67999267578125,77.70935821533203,76.55525970458984,22.31109619140625,68.45874786376953,73.75885772705078,103.33000183105469
2014-03-05,,289.9200134277344,152.5035400390625,128.88999938964844,77.79315948486328,76.71922302246094,22.125102996826172,68.48299407958984,73.77490997314453,101.44999694824219
2014-03-06,,292.55999755859375,152.85276794433594,130.1699981689453,77.4580078125,75.96357727050781,22.328006744384766,68.4424819946289,73.77490997314453,101.55999755859375
2014-03-07,,294.239990234375,152.91781616210938,129.08999633789062,77.12287139892578,75.48597717285156,22.22655487060547,68.39393615722656,73.75885772705078,102.58000183105469
2014-03-10,,290.3999938964844,152.8365478515625,129.1300048828125,77.2066650390625,75.59284973144531,22.040559768676758,68.40203094482422,73.75885772705078,101.12000274658203
2014-03-11,,286.4800109863281,152.08116149902344,129.86000061035156,77.28282928466797,75.79246520996094,22.049015045166016,68.40203094482422,73.75885772705078,100.02999877929688
2014-03-12,,282.79998779296875,152.12176513671875,131.75999450683594,77.58753204345703,76.31998443603516,21.989831924438477,68.42628479003906,73.75885772705078,97.98999786376953
2014-03-13,,282.7200012207031,150.41595458984375,132.2100067138672,78.0445556640625,77.34649658203125,21.888378143310547,68.4668197631836,73.75885772705078,98.19999694824219
2014-03-14,,284.239990234375,149.99356079101562,133.10000610351562,78.05213928222656,77.36077880859375,22.006742477416992,68.4505844116211,73.75885772705078,98.88999938964844
2014-03-17,,281.20001220703125,151.35011291503906,131.63999938964844,77.7398452758789,76.78339385986328,21.761564254760742,68.42628479003906,73.75885772705078,98.08000183105469
2014-03-18,,284.6400146484375,152.43040466308594,130.6199951171875,77.9302749633789,77.06139373779297,21.871471405029297,68.4424819946289,73.75885772705078,99.69999694824219
2014-03-19,,285.67999267578125,151.61817932128906,128.08999633789062,77.2066650390625,76.4626235961914,21.863018035888672,68.32911682128906,73.77490997314453,100.37000274658203
2014-03-20,,284.6400146484375,152.5035400390625,127.86000061035156,77.22189331054688,76.32714080810547,21.761564254760742,68.33721923828125,73.75885772705078,99.43000030517578
2014-03-21,,286.7200012207031,151.91200256347656,128.47000122070312,77.36662292480469,77.1540756225586,21.778474807739258,68.34529876708984,73.77490997314453,99.45999908447266
2014-03-24,,286.55999755859375,151.2838134765625,126.18000030517578,77.3970947265625,77.70297241210938,21.770017623901367,68.31288146972656,73.77490997314453,99.5999984741211
2014-03-25,,286.1600036621094,152.0017547607422,126.41000366210938,77.35140991210938,77.41067504882812,21.913742065429688,68.32102966308594,73.77490997314453,99.19000244140625
2014-03-26,,288.7200012207031,150.90853881835938,125.41000366210938,77.67888641357422,78.01661682128906,21.89683723449707,68.36962127685547,73.75885772705078,100.26000213623047
2014-03-27,,292.0,150.59036254882812,124.58999633789062,77.755126953125,78.40869903564453,22.09128189086914,68.36152648925781,73.75885772705078,101.27999877929688
2014-03-28,,292.9599914550781,151.33279418945312,124.55999755859375,77.48086547851562,77.96676635742188,22.0997371673584,68.36152648925781,73.75885772705078,101.66999816894531
2014-03-31,,292.7200012207031,152.57286071777344,123.61000061035156,77.48849487304688,77.77424621582031,22.08283233642578,68.40203094482422,73.75885772705078,101.58000183105469
2014-04-01,,286.6400146484375,153.58453369140625,123.38999938964844,77.3282699584961,77.10958099365234,21.81229019165039,68.3623275756836,73.75885772705078,99.73999786376953
2014-04-02,,286.3999938964844,154.09857177734375,124.31999969482422,76.99247741699219,76.66647338867188,21.761564254760742,68.33802032470703,73.75885772705078,99.62000274658203
2014-04-03,,289.1199951171875,153.8945770263672,123.91999816894531,77.0458755493164,77.00239562988281,21.939105987548828,68.35419464111328,73.77490997314453,100.29000091552734
2014-04-04,,291.44000244140625,152.07516479492188,125.56999969482422,77.51899719238281,77.5169677734375,22.040559768676758,68.41094970703125,73.75885772705078,101.13999938964844
2014-04-07,,290.239990234375,150.3944854736328,124.91000366210938,77.7021484375,77.98155975341797,21.989831924438477,68.41902160644531,73.75885772705078,100.44000244140625
2014-04-08,,295.20001220703125,151.01458740234375,126.08999633789062,77.80903625488281,78.16736602783203,22.24346351623535,68.42715454101562,73.75885772705078,102.55999755859375
2014-04-09,,297.760009765625,152.6381072998047,126.31999969482422,77.78614044189453,77.78144073486328,22.302644729614258,68.45951080322266,73.75885772705078,103.5999984741211
2014-04-10,,297.6000061035156,149.43182373046875,127.01000213623047,78.1142807006836,78.50325775146484,22.31109619140625,68.50003814697266,73.75885772705078,103.4000015258789
2014-04-11,,297.44000244140625,148.0856475830078,126.93000030517578,78.2745361328125,79.13937377929688,22.209644317626953,68.491943359375,73.75885772705078,103.73999786376953
2014-04-14,,299.0400085449219,149.25234985351562,127.8499984741211,78.1524429321289,78.93209075927734,22.412551879882812,68.48385620117188,73.75885772705078,104.05000305175781
2014-04-15,,299.1199951171875,150.2803497314453,125.48999786376953,78.24397277832031,79.42524719238281,22.429458618164062,68.48385620117188,73.75885772705078,103.75
2014-04-16,,299.8399963378906,151.85488891601562,125.54000091552734,78.12187194824219,79.5252685546875,22.471731185913086,68.45951080322266,73.75885772705078,103.76000213623047
2014-04-17,,301.2799987792969,152.06704711914062,124.75,77.6792984008789,78.65331268310547,22.522459030151367,68.44332885742188,73.77490997314453,104.30000305175781
2014-04-21,,301.1199951171875,152.5972900390625,124.23999786376953,77.66400909423828,78.58899688720703,22.446365356445312,68.44332885742188,73.75885772705078,104.37000274658203
2014-04-22,,296.0,153.2908172607422,123.77999877929688,77.63348388671875,78.85346984863281,22.437915802001953,68.41094970703125,73.74273681640625,102.12999725341797
2014-04-23,,295.2799987792969,152.9318389892578,123.76000213623047,77.8318862915039,79.3036880493164,22.42100715637207,68.44332885742188,73.75885772705078,101.44000244140625
2014-04-24,,296.3999938964844,153.2418670654297,124.55999755859375,77.80903625488281,79.45381927490234,22.556276321411133,68.42715454101562,73.75885772705078,101.94000244140625
2014-04-25,,292.79998779296875,151.98548889160156,125.43000030517578,77.91583251953125,79.56816864013672,22.463275909423828,68.43521118164062,73.75885772705078,100.5999984741211
2014-04-28,,293.67999267578125,152.46681213378906,124.87999725341797,77.80137634277344,79.18226623535156,22.38718605041504,68.43521118164062,73.75885772705078,100.83999633789062
2014-04-29,,293.760009765625,153.1766357421875,124.86000061035156,77.87003326416016,79.07502746582031,22.446365356445312,68.42715454101562,73.75885772705078,101.27999877929688
2014-04-30,,290.55999755859375,153.63348388671875,124.22000122070312,78.07611846923828,79.40377807617188,22.328006744384766,68.4757308959961,73.75885772705078,99.73999786376953
2014-05-01,,289.2799987792969,153.6498260498047,123.80000305175781,78.30091857910156,80.25566864013672,22.15892219543457,68.47654724121094,73.74273681640625,99.41999816894531
2014-05-02,,290.32000732421875,153.4295654296875,125.05999755859375,78.41559600830078,80.7499771118164,22.218101501464844,68.46846771240234,73.75885772705078,99.76000213623047
2014-05-05,,289.1199951171875,153.72320556640625,126.22000122070312,78.36974334716797,80.2627944946289,22.167373657226562,68.47654724121094,73.75885772705078,99.4800033569336
2014-05-06,,289.5199890136719,152.3851318359375,125.9800033569336,78.46147155761719,80.58517456054688,22.184282302856445,68.45222473144531,73.74273681640625,99.5
2014-05-07,,292.79998779296875,153.2826690673828,124.16999816894531,78.52257537841797,80.29859924316406,22.24346351623535,68.47654724121094,73.74273681640625,100.7699966430664
2014-05-08,,291.9200134277344,153.11949157714844,124.16999816894531,78.60669708251953,79.95471954345703,22.175827026367188,68.49272155761719,73.74273681640625,100.26000213623047
2014-05-09,,291.20001220703125,153.3479461669922,124.0999984741211,78.54557037353516,79.69682312011719,22.065919876098633,68.51705169677734,73.75885772705078,99.98999786376953
2014-05-12,,292.7200012207031,154.8409423828125,124.94000244140625,78.33909606933594,79.37444305419922,22.116647720336914,68.50086212158203,73.74273681640625,100.58999633789062
2014-05-13,,296.32000732421875,154.9796142578125,124.5999984741211,78.64491271972656,80.06222534179688,22.218101501464844,68.525146484375,73.75885772705078,101.69999694824219
2014-05-14,,297.44000244140625,154.245361328125,125.80999755859375,79.00432586669922,80.92909240722656,22.319551467895508,68.54946899414062,73.75885772705078,102.37000274658203
2014-05-15,,296.32000732421875,152.89102172851562,124.7699966430664,79.28717041015625,81.57389068603516,22.184282302856445,68.55758666992188,73.75885772705078,101.5
2014-05-16,,297.8399963378906,153.42135620117188,124.5,79.1190185546875,81.34461212158203,22.209644317626953,68.56572723388672,73.75885772705078,102.0199966430664
2014-05-19,,299.0400085449219,153.9843292236328,124.58000183105469,79.01960754394531,80.74281311035156,22.19273567199707,68.58187866210938,73.75885772705078,102.61000061035156
2014-05-20,,300.1600036621094,153.01344299316406,124.69000244140625,79.24897003173828,80.921875,22.235008239746094,68.59001159667969,73.75885772705078,102.44000244140625
2014-05-21,,303.8399963378906,154.3025360107422,124.38999938964844,79.12664794921875,80.42762756347656,22.277280807495117,68.59001159667969,73.74273681640625,104.06999969482422
2014-05-22,,304.0799865722656,154.67774963378906,124.66999816894531,79.04254150390625,80.31298828125,22.294191360473633,68.57377624511719,73.74273681640625,103.73999786376953
2014-05-23,,305.44000244140625,155.29783630371094,124.51000213623047,79.20307922363281,80.74281311035156,22.34491539001465,68.55758666992188,73.75885772705078,104.3499984741211
2014-05-27,,305.1199951171875,156.2523651123047,121.8499984741211,79.22605895996094,81.21566772460938,22.15892219543457,68.57377624511719,73.74273681640625,104.11000061035156
2014-05-28,,301.44000244140625,156.13815307617188,121.19999694824219,79.6618423461914,82.21867370605469,22.167373657226562,68.59001159667969,73.75885772705078,102.72000122070312
2014-05-29,,303.2799987792969,156.94583129882812,120.94000244140625,79.56246948242188,81.7816390991211,22.175827026367188,68.58187866210938,73.74273681640625,103.58000183105469
2014-05-30,,301.44000244140625,157.19879150390625,120.43000030517578,79.50128173828125,81.74584197998047,22.006742477416992,68.59810638427734,73.75885772705078,102.70999908447266
2014-06-02,,300.239990234375,157.37826538085938,119.69999694824219,79.13749694824219,81.13818359375,21.98137855529785,68.55192565917969,73.74273681640625,102.47000122070312
2014-06-03,,301.1199951171875,157.29666137695312,120.01000213623047,78.73921966552734,80.13970947265625,21.964466094970703,68.53570556640625,73.74273681640625,102.66000366210938
2014-06-04,,300.0799865722656,157.61483764648438,119.76000213623047,78.67797088623047,80.11817932128906,21.905288696289062,68.5600357055664,73.74273681640625,102.63999938964844
2014-06-05,,300.3999938964844,158.64280700683594,120.66000366210938,78.79286193847656,80.1540756225586,21.93065071105957,68.56806945800781,73.74273681640625,102.4800033569336
2014-06-06,,300.8800048828125,159.40158081054688,120.61000061035156,78.73155975341797,80.1540756225586,22.023649215698242,68.55192565917969,73.74273681640625,102.66000366210938
2014-06-09,,305.44000244140625,159.56475830078125,120.6500015258789,78.61671447753906,80.03915405273438,22.116647720336914,68.50325775146484,73.75885772705078,104.41000366210938
2014-06-10,,306.239990234375,159.58106994628906,121.38999938964844,78.47885131835938,79.74468994140625,22.057466506958008,68.4870834350586,73.75885772705078,104.3499984741211
2014-06-11,,306.0,159.0263214111328,121.41000366210938,78.58604431152344,79.88833618164062,21.9982852935791,68.5113754272461,73.74273681640625,104.4000015258789
2014-06-12,,312.6400146484375,157.90036010742188,122.63999938964844,78.89238739013672,80.59944152832031,22.31109619140625,68.53570556640625,73.75885772705078,106.52999877929688
2014-06-13,,312.9599914550781,158.38174438476562,122.95999908447266,78.73921966552734,80.55635070800781,22.31109619140625,68.49514770507812,73.74273681640625,106.91000366210938
2014-06-16,,313.3599853515625,158.5122833251953,122.41999816894531,78.73921966552734,80.7574462890625,22.378732681274414,68.4789810180664,73.75885772705078,106.9000015258789
2014-06-17,,311.9200134277344,158.95278930664062,122.27999877929688,78.40994262695312,80.11817932128906,22.404098510742188,68.42218780517578,73.74273681640625,106.36000061035156
2014-06-18,,312.0799865722656,160.11953735351562,122.66999816894531,78.82350158691406,80.73594665527344,22.497095108032227,68.4789810180664,73.75885772705078,105.97000122070312
2014-06-19,,313.0400085449219,160.29896545410156,126.94000244140625,78.62435150146484,79.70154571533203,22.716909408569336,68.47084045410156,73.75885772705078,106.43000030517578
2014-06-20,,314.55999755859375,160.6243896484375,126.5,78.71627807617188,80.30493927001953,22.75918197631836,68.47084045410156,73.75885772705078,107.26000213623047
2014-06-23,,313.2799987792969,160.57528686523438,126.8499984741211,78.66267395019531,80.05351257324219,22.674636840820312,68.47084045410156,73.75885772705078,106.16999816894531
2014-06-24,,312.7200012207031,159.60794067382812,126.9800033569336,78.9842758178711,80.8652114868164,22.708454132080078,68.49514770507812,73.75885772705078,106.02999877929688
2014-06-25,,314.32000732421875,160.32936096191406,126.98999786376953,79.06088256835938,81.07350158691406,22.742271423339844,68.50325775146484,73.74273681640625,106.5
2014-06-26,,311.760009765625,160.214599609375,126.7300033569336,79.26773071289062,81.46137237548828,22.649274826049805,68.51945495605469,73.74273681640625,105.83999633789062
2014-06-27,,311.8399963378906,160.526123046875,126.66000366210938,79.26773071289062,81.33930969238281,22.60700035095215,68.53570556640625,73.75885772705078,105.73999786376953
2014-06-30,,311.0400085449219,160.44406127929688,128.0399932861328,79.32894134521484,81.54039001464844,22.471731185913086,68.54378509521484,73.74273681640625,105.37000274658203
2014-07-01,,310.8800048828125,161.51800537109375,127.69999694824219,79.06963348388672,80.85771179199219,22.404098510742188,68.51541137695312,73.75885772705078,105.33999633789062
2014-07-02,,307.20001220703125,161.68190002441406,127.69999694824219,78.7473373413086,79.9935302734375,22.361825942993164,68.49107360839844,73.75885772705078,104.4800033569336
2014-07-03,,306.0,162.4771270751953,127.16000366210938,78.58621215820312,79.70549011230469,22.319551467895508,68.48296356201172,73.74273681640625,104.05999755859375
2014-07-07,,305.3599853515625,161.91148376464844,127.0199966430664,78.77803802490234,80.28880310058594,22.142011642456055,68.46675872802734,73.75885772705078,103.52999877929688
2014-07-08,,305.44000244140625,160.87042236328125,127.06999969482422,79.1386947631836,81.18896484375,22.08283233642578,68.48296356201172,73.75885772705078,103.4000015258789
2014-07-09,,301.5199890136719,161.5917510986328,127.83999633789062,79.15399169921875,81.25375366210938,21.93065071105957,68.49107360839844,73.74273681640625,102.29000091552734
2014-07-10,,303.20001220703125,160.95228576660156,128.5399932861328,79.32284545898438,81.275390625,21.964466094970703,68.52350616455078,73.74273681640625,102.93000030517578
2014-07-11,,297.2799987792969,161.17372131347656,128.77999877929688,79.4532470703125,81.79389190673828,21.770017623901367,68.53974151611328,73.74273681640625,100.83000183105469
2014-07-14,,298.55999755859375,161.98529052734375,125.72000122070312,79.27679443359375,81.44102478027344,21.854562759399414,68.53166198730469,73.74273681640625,100.91000366210938
2014-07-15,,295.0400085449219,161.68190002441406,124.52999877929688,79.20772552490234,81.275390625,21.651657104492188,68.49921417236328,73.74273681640625,99.95999908447266
2014-07-16,,298.4800109863281,162.28038024902344,124.97000122070312,79.32284545898438,81.70751190185547,21.685474395751953,68.49107360839844,73.74273681640625,101.19999694824219
2014-07-17,,302.6400146484375,160.4359130859375,127.08999633789062,79.78321838378906,82.73729705810547,21.7362003326416,68.54786682128906,73.74273681640625,103.19000244140625
2014-07-18,,301.760009765625,162.0753936767578,126.12999725341797,79.6220703125,82.47087097167969,21.592477798461914,68.49107360839844,73.72660827636719,103.12999725341797
2014-07-21,,304.79998779296875,161.77207946777344,126.33999633789062,79.64508056640625,82.8812484741211,21.693927764892578,68.49921417236328,73.74273681640625,104.58999633789062
2014-07-22,,303.6000061035156,162.4771270751953,125.73999786376953,79.74479675292969,83.05414581298828,21.60093116760254,68.49921417236328,73.72660827636719,104.41999816894531
2014-07-23,,305.2799987792969,162.8378448486328,125.62000274658203,79.73713684082031,82.94613647460938,21.660114288330078,68.52350616455078,73.74273681640625,103.12000274658203
2014-07-24,,302.55999755859375,162.84596252441406,124.3499984741211,79.41497039794922,82.32682800292969,21.634748458862305,68.49921417236328,73.74273681640625,102.06999969482422
2014-07-25,,302.1600036621094,162.0836639404297,125.79000091552734,79.72177124023438,83.29898834228516,21.71929359436035,68.50732421875,73.74273681640625,102.08999633789062
2014-07-28,,301.1199951171875,162.14923095703125,125.58000183105469,79.62973022460938,83.18377685546875,21.677021026611328,68.47492218017578,73.74273681640625,101.66999816894531
2014-07-29,,299.1199951171875,161.45237731933594,125.19999694824219,79.73713684082031,83.48621368408203,21.60938262939453,68.49107360839844,73.74273681640625,100.97000122070312
2014-07-30,,295.3599853515625,161.47702026367188,124.83000183105469,79.17705535888672,82.32682800292969,21.516389846801758,68.45869445800781,73.74273681640625,100.2699966430664
2014-07-31,,290.55999755859375,158.2880859375,123.38999938964844,79.15399169921875,82.08197784423828,21.40648078918457,68.49107360839844,73.72660827636719,98.16999816894531
2014-08-01,,289.5199890136719,157.80447387695312,124.37999725341797,79.61988830566406,82.71739196777344,21.237394332885742,68.57788848876953,73.74273681640625,97.87999725341797
2014-08-04,,291.8399963378906,158.9439239501953,123.98999786376953,79.66600799560547,82.50069427490234,21.398027420043945,68.57788848876953,73.74273681640625,98.29000091552734
2014-08-05,,289.2799987792969,157.4027862548828,123.87000274658203,79.70447540283203,82.76789855957031,21.29657554626465,68.57788848876953,73.72660827636719,97.37999725341797
2014-08-06,,287.6000061035156,157.4519805908203,125.66999816894531,79.77361297607422,82.81842041015625,21.43184471130371,68.59413146972656,73.72660827636719,96.91999816894531
2014-08-07,,289.2799987792969,156.59938049316406,126.18000030517578,80.13491821289062,83.5910415649414,21.4741153717041,68.6265640258789,73.74273681640625,97.33999633789062
2014-08-08,,288.9599914550781,158.4111328125,126.19000244140625,80.06575012207031,83.4105224609375,21.372663497924805,68.58599090576172,73.72660827636719,97.6500015258789
2014-08-11,,289.760009765625,158.87013244628906,125.95999908447266,80.02733612060547,83.40332794189453,21.40648078918457,68.58599090576172,73.72660827636719,98.08000183105469
2014-08-12,,287.9200134277344,158.64883422851562,125.98999786376953,79.91197967529297,82.86175537109375,21.271209716796875,68.58599090576172,73.72660827636719,97.37000274658203
2014-08-13,,288.1600036621094,159.72268676757812,126.19999694824219,80.17340850830078,83.40332794189453,21.254302978515625,68.61846160888672,73.74273681640625,97.58999633789062
2014-08-14,,280.8800048828125,160.4769287109375,126.30999755859375,80.3348159790039,84.07479095458984,21.000669479370117,68.63462829589844,73.72660827636719,95.58000183105469
2014-08-15,,283.5199890136719,160.44406127929688,125.4800033569336,80.65770721435547,84.99177551269531,21.085214614868164,68.63462829589844,73.74273681640625,97.3499984741211
2014-08-18,,280.4800109863281,161.78851318359375,124.95999908447266,80.4040298461914,84.14701080322266,20.907672882080078,68.63462829589844,73.72660827636719,96.41000366210938
2014-08-19,,277.67999267578125,162.63290405273438,124.68000030517578,80.3194580078125,83.88706970214844,20.94994354248047,68.63462829589844,73.74273681640625,94.4800033569336
2014-08-20,,278.8800048828125,163.06739807128906,124.22000122070312,80.08113098144531,83.74987030029297,21.009124755859375,68.56977081298828,73.72660827636719,96.06999969482422
2014-08-21,,280.7200012207031,163.5428009033203,122.87999725341797,80.25022888183594,84.21922302246094,21.059850692749023,68.56977081298828,73.74273681640625,93.95999908447266
2014-08-22,,279.67999267578125,163.2886505126953,123.19000244140625,80.2579345703125,84.68850708007812,21.026033401489258,68.55350494384766,73.74273681640625,93.6500015258789
2014-08-25,,278.9599914550781,164.11660766601562,122.73999786376953,80.3194580078125,85.00624084472656,21.059850692749023,68.52922058105469,73.74273681640625,93.3499984741211
2014-08-26,,280.32000732421875,164.2232208251953,123.3499984741211,80.30404663085938,84.73186492919922,21.06830406188965,68.55350494384766,73.74273681640625,93.86000061035156
2014-08-27,,280.239990234375,164.15760803222656,123.31999969482422,80.52703094482422,85.45388793945312,21.10211944580078,68.56977081298828,73.72660827636719,93.87999725341797
2014-08-28,,282.55999755859375,164.06748962402344,124.0,80.63459777832031,85.90157318115234,21.11903190612793,68.58599090576172,73.74273681640625,94.55000305175781
2014-08-29,,286.0799865722656,164.5347137451172,123.86000061035156,80.64236450195312,85.9593276977539,21.161304473876953,68.61846160888672,73.74273681640625,95.95999908447266
2014-09-02,,278.32000732421875,164.4528045654297,121.6500015258789,80.12710571289062,84.47649383544922,20.856945037841797,68.56002044677734,73.72660827636719,92.87999725341797
2014-09-03,,284.3999938964844,164.36253356933594,122.1500015258789,80.24261474609375,84.94688415527344,20.94148826599121,68.57622528076172,73.74273681640625,95.54000091552734
2014-09-04,,282.3999938964844,164.12478637695312,121.4800033569336,79.95770263671875,83.91201782226562,20.856945037841797,68.56810760498047,73.72660827636719,94.44999694824219
2014-09-05,,279.20001220703125,164.86265563964844,122.05999755859375,79.9808120727539,83.75279235839844,20.8231258392334,68.59249114990234,73.74273681640625,93.29000091552734
2014-09-08,,277.6000061035156,164.4363250732422,120.7300033569336,79.8961410522461,83.78897094726562,20.721675872802734,68.55193328857422,73.72660827636719,92.66000366210938
2014-09-09,,276.9599914550781,163.39520263671875,120.87000274658203,79.7112808227539,83.72380828857422,20.552589416503906,68.51136016845703,73.72660827636719,92.75
2014-09-10,,274.0799865722656,164.01007080078125,120.26000213623047,79.51105499267578,83.1955337524414,20.408863067626953,68.51944732666016,73.74273681640625,91.66999816894531
2014-09-11,,277.5199890136719,164.19857788085938,119.47000122070312,79.41097259521484,82.92053985595703,20.307411193847656,68.52752685546875,73.72660827636719,92.83000183105469
2014-09-12,,275.0400085449219,163.239501953125,118.37999725341797,79.1106185913086,82.05216979980469,20.146778106689453,68.51136016845703,73.72660827636719,92.2699966430664
2014-09-15,,276.4800109863281,163.11654663085938,118.63999938964844,79.2569580078125,82.17510986328125,20.172143936157227,68.5438003540039,73.72660827636719,92.91999816894531
2014-09-16,,282.0,164.34617614746094,118.83000183105469,79.23384094238281,81.84223937988281,20.358137130737305,68.58435821533203,73.72660827636719,94.87999725341797
2014-09-17,,280.0799865722656,164.56748962402344,117.54000091552734,79.03360748291016,81.63238525390625,20.273595809936523,68.51136016845703,73.72660827636719,94.41999816894531
2014-09-18,,276.9599914550781,165.4446258544922,117.77999877929688,78.97975158691406,81.89292907714844,20.079143524169922,68.51944732666016,73.74273681640625,93.06999969482422
2014-09-19,,276.55999755859375,165.29556274414062,117.08999633789062,79.28004455566406,82.93505096435547,20.01996421813965,68.51136016845703,73.74273681640625,92.41000366210938
2014-09-22,,273.5199890136719,164.01901245117188,116.8499984741211,79.4494400024414,83.0363540649414,19.850873947143555,68.56002044677734,73.74273681640625,91.5199966430664
2014-09-23,,275.5199890136719,163.08009338378906,117.5999984741211,79.6188735961914,83.55016326904297,19.850873947143555,68.57622528076172,73.74273681640625,91.55999755859375
2014-09-24,,280.0,164.35665893554688,117.05000305175781,79.39557647705078,83.08699798583984,19.9354190826416,68.55193328857422,73.74273681640625,92.80000305175781
2014-09-25,,278.6400146484375,161.70469665527344,117.38999938964844,79.78056335449219,84.07122802734375,19.89314842224121,68.6005859375,73.74273681640625,92.52999877929688
2014-09-26,,281.2799987792969,162.98953247070312,117.05999755859375,79.61119842529297,83.94818115234375,19.85932731628418,68.56810760498047,73.74273681640625,93.54000091552734
2014-09-29,,284.1600036621094,162.69302368164062,117.02999877929688,79.86529541015625,84.62118530273438,19.977689743041992,68.58435821533203,73.72660827636719,94.56999969482422
2014-09-30,,275.2799987792969,162.26475524902344,116.20999908447266,79.7960205078125,84.1435775756836,19.631061553955078,68.56810760498047,73.74273681640625,91.16000366210938
2014-10-01,,273.20001220703125,160.0657958984375,116.7699966430664,80.46642303466797,85.77519989013672,19.563425064086914,68.64122772216797,73.74273681640625,90.7300033569336
2014-10-02,,274.9599914550781,160.09048461914062,116.73999786376953,80.22724151611328,85.0279541015625,19.487335205078125,68.63306427001953,73.74273681640625,91.01000213623047
2014-10-03,,270.1600036621094,161.8529510498047,114.61000061035156,80.2041244506836,85.39070129394531,19.301342010498047,68.56812286376953,73.71049499511719,89.73999786376953
2014-10-06,,272.32000732421875,161.66351318359375,116.02999877929688,80.33526611328125,85.44146728515625,19.546520233154297,68.63306427001953,73.71049499511719,90.33999633789062
2014-10-07,,267.5199890136719,159.16806030273438,116.36000061035156,80.80591583251953,86.59505462646484,19.470430374145508,68.67362976074219,73.72660827636719,88.8499984741211
2014-10-08,,264.0,161.95179748535156,117.47000122070312,81.09130859375,86.61679077148438,19.394338607788086,68.74668884277344,73.72660827636719,87.30999755859375
2014-10-09,,256.8800048828125,158.73976135253906,117.63999938964844,80.95246124267578,86.23951721191406,19.166072845458984,68.74668884277344,73.72660827636719,85.7699966430664
2014-10-10,,257.44000244140625,156.92787170410156,117.58999633789062,81.26876068115234,87.09557342529297,19.098434448242188,68.77912139892578,73.72660827636719,85.81999969482422
2014-10-13,,255.9199981689453,154.34999084472656,118.5199966430664,81.6930923461914,87.62528228759766,19.098434448242188,68.80352783203125,73.72660827636719,85.73999786376953
2014-10-14,,246.8000030517578,154.58885192871094,118.58999633789062,81.85513305664062,88.19837951660156,18.810985565185547,68.84407043457031,73.71049499511719,81.83999633789062
2014-10-15,,245.36000061035156,153.54287719726562,118.98999786376953,82.31800079345703,88.89485168457031,18.574260711669922,68.93335723876953,73.71049499511719,81.77999877929688
2014-10-16,,248.8000030517578,153.41104125976562,119.22000122070312,82.09423065185547,88.32893371582031,18.76026153564453,68.8927993774414,73.72660827636719,82.69999694824219
2014-10-17,,250.0,155.22303771972656,118.98999786376953,81.85513305664062,87.83560943603516,18.827898025512695,68.85221099853516,73.72660827636719,82.75
2014-10-20,,249.1199951171875,156.7302703857422,119.80000305175781,81.97080993652344,88.15487670898438,18.692623138427734,68.8927993774414,73.72660827636719,82.70999908447266
2014-10-21,,250.39999389648438,159.83511352539062,120.0199966430664,81.74705505371094,87.45109558105469,18.844804763793945,68.87652587890625,73.71049499511719,82.80999755859375
2014-10-22,,244.39999389648438,158.69857788085938,119.33999633789062,81.72394561767578,87.54541015625,18.633445739746094,68.86032104492188,73.72660827636719,80.5199966430664
2014-10-23,,248.47999572753906,160.54344177246094,118.5199966430664,81.38449096679688,86.76915740966797,18.85325813293457,68.8278579711914,73.71049499511719,82.08999633789062
2014-10-24,,247.0399932861328,161.77882385253906,118.3499984741211,81.45391845703125,86.8562240600586,18.73489761352539,68.84407043457031,73.71049499511719,81.01000213623047
2014-10-27,,245.1199951171875,161.5565185546875,118.05999755859375,81.53877258300781,87.01581573486328,18.684171676635742,68.84407043457031,73.71049499511719,81.0
2014-10-28,,246.55999755859375,163.40956115722656,118.0999984741211,81.33820343017578,86.47168731689453,18.836349487304688,68.8278579711914,73.71049499511719,81.41999816894531
2014-10-29,,249.83999633789062,163.16246032714844,116.41000366210938,81.06822204589844,86.66759490966797,19.056163787841797,68.73857879638672,73.72660827636719,82.19999694824219
2014-10-30,,246.0800018310547,164.2084503173828,115.19000244140625,81.1530532836914,86.74015045166016,18.895530700683594,68.76296997070312,73.71049499511719,81.12000274658203
2014-10-31,,245.0399932861328,166.0862579345703,112.66000366210938,81.02188873291016,86.5152359008789,18.870166778564453,68.74668884277344,73.72660827636719,80.54000091552734
2014-11-03,,238.0800018310547,166.17689514160156,112.1500015258789,80.99176025390625,86.51525115966797,18.701080322265625,68.73782348632812,73.71049499511719,78.77999877929688
2014-11-04,,234.39999389648438,165.6002960205078,112.22000122070312,80.98396301269531,86.78429412841797,18.430538177490234,68.72968292236328,73.72660827636719,77.19000244140625
2014-11-05,,239.60000610351562,166.64627075195312,109.79000091552734,81.00720977783203,86.66069030761719,18.48126792907715,68.71337890625,73.71049499511719,78.68000030517578
2014-11-06,,236.8000030517578,167.3134002685547,109.87999725341797,80.7598648071289,86.10071563720703,18.498172760009766,68.6971435546875,73.72660827636719,77.91000366210938
2014-11-07,,238.0800018310547,167.46987915039062,112.97000122070312,81.27771759033203,87.08978271484375,18.582719802856445,68.74584197998047,73.71049499511719,78.6500015258789
2014-11-10,,234.72000122070312,167.99696350097656,110.45999908447266,80.94538879394531,86.289794921875,18.405179977416992,68.6971435546875,73.72660827636719,77.4000015258789
2014-11-11,,235.36000061035156,168.1616973876953,112.04000091552734,80.9531478881836,86.34796142578125,18.498172760009766,68.68909454345703,73.72660827636719,77.94000244140625
2014-11-12,,233.1199951171875,167.98046875,111.5,80.92221069335938,86.27522277832031,18.438993453979492,68.71337890625,73.72660827636719,77.18000030517578
2014-11-13,,226.32000732421875,168.16995239257812,111.66999816894531,81.05352020263672,86.47888946533203,18.100818634033203,68.72968292236328,73.71049499511719,74.20999908447266
2014-11-14,,230.63999938964844,168.21115112304688,114.47000122070312,81.2236099243164,86.90067291259766,18.295270919799805,68.76212310791016,73.71049499511719,75.81999969482422
2014-11-17,,229.44000244140625,168.3181915283203,114.05000305175781,81.13086700439453,86.68246459960938,18.219179153442383,68.75398254394531,73.72660827636719,75.63999938964844
2014-11-18,,225.60000610351562,169.29000854492188,115.05000305175781,81.2236099243164,86.92250061035156,18.126184463500977,68.74584197998047,73.71049499511719,74.61000061035156
2014-11-19,,226.0,169.01828002929688,113.68000030517578,81.00720977783203,86.36974334716797,18.033184051513672,68.73782348632812,73.71049499511719,74.58000183105469
2014-11-20,,229.83999633789062,169.31475830078125,114.86000061035156,81.1540756225586,86.8206558227539,18.18536376953125,68.75398254394531,73.71049499511719,75.58000183105469
2014-11-21,,232.8000030517578,170.22071838378906,115.38999938964844,81.31636047363281,87.34430694580078,18.379812240600586,68.77023315429688,73.71049499511719,76.51000213623047
2014-11-24,,229.9199981689453,170.69837951660156,115.11000061035156,81.4090805053711,87.41700744628906,18.219179153442383,68.77835083007812,73.72660827636719,75.77999877929688
2014-11-25,,224.24000549316406,170.57481384277344,115.37999725341797,81.61000061035156,88.14427185058594,18.1346378326416,68.7864761352539,73.72660827636719,74.08999633789062
2014-11-26,,223.1999969482422,171.0113525390625,115.16000366210938,81.7491226196289,88.38433074951172,18.092363357543945,68.79458618164062,73.71049499511719,73.69000244140625
2014-11-28,,204.63999938964844,170.64898681640625,112.11000061035156,82.06597137451172,89.08243560791016,17.26383399963379,68.81897735595703,73.72660827636719,66.1500015258789
2014-12-01,,210.55999755859375,169.46298217773438,116.58000183105469,81.86466979980469,88.56273651123047,17.618921279907227,68.81814575195312,73.71049499511719,69.0
2014-12-02,,204.63999938964844,170.558349609375,115.13999938964844,81.5008316040039,87.7026138305664,17.246925354003906,68.77751922607422,73.71049499511719,66.87999725341797
2014-12-03,,204.63999938964844,171.2172393798828,116.33000183105469,81.5318603515625,88.04522705078125,17.14547348022461,68.74501037597656,73.71049499511719,67.37999725341797
2014-12-04,,202.72000122070312,171.02783203125,115.87999725341797,81.81822967529297,88.78145599365234,17.09474754333496,68.78565979003906,73.71049499511719,66.80999755859375
2014-12-05,,199.67999267578125,171.30783081054688,114.43000030517578,81.36152648925781,88.2638931274414,17.052478790283203,68.65571594238281,73.72660827636719,65.83999633789062
2014-12-08,,191.27999877929688,170.1630401611328,115.77999877929688,81.63246154785156,89.34268188476562,16.756574630737305,68.6475601196289,73.72660827636719,63.04999923706055
2014-12-09,,193.60000610351562,170.0477294921875,118.19000244140625,81.93441009521484,89.80186462402344,16.874935150146484,68.67194366455078,73.71049499511719,63.81999969482422
2014-12-10,,186.24000549316406,167.32164001464844,117.95999908447266,82.30596160888672,90.45795440673828,16.61284828186035,68.72877502441406,73.71049499511719,60.939998626708984
2014-12-11,,181.44000244140625,168.16995239257812,117.69000244140625,82.1666259765625,90.82966613769531,16.460668563842773,68.6963119506836,73.71049499511719,59.95000076293945
2014-12-12,,175.44000244140625,165.45211791992188,117.41000366210938,82.84012603759766,92.06150817871094,16.325397491455078,68.76134490966797,73.72660827636719,57.810001373291016
2014-12-15,,168.47999572753906,164.31552124023438,114.38999938964844,82.53821563720703,91.87203216552734,16.063312530517578,68.71257781982422,73.6943588256836,55.90999984741211
2014-12-16,,170.39999389648438,162.99777221679688,114.94999694824219,82.95624542236328,93.00914764404297,15.970316886901855,68.75320434570312,73.6943588256836,55.93000030517578
2014-12-17,,170.72000122070312,166.19334411621094,114.2699966430664,82.38337707519531,92.17086029052734,16.063312530517578,68.688232421875,73.6943588256836,56.470001220703125
2014-12-18,,165.9199981689453,170.3030242919922,115.1500015258789,81.91889953613281,90.53079986572266,16.012590408325195,68.6475601196289,73.71049499511719,54.11000061035156
2014-12-19,,175.67999267578125,171.02767944335938,114.7699966430664,82.22083282470703,91.74812316894531,16.249309539794922,68.59881591796875,73.6943588256836,56.52000045776367
2014-12-22,,167.36000061035156,171.81439208984375,112.55000305175781,82.22083282470703,91.87203216552734,15.953407287597656,68.6150894165039,73.6943588256836,55.2599983215332
2014-12-23,,172.47999572753906,172.04627990722656,112.73999786376953,81.53960418701172,90.0497055053711,16.114042282104492,68.54196166992188,73.6943588256836,57.119998931884766
2014-12-24,,168.39999389648438,172.06283569335938,112.7699966430664,81.5985107421875,90.53987884521484,15.902680397033691,68.57689666748047,73.71049499511719,55.84000015258789
2014-12-26,,166.24000549316406,172.61776733398438,114.83000183105469,81.70704650878906,90.87591552734375,15.885774612426758,68.55255126953125,73.6943588256836,54.72999954223633
2014-12-29,,162.39999389648438,172.84962463378906,113.66999816894531,81.98613739013672,91.55516052246094,15.73359489440918,68.61756134033203,73.6943588256836,53.61000061035156
2014-12-30,,162.32000732421875,171.92210388183594,115.19999694824219,82.07919311523438,91.80352783203125,15.71668529510498,68.64193725585938,73.6943588256836,54.119998931884766
2014-12-31,,162.8800048828125,170.2161407470703,113.58000183105469,82.17219543457031,91.97886657714844,15.598323822021484,68.61756134033203,73.71049499511719,53.27000045776367
2015-01-02,,159.1199951171875,170.1250457763672,114.08000183105469,82.59085083007812,93.0014877319336,15.412327766418457,68.6906967163086,73.6943588256836,52.689998626708984
2015-01-05,,150.32000732421875,167.05259704589844,115.80000305175781,83.09480285644531,94.46244812011719,15.192514419555664,68.6906967163086,73.71049499511719,50.040000915527344
2015-01-06,,144.39999389648438,165.4792022705078,117.12000274658203,83.65298461914062,96.16437530517578,15.048788070678711,68.72320556640625,73.6943588256836,47.93000030517578
2015-01-07,,146.9600067138672,167.5412139892578,116.43000030517578,83.6374740600586,95.97445678710938,14.955790519714355,68.75566864013672,73.6943588256836,48.650001525878906
2015-01-08,,148.39999389648438,170.51422119140625,115.94000244140625,83.29637145996094,94.70343017578125,15.014970779418945,68.74752044677734,73.6943588256836,48.790000915527344
2015-01-09,,146.24000549316406,169.14779663085938,117.26000213623047,83.70721435546875,95.74072265625,14.989607810974121,68.80445861816406,73.6943588256836,48.36000061035156
2015-01-12,,139.27999877929688,167.82278442382812,118.55999755859375,84.00186157226562,96.28852844238281,14.659889221191406,68.84507751464844,73.6943588256836,46.06999969482422
2015-01-13,,140.9600067138672,167.35073852539062,118.16000366210938,84.07938385009766,96.28852844238281,14.600706100463867,68.88570404052734,73.6943588256836,45.88999938964844
2015-01-14,,146.16000366210938,166.3403778076172,117.97000122070312,84.46704864501953,97.01898956298828,14.76133918762207,68.92628479003906,73.6943588256836,48.47999954223633
2015-01-15,,139.60000610351562,164.81663513183594,120.94000244140625,85.18801879882812,98.54568481445312,14.558433532714844,69.0319595336914,73.6943588256836,46.25
2015-01-16,,146.63999938964844,166.9781036376953,122.5199966430664,84.5600814819336,97.28926849365234,14.837428092956543,68.96692657470703,73.6943588256836,48.689998626708984
2015-01-20,,139.83999633789062,167.3341522216797,124.19999694824219,84.75386047363281,98.5821533203125,14.634522438049316,68.93440246582031,73.6943588256836,46.38999938964844
2015-01-21,,142.16000366210938,168.1789093017578,124.2300033569336,84.35075378417969,97.44268798828125,14.727523803710938,68.93440246582031,73.71049499511719,47.779998779296875
2015-01-22,,139.27999877929688,170.67991638183594,125.2300033569336,84.14141082763672,97.09201049804688,14.710614204406738,68.91004943847656,73.6943588256836,46.310001373291016
2015-01-23,,136.0,169.7440948486328,124.2300033569336,84.6918716430664,98.44339752197266,14.6176176071167,68.94254302978516,73.71049499511719,45.59000015258789
2015-01-26,,134.9600067138672,170.14157104492188,122.98999786376953,84.49805450439453,98.14391326904297,14.566889762878418,68.90193939208984,73.71049499511719,45.150001525878906
2015-01-27,,137.67999267578125,167.89730834960938,124.4000015258789,84.61436462402344,98.29728698730469,14.64297866821289,68.94254302978516,73.71049499511719,46.22999954223633
2015-01-28,,132.47999572753906,165.744140625,123.41999816894531,85.26556396484375,99.90430450439453,14.431619644165039,68.99131774902344,73.6943588256836,44.45000076293945
2015-01-29,,133.44000244140625,167.2761688232422,120.76000213623047,84.96320343017578,99.2469253540039,14.363985061645508,68.96692657470703,73.6943588256836,44.529998779296875
2015-01-30,,142.55999755859375,165.17271423339844,123.44999694824219,85.70748901367188,101.00726318359375,14.710614204406738,69.04820251464844,73.6943588256836,48.2400016784668
2015-02-02,,148.9600067138672,167.21824645996094,122.41999816894531,85.60033416748047,100.62592315673828,14.913518905639648,69.0262451171875,73.6943588256836,49.56999969482422
2015-02-03,,156.9600067138672,169.63638305664062,121.05000305175781,84.87814331054688,98.49604797363281,15.327783584594727,68.9693374633789,73.71049499511719,53.04999923706055
2015-02-04,,146.24000549316406,168.99046325683594,121.58000183105469,85.0179214477539,98.66436004638672,14.989607810974121,68.97750091552734,73.6943588256836,48.45000076293945
2015-02-05,,152.24000549316406,170.69642639160156,121.79000091552734,84.70729064941406,97.58112335205078,15.192514419555664,68.95308685302734,73.6943588256836,50.47999954223633
2015-02-06,,155.75999450683594,170.22438049316406,118.63999938964844,83.75990295410156,95.85374450683594,15.234785079956055,68.79052734375,73.6943588256836,51.689998626708984
2015-02-09,,158.16000366210938,169.4625244140625,119.16999816894531,83.72100830078125,95.70003509521484,15.386964797973633,68.78235626220703,73.67827606201172,52.86000061035156
2015-02-10,,151.52000427246094,171.267822265625,118.47000122070312,83.51136016845703,94.9388656616211,15.192514419555664,68.76614379882812,73.6943588256836,50.02000045776367
2015-02-11,,148.0800018310547,171.3671875,117.06999969482422,83.48029327392578,95.11451721191406,15.074152946472168,68.77423858642578,73.67827606201172,48.84000015258789
2015-02-12,,153.44000244140625,173.01522827148438,117.33999633789062,83.51136016845703,94.79978942871094,15.302420616149902,68.79869842529297,73.67827606201172,51.209999084472656
2015-02-13,,156.9600067138672,173.7273712158203,117.9800033569336,83.23186492919922,93.82630157470703,15.47150707244873,68.79869842529297,73.6943588256836,52.779998779296875
2015-02-17,,158.32000732421875,174.00071716308594,116.01000213623047,82.64163208007812,92.41371154785156,15.479961395263672,68.76614379882812,73.6943588256836,53.529998779296875
2015-02-18,,154.0800018310547,174.0172576904297,116.33999633789062,83.03765869140625,92.96260833740234,15.293966293334961,68.847412109375,73.6943588256836,52.13999938964844
2015-02-19,,152.8000030517578,173.8930206298828,115.94000244140625,82.8279800415039,92.34779357910156,15.243240356445312,68.80679321289062,73.6943588256836,51.15999984741211
2015-02-20,,149.1999969482422,174.93650817871094,115.27999877929688,82.78141784667969,92.61859893798828,15.184059143066406,68.79869842529297,73.67827606201172,50.34000015258789
2015-02-23,,144.8800048828125,174.91168212890625,115.43000030517578,83.16193389892578,93.67989349365234,15.082606315612793,68.83119201660156,73.6943588256836,49.45000076293945
2015-02-24,,144.32000732421875,175.40855407714844,115.26000213623047,83.7132797241211,94.90951538085938,15.09106159210205,68.8880386352539,73.67827606201172,49.279998779296875
2015-02-25,,149.1999969482422,175.2594757080078,115.69999694824219,83.79092407226562,95.31947326660156,15.319329261779785,68.8880386352539,73.6943588256836,50.9900016784668
2015-02-26,,144.24000549316406,175.05239868164062,116.06999969482422,83.2939453125,94.01659393310547,15.192514419555664,68.82301330566406,73.67827606201172,48.16999816894531
2015-02-27,,144.8000030517578,174.4562225341797,116.16000366210938,83.58905029296875,94.80709838867188,15.361601829528809,68.847412109375,73.6943588256836,49.7599983215332
2015-03-02,,146.55999755859375,175.55763244628906,115.68000030517578,82.9668197631836,93.0411376953125,15.1417875289917,68.79132080078125,73.67827606201172,49.59000015258789
2015-03-03,,147.9199981689453,174.8371124267578,115.47000122070312,82.78791809082031,92.70382690429688,15.234785079956055,68.77505493164062,73.6943588256836,50.52000045776367
2015-03-04,,152.0800018310547,174.1000518798828,115.11000061035156,82.85009765625,92.73310852050781,15.09951400756836,68.79132080078125,73.6943588256836,51.529998779296875
2015-03-05,,149.67999267578125,174.29054260253906,115.0,82.89680480957031,92.61580657958984,15.040336608886719,68.81571197509766,73.6943588256836,50.7599983215332
2015-03-06,,145.9199981689453,171.83926391601562,111.86000061035156,82.04901885986328,90.56974792480469,14.854337692260742,68.7425537109375,73.67827606201172,49.61000061035156
2015-03-09,,146.8000030517578,172.5514678955078,111.97000122070312,82.43010711669922,91.40576171875,14.812068939208984,68.77505493164062,73.6943588256836,50.0
2015-03-10,,143.27999877929688,169.7523193359375,111.41999816894531,82.78009796142578,92.60845947265625,14.6176176071167,68.79132080078125,73.6943588256836,48.290000915527344
2015-03-11,,142.16000366210938,169.35479736328125,110.75,82.92788696289062,93.28317260742188,14.693704605102539,68.79132080078125,73.6943588256836,48.16999816894531
2015-03-12,,139.52000427246094,171.5079803466797,110.72000122070312,83.00572204589844,93.2171630859375,14.626070976257324,68.80757141113281,73.67827606201172,47.04999923706055
2015-03-13,,134.39999389648438,170.45626831054688,110.87999725341797,82.88125610351562,92.93115997314453,14.330168724060059,68.81571197509766,73.6943588256836,44.84000015258789
2015-03-16,,130.8000030517578,172.7335968017578,110.80999755859375,83.16903686523438,93.82586669921875,14.313258171081543,68.8238525390625,73.6943588256836,43.880001068115234
2015-03-17,,127.68000030517578,172.22018432617188,110.20999908447266,83.34014129638672,94.60321044921875,14.211806297302246,68.80757141113281,73.6943588256836,43.459999084472656
2015-03-18,,134.0800018310547,174.29054260253906,112.37000274658203,84.29682159423828,96.42927551269531,14.600706100463867,68.97022247314453,73.6943588256836,44.65999984741211
2015-03-19,,128.63999938964844,173.49554443359375,112.29000091552734,83.90016174316406,95.93792724609375,14.35552978515625,68.88075256347656,73.6943588256836,43.959999084472656
2015-03-20,,131.44000244140625,175.0269775390625,113.56999969482422,84.2424087524414,96.44390106201172,14.549981117248535,68.9295425415039,73.6943588256836,45.720001220703125
2015-03-23,,134.24000549316406,174.6859130859375,114.29000091552734,84.35126495361328,96.32657623291016,14.719067573547363,68.95389556884766,73.67827606201172,47.45000076293945
2015-03-24,,134.32000732421875,173.70431518554688,114.56999969482422,84.6079330444336,97.25799560546875,14.600706100463867,68.9782943725586,73.6943588256836,47.5099983215332
2015-03-25,,138.8800048828125,171.15890502929688,114.7300033569336,84.2424087524414,96.43659210205078,14.64297866821289,68.96210479736328,73.67827606201172,49.209999084472656
2015-03-26,,145.67999267578125,170.75132751464844,115.4800033569336,83.76792907714844,94.93319702148438,14.820521354675293,68.9295425415039,73.67827606201172,51.43000030517578
2015-03-27,,137.1199951171875,171.1422576904297,115.05999755859375,84.0946044921875,96.11394500732422,14.524618148803711,68.97022247314453,73.67827606201172,48.869998931884766
2015-03-30,,137.83999633789062,173.23016357421875,113.75,84.08686828613281,95.63724517822266,14.600706100463867,68.96210479736328,73.66210174560547,48.68000030517578
2015-03-31,,134.72000122070312,171.7162322998047,113.66000366210938,84.30455017089844,95.8426284790039,14.431619644165039,69.01900482177734,73.6943588256836,47.599998474121094
2015-04-01,,140.63999938964844,171.1090545654297,115.5999984741211,84.7058334350586,97.10149383544922,14.693704605102539,69.04911041259766,73.66210174560547,50.09000015258789
2015-04-02,,140.47999572753906,171.7245635986328,115.27999877929688,84.4642562866211,96.07258605957031,14.6176176071167,69.04097747802734,73.67827606201172,49.13999938964844
2015-04-06,,147.44000244140625,172.8808135986328,116.69000244140625,84.5733413696289,95.53616333007812,14.80361270904541,69.09795379638672,73.67827606201172,52.13999938964844
2015-04-07,,152.47999572753906,172.42330932617188,116.11000061035156,84.64348602294922,96.33716583251953,14.879701614379883,69.04911041259766,73.6943588256836,53.97999954223633
2015-04-08,,144.55999755859375,173.005615234375,115.47000122070312,84.56559753417969,96.36659240722656,14.592252731323242,69.04911041259766,73.6943588256836,50.41999816894531
2015-04-09,,144.24000549316406,173.7709197998047,114.66999816894531,84.22284698486328,95.11724090576172,14.592252731323242,69.02468872070312,73.67827606201172,50.790000915527344
2015-04-10,,147.27999877929688,174.7191925048828,115.97000122070312,84.19945526123047,95.25688171386719,14.744433403015137,69.00838470458984,73.67827606201172,51.63999938964844
2015-04-13,,148.0,173.92892456054688,115.13999938964844,84.37081146240234,95.38919067382812,14.67679500579834,69.04911041259766,73.66210174560547,51.90999984741211
2015-04-14,,150.55999755859375,174.2616729736328,114.44000244140625,84.62010955810547,96.0652084350586,14.744433403015137,69.08160400390625,73.67827606201172,53.290000915527344
2015-04-15,,157.67999267578125,175.04359436035156,115.43000030517578,84.66685485839844,95.98443603515625,15.040336608886719,69.08160400390625,73.66210174560547,56.38999938964844
2015-04-16,,159.52000427246094,174.99368286132812,115.02999877929688,84.7291488647461,95.50672912597656,15.200966835021973,69.11419677734375,73.67827606201172,56.709999084472656
2015-04-17,,158.72000122070312,172.98065185546875,115.5999984741211,84.90052795410156,96.60167694091797,15.16715145111084,69.08160400390625,73.66210174560547,55.7400016784668
2015-04-20,,159.1199951171875,174.5611114501953,114.72000122070312,84.74476623535156,95.7492446899414,15.09951400756836,69.07347106933594,73.66210174560547,56.380001068115234
2015-04-21,,155.60000610351562,174.35316467285156,115.37999725341797,84.56559753417969,95.31566619873047,14.989607810974121,69.08160400390625,73.67827606201172,55.2599983215332
2015-04-22,,154.8800048828125,175.20994567871094,113.83000183105469,84.07481384277344,93.86056518554688,15.040336608886719,69.02468872070312,73.66210174560547,56.15999984741211
2015-04-23,,158.0800018310547,175.6508331298828,114.66000366210938,84.33184814453125,94.26478576660156,15.226330757141113,69.0572509765625,73.66210174560547,57.7400016784668
2015-04-24,,157.36000061035156,176.05844116210938,113.05000305175781,84.6279067993164,94.85270690917969,15.217876434326172,69.08160400390625,73.66210174560547,57.150001525878906
2015-04-27,,156.16000366210938,175.326416015625,115.33000183105469,84.49545288085938,94.85270690917969,15.217876434326172,69.07347106933594,73.67827606201172,56.9900016784668
2015-04-28,,156.8000030517578,175.88381958007812,116.33000183105469,84.10594177246094,93.54454040527344,15.243240356445312,69.04097747802734,73.67827606201172,57.060001373291016
2015-04-29,,160.9600067138672,175.16001892089844,115.51000213623047,83.79431915283203,92.39812469482422,15.34469223022461,69.04911041259766,73.67827606201172,58.58000183105469
2015-04-30,,164.0800018310547,173.4049072265625,113.47000122070312,83.7709732055664,92.55982208251953,15.463054656982422,69.04097747802734,73.67827606201172,59.630001068115234
2015-05-01,,163.1999969482422,175.2848663330078,113.08000183105469,83.3129653930664,91.3138656616211,15.446146965026855,69.0124740600586,73.66210174560547,59.150001525878906
2015-05-04,,162.24000549316406,175.783935546875,114.0999984741211,83.14134216308594,90.4522476196289,15.437690734863281,69.0124740600586,73.67827606201172,58.93000030517578
2015-05-05,,166.0800018310547,173.7709197998047,114.41999816894531,83.0008316040039,90.32701873779297,15.564505577087402,68.9961929321289,73.67827606201172,60.400001525878906
2015-05-06,,166.55999755859375,173.05551147460938,114.36000061035156,82.59513854980469,88.78062438964844,15.564505577087402,68.9717788696289,73.67827606201172,60.93000030517578
2015-05-07,,161.60000610351562,173.7458953857422,113.41999816894531,82.9462661743164,89.97355651855469,15.319329261779785,68.9473648071289,73.66210174560547,58.939998626708984
2015-05-08,,163.36000061035156,176.03346252441406,113.97000122070312,83.26617431640625,90.21662902832031,15.4038724899292,69.04493713378906,73.67827606201172,59.38999938964844
2015-05-11,,163.0399932861328,175.1933135986328,113.52999877929688,82.44692993164062,88.0221176147461,15.336236953735352,68.97994232177734,73.66210174560547,59.25
2015-05-12,,165.9199981689453,174.66925048828125,114.5,82.50933074951172,88.25041198730469,15.496870040893555,68.98805236816406,73.67827606201172,60.75
2015-05-13,,164.8800048828125,174.7025604248047,116.55000305175781,82.40010070800781,87.54342651367188,15.513781547546387,69.02063751220703,73.67827606201172,60.5
2015-05-14,,164.24000549316406,176.52426147460938,117.18000030517578,82.68094635009766,87.77906799316406,15.606778144836426,69.08570861816406,73.66210174560547,59.880001068115234
2015-05-15,,164.16000366210938,176.71560668945312,117.52999877929688,83.27395629882812,89.5390625,15.598323822021484,69.08570861816406,73.66210174560547,59.689998626708984
2015-05-18,,163.52000427246094,177.26461791992188,117.5199966430664,82.7121810913086,88.03684997558594,15.556050300598145,69.04493713378906,73.66210174560547,59.43000030517578
2015-05-19,,157.0399932861328,177.2063751220703,115.88999938964844,82.345458984375,87.25626373291016,15.226330757141113,69.00434875488281,73.66210174560547,57.2599983215332
2015-05-20,,158.72000122070312,177.08163452148438,116.08000183105469,82.52493286132812,87.40351104736328,15.192514419555664,69.02877044677734,73.66210174560547,58.97999954223633
2015-05-21,,164.0,177.59732055664062,115.69000244140625,83.01649475097656,88.62593841552734,15.378509521484375,69.05313873291016,73.67827606201172,60.720001220703125
2015-05-22,,162.0,177.17308044433594,115.5999984741211,82.82919311523438,88.66278839111328,15.20942211151123,69.00434875488281,73.67827606201172,59.720001220703125
2015-05-26,,157.52000427246094,175.26820373535156,113.91000366210938,83.34416961669922,90.17975616455078,14.913518905639648,69.0124740600586,73.67827606201172,58.029998779296875
2015-05-27,,155.83999633789062,176.93186950683594,113.88999938964844,83.2973403930664,90.38591766357422,14.710614204406738,69.02063751220703,73.67827606201172,57.5099983215332
2015-05-28,,156.47999572753906,176.7322235107422,114.0199966430664,83.37540435791016,90.1650390625,14.786703109741211,69.05313873291016,73.66210174560547,57.68000030517578
2015-05-29,,162.47999572753906,175.63421630859375,114.0999984741211,83.42218017578125,90.36386108398438,14.972699165344238,69.0694351196289,73.66210174560547,60.29999923706055
2015-06-01,,162.8800048828125,175.991943359375,114.0,83.05413055419922,89.39269256591797,14.938881874084473,69.02629852294922,73.66210174560547,60.20000076293945
2015-06-02,,165.44000244140625,175.8171844482422,114.45999908447266,82.47581481933594,88.14543914794922,15.116423606872559,69.01815032958984,73.67827606201172,61.2599983215332
2015-06-03,,161.36000061035156,176.2830047607422,113.63999938964844,81.7724838256836,86.728515625,14.921974182128906,68.99372863769531,73.67827606201172,59.63999938964844
2015-06-04,,157.27999877929688,174.79405212402344,112.83999633789062,82.17107391357422,87.857666015625,14.786703109741211,69.00186157226562,73.66210174560547,58.0
2015-06-05,,159.1999969482422,174.49461364746094,112.23999786376953,81.57713317871094,86.7875747680664,14.854337692260742,68.93672943115234,73.66210174560547,59.130001068115234
2015-06-08,,157.67999267578125,173.42152404785156,112.56999969482422,81.6943588256836,86.6916275024414,14.862792015075684,68.97744750976562,73.64602661132812,58.13999938964844
2015-06-09,,161.67999267578125,173.39654541015625,112.81999969482422,81.42869567871094,86.00530242919922,15.09951400756836,68.94486999511719,73.64602661132812,60.13999938964844
2015-06-10,,165.1199951171875,175.47610473632812,113.77999877929688,81.11609649658203,85.2525405883789,15.158695220947266,68.92855072021484,73.66210174560547,61.43000030517578
2015-06-11,,163.9199981689453,176.0417938232422,113.26000213623047,81.75687408447266,87.04590606689453,15.02342700958252,68.94486999511719,73.67827606201172,60.77000045776367
2015-06-12,,162.16000366210938,174.69424438476562,113.2300033569336,81.7099838256836,87.04590606689453,14.871247291564941,68.92855072021484,73.66210174560547,59.959999084472656
2015-06-15,,161.1999969482422,173.94552612304688,113.7300033569336,81.90538024902344,87.18611145019531,14.80361270904541,68.96117401123047,73.67827606201172,59.52000045776367
2015-06-16,,162.0800018310547,174.89385986328125,113.31999969482422,82.21793365478516,87.87239074707031,14.845885276794434,68.9855728149414,73.64602661132812,59.970001220703125
2015-06-17,,161.67999267578125,175.1766815185547,113.8499984741211,82.26485443115234,87.19345092773438,14.888158798217773,69.03443908691406,73.67827606201172,59.91999816894531
2015-06-18,,162.8800048828125,176.99844360351562,115.31999969482422,82.20231628417969,86.76541137695312,14.888158798217773,69.05072784423828,73.64602661132812,60.45000076293945
2015-06-19,,160.16000366210938,176.21263122558594,115.12000274658203,82.63998413085938,87.87980651855469,14.752885818481445,69.06697082519531,73.64602661132812,59.61000061035156
2015-06-22,,161.27999877929688,177.11544799804688,113.63999938964844,81.94441986083984,86.08648681640625,14.80361270904541,69.01815032958984,73.66210174560547,59.68000030517578
2015-06-23,,163.75999450683594,177.24081420898438,112.88999938964844,81.6943588256836,85.5699234008789,14.98115348815918,69.00186157226562,73.64602661132812,61.0099983215332
2015-06-24,,161.67999267578125,175.95355224609375,112.58999633789062,81.93663787841797,86.307861328125,14.879701614379883,69.03443908691406,73.64602661132812,60.27000045776367
2015-06-25,,159.83999633789062,175.4185333251953,112.44000244140625,81.73345184326172,86.00530242919922,14.896610260009766,69.01815032958984,73.66210174560547,59.70000076293945
2015-06-26,,159.83999633789062,175.38511657714844,112.55999755859375,81.34269714355469,85.03858947753906,14.964247703552246,68.97744750976562,73.64602661132812,59.630001068115234
2015-06-29,,156.0800018310547,171.7072296142578,113.06999969482422,82.28827667236328,87.2894287109375,14.896610260009766,69.0914535522461,73.66210174560547,58.33000183105469
2015-06-30,,159.0399932861328,172.06671142578125,112.37000274658203,82.06167602539062,86.6842269897461,15.217876434326172,69.0914535522461,73.66210174560547,59.470001220703125
2015-07-01,,152.8000030517578,173.44586181640625,111.9800033569336,81.6327896118164,85.51419067382812,15.031880378723145,69.03277587890625,73.66210174560547,56.959999084472656
2015-07-02,,151.44000244140625,173.287109375,111.76000213623047,81.92232513427734,85.79524993896484,15.006519317626953,69.13867950439453,73.66210174560547,56.93000030517578
2015-07-06,,141.83999633789062,172.7939453125,112.05999755859375,82.5014877319336,87.38538360595703,14.51616382598877,69.1549301147461,73.66210174560547,52.529998779296875
2015-07-07,,142.0800018310547,173.8805389404297,110.76000213623047,82.72069549560547,88.20637512207031,14.431619644165039,69.14681243896484,73.64602661132812,52.33000183105469
2015-07-08,,139.0399932861328,170.9633331298828,111.08999633789062,83.04940795898438,88.96813201904297,14.363985061645508,69.22013092041016,73.64602661132812,51.650001525878906
2015-07-09,,141.67999267578125,171.27261352539062,111.36000061035156,82.47022247314453,87.21529388427734,14.533071517944336,69.17121887207031,73.64602661132812,52.779998779296875
2015-07-10,,141.36000061035156,173.42916870117188,111.48999786376953,81.89883422851562,85.83220672607422,14.600706100463867,69.10601043701172,73.64602661132812,52.7400016784668
2015-07-13,,140.0800018310547,175.34339904785156,110.98999786376953,81.67972564697266,85.56597137451172,14.609162330627441,69.073486328125,73.64602661132812,52.20000076293945
2015-07-14,,141.75999450683594,176.10397338867188,110.73999786376953,81.93798828125,85.84703826904297,14.558433532714844,69.10601043701172,73.66210174560547,53.040000915527344
2015-07-15,,137.83999633789062,176.0454864501953,110.16000366210938,82.2510757446289,86.75678253173828,14.389348983764648,69.13053131103516,73.64602661132812,51.40999984741211
2015-07-16,,136.39999389648438,177.4580841064453,109.76000213623047,82.21976470947266,87.35584259033203,14.321714401245117,69.09791564941406,73.64602661132812,50.90999984741211
2015-07-17,,135.9199981689453,177.60861206054688,108.6500015258789,82.2275619506836,87.80699157714844,14.245623588562012,69.0816879272461,73.66210174560547,50.88999938964844
2015-07-20,,133.52000427246094,177.70053100585938,105.69999694824219,82.06324005126953,87.43719482421875,14.017355918884277,69.04094696044922,73.64602661132812,50.150001525878906
2015-07-21,,135.27999877929688,176.99844360351562,105.37000274658203,82.29017639160156,87.9105224609375,14.07653522491455,69.04906463623047,73.66210174560547,50.36000061035156
2015-07-22,,130.72000122070312,176.6808319091797,104.80000305175781,82.39195251464844,88.45790100097656,13.873631477355957,69.04094696044922,73.64602661132812,49.189998626708984
2015-07-23,,129.1199951171875,175.68603515625,104.33000183105469,82.72850036621094,89.55985260009766,13.755270957946777,69.04906463623047,73.64602661132812,48.45000076293945
2015-07-24,,128.24000549316406,173.8638458251953,105.3499984741211,82.8067855834961,89.78176879882812,13.645362854003906,69.06537628173828,73.66210174560547,48.13999938964844
2015-07-27,,125.19999694824219,172.85244750976562,104.86000061035156,83.08068084716797,90.26249694824219,13.38327693939209,69.1142349243164,73.64602661132812,47.38999938964844
2015-07-28,,126.80000305175781,174.97557067871094,105.0199966430664,82.84588623046875,89.604248046875,13.493184089660645,69.09791564941406,73.64602661132812,47.97999954223633
2015-07-29,,129.9199981689453,176.17922973632812,105.16999816894531,82.72850036621094,89.27140808105469,13.535456657409668,69.0816879272461,73.66210174560547,48.790000915527344
2015-07-30,,128.8000030517578,176.2210693359375,104.2699966430664,82.82240295410156,89.95926666259766,13.484728813171387,69.04906463623047,73.66210174560547,48.52000045776367
2015-07-31,,124.72000122070312,175.95355224609375,104.93000030517578,83.30767059326172,90.6249008178711,13.29873275756836,69.12242889404297,73.66210174560547,47.119998931884766
2015-08-03,,120.80000305175781,175.36009216308594,104.0999984741211,83.56166076660156,91.5788803100586,13.078920364379883,69.14522552490234,73.66210174560547,45.16999816894531
2015-08-04,,121.76000213623047,175.01734924316406,104.30999755859375,83.1305160522461,90.85244750976562,13.155008316040039,69.03929901123047,73.64602661132812,45.7400016784668
2015-08-05,,120.23999786376953,175.5941162109375,103.93000030517578,82.80914306640625,90.1705322265625,13.10428237915039,69.04743194580078,73.64602661132812,45.150001525878906
2015-08-06,,118.95999908447266,174.1564483642578,104.38999938964844,83.09908294677734,90.9710922241211,13.09582805633545,69.0637435913086,73.64602661132812,44.65999984741211
2015-08-07,,116.4800033569336,173.822021484375,104.6500015258789,83.4283676147461,92.1645278930664,13.045103073120117,69.03108978271484,73.64602661132812,43.869998931884766
2015-08-10,,119.12000274658203,176.0120849609375,105.72000122070312,83.0835189819336,91.02300262451172,13.324097633361816,69.03108978271484,73.66210174560547,44.959999084472656
2015-08-11,,115.91999816894531,174.42388916015625,106.26000213623047,83.6322250366211,92.46837615966797,13.146554946899414,69.1207046508789,73.64602661132812,43.08000183105469
2015-08-12,,115.5199966430664,174.63284301757812,107.75,83.60083770751953,91.96427917480469,13.10428237915039,69.1207046508789,73.64602661132812,43.29999923706055
2015-08-13,,112.72000122070312,174.41554260253906,106.86000061035156,83.38131713867188,91.66783142089844,13.045103073120117,69.0637435913086,73.64602661132812,42.22999954223633
2015-08-14,,111.91999816894531,175.05081176757812,106.8499984741211,83.29515075683594,91.8827896118164,12.96055793762207,69.03108978271484,73.62991333007812,42.5
2015-08-17,,111.12000274658203,176.02874755859375,107.12999725341797,83.44406127929688,92.2978744506836,12.909832000732422,69.07184600830078,73.62991333007812,41.869998931884766
2015-08-18,,112.4000015258789,175.51885986328125,107.11000061035156,83.31082153320312,91.57144165039062,12.84219741821289,69.0637435913086,73.64602661132812,42.619998931884766
2015-08-19,,107.44000244140625,174.13131713867188,108.55000305175781,83.8203353881836,92.47578430175781,12.698473930358887,69.12889099121094,73.66210174560547,40.79999923706055
2015-08-20,,106.95999908447266,170.49520874023438,110.44000244140625,84.04763793945312,93.40974426269531,12.732290267944336,69.10443115234375,73.64602661132812,41.13999938964844
2015-08-21,,105.83999633789062,165.36288452148438,111.12999725341797,84.38470458984375,93.69136810302734,12.520931243896484,69.1778335571289,73.64602661132812,40.45000076293945
2015-08-24,,99.91999816894531,158.39999389648438,110.52999877929688,84.52581024169922,93.66175842285156,12.208117485046387,69.21039581298828,73.64602661132812,38.2400016784668
2015-08-25,,101.83999633789062,156.5359649658203,109.16000366210938,84.0633316040039,92.15703582763672,12.258845329284668,69.1778335571289,73.64602661132812,39.310001373291016
2015-08-26,,102.16000366210938,162.5460205078125,107.66999816894531,83.54598236083984,90.37810516357422,12.182756423950195,69.1369857788086,73.66210174560547,38.599998474121094
2015-08-27,,111.5999984741211,166.5666046142578,107.7300033569336,83.49891662597656,90.42996978759766,12.622383117675781,69.14522552490234,73.64602661132812,42.560001373291016
2015-08-28,,119.04000091552734,166.574951171875,108.69999694824219,83.51461791992188,90.69678497314453,12.952104568481445,69.11257934570312,73.66210174560547,45.220001220703125
2015-08-31,,127.12000274658203,165.22915649414062,108.81999969482422,83.37352752685547,90.00007629394531,13.264915466308594,69.0881576538086,73.66210174560547,49.20000076293945
2015-09-01,,118.4800033569336,160.2974395751953,109.19999694824219,83.74800872802734,90.64859771728516,12.825288772583008,69.11261749267578,73.66210174560547,45.40999984741211
2015-09-02,,120.72000122070312,163.34007263183594,108.62000274658203,83.52031707763672,89.86857604980469,12.935195922851562,69.12892150878906,73.64602661132812,46.25
2015-09-03,,122.72000122070312,163.45709228515625,107.83999633789062,83.72447967529297,90.30685424804688,13.019739151000977,69.12892150878906,73.66210174560547,46.75
2015-09-04,,120.63999938964844,160.9828338623047,107.48999786376953,83.9835433959961,91.13140106201172,12.85910701751709,69.13700103759766,73.64602661132812,46.04999923706055
2015-09-08,,120.16000366210938,165.0285186767578,107.5199966430664,83.61454010009766,89.78685760498047,12.952104568481445,69.11261749267578,73.64602661132812,45.939998626708984
2015-09-09,,116.08000183105469,162.82177734375,106.12999725341797,83.64594268798828,90.21770477294922,12.783016204833984,69.0963134765625,73.64602661132812,44.150001525878906
2015-09-10,,119.44000244140625,163.7078399658203,106.37999725341797,83.45752716064453,89.60858917236328,12.892924308776855,69.12076568603516,73.62991333007812,45.91999816894531
2015-09-11,,117.19999694824219,164.45181274414062,106.16000366210938,83.67740631103516,90.17314910888672,12.876015663146973,69.14523315429688,73.64602661132812,44.630001068115234
2015-09-14,,115.12000274658203,163.84158325195312,106.22000122070312,83.75588989257812,90.31425476074219,12.715381622314453,69.12892150878906,73.64602661132812,44.0
2015-09-15,,116.55999755859375,165.88951110839844,105.9000015258789,83.09634399414062,88.58345794677734,12.757654190063477,69.03103637695312,73.62991333007812,44.59000015258789
2015-09-16,,122.87999725341797,167.3272705078125,107.30999755859375,83.07286834716797,88.24922180175781,12.969013214111328,69.0229263305664,73.62991333007812,47.150001525878906
2015-09-17,,121.83999633789062,166.95106506347656,108.41000366210938,83.76371002197266,89.32633972167969,12.884468078613281,69.1778793334961,73.62991333007812,46.900001525878906
2015-09-18,,116.95999908447266,164.22283935546875,109.20999908447266,84.15626525878906,90.70063781738281,12.690018653869629,69.21045684814453,73.62991333007812,44.68000030517578
2015-09-21,,120.4000015258789,165.0714874267578,108.52999877929688,83.67740631103516,89.22234344482422,12.83374309539795,69.16968536376953,73.64602661132812,46.68000030517578
2015-09-22,,119.36000061035156,162.9288787841797,107.79000091552734,84.09346008300781,90.46286010742188,12.757654190063477,69.21045684814453,73.64602661132812,45.83000183105469
2015-09-23,,115.5199966430664,162.6683807373047,108.22000122070312,83.9992446899414,90.45539093017578,12.65619945526123,69.18600463867188,73.62991333007812,44.47999954223633
2015-09-24,,116.72000122070312,162.08030700683594,110.48999786376953,84.12486267089844,91.0719985961914,12.732290267944336,69.2267837524414,73.62991333007812,44.90999984741211
2015-09-25,,117.76000213623047,162.03829956054688,109.80999755859375,83.90505981445312,90.2845687866211,12.808379173278809,69.19416046142578,73.62991333007812,45.70000076293945
2015-09-28,,115.04000091552734,157.97157287597656,108.41999816894531,84.38394927978516,91.8297348022461,12.630837440490723,69.24307250976562,73.64602661132812,44.43000030517578
2015-09-29,,116.87999725341797,158.06399536132812,107.9800033569336,84.67443084716797,92.0896987915039,12.715381622314453,69.27568054199219,73.64602661132812,45.22999954223633
2015-09-30,,117.44000244140625,161.01321411132812,106.86000061035156,84.69013214111328,91.77027893066406,12.808379173278809,69.29196166992188,73.62991333007812,45.09000015258789
2015-10-01,,116.63999938964844,161.4333038330078,106.7300033569336,84.75616455078125,92.16178894042969,12.723835945129395,69.2919921875,73.64602661132812,44.7400016784668
2015-10-02,,118.16000366210938,163.84478759765625,108.98999786376953,85.16510009765625,92.72006225585938,12.808379173278809,69.38983154296875,73.64602661132812,45.540000915527344
2015-10-05,,120.0,166.76034545898438,108.7699966430664,84.69329833984375,91.46208953857422,12.977466583251953,69.34088897705078,73.62991333007812,46.2599983215332
2015-10-06,,125.91999816894531,166.1890106201172,109.86000061035156,84.8663101196289,91.85661315917969,13.231098175048828,69.332763671875,73.62991333007812,48.529998779296875
2015-10-07,,124.55999755859375,167.5501708984375,109.69999694824219,84.65401458740234,91.5513916015625,13.205735206604004,69.31648254394531,73.62991333007812,47.810001373291016
2015-10-08,,128.32000732421875,169.06256103515625,109.13999938964844,84.4338607788086,90.78470611572266,13.264915466308594,69.30015563964844,73.62991333007812,49.43000030517578
2015-10-09,,127.91999816894531,169.1634063720703,110.87000274658203,84.4809799194336,91.02287292480469,13.324097633361816,69.30015563964844,73.62991333007812,49.630001068115234
2015-10-12,,122.4800033569336,169.32305908203125,111.30999755859375,84.76406860351562,91.71516418457031,13.112736701965332,69.28382873535156,73.62991333007812,47.099998474121094
2015-10-13,,120.4800033569336,168.25596618652344,111.86000061035156,84.84265899658203,91.87149047851562,13.028193473815918,69.30830383300781,73.62991333007812,46.65999984741211
2015-10-14,,120.4000015258789,167.4492950439453,113.80999755859375,85.30663299560547,92.67537689208984,13.062010765075684,69.40615844726562,73.62991333007812,46.63999938964844
2015-10-15,,121.04000091552734,170.02044677734375,113.29000091552734,85.01567840576172,92.2213134765625,13.028193473815918,69.36537170410156,73.62991333007812,46.380001068115234
2015-10-16,,121.76000213623047,170.79342651367188,112.48999786376953,84.94493103027344,92.25113677978516,13.03664779663086,69.332763671875,73.62991333007812,47.2599983215332
2015-10-19,,118.63999938964844,170.87742614746094,112.0199966430664,84.90564727783203,91.99801635742188,12.799924850463867,69.35722351074219,73.62991333007812,45.88999938964844
2015-10-20,,117.83999633789062,170.65902709960938,112.7300033569336,84.61463165283203,91.43231201171875,12.825288772583008,69.31648254394531,73.61376953125,45.54999923706055
2015-10-21,,115.44000244140625,169.60035705566406,111.7300033569336,84.90564727783203,92.34046936035156,12.715381622314453,69.34088897705078,73.62991333007812,45.20000076293945
2015-10-22,,116.08000183105469,172.46548461914062,111.69000244140625,84.99209594726562,92.49679565429688,12.757654190063477,69.36537170410156,73.62991333007812,45.380001068115234
2015-10-23,,114.16000366210938,174.35601806640625,111.5,84.5124740600586,91.70772552490234,12.681564331054688,69.30830383300781,73.62991333007812,44.599998474121094
2015-10-26,,112.08000183105469,173.92750549316406,111.43000030517578,84.73258972167969,92.3180923461914,12.647747993469238,69.30830383300781,73.61376953125,43.97999954223633
2015-10-27,,110.55999755859375,173.5914306640625,111.68000030517578,84.94493103027344,92.54890441894531,12.588565826416016,69.332763671875,73.61376953125,43.20000076293945
2015-10-28,,117.5199966430664,175.56593322753906,110.77999877929688,84.50455474853516,92.17670440673828,12.799924850463867,69.2430419921875,73.61376953125,45.939998626708984
2015-10-29,,117.04000091552734,175.4651336669922,109.72000122070312,83.98561096191406,90.71025085449219,12.723835945129395,69.19407653808594,73.61376953125,46.060001373291016
2015-10-30,,118.4800033569336,174.7089385986328,109.30000305175781,84.15076446533203,91.39505004882812,12.850650787353516,69.19407653808594,73.61376953125,46.59000015258789
2015-11-02,,118.0,176.7759246826172,108.58999633789062,83.90896606445312,90.97502136230469,12.783016204833984,69.15406799316406,73.61376953125,46.13999938964844
2015-11-03,,122.23999786376953,177.2884063720703,106.9800033569336,83.6884994506836,90.22908782958984,13.011284828186035,69.14596557617188,73.62991333007812,47.900001525878906
2015-11-04,,118.80000305175781,176.75064086914062,105.97000122070312,83.60189056396484,90.3335189819336,12.79146957397461,69.07252502441406,73.61376953125,46.31999969482422
2015-11-05,,115.83999633789062,176.57424926757812,105.63999938964844,83.5467300415039,90.09480285644531,12.690018653869629,69.07252502441406,73.61376953125,45.20000076293945
2015-11-06,,113.83999633789062,176.48178100585938,104.0999984741211,82.97969818115234,88.77439880371094,12.61392879486084,69.00718688964844,73.61376953125,44.290000915527344
2015-11-09,,112.63999938964844,174.83497619628906,104.4000015258789,82.83794403076172,88.27457427978516,12.504023551940918,68.99087524414062,73.62991333007812,43.869998931884766
2015-11-10,,112.72000122070312,175.23826599121094,104.18000030517578,82.99549865722656,88.53564453125,12.478657722473145,69.02352905273438,73.61376953125,44.209999084472656
2015-11-11,,110.08000183105469,174.54928588867188,103.83000183105469,82.95606231689453,88.34913635253906,12.351842880249023,69.00718688964844,73.62991333007812,42.93000030517578
2015-11-12,,106.80000305175781,172.1125946044922,103.8499984741211,83.00335693359375,88.77439880371094,12.174300193786621,69.03167724609375,73.62991333007812,41.75
2015-11-13,,104.4800033569336,170.1801300048828,103.55999755859375,83.31835174560547,89.28165435791016,12.081303596496582,69.0888442993164,73.61376953125,40.7400016784668
2015-11-16,,107.12000274658203,172.7680206298828,103.70999908447266,83.42859649658203,89.1996078491211,12.140483856201172,69.0888442993164,73.62991333007812,41.7400016784668
2015-11-17,,104.08000183105469,172.64195251464844,102.33999633789062,83.40497589111328,89.34880065917969,11.954488754272461,69.06430053710938,73.61376953125,40.66999816894531
2015-11-18,,104.4000015258789,175.38113403320312,102.43000030517578,83.3656005859375,89.5352554321289,12.00521469116211,69.03985595703125,73.61376953125,40.75
2015-11-19,,103.68000030517578,175.22987365722656,103.55999755859375,83.5467300415039,90.13208770751953,12.00521469116211,69.02352905273438,73.62991333007812,40.540000915527344
2015-11-20,,103.44000244140625,175.86843872070312,103.08999633789062,83.43645477294922,89.8560791015625,11.98830509185791,69.02352905273438,73.61376953125,40.38999938964844
2015-11-23,,104.16000366210938,175.6667938232422,102.26000213623047,83.5467300415039,90.13208770751953,12.081303596496582,69.01536560058594,73.62991333007812,41.75
2015-11-24,,106.55999755859375,175.90199279785156,102.94000244140625,83.62545776367188,90.1246337890625,12.275754928588867,69.01536560058594,73.61376953125,42.869998931884766
2015-11-25,,107.12000274658203,175.87684631347656,102.45999908447266,83.67273712158203,90.3335189819336,12.258845329284668,69.02352905273438,73.61376953125,43.040000915527344
2015-11-27,,104.23999786376953,176.07852172851562,101.25,83.75933837890625,90.24401092529297,12.07284927368164,69.03985595703125,73.62991333007812,41.709999084472656
2015-11-30,,103.44000244140625,175.34744262695312,101.91999816894531,83.79085540771484,90.60211181640625,11.996758460998535,69.01536560058594,73.62991333007812,41.650001525878906
2015-12-01,,103.5999984741211,177.01951599121094,102.27999877929688,84.23645782470703,91.8259048461914,12.13202953338623,69.05699157714844,73.61376953125,41.849998474121094
2015-12-02,,99.83999633789062,175.21304321289062,100.69000244140625,83.9998550415039,91.85579681396484,11.878398895263672,68.99984741210938,73.61376953125,39.939998626708984
2015-12-03,,102.16000366210938,172.75958251953125,101.76000213623047,83.1164779663086,89.35884857177734,12.01366901397705,68.99984741210938,73.62991333007812,41.08000183105469
2015-12-04,,99.68000030517578,176.1288604736328,104.0199966430664,83.42407989501953,90.14382934570312,11.996758460998535,69.01620483398438,73.62991333007812,39.970001220703125
2015-12-07,,93.76000213623047,175.06185913085938,102.66999816894531,83.69224548339844,91.01847839355469,11.650130271911621,69.00798034667969,73.62991333007812,37.650001525878906
2015-12-08,,93.44000244140625,173.88551330566406,102.83999633789062,83.73957824707031,91.0633773803711,11.590950012207031,68.99984741210938,73.61376953125,37.5099983215332
2015-12-09,,92.4800033569336,172.53271484375,102.63999938964844,83.86576080322266,90.96617126464844,11.599404335021973,69.02435302734375,73.5976791381836,37.15999984741211
2015-12-10,,90.95999908447266,172.97804260253906,102.55000305175781,83.68441009521484,91.08574676513672,11.55713176727295,68.9835433959961,73.61376953125,36.7599983215332
2015-12-11,,88.55999755859375,169.62554931640625,103.11000061035156,84.35478973388672,92.52114868164062,11.438770294189453,69.0651626586914,73.62991333007812,35.619998931884766
2015-12-14,,89.27999877929688,170.48257446289062,101.79000091552734,83.73172760009766,91.32498931884766,11.36268138885498,68.9835433959961,73.62991333007812,36.310001373291016
2015-12-15,,91.19999694824219,172.27227783203125,101.5199966430664,83.51871490478516,90.78675842285156,11.337318420410156,68.9753646850586,73.61376953125,37.349998474121094
2015-12-16,,87.91999816894531,174.79295349121094,102.75,83.29792785644531,90.59236907958984,11.286591529846191,68.918212890625,73.62991333007812,35.52000045776367
2015-12-17,,85.91999816894531,172.12945556640625,100.5,83.64496612548828,91.6165542602539,11.168231010437012,68.918212890625,73.61376953125,34.95000076293945
2015-12-18,,85.27999877929688,169.06288146972656,102.04000091552734,83.94466400146484,92.12492370605469,11.218957901000977,69.00798034667969,73.62991333007812,34.72999954223633
2015-12-21,,85.27999877929688,170.45751953125,103.1500015258789,83.98411560058594,92.10252380371094,11.168231010437012,68.99984741210938,73.61376953125,34.7400016784668
2015-12-22,,86.16000366210938,172.00433349609375,102.61000061035156,83.74744415283203,91.43717193603516,11.117504119873047,68.9835433959961,73.61376953125,36.13999938964844
2015-12-23,,90.08000183105469,174.13430786132812,102.30999755859375,83.55814361572266,90.74938201904297,11.320409774780273,68.95903778076172,73.61376953125,37.5
2015-12-24,,90.4000015258789,173.84690856933594,103.05000305175781,83.71141052246094,91.26927947998047,11.320409774780273,68.98600006103516,73.62991333007812,38.099998474121094
2015-12-28,,87.44000244140625,173.44969177246094,102.2699966430664,83.72726440429688,91.53895568847656,11.159775733947754,68.9451675415039,73.61376953125,36.810001373291016
2015-12-29,,90.08000183105469,175.30072021484375,102.19999694824219,83.28485107421875,90.01818084716797,11.345771789550781,68.92881774902344,73.61376953125,37.869998931884766
2015-12-30,,87.44000244140625,174.05824279785156,101.41999816894531,83.31641387939453,89.92826843261719,11.235865592956543,68.9451675415039,73.62991333007812,36.599998474121094
2015-12-31,,88.0,172.31710815429688,101.45999908447266,83.41122436523438,90.33283233642578,11.295045852661133,68.91246032714844,73.61376953125,37.040000915527344
2016-01-04,,87.83999633789062,169.90818786621094,102.88999938964844,83.76673126220703,90.98458099365234,11.210503578186035,69.00231170654297,73.62991333007812,36.7599983215332
2016-01-05,,85.27999877929688,170.19552612304688,103.18000030517578,83.74298858642578,90.61749267578125,11.10059642791748,68.96148681640625,73.62991333007812,35.970001220703125
2016-01-06,,80.87999725341797,168.04859924316406,104.66999816894531,84.24860382080078,91.83861541748047,10.923052787780762,69.00231170654297,73.5976791381836,33.970001220703125
2016-01-07,,79.19999694824219,164.01686096191406,106.1500015258789,84.43030548095703,92.00347137451172,10.872326850891113,69.02685546875,73.61376953125,33.27000045776367
2016-01-08,,78.4000015258789,162.21652221679688,105.68000030517578,84.6435775756836,92.41549682617188,10.821599960327148,69.07584381103516,73.61376953125,33.15999984741211
2016-01-11,,74.0,162.37716674804688,104.73999786376953,84.37499237060547,91.40411376953125,10.5256986618042,69.10032653808594,73.61376953125,31.40999984741211
2016-01-12,,73.36000061035156,163.687255859375,104.20999908447266,84.75415802001953,92.72260284423828,10.458064079284668,69.10853576660156,73.62991333007812,30.440000534057617
2016-01-13,,72.72000122070312,159.60479736328125,104.72000122070312,85.08594512939453,93.63663482666016,10.398883819580078,69.14939880371094,73.61376953125,30.479999542236328
2016-01-14,,73.83999633789062,162.2249755859375,103.0199966430664,84.91215515136719,92.76008605957031,10.42424488067627,69.16567993164062,73.5976791381836,31.200000762939453
2016-01-15,,70.31999969482422,158.7426300048828,104.08000183105469,85.3071517944336,94.2059555053711,10.204431533813477,69.2228775024414,73.5976791381836,29.420000076293945
2016-01-19,,67.91999816894531,158.95396423339844,103.9800033569336,85.19652557373047,93.91377258300781,10.119888305664062,69.2147216796875,73.61376953125,28.459999084472656
2016-01-20,,65.91999816894531,156.9169921875,105.37000274658203,85.61518859863281,94.90264892578125,10.04379940032959,69.26375579833984,73.61376953125,26.549999237060547
2016-01-21,,68.4800033569336,157.79600524902344,105.48999786376953,85.40193176269531,94.25834655761719,10.179068565368652,69.25557708740234,73.62991333007812,29.530000686645508
2016-01-22,,74.16000366210938,161.03329467773438,105.0,85.21231842041016,93.89878845214844,10.48342514038086,69.23109436035156,73.5976791381836,32.189998626708984
2016-01-25,,68.31999969482422,158.59898376464844,106.08000183105469,85.49671173095703,94.4081802368164,10.255159378051758,69.23109436035156,73.61376953125,30.34000015258789
2016-01-26,,71.76000213623047,160.7627410888672,107.29000091552734,85.55996704101562,94.45316314697266,10.458064079284668,69.26375579833984,73.5976791381836,31.450000762939453
2016-01-27,,73.44000244140625,159.01312255859375,107.69000244140625,85.62310791015625,94.43065643310547,10.584879875183105,69.28007507324219,73.61376953125,32.29999923706055
2016-01-28,,77.5999984741211,159.8414764404297,106.54000091552734,85.73372650146484,94.5655288696289,10.703240394592285,69.28007507324219,73.61376953125,33.220001220703125
2016-01-29,,77.19999694824219,163.7379913330078,106.94999694824219,86.19190216064453,95.36711883544922,10.804691314697266,69.36176300048828,73.62991333007812,33.619998931884766
2016-02-01,,72.16000366210938,163.6787872314453,108.05000305175781,85.99330139160156,95.07513427734375,10.601786613464355,69.32495880126953,73.5976791381836,31.6200008392334
2016-02-02,,68.55999755859375,160.7289276123047,108.08999633789062,86.60244750976562,96.83902740478516,10.415790557861328,69.41484832763672,73.5976791381836,29.8799991607666
2016-02-03,,74.72000122070312,161.69253540039062,109.25,86.50755310058594,96.03590393066406,10.677877426147461,69.43123626708984,73.61376953125,32.279998779296875
2016-02-04,,72.95999908447266,161.94610595703125,110.56999969482422,86.71321105957031,96.5012435913086,10.660966873168945,69.4476089477539,73.62991333007812,31.719999313354492
2016-02-05,,71.27999877929688,158.86097717285156,112.31999969482422,86.823974609375,96.61380767822266,10.59333324432373,69.43123626708984,73.62991333007812,30.889999389648438
2016-02-08,,69.12000274658203,156.7225341796875,113.83000183105469,87.47264862060547,98.69291687011719,10.542607307434082,69.512939453125,73.61376953125,29.690000534057617
2016-02-09,,65.44000244140625,156.73101806640625,113.58000183105469,87.48847961425781,98.79802703857422,10.27206802368164,69.48844909667969,73.62991333007812,27.940000534057617
2016-02-10,,63.68000030517578,156.59576416015625,114.45999908447266,87.74954986572266,99.66867065429688,10.28897476196289,69.48844909667969,73.61376953125,27.450000762939453
2016-02-11,,63.91999816894531,154.5587921142578,119.05999755859375,88.15304565429688,100.3666763305664,10.415790557861328,69.55382537841797,73.62991333007812,26.209999084472656
2016-02-12,,66.63999938964844,157.7452850341797,118.36000061035156,87.48064422607422,98.70048522949219,10.567970275878906,69.47212219238281,73.61376953125,29.440000534057617
2016-02-16,,66.4800033569336,160.4077606201172,114.7699966430664,87.21955871582031,97.65714263916016,10.44960880279541,69.43123626708984,73.61376953125,29.040000915527344
2016-02-17,,70.23999786376953,163.02796936035156,115.4800033569336,87.00590515136719,97.056640625,10.66942310333252,69.4476089477539,73.61376953125,30.65999984741211
2016-02-18,,69.27999877929688,162.36024475097656,118.29000091552734,87.40939331054688,98.25006103515625,10.610241889953613,69.5047378540039,73.62991333007812,30.770000457763672
2016-02-19,,68.4000015258789,162.28421020507812,117.58000183105469,87.40939331054688,98.33267974853516,10.517243385314941,69.43938446044922,73.62991333007812,29.639999389648438
2016-02-22,,71.27999877929688,164.63388061523438,115.48999786376953,87.32234954833984,98.28012084960938,10.677877426147461,69.4476089477539,73.62991333007812,31.479999542236328
2016-02-23,,67.83999633789062,162.55462646484375,117.22000122070312,87.4964370727539,98.67787170410156,10.534152030944824,69.45574188232422,73.61376953125,31.8700008392334
2016-02-24,,68.72000122070312,163.29843139648438,117.61000061035156,87.4964370727539,98.48275756835938,10.66942310333252,69.47212219238281,73.62991333007812,32.150001525878906
2016-02-25,,70.4000015258789,165.27627563476562,117.91999816894531,87.75751495361328,98.83553314208984,10.660966873168945,69.48844909667969,73.61376953125,33.06999969482422
2016-02-26,,70.23999786376953,164.8959197998047,117.11000061035156,87.33028411865234,97.88232421875,10.644059181213379,69.3985366821289,73.61376953125,32.779998779296875
2016-02-29,,72.0,163.60275268554688,118.63999938964844,87.47264862060547,98.3100814819336,10.779329299926758,69.43938446044922,73.62991333007812,33.75
2016-03-01,,73.19999694824219,167.44857788085938,117.7699966430664,86.78902435302734,96.57902526855469,10.7877836227417,69.34703063964844,73.62991333007812,34.400001525878906
2016-03-02,,74.4000015258789,168.20079040527344,118.68000030517578,86.63845825195312,96.97760009765625,10.846963882446289,69.33882904052734,73.61376953125,34.65999984741211
2016-03-03,,74.0,168.860107421875,120.7300033569336,86.7414321899414,97.33102416992188,10.906145095825195,69.36335754394531,73.62991333007812,34.56999969482422
2016-03-04,,77.19999694824219,169.40943908691406,120.54000091552734,86.44833374023438,96.70685577392578,11.117504119873047,69.31427001953125,73.62991333007812,35.91999816894531
2016-03-07,,80.87999725341797,169.54473876953125,121.13999938964844,86.2740707397461,96.67678833007812,11.320409774780273,69.26519012451172,73.62991333007812,37.900001525878906
2016-03-08,,77.19999694824219,167.69361877441406,120.58000183105469,86.77312469482422,97.74463653564453,11.168231010437012,69.31427001953125,73.61376953125,36.5
2016-03-09,,81.19999694824219,168.52197265625,119.58000183105469,86.43250274658203,97.15054321289062,11.337318420410156,69.28975677490234,73.62991333007812,38.290000915527344
2016-03-10,,80.31999969482422,168.65719604492188,121.5,86.12351989746094,96.75199127197266,11.320409774780273,69.28157806396484,73.62991333007812,37.84000015258789
2016-03-11,,81.5199966430664,171.3787841796875,119.41000366210938,85.8779067993164,95.77440643310547,11.36268138885498,69.21612548828125,73.61376953125,38.5
2016-03-14,,79.04000091552734,171.1591033935547,117.87000274658203,85.94132995605469,96.0751953125,11.261229515075684,69.21612548828125,73.61376953125,37.18000030517578
2016-03-15,,77.5999984741211,170.88018798828125,117.95999908447266,85.92547607421875,96.16543579101562,11.168231010437012,69.24065399169922,73.61376953125,36.34000015258789
2016-03-16,,81.44000244140625,171.86911010742188,120.58999633789062,86.37708282470703,96.45115661621094,11.36268138885498,69.37967681884766,73.62991333007812,38.459999084472656
2016-03-17,,84.4000015258789,172.95944213867188,120.12999725341797,86.47212219238281,96.84971618652344,11.489497184753418,69.37152862548828,73.61376953125,40.20000076293945
2016-03-18,,83.83999633789062,173.63912963867188,119.80000305175781,86.62261199951172,97.05278015136719,11.48104190826416,69.38790893554688,73.61376953125,39.439998626708984
2016-03-21,,84.72000122070312,173.885498046875,118.95999908447266,86.37708282470703,96.30831146240234,11.514859199523926,69.37967681884766,73.62991333007812,39.90999984741211
2016-03-22,,84.31999969482422,173.79200744628906,119.30999755859375,86.19477844238281,96.28577423095703,11.599404335021973,69.33882904052734,73.62991333007812,41.45000076293945
2016-03-23,,80.87999725341797,172.64508056640625,116.61000061035156,86.59092712402344,97.37615966796875,11.354227066040039,69.37967681884766,73.61376953125,39.790000915527344
2016-03-24,,80.4800033569336,172.56861877441406,116.33000183105469,86.50379943847656,97.41370391845703,11.286591529846191,69.34703063964844,73.62991333007812,39.459999084472656
2016-03-28,,80.08000183105469,172.67054748535156,116.5999984741211,86.63054656982422,97.54158782958984,11.320409774780273,69.36335754394531,73.62991333007812,39.38999938964844
2016-03-29,,78.4000015258789,174.267822265625,118.76000213623047,87.21680450439453,98.56428527832031,11.295045852661133,69.49419403076172,73.62991333007812,38.279998779296875
2016-03-30,,77.83999633789062,175.03240966796875,117.0999984741211,87.09800720214844,97.52652740478516,11.252775192260742,69.50235748291016,73.62991333007812,38.31999969482422
2016-03-31,,77.5999984741211,174.6076202392578,117.63999938964844,87.41484069824219,98.21839904785156,11.235865592956543,69.53510284423828,73.62991333007812,38.34000015258789
2016-04-01,,74.63999938964844,175.79708862304688,116.93000030517578,87.38949584960938,98.47460174560547,11.04141616821289,69.49495697021484,73.62991333007812,36.790000915527344
2016-04-04,,72.63999938964844,175.2278594970703,116.1500015258789,87.49262237548828,98.5348892211914,10.889237403869629,69.5440673828125,73.62991333007812,35.70000076293945
2016-04-05,,73.04000091552734,173.47767639160156,117.66000366210938,87.84175109863281,99.61246490478516,10.863872528076172,69.56863403320312,73.64602661132812,35.88999938964844
2016-04-06,,76.80000305175781,175.37228393554688,116.94000244140625,87.65123748779297,98.8890609741211,10.982233047485352,69.5440673828125,73.64602661132812,37.75
2016-04-07,,76.08000183105469,173.2737579345703,118.61000061035156,88.1035385131836,100.10981750488281,10.948418617248535,69.5849838256836,73.62991333007812,37.2599983215332
2016-04-08,,80.23999786376953,173.7410125732422,118.43000030517578,87.96867370605469,99.47684478759766,11.210503578186035,69.5849838256836,73.64602661132812,39.720001220703125
2016-04-11,,82.23999786376953,173.33322143554688,120.02999877929688,87.95280456542969,99.3487319946289,11.295045852661133,69.57682800292969,73.62991333007812,40.36000061035156
2016-04-12,,85.12000274658203,174.9474639892578,120.05000305175781,87.60365295410156,98.66299438476562,11.54022216796875,69.56046295166016,73.62991333007812,42.16999816894531
2016-04-13,,84.08000183105469,176.71463012695312,118.7699966430664,87.66719055175781,99.00960540771484,11.599404335021973,69.52774047851562,73.64602661132812,41.7599983215332
2016-04-14,,83.83999633789062,176.7230682373047,117.11000061035156,87.46086120605469,98.5348892211914,11.5064058303833,69.52774047851562,73.64602661132812,41.5
2016-04-15,,82.0,176.5277099609375,117.91999816894531,87.72271728515625,99.37890625,11.464134216308594,69.57682800292969,73.62991333007812,40.36000061035156
2016-04-18,,81.36000061035156,177.76808166503906,117.73999786376953,87.63542175292969,98.94932556152344,11.514859199523926,69.56863403320312,73.64602661132812,39.779998779296875
2016-04-19,,83.5199966430664,178.32884216308594,119.58000183105469,87.49262237548828,98.64038848876953,11.76003646850586,69.5440673828125,73.64602661132812,41.08000183105469
2016-04-20,,86.08000183105469,178.498779296875,118.97000122070312,87.04824829101562,97.5552749633789,11.98830509185791,69.49495697021484,73.64602661132812,42.630001068115234
2016-04-21,,85.76000213623047,177.53875732421875,119.41999816894531,86.90544128417969,96.97505187988281,11.937578201293945,69.47858428955078,73.62991333007812,43.18000030517578
2016-04-22,,86.08000183105469,177.53875732421875,117.88999938964844,86.81029510498047,96.72634887695312,11.886853218078613,69.47858428955078,73.64602661132812,43.72999954223633
2016-04-25,,84.4000015258789,177.2328338623047,118.2300033569336,86.71501159667969,96.32698822021484,11.878398895263672,69.46228790283203,73.62991333007812,42.63999938964844
2016-04-26,,86.4800033569336,177.49623107910156,118.69999694824219,86.53253936767578,95.88988494873047,12.030576705932617,69.44596862792969,73.64602661132812,44.040000915527344
2016-04-27,,89.12000274658203,177.86154174804688,119.04000091552734,87.00860595703125,96.84690856933594,12.140483856201172,69.49495697021484,73.64602661132812,45.33000183105469
2016-04-28,,89.76000213623047,176.24734497070312,121.29000091552734,87.31011962890625,97.2463150024414,12.208117485046387,69.53591918945312,73.64602661132812,46.029998779296875
2016-04-29,,90.4000015258789,175.2957763671875,123.6500015258789,87.27835845947266,97.49495697021484,12.326480865478516,69.56046295166016,73.66210174560547,45.91999816894531
2016-05-02,,88.4000015258789,176.68917846679688,123.23999786376953,87.02494812011719,96.51335144042969,12.157392501831055,69.53504180908203,73.64602661132812,44.779998779296875
2016-05-03,,85.91999816894531,175.15139770507812,122.95999908447266,87.5414047241211,97.72901153564453,11.971396446228027,69.60871124267578,73.66210174560547,43.650001525878906
2016-05-04,,86.31999969482422,174.1743621826172,122.20999908447266,87.70028686523438,98.26516723632812,11.979850769042969,69.60057067871094,73.64602661132812,43.779998779296875
2016-05-05,,87.19999694824219,174.140380859375,122.06999969482422,87.93872833251953,98.92206573486328,11.861489295959473,69.6251449584961,73.64602661132812,44.31999969482422
2016-05-06,,87.68000030517578,174.77755737304688,123.18000030517578,87.73206329345703,98.49922943115234,11.937578201293945,69.60871124267578,73.66210174560547,44.65999984741211
2016-05-09,,85.44000244140625,174.92198181152344,120.6500015258789,87.89891815185547,98.80878448486328,11.675492286682129,69.64148712158203,73.66210174560547,43.439998626708984
2016-05-10,,87.91999816894531,177.096923828125,120.9800033569336,87.88309478759766,98.8163070678711,11.96294116973877,69.6578598022461,73.66210174560547,44.65999984741211
2016-05-11,,90.72000122070312,175.44027709960938,122.12000274658203,88.01814270019531,99.37507629394531,12.241936683654785,69.63334655761719,73.62991333007812,46.22999954223633
2016-05-12,,91.5999984741211,175.4911346435547,121.16000366210938,87.77974700927734,98.92206573486328,12.258845329284668,69.5924072265625,73.62991333007812,46.70000076293945
2016-05-13,,90.95999908447266,173.96194458007812,121.70999908447266,88.11349487304688,99.88101959228516,12.241936683654785,69.60057067871094,73.62991333007812,46.209999084472656
2016-05-16,,94.08000183105469,175.6781005859375,121.80000305175781,87.7956771850586,99.02021789550781,12.37720775604248,69.56781768798828,73.62991333007812,47.720001220703125
2016-05-17,,95.36000061035156,174.03839111328125,122.22000122070312,87.67642211914062,99.18635559082031,12.47020435333252,69.5432357788086,73.62991333007812,48.310001373291016
2016-05-18,,93.5999984741211,174.08938598632812,120.0999984741211,86.96923828125,97.7743911743164,12.37720775604248,69.42047119140625,73.64602661132812,48.189998626708984
2016-05-19,,94.31999969482422,173.48619079589844,119.87000274658203,87.05667114257812,98.19720458984375,12.343388557434082,69.43680572509766,73.62991333007812,48.15999984741211
2016-05-20,,94.0,174.5821533203125,119.70999908447266,87.11234283447266,98.27272033691406,12.394115447998047,69.46136474609375,73.64602661132812,47.75
2016-05-23,,93.27999877929688,174.34426879882812,119.37000274658203,87.16792297363281,98.4916763305664,12.326480865478516,69.45318603515625,73.66210174560547,48.08000183105469
2016-05-24,,94.55999755859375,176.60415649414062,117.30000305175781,87.02494812011719,98.05371856689453,12.326480865478516,69.40409088134766,73.62991333007812,48.619998931884766
2016-05-25,,96.23999786376953,177.80206298828125,116.9800033569336,86.98516082763672,97.68375396728516,12.47020435333252,69.44500732421875,73.64602661132812,49.560001373291016
2016-05-26,,95.5999984741211,177.8530731201172,116.58000183105469,87.25533294677734,98.18962860107422,12.461750030517578,69.48601531982422,73.64602661132812,49.47999954223633
2016-05-27,,95.83999633789062,178.61767578125,115.62000274658203,87.08846282958984,98.0461654663086,12.512476921081543,69.44500732421875,73.66210174560547,49.33000183105469
2016-05-31,,94.95999908447266,178.2778778076172,116.05999755859375,87.1917953491211,98.28023529052734,12.436387062072754,69.47776794433594,73.66210174560547,49.099998474121094
2016-06-01,,95.44000244140625,178.64317321777344,115.94000244140625,87.16232299804688,98.67897033691406,12.563202857971191,69.42943572998047,73.66210174560547,49.0099983215332
2016-06-02,,94.87999725341797,179.18690490722656,115.66999816894531,87.4328842163086,99.3902359008789,12.588565826416016,69.48677062988281,73.64602661132812,49.16999816894531
2016-06-03,,94.55999755859375,178.6516571044922,118.87999725341797,88.24459075927734,100.80509185791016,12.67310905456543,69.60148620605469,73.66210174560547,48.619998931884766
2016-06-06,,96.31999969482422,179.56076049804688,118.91999816894531,88.01383972167969,100.05604553222656,12.825288772583008,69.58505249023438,73.67827606201172,49.689998626708984
2016-06-07,,97.76000213623047,179.84109497070312,118.81999969482422,88.14117431640625,100.29815673828125,12.952104568481445,69.60148620605469,73.67827606201172,50.36000061035156
2016-06-08,,99.44000244140625,180.42730712890625,120.58000183105469,88.24459075927734,100.83536529541016,13.171916961669922,69.61787414550781,73.67827606201172,51.22999954223633
2016-06-09,,98.0,180.1809844970703,121.25,88.3798599243164,101.48609161376953,13.146554946899414,69.63426971435547,73.64602661132812,50.560001373291016
2016-06-10,,94.95999908447266,178.47325134277344,121.73999786376953,88.69025421142578,101.97787475585938,12.985921859741211,69.6751937866211,73.64602661132812,49.06999969482422
2016-06-13,,94.08000183105469,177.096923828125,122.63999938964844,88.86532592773438,102.43183898925781,12.985921859741211,69.69158172607422,73.64602661132812,48.880001068115234
2016-06-14,,93.83999633789062,176.74856567382812,122.7699966430664,88.8414077758789,102.35616302490234,12.90137767791748,69.69977569580078,73.64602661132812,48.4900016784668
2016-06-15,,91.76000213623047,176.50221252441406,123.68000030517578,89.11200714111328,102.74960327148438,12.83374309539795,69.78167724609375,73.64602661132812,48.0099983215332
2016-06-16,,89.12000274658203,177.02891540527344,122.37999725341797,89.2074966430664,103.24901580810547,12.61392879486084,69.74071502685547,73.66210174560547,46.209999084472656
2016-06-17,,93.27999877929688,176.36962890625,123.94999694824219,88.90511322021484,102.60585021972656,12.909832000732422,69.74890899658203,73.64602661132812,47.97999954223633
2016-06-20,,95.27999877929688,177.50552368164062,123.20999908447266,88.5230941772461,101.50877380371094,13.028193473815918,69.70794677734375,73.66210174560547,49.369998931884766
2016-06-21,,95.12000274658203,178.00938415527344,120.83999633789062,88.32418823242188,101.03963470458984,12.926739692687988,69.65882110595703,73.66210174560547,48.849998474121094
2016-06-22,,93.91999816894531,177.71896362304688,120.9000015258789,88.49928283691406,101.20611572265625,12.850650787353516,69.6833724975586,73.66210174560547,49.130001068115234
2016-06-23,,95.83999633789062,180.0333709716797,120.11000061035156,88.07747650146484,100.0484619140625,12.952104568481445,69.65882110595703,73.66210174560547,50.11000061035156
2016-06-24,,91.19999694824219,173.56854248046875,126.0,89.2950439453125,102.7344970703125,12.690018653869629,69.8226547241211,73.64602661132812,47.63999938964844
2016-06-27,,89.5199966430664,170.4599151611328,126.68000030517578,90.06690216064453,105.2994155883789,12.664654731750488,69.86360168457031,73.64602661132812,46.33000183105469
2016-06-28,,91.76000213623047,173.5343780517578,125.31999969482422,90.05101013183594,105.51891326904297,12.867560386657715,69.88818359375,73.64602661132812,47.849998474121094
2016-06-29,,94.31999969482422,176.4892578125,125.83999633789062,89.68495178222656,104.70928192138672,13.053556442260742,69.86360168457031,73.64602661132812,49.880001068115234
2016-06-30,,92.55999755859375,178.89755249023438,126.47000122070312,89.8838882446289,105.09512329101562,12.977466583251953,69.89640808105469,73.64602661132812,48.33000183105469
2016-07-01,,94.23999786376953,179.27325439453125,128.41000366210938,90.12138366699219,106.5543212890625,13.138100624084473,69.92098999023438,73.67827606201172,48.9900016784668
2016-07-05,,89.44000244140625,177.98379516601562,129.47000122070312,90.61544036865234,107.88846588134766,12.766108512878418,69.9537582397461,73.67827606201172,46.599998474121094
2016-07-06,,90.63999938964844,179.05125427246094,130.22999572753906,90.63141632080078,108.06278228759766,12.816834449768066,69.92098999023438,73.66210174560547,47.43000030517578
2016-07-07,,86.55999755859375,178.94021606445312,129.74000549316406,90.51182556152344,108.05522155761719,12.453295707702637,69.88817596435547,73.67827606201172,45.13999938964844
2016-07-08,,86.63999938964844,181.60472106933594,130.52000427246094,90.68716430664062,108.85118103027344,12.580111503601074,69.88817596435547,73.66210174560547,45.40999984741211
2016-07-11,,85.19999694824219,182.24522399902344,129.2899932861328,90.20906066894531,107.89603424072266,12.52938461303711,69.81441497802734,73.67827606201172,44.7599983215332
2016-07-12,,89.5199966430664,183.56895446777344,127.1500015258789,89.67516326904297,106.12226104736328,12.766108512878418,69.78980255126953,73.64602661132812,46.79999923706055
2016-07-13,,86.0,183.54330444335938,128.32000732421875,89.90620422363281,107.37300872802734,12.605474472045898,69.80620574951172,73.66210174560547,44.75
2016-07-14,,86.95999908447266,184.5681915283203,127.33000183105469,89.53169250488281,105.81147003173828,12.65619945526123,69.7652359008789,73.67827606201172,45.68000030517578
2016-07-15,,87.91999816894531,184.32046508789062,126.83999633789062,89.18904113769531,104.90189361572266,12.622383117675781,69.73245239257812,73.66210174560547,45.95000076293945
2016-07-18,,86.55999755859375,184.81582641601562,127.04000091552734,89.16509246826172,104.80330657958984,12.563202857971191,69.77344512939453,73.66210174560547,45.2400016784668
2016-07-19,,85.5999984741211,184.62794494628906,127.20999908447266,89.40418243408203,105.39454650878906,12.487113952636719,69.78157806396484,73.67827606201172,44.650001525878906
2016-07-20,,85.83999633789062,185.3965301513672,125.38999938964844,89.22089385986328,104.8184814453125,12.402569770812988,69.74879455566406,73.67827606201172,44.939998626708984
2016-07-21,,83.91999816894531,184.6962127685547,127.30000305175781,89.42012023925781,105.03070831298828,12.334936141967773,69.79802703857422,73.67827606201172,44.75
2016-07-22,,83.36000061035156,185.5246124267578,126.3499984741211,89.34837341308594,105.2126693725586,12.309571266174316,69.77344512939453,73.67827606201172,44.189998626708984
2016-07-25,,81.04000091552734,185.020751953125,125.47000122070312,89.27668762207031,105.1368637084961,12.174300193786621,69.7242431640625,73.66210174560547,43.130001068115234
2016-07-26,,80.63999938964844,185.1061553955078,126.0,89.33245849609375,105.3036117553711,12.123575210571289,69.73245239257812,73.66210174560547,42.91999816894531
2016-07-27,,79.19999694824219,184.9097442626953,128.02999877929688,89.7149887084961,106.6149673461914,12.00521469116211,69.78157806396484,73.67827606201172,41.91999816894531
2016-07-28,,77.36000061035156,185.12327575683594,127.66000366210938,89.76277160644531,106.41789245605469,11.971396446228027,69.77344512939453,73.66210174560547,41.13999938964844
2016-07-29,,78.08000183105469,185.42214965820312,128.97999572753906,90.10542297363281,107.30479431152344,12.07284927368164,69.86356353759766,73.67827606201172,41.599998474121094
2016-08-01,,75.27999877929688,185.26846313476562,129.22000122070312,89.79264831542969,106.14141082763672,11.861489295959473,69.83978271484375,73.66210174560547,40.060001373291016
2016-08-02,,74.63999938964844,184.0813751220703,130.27000427246094,89.57720184326172,105.0478286743164,11.844581604003906,69.81519317626953,73.67827606201172,39.5099983215332
2016-08-03,,77.5199966430664,184.619384765625,129.64999389648438,89.6250228881836,105.10861206054688,12.039030075073242,69.82341766357422,73.66210174560547,40.83000183105469
2016-08-04,,78.72000122070312,184.81582641601562,129.8699951171875,89.84054565429688,105.89836120605469,12.08975887298584,69.87260437011719,73.66210174560547,41.93000030517578
2016-08-05,,78.87999725341797,186.327392578125,127.55000305175781,89.28189849853516,104.79727172851562,12.140483856201172,69.77420806884766,73.66210174560547,41.79999923706055
2016-08-08,,80.80000305175781,186.2163848876953,127.44000244140625,89.2340087890625,104.9946517944336,12.208117485046387,69.74959564208984,73.66210174560547,43.02000045776367
2016-08-09,,80.55999755859375,186.327392578125,127.95999908447266,89.55321502685547,106.02749633789062,12.174300193786621,69.79058074951172,73.66210174560547,42.77000045776367
2016-08-10,,78.16000366210938,185.86622619628906,128.55999755859375,89.79264831542969,106.43756103515625,12.030576705932617,69.82341766357422,73.66210174560547,41.709999084472656
2016-08-11,,81.68000030517578,186.72877502441406,127.66999816894531,89.36170959472656,105.48828887939453,12.216573715209961,69.75775146484375,73.66210174560547,43.4900016784668
2016-08-12,,84.0,186.56654357910156,127.4000015258789,89.68095397949219,106.37679290771484,12.309571266174316,69.80701446533203,73.66210174560547,44.4900016784668
2016-08-15,,86.08000183105469,187.1045379638672,127.83999633789062,89.41754913330078,105.37438201904297,12.512476921081543,69.79058074951172,73.66210174560547,45.7400016784668
2016-08-16,,87.36000061035156,186.1395263671875,128.47000122070312,89.26596069335938,105.09344482421875,12.61392879486084,69.76595306396484,73.66210174560547,46.58000183105469
2016-08-17,,87.91999816894531,186.4896697998047,128.5,89.4095687866211,105.72369384765625,12.664654731750488,69.76595306396484,73.66210174560547,46.790000915527344
2016-08-18,,90.4000015258789,186.9081268310547,129.11000061035156,89.5692138671875,105.89079284667969,12.825288772583008,69.81519317626953,73.67827606201172,48.220001220703125
2016-08-19,,90.72000122070312,186.63485717773438,127.97000122070312,89.26596069335938,105.33641052246094,12.783016204833984,69.74959564208984,73.66210174560547,48.52000045776367
2016-08-22,,87.76000213623047,186.62628173828125,127.77999877929688,89.46543884277344,106.22489929199219,12.664654731750488,69.75775146484375,73.66210174560547,47.04999923706055
2016-08-23,,88.72000122070312,187.0020751953125,127.76000213623047,89.45748901367188,106.33881378173828,12.715381622314453,69.76595306396484,73.66210174560547,48.099998474121094
2016-08-24,,86.55999755859375,186.04559326171875,126.33999633789062,89.42559051513672,106.08819580078125,12.563202857971191,69.74959564208984,73.67827606201172,46.77000045776367
2016-08-25,,87.5999984741211,185.91741943359375,126.2300033569336,89.28189849853516,105.68574523925781,12.61392879486084,69.7249755859375,73.66210174560547,47.33000183105469
2016-08-26,,87.5999984741211,185.5673828125,126.05000305175781,88.93878173828125,105.07063293457031,12.571657180786133,69.65934753417969,73.66210174560547,47.63999938964844
2016-08-29,,86.80000305175781,186.48110961914062,126.30000305175781,89.30581665039062,106.4754638671875,12.520931243896484,69.70038604736328,73.67827606201172,46.97999954223633
2016-08-30,,85.83999633789062,186.17364501953125,125.02999877929688,89.2978515625,106.06544494628906,12.402569770812988,69.70858001708984,73.67827606201172,46.349998474121094
2016-08-31,,82.87999725341797,185.64418029785156,124.77999877929688,89.1941146850586,106.21729278564453,12.165847778320312,69.70038604736328,73.67827606201172,44.70000076293945
2016-09-01,,80.4800033569336,185.65267944335938,125.29000091552734,89.3339614868164,106.33451843261719,12.030576705932617,69.73322296142578,73.67827606201172,43.15999984741211
2016-09-02,,81.91999816894531,186.4896697998047,126.56999969482422,89.10220336914062,105.4671859741211,12.165847778320312,69.73322296142578,73.6943588256836,44.439998626708984
2016-09-06,,83.12000274658203,187.05328369140625,128.7100067138672,89.51779174804688,106.23562622070312,12.250391006469727,69.78242492675781,73.6943588256836,44.83000183105469
2016-09-07,,84.16000366210938,187.03623962402344,128.27000427246094,89.56574249267578,106.1594467163086,12.360297203063965,69.78242492675781,73.67827606201172,45.5
2016-09-08,,87.68000030517578,186.60922241210938,127.58999633789062,89.1261978149414,104.8281021118164,12.580111503601074,69.73322296142578,73.67827606201172,47.619998931884766
2016-09-09,,84.72000122070312,182.1427764892578,126.75,88.70266723632812,103.10118103027344,12.385660171508789,69.70857238769531,73.6943588256836,45.880001068115234
2016-09-12,,85.12000274658203,184.7559814453125,126.58999633789062,88.78258514404297,103.1544189453125,12.385660171508789,69.73322296142578,73.66210174560547,46.290000915527344
2016-09-13,,82.95999908447266,182.10006713867188,125.75,88.45491790771484,101.9828109741211,12.225027084350586,69.70857238769531,73.67827606201172,44.900001525878906
2016-09-14,,80.72000122070312,182.03172302246094,126.18000030517578,88.65472412109375,102.1349868774414,12.13202953338623,69.74961853027344,73.67827606201172,43.58000183105469
2016-09-15,,81.12000274658203,183.8507843017578,125.37000274658203,88.67865753173828,101.6937255859375,12.19120979309082,69.8070297241211,73.67827606201172,43.90999984741211
2016-09-16,,80.0,183.1400909423828,125.05999755859375,88.7745590209961,102.51534271240234,12.208117485046387,69.77424621582031,73.67827606201172,43.029998779296875
2016-09-19,,79.83999633789062,183.17440795898438,125.31999969482422,88.62274932861328,102.18059539794922,12.199666023254395,69.7577896118164,73.67827606201172,43.29999923706055
2016-09-20,,80.55999755859375,183.18304443359375,125.44000244140625,88.7586441040039,102.53820037841797,12.241936683654785,69.74143981933594,73.67827606201172,43.439998626708984
2016-09-21,,83.19999694824219,185.24302673339844,127.2699966430664,88.90247344970703,103.36740112304688,12.394115447998047,69.7577896118164,73.67827606201172,45.34000015258789
2016-09-22,,84.23999786376953,186.4103240966797,127.56999969482422,89.1661605834961,104.18907165527344,12.461750030517578,69.74143981933594,73.6943588256836,46.31999969482422
2016-09-23,,81.5199966430664,185.3888702392578,127.6500015258789,89.20609283447266,104.09022521972656,12.318025588989258,69.78242492675781,73.6943588256836,44.47999954223633
2016-09-26,,83.44000244140625,183.88682556152344,127.55000305175781,89.46182250976562,104.7520523071289,12.402569770812988,69.8235092163086,73.6943588256836,45.93000030517578
2016-09-27,,81.19999694824219,185.02838134765625,126.62000274658203,89.61363983154297,105.52044677734375,12.284207344055176,69.83167266845703,73.67827606201172,44.66999816894531
2016-09-28,,85.19999694824219,185.94679260253906,126.22000122070312,89.57366180419922,105.29219055175781,12.571657180786133,69.8235092163086,73.67827606201172,47.04999923706055
2016-09-29,,86.95999908447266,184.26443481445312,126.06999969482422,89.62963104248047,105.5584716796875,12.647747993469238,69.84812927246094,73.67827606201172,47.83000183105469
2016-09-30,,87.44000244140625,185.65496826171875,125.63999938964844,89.40587615966797,104.61509704589844,12.690018653869629,69.79064178466797,73.6943588256836,48.2400016784668
2016-10-03,,88.80000305175781,185.2086639404297,125.31999969482422,89.19782257080078,104.26988220214844,12.799924850463867,69.7816162109375,73.67827606201172,48.810001373291016
2016-10-04,,88.72000122070312,184.26443481445312,120.97000122070312,88.78968811035156,103.05038452148438,12.766108512878418,69.72416687011719,73.6943588256836,48.689998626708984
2016-10-05,,90.80000305175781,185.0799102783203,120.77999877929688,88.58969116210938,102.57027435302734,12.84219741821289,69.68307495117188,73.6943588256836,49.83000183105469
2016-10-06,,92.08000183105469,185.2086639404297,119.66000366210938,88.4056167602539,101.9986572265625,12.867560386657715,69.68307495117188,73.6943588256836,50.439998626708984
2016-10-07,,90.63999938964844,184.57350158691406,119.73999786376953,88.53365325927734,102.06723022460938,12.83374309539795,69.70773315429688,73.6943588256836,49.810001373291016
2016-10-10,,93.36000061035156,185.5347900390625,120.16000366210938,88.30158233642578,101.4651107788086,12.977466583251953,69.67484283447266,73.6943588256836,
2016-10-11,,92.63999938964844,183.19158935546875,119.55000305175781,88.27758026123047,101.23651123046875,12.90137767791748,69.66663360595703,73.67827606201172,50.790000915527344
2016-10-12,,91.44000244140625,183.43190002441406,119.73999786376953,88.27758026123047,101.33561706542969,12.808379173278809,69.66663360595703,73.6943588256836,50.18000030517578
2016-10-13,,91.91999816894531,182.83108520507812,120.02999877929688,88.46166229248047,101.71665954589844,12.892924308776855,69.69132232666016,73.67827606201172,50.439998626708984
2016-10-14,,91.5199966430664,182.9254913330078,119.36000061035156,88.18958282470703,100.29142761230469,12.90137767791748,69.67484283447266,73.67827606201172,50.349998474121094
2016-10-17,,90.95999908447266,182.2903594970703,119.68000030517578,88.38166046142578,100.93167877197266,12.918286323547363,69.73236846923828,73.67827606201172,49.939998626708984
2016-10-18,,91.5999984741211,183.43190002441406,120.41999816894531,88.55765533447266,101.25934600830078,12.943649291992188,69.75694274902344,73.67827606201172,50.290000915527344
2016-10-19,,93.27999877929688,183.92115783691406,121.11000061035156,88.59768676757812,101.34320068359375,13.028193473815918,69.75694274902344,73.6943588256836,51.599998474121094
2016-10-20,,91.44000244140625,183.5778350830078,120.73999786376953,88.51768493652344,101.4499282836914,12.909832000732422,69.72416687011719,73.67827606201172,50.43000030517578
2016-10-21,,91.83999633789062,183.66366577148438,120.83000183105469,88.61365509033203,101.60235595703125,12.96055793762207,69.74054718017578,73.67827606201172,50.849998474121094
2016-10-24,,91.44000244140625,184.44473266601562,120.55999755859375,88.49364471435547,101.16033935546875,12.969013214111328,69.71589660644531,73.67827606201172,50.52000045776367
2016-10-25,,89.91999816894531,183.82672119140625,121.47000122070312,88.47764587402344,101.427001953125,12.909832000732422,69.71589660644531,73.67827606201172,49.959999084472656
2016-10-26,,88.72000122070312,183.45767211914062,120.79000091552734,88.2856216430664,100.74107360839844,12.825288772583008,69.69132232666016,73.6943588256836,49.18000030517578
2016-10-27,,89.68000030517578,182.96841430664062,121.01000213623047,87.9815444946289,99.64356994628906,12.90137767791748,69.70773315429688,73.67827606201172,49.720001220703125
2016-10-28,,88.08000183105469,182.42767333984375,121.58000183105469,87.9975357055664,99.42259979248047,12.816834449768066,69.70773315429688,73.6943588256836,48.70000076293945
2016-10-31,,84.23999786376953,182.43621826171875,121.94000244140625,88.06954956054688,100.03231048583984,12.647747993469238,69.75694274902344,73.71049499511719,46.86000061035156
2016-11-01,,84.55999755859375,181.1144256591797,122.7300033569336,88.07274627685547,100.0399398803711,12.706927299499512,69.75778198242188,73.6943588256836,46.66999816894531
2016-11-02,,82.23999786376953,180.02435302734375,123.63999938964844,88.33720397949219,100.47514343261719,12.554749488830566,69.79883575439453,73.71049499511719,45.34000015258789
2016-11-03,,80.63999938964844,179.2003631591797,124.30000305175781,88.28109741210938,99.70394897460938,12.512476921081543,69.80712127685547,73.6943588256836,44.65999984741211
2016-11-04,,79.83999633789062,179.0029754638672,124.38999938964844,88.55355834960938,100.59737396240234,12.427932739257812,69.83174133300781,73.71049499511719,44.06999969482422
2016-11-07,,81.27999877929688,182.95120239257812,122.1500015258789,88.18497467041016,99.74205780029297,12.478657722473145,69.80712127685547,73.6943588256836,44.88999938964844
2016-11-08,,80.80000305175781,183.77525329589844,121.63999938964844,87.87245178222656,99.33740997314453,12.461750030517578,69.73318481445312,73.71049499511719,44.97999954223633
2016-11-09,,82.23999786376953,185.72364807128906,121.55999755859375,86.53421020507812,95.12229919433594,12.520931243896484,69.6427993774414,73.67827606201172,45.27000045776367
2016-11-10,,80.31999969482422,186.18716430664062,119.75,86.01341247558594,93.71730041503906,12.419477462768555,69.61813354492188,73.67827606201172,44.65999984741211
2016-11-11,,78.16000366210938,185.75796508789062,117.0999984741211,85.83709716796875,93.1904067993164,12.182756423950195,69.61813354492188,73.64602661132812,
2016-11-14,,78.95999908447266,185.90386962890625,116.11000061035156,85.34024810791016,92.63294982910156,12.157392501831055,69.51130676269531,73.67827606201172,43.31999969482422
2016-11-15,,82.72000122070312,187.35443115234375,117.12000274658203,85.34024810791016,93.09115600585938,12.427932739257812,69.53593444824219,73.6943588256836,45.810001373291016
2016-11-16,,81.83999633789062,187.00253295898438,116.7699966430664,85.4203872680664,93.93111419677734,12.275754928588867,69.52776336669922,73.6943588256836,45.56999969482422
2016-11-17,,81.04000091552734,187.9638671875,116.16999816894531,85.04377746582031,92.5489730834961,12.301115989685059,69.51952362060547,73.71049499511719,45.41999816894531
2016-11-18,,82.55999755859375,187.5432891845703,115.1500015258789,84.66714477539062,92.28167724609375,12.402569770812988,69.47842407226562,73.6943588256836,45.689998626708984
2016-11-21,,86.16000366210938,188.95950317382812,115.58000183105469,84.73928833007812,92.51078796386719,12.749197959899902,69.4701919555664,73.67827606201172,47.4900016784668
2016-11-22,,85.04000091552734,189.32859802246094,115.54000091552734,84.81940460205078,92.48023223876953,12.732290267944336,69.45376586914062,73.67827606201172,48.029998779296875
2016-11-23,,85.36000061035156,189.43153381347656,113.25,84.5149154663086,92.12138366699219,12.783016204833984,69.4126968383789,73.67827606201172,47.959999084472656
2016-11-25,,82.63999938964844,190.1354217529297,112.61000061035156,84.44283294677734,92.2587890625,12.690018653869629,69.40449523925781,73.6943588256836,46.060001373291016
2016-11-28,,83.5199966430664,189.24273681640625,113.80000305175781,84.82743835449219,92.93843841552734,12.732290267944336,69.44558715820312,73.67827606201172,47.08000183105469
2016-11-29,,80.4800033569336,189.61184692382812,113.2699966430664,84.91552734375,93.32782745361328,12.478657722473145,69.45376586914062,73.67827606201172,45.22999954223633
2016-11-30,,87.44000244140625,189.15687561035156,111.75,84.34662628173828,91.81591033935547,12.85910701751709,69.42915344238281,73.67827606201172,49.439998626708984
2016-12-01,,90.63999938964844,188.4617156982422,111.54000091552734,84.02484893798828,90.8464584350586,13.09582805633545,69.39630126953125,73.71210479736328,51.060001373291016
2016-12-02,,91.83999633789062,188.5560760498047,112.13999938964844,84.40202331542969,91.51213836669922,13.188827514648438,69.47019958496094,73.69593811035156,51.68000030517578
2016-12-05,,90.80000305175781,189.68907165527344,111.54000091552734,84.36988830566406,91.41268157958984,13.256462097167969,69.47019958496094,73.69593811035156,51.790000915527344
2016-12-06,,90.31999969482422,190.28997802734375,111.43000030517578,84.40202331542969,91.34380340576172,13.197281837463379,69.45379638671875,73.71210479736328,50.93000030517578
2016-12-07,,88.72000122070312,192.77899169921875,111.83000183105469,84.68291473388672,92.124267578125,13.09582805633545,69.47842407226562,73.71210479736328,49.77000045776367
2016-12-08,,90.4800033569336,193.25112915039062,111.56999969482422,84.36186981201172,91.03777313232422,13.12119197845459,69.47019958496094,73.71210479736328,50.84000015258789
2016-12-09,,91.5199966430664,194.4184112548828,110.4000015258789,83.92855072021484,89.90533447265625,13.188827514648438,69.46202087402344,73.71210479736328,51.5
2016-12-12,,92.95999908447266,194.1952667236328,110.81999969482422,83.94464111328125,90.07367706298828,13.273370742797852,69.43730163574219,73.69593811035156,52.83000183105469
2016-12-13,,93.83999633789062,195.49130249023438,110.44999694824219,83.99279022216797,90.39501953125,13.307188034057617,69.42916870117188,73.71210479736328,52.97999954223633
2016-12-14,,90.55999755859375,193.87767028808594,108.83000183105469,83.29462432861328,89.38504791259766,13.180373191833496,69.2976303100586,73.71210479736328,51.040000915527344
2016-12-15,,90.87999725341797,194.67593383789062,107.33999633789062,83.06189727783203,89.83642578125,13.16346263885498,69.26473236083984,73.71210479736328,50.900001525878906
2016-12-16,,92.4000015258789,194.29515075683594,108.05000305175781,83.16622161865234,89.62991333007812,13.222643852233887,69.2976303100586,73.69593811035156,51.900001525878906
2016-12-19,,92.0,194.71824645996094,108.58999633789062,83.55142211914062,90.59396362304688,13.146554946899414,69.33051300048828,73.71210479736328,52.119998931884766
2016-12-20,,92.95999908447266,195.46939086914062,107.79000091552734,83.37486267089844,90.14250946044922,13.205735206604004,69.33867645263672,73.69593811035156,52.22999954223633
2016-12-21,,91.5199966430664,194.92544555664062,107.8499984741211,83.51131439208984,90.5404052734375,13.129646301269531,69.3715591430664,73.71210479736328,52.4900016784668
2016-12-22,,91.68000030517578,194.58872985839844,107.58999633789062,83.47509002685547,90.37850952148438,13.112736701965332,69.38883972167969,73.69593811035156,52.95000076293945
2016-12-23,,92.4800033569336,194.87364196777344,107.93000030517578,83.5555191040039,90.5626220703125,13.138100624084473,69.38883972167969,73.69593811035156,53.02000045776367
2016-12-27,,93.83999633789062,195.35714721679688,108.55999755859375,83.4349136352539,90.2711410522461,13.341005325317383,69.3559799194336,73.71210479736328,53.900001525878906
2016-12-28,,94.0,193.74261474609375,108.86000061035156,83.7403564453125,90.93090057373047,13.349458694458008,69.38066101074219,73.71045684814453,54.060001373291016
2016-12-29,,93.76000213623047,193.69944763183594,110.29000091552734,83.99756622314453,91.25308990478516,13.366369247436523,69.4547119140625,73.72662353515625,53.77000045776367
2016-12-30,,93.76000213623047,192.99151611328125,109.61000061035156,84.24671173095703,91.3912124633789,13.391732215881348,69.47937774658203,73.69437408447266,53.720001220703125
2017-01-03,,91.5199966430664,194.46783447265625,110.47000122070312,84.20648956298828,91.78240203857422,13.231098175048828,69.4217529296875,73.72662353515625,52.33000183105469
2017-01-04,,92.63999938964844,195.62481689453125,110.86000061035156,84.30294036865234,92.13532257080078,13.332551002502441,69.43821716308594,73.72662353515625,53.2599983215332
2017-01-05,,93.5999984741211,195.46939086914062,112.58000183105469,84.84954071044922,93.57756042480469,13.400186538696289,69.48759460449219,73.71045684814453,53.7599983215332
2017-01-06,,93.44000244140625,196.16871643066406,111.75,84.46368408203125,92.71837615966797,13.38327693939209,69.43002319335938,73.72662353515625,53.9900016784668
2017-01-09,,90.4800033569336,195.52120971679688,112.66999816894531,84.78517150878906,93.4625015258789,13.180373191833496,69.48759460449219,73.72662353515625,51.959999084472656
2017-01-10,,88.55999755859375,195.52120971679688,113.1500015258789,84.7450180053711,93.40115356445312,13.12119197845459,69.46293640136719,73.71045684814453,50.81999969482422
2017-01-11,,90.95999908447266,196.07373046875,113.5,84.84144592285156,93.71565246582031,13.264915466308594,69.495849609375,73.72662353515625,52.25
2017-01-12,,92.31999969482422,195.58160400390625,113.91000366210938,84.88970184326172,93.50851440429688,13.459366798400879,69.5204849243164,73.72662353515625,53.0099983215332
2017-01-13,,91.27999877929688,196.03057861328125,114.20999908447266,84.7048568725586,93.06356811523438,13.434003829956055,69.48759460449219,73.72662353515625,52.369998931884766
2017-01-17,,91.44000244140625,195.33987426757812,115.8499984741211,85.13081359863281,94.03788757324219,13.42554759979248,69.53694915771484,73.72662353515625,52.47999954223633
2017-01-18,,89.27999877929688,195.77154541015625,114.87000274658203,84.52799987792969,92.83343505859375,13.307188034057617,69.47116088867188,73.71045684814453,51.08000183105469
2017-01-19,,89.36000061035156,195.04632568359375,114.7699966430664,84.20648956298828,92.19670104980469,13.264915466308594,69.4465103149414,73.71045684814453,51.369998931884766
2017-01-20,,91.12000274658203,195.76292419433594,115.05000305175781,84.24671173095703,92.0125732421875,13.417094230651855,69.48759460449219,73.72662353515625,52.41999816894531
2017-01-23,,90.55999755859375,195.25352478027344,115.79000091552734,84.688720703125,92.93315124511719,13.417094230651855,69.5534439086914,73.71045684814453,52.75
2017-01-24,,90.95999908447266,196.5054473876953,115.2699966430664,84.36726379394531,92.29641723632812,13.450913429260254,69.51227569580078,73.71045684814453,53.18000030517578
2017-01-25,,90.4800033569336,198.206298828125,114.31999969482422,83.94929504394531,91.13800811767578,13.366369247436523,69.495849609375,73.72662353515625,52.75
2017-01-26,,92.23999786376953,197.99913024902344,113.26000213623047,84.06182098388672,91.44486236572266,13.42554759979248,69.50403594970703,73.74275207519531,53.779998779296875
2017-01-27,,91.19999694824219,197.68829345703125,113.48999786376953,84.16632080078125,91.77474975585938,13.315642356872559,69.53694915771484,73.71045684814453,53.16999816894531
2017-01-30,,90.23999786376953,196.46224975585938,113.97000122070312,84.14221954345703,91.49855041503906,13.23955249786377,69.53694915771484,73.74275207519531,52.630001068115234
2017-01-31,,90.55999755859375,196.44500732421875,115.55000305175781,84.4315414428711,92.13532257080078,13.315642356872559,69.5534439086914,73.72662353515625,52.810001373291016
2017-02-01,,91.83999633789062,196.52273559570312,115.19999694824219,84.26978302001953,91.56561279296875,13.459366798400879,69.52950286865234,73.73143005371094,53.880001068115234
2017-02-02,,92.08000183105469,196.6522216796875,115.83999633789062,84.30194091796875,91.52715301513672,13.459366798400879,69.55421447753906,73.73143005371094,53.540000915527344
2017-02-03,,92.31999969482422,198.00772094726562,116.12999725341797,84.36634826660156,91.48876190185547,13.450913429260254,69.52950286865234,73.71534729003906,53.83000183105469
2017-02-06,,91.04000091552734,197.6537322998047,117.69999694824219,84.76881408691406,92.0422592163086,13.366369247436523,69.6036605834961,73.7475814819336,53.0099983215332
2017-02-07,,89.5199966430664,197.662353515625,117.45999908447266,84.92176055908203,92.71884155273438,13.307188034057617,69.58716583251953,73.7475814819336,52.16999816894531
2017-02-08,,89.83999633789062,197.92138671875,118.19000244140625,85.26786041259766,93.97972106933594,13.357914924621582,69.65302276611328,73.7475814819336,52.34000015258789
2017-02-09,,90.80000305175781,199.0955810546875,117.29000091552734,84.76078033447266,92.8956527709961,13.42554759979248,69.59540557861328,73.7475814819336,53.0
2017-02-10,,92.0,199.8812713623047,117.5999984741211,84.7044677734375,92.84183502197266,13.569272994995117,69.58716583251953,73.73143005371094,53.86000061035156
2017-02-13,,90.55999755859375,200.96910095214844,116.80000305175781,84.57564544677734,92.5497055053711,13.417094230651855,69.57066345214844,73.73143005371094,52.93000030517578
2017-02-14,,91.04000091552734,201.7720489501953,116.93000030517578,84.26978302001953,91.8808364868164,13.434003829956055,69.52130126953125,73.7475814819336,53.20000076293945
2017-02-15,,90.87999725341797,202.8253631591797,117.44999694824219,84.10873413085938,91.45804595947266,13.450913429260254,69.49662017822266,73.73143005371094,53.11000061035156
2017-02-16,,91.27999877929688,202.6527099609375,118.08000183105469,84.44686126708984,91.95769500732422,13.366369247436523,69.52950286865234,73.73143005371094,53.36000061035156
2017-02-17,,91.12000274658203,202.97218322753906,117.68000030517578,84.6722183227539,92.50360870361328,13.341005325317383,69.5789566040039,73.7475814819336,53.400001525878906
2017-02-21,,92.31999969482422,204.180908203125,117.75,84.63197326660156,92.34214782714844,13.324097633361816,69.58716583251953,73.73143005371094,54.060001373291016
2017-02-22,,90.87999725341797,203.99954223632812,117.91000366210938,84.76881408691406,92.49589538574219,13.256462097167969,69.6036605834961,73.73143005371094,53.59000015258789
2017-02-23,,92.23999786376953,204.13768005371094,118.94000244140625,84.99423217773438,92.77265930175781,13.29873275756836,69.63656616210938,73.73143005371094,54.45000076293945
2017-02-24,,91.68000030517578,204.396728515625,119.69999694824219,85.38860321044922,93.80287170410156,13.273370742797852,69.66947174072266,73.73143005371094,53.9900016784668
2017-02-27,,91.76000213623047,204.71620178222656,119.12000274658203,85.0827407836914,93.24932861328125,13.23955249786377,69.61186981201172,73.73143005371094,54.04999923706055
2017-02-28,,91.5999984741211,204.1636505126953,119.2300033569336,85.04248809814453,93.59532928466797,13.290279388427734,69.5789566040039,73.76374816894531,54.0099983215332
2017-03-01,,91.19999694824219,207.02139282226562,119.05999755859375,84.45005798339844,92.02698516845703,13.349458694458008,69.52457427978516,73.73471069335938,53.83000183105469
2017-03-02,,89.36000061035156,205.71771240234375,117.58000183105469,84.20823669433594,91.69573211669922,13.138100624084473,69.45040130615234,73.73471069335938,52.61000061035156
2017-03-03,,90.31999969482422,205.8472442626953,117.51000213623047,84.28886413574219,91.93450927734375,13.205735206604004,69.46688842773438,73.75074005126953,53.33000183105469
2017-03-06,,90.23999786376953,205.23422241210938,116.72000122070312,84.27271270751953,91.49547576904297,13.188827514648438,69.48336791992188,73.76695251464844,53.20000076293945
2017-03-07,,90.16000366210938,204.62124633789062,115.77999877929688,84.15180969238281,91.2181625366211,13.129646301269531,69.45865631103516,73.73471069335938,53.13999938964844
2017-03-08,,85.36000061035156,204.24130249023438,115.05999755859375,83.8697280883789,90.72518920898438,12.83374309539795,69.40100860595703,73.73471069335938,50.279998779296875
2017-03-09,,84.23999786376953,204.50033569335938,114.47000122070312,83.63594055175781,90.0010986328125,12.723835945129395,69.39277648925781,73.73471069335938,49.279998779296875
2017-03-10,,82.31999969482422,205.2169189453125,114.72000122070312,83.81326293945312,90.31692504882812,12.605474472045898,69.43399047851562,73.75074005126953,48.4900016784668
2017-03-13,,82.23999786376953,205.320556640625,114.73999786376953,83.60370635986328,89.74691009521484,12.588565826416016,69.40100860595703,73.73471069335938,48.400001525878906
2017-03-14,,81.5199966430664,204.53482055664062,114.12000274658203,83.69235229492188,90.17826080322266,12.537839889526367,69.39277648925781,73.73471069335938,47.720001220703125
2017-03-15,,83.04000091552734,206.30484008789062,116.25,84.42589569091797,91.27978515625,12.647747993469238,69.52457427978516,73.75074005126953,48.86000061035156
2017-03-16,,82.87999725341797,205.89901733398438,116.7300033569336,84.19213104248047,90.81761169433594,12.630837440490723,69.47511291503906,73.76695251464844,48.75
2017-03-17,,82.63999938964844,205.5373992919922,116.98999786376953,84.41783142089844,91.38762664794922,12.67310905456543,69.50807189941406,73.76695251464844,48.779998779296875
2017-03-20,,82.16000366210938,205.3119354248047,117.51000213623047,84.61930847167969,91.78052520751953,12.664654731750488,69.54927825927734,73.75074005126953,48.220001220703125
2017-03-21,,80.87999725341797,202.67588806152344,118.54000091552734,84.90142822265625,92.54306030273438,12.597020149230957,69.58223724365234,73.76695251464844,47.34000015258789
2017-03-22,,80.95999908447266,203.15277099609375,118.83000183105469,85.06267547607422,92.9128189086914,12.588565826416016,69.59869384765625,73.76695251464844,48.040000915527344
2017-03-23,,80.08000183105469,202.93597412109375,118.66999816894531,84.97396087646484,92.7818603515625,12.563202857971191,69.59869384765625,73.75074005126953,47.70000076293945
2017-03-24,,80.72000122070312,202.78863525390625,118.86000061035156,85.02238464355469,93.1131362915039,12.605474472045898,69.59869384765625,73.76695251464844,47.970001220703125
2017-03-27,,80.31999969482422,202.58050537109375,119.52999877929688,85.23194122314453,93.53675079345703,12.588565826416016,69.6234359741211,73.76695251464844,47.72999954223633
2017-03-28,,81.19999694824219,204.05462646484375,119.04000091552734,84.94178771972656,92.9128189086914,12.664654731750488,69.59046936035156,73.76695251464844,48.369998931884766
2017-03-29,,82.95999908447266,204.24534606933594,119.33000183105469,85.18360137939453,93.4674301147461,12.783016204833984,69.63164520263672,73.76695251464844,49.5099983215332
2017-03-30,,84.55999755859375,204.8956756591797,118.47000122070312,84.94178771972656,92.71253967285156,12.83374309539795,69.61517333984375,73.76695251464844,50.349998474121094
2017-03-31,,85.12000274658203,204.41883850097656,118.72000122070312,85.11100006103516,92.98214721679688,12.85910701751709,69.6234359741211,73.75074005126953,50.599998474121094
2017-04-03,,84.4000015258789,204.0633087158203,119.3499984741211,85.52999114990234,93.9200210571289,12.808379173278809,69.68772888183594,73.75725555419922,50.2400016784668
2017-04-04,,85.68000030517578,204.193359375,119.62000274658203,85.40892028808594,93.41055297851562,12.935195922851562,69.66300201416016,73.75725555419922,51.029998779296875
2017-04-05,,85.44000244140625,203.58639526367188,119.62000274658203,85.57036590576172,93.69612121582031,12.96055793762207,69.66300201416016,73.75725555419922,51.150001525878906
2017-04-06,,86.87999725341797,204.15867614746094,119.18000030517578,85.51387023925781,93.5572280883789,12.994375228881836,69.67947387695312,73.75725555419922,51.70000076293945
2017-04-07,,87.68000030517578,203.9505157470703,119.45999908447266,85.2555160522461,93.178955078125,13.028193473815918,69.58882141113281,73.75725555419922,52.2400016784668
2017-04-10,,89.12000274658203,204.0719757080078,119.45999908447266,85.40892028808594,93.61125946044922,13.129646301269531,69.62178802490234,73.75725555419922,53.08000183105469
2017-04-11,,89.36000061035156,203.82916259765625,121.19000244140625,85.804443359375,94.49895477294922,13.155008316040039,69.68772888183594,73.77340698242188,53.400001525878906
2017-04-12,,88.87999725341797,202.93597412109375,122.0199966430664,86.07088470458984,95.01612091064453,13.155008316040039,69.73715209960938,73.75725555419922,53.11000061035156
2017-04-13,,89.04000091552734,201.61793518066406,122.5999984741211,86.32918548583984,95.30947875976562,13.197281837463379,69.77012634277344,73.77340698242188,53.18000030517578
2017-04-17,,88.4800033569336,203.40428161621094,122.23999786376953,86.19196319580078,95.01612091064453,13.12119197845459,69.76190185546875,73.77340698242188,52.650001525878906
2017-04-18,,88.31999969482422,202.79727172851562,122.81999969482422,86.68441009521484,96.25895690917969,13.070465087890625,69.81956481933594,73.78955841064453,52.40999984741211
2017-04-19,,84.95999908447266,202.4243927001953,121.7300033569336,86.45833587646484,95.73403930664062,12.84219741821289,69.7866439819336,73.78955841064453,50.439998626708984
2017-04-20,,84.31999969482422,204.0719757080078,121.95999908447266,86.26461791992188,95.363525390625,12.79146957397461,69.77840423583984,73.78955841064453,50.27000045776367
2017-04-21,,82.55999755859375,203.4215850830078,122.30999755859375,86.30496978759766,95.363525390625,12.664654731750488,69.81136322021484,73.78955841064453,49.619998931884766
2017-04-24,,82.0,205.6588592529297,121.4800033569336,86.12738037109375,94.89265441894531,12.622383117675781,69.73715209960938,73.77340698242188,49.22999954223633
2017-04-25,,82.87999725341797,206.85546875,120.25,85.68338775634766,93.75019073486328,12.681564331054688,69.67124938964844,73.77340698242188,49.560001373291016
2017-04-26,,82.08000183105469,206.7253875732422,120.83999633789062,85.90938568115234,94.26737976074219,12.61392879486084,69.6959457397461,73.78955841064453,49.619998931884766
2017-04-27,,81.91999816894531,206.8988037109375,120.38999938964844,85.96589660644531,94.23652648925781,12.546294212341309,69.72066497802734,73.77340698242188,48.970001220703125
2017-04-28,,81.91999816894531,206.44790649414062,120.7699966430664,86.0547103881836,94.44493103027344,12.512476921081543,69.75367736816406,73.80570220947266,49.33000183105469
2017-05-01,,81.19999694824219,206.9682159423828,119.66999816894531,85.86875915527344,93.65980529785156,12.537839889526367,69.70582580566406,73.80083465576172,48.84000015258789
2017-05-02,,79.36000061035156,207.04623413085938,119.6500015258789,86.04659271240234,94.13937377929688,12.402569770812988,69.73056030273438,73.78472900390625,47.65999984741211
2017-05-03,,79.44000244140625,206.79476928710938,117.9800033569336,85.86875915527344,94.20123291015625,12.351842880249023,69.68108367919922,73.78472900390625,47.81999969482422
2017-05-04,,75.68000030517578,207.0375518798828,116.79000091552734,85.67475891113281,93.7371597290039,12.055940628051758,69.67281341552734,73.80083465576172,45.52000045776367
2017-05-05,,77.27999877929688,207.8527069091797,117.01000213623047,85.6908950805664,93.82227325439453,12.225027084350586,69.69754028320312,73.78472900390625,46.220001220703125
2017-05-08,,77.36000061035156,207.81797790527344,116.75,85.48072814941406,93.31169891357422,12.174300193786621,69.66458892822266,73.80083465576172,46.43000030517578
2017-05-09,,76.55999755859375,207.627197265625,116.05000305175781,85.38367462158203,93.30398559570312,12.115120887756348,69.63157653808594,73.80083465576172,45.880001068115234
2017-05-10,,78.87999725341797,208.0001220703125,116.04000091552734,85.35130310058594,93.19567108154297,12.309571266174316,69.64805603027344,73.8169937133789,47.33000183105469
2017-05-11,,79.5199966430664,207.57518005371094,116.5,85.416015625,93.19567108154297,12.360297203063965,69.6563491821289,73.8169937133789,47.83000183105469
2017-05-12,,79.5999984741211,207.22833251953125,116.83000183105469,85.85261535644531,93.89962005615234,12.360297203063965,69.73882293701172,73.80083465576172,47.84000015258789
2017-05-15,,81.36000061035156,208.37290954589844,117.13999938964844,85.79603576660156,93.64435577392578,12.427932739257812,69.73056030273438,73.8169937133789,48.849998474121094
2017-05-16,,80.87999725341797,208.18218994140625,117.6500015258789,85.9092025756836,93.99242401123047,12.444841384887695,69.73056030273438,73.8169937133789,48.65999984741211
2017-05-17,,81.5199966430664,204.4882049560547,119.79000091552734,86.59636688232422,95.36157989501953,12.52938461303711,69.80482482910156,73.83314514160156,49.06999969482422
2017-05-18,,82.08000183105469,205.3119354248047,118.80999755859375,86.57212829589844,95.46985626220703,12.495567321777344,69.77182006835938,73.83314514160156,49.349998474121094
2017-05-19,,83.83999633789062,206.6473388671875,119.4000015258789,86.54786682128906,95.69418334960938,12.740744590759277,69.78831481933594,73.8169937133789,50.33000183105469
2017-05-22,,84.31999969482422,207.6966094970703,119.9000015258789,86.45088195800781,95.43119049072266,12.825288772583008,69.7635498046875,73.83314514160156,50.72999954223633
2017-05-23,,85.12000274658203,208.15615844726562,119.13999938964844,86.2244873046875,94.7891616821289,12.783016204833984,69.73882293701172,73.83314514160156,51.470001220703125
2017-05-24,,84.80000305175781,208.64173889160156,119.61000061035156,86.40238952636719,95.32291412353516,12.757654190063477,69.78003692626953,73.8169937133789,51.36000061035156
2017-05-25,,80.31999969482422,209.6389617919922,119.4800033569336,86.45088195800781,95.35382843017578,12.478657722473145,69.78003692626953,73.83314514160156,48.900001525878906
2017-05-26,,82.23999786376953,209.5956268310547,120.54000091552734,86.50746154785156,95.51628112792969,12.571657180786133,69.77182006835938,73.84927368164062,49.79999923706055
2017-05-30,,81.91999816894531,209.41351318359375,120.13999938964844,86.72576141357422,95.98815155029297,12.47020435333252,69.79654693603516,73.8169937133789,49.65999984741211
2017-05-31,,79.68000030517578,209.36146545410156,120.62000274658203,86.76615905761719,96.22795104980469,12.334936141967773,69.80482482910156,73.8169937133789,48.31999969482422
2017-06-01,,79.27999877929688,211.02642822265625,120.72000122070312,86.7208251953125,96.23805236816406,12.250391006469727,69.79161834716797,73.84446716308594,48.36000061035156
2017-06-02,,78.87999725341797,211.7288055419922,121.61000061035156,87.10139465332031,97.3775405883789,12.19120979309082,69.84113311767578,73.82833099365234,47.65999984741211
2017-06-05,,78.4000015258789,211.57272338867188,121.7300033569336,86.95561981201172,96.77290344238281,12.123575210571289,69.78335571289062,73.84446716308594,47.400001525878906
2017-06-06,,79.76000213623047,210.89630126953125,123.0999984741211,87.2309799194336,97.30001831054688,12.208117485046387,69.80805206298828,73.82833099365234,48.189998626708984
2017-06-07,,75.68000030517578,211.2865447998047,122.44999694824219,87.06903076171875,96.83491516113281,12.039030075073242,69.78335571289062,73.8606185913086,45.720001220703125
2017-06-08,,75.44000244140625,211.39059448242188,121.6500015258789,86.93136596679688,96.57909393310547,12.039030075073242,69.76683807373047,73.84446716308594,45.63999938964844
2017-06-09,,75.91999816894531,211.06976318359375,120.54000091552734,86.85039520263672,96.43182373046875,12.10666561126709,69.74205780029297,73.8606185913086,45.83000183105469
2017-06-12,,76.16000366210938,211.02642822265625,120.36000061035156,86.83422088623047,96.40082550048828,11.996758460998535,69.7337875366211,73.84446716308594,46.08000183105469
2017-06-13,,76.80000305175781,212.0583038330078,120.4800033569336,86.86659240722656,96.41631317138672,12.0474853515625,69.7337875366211,73.8606185913086,46.459999084472656
2017-06-14,,73.83999633789062,211.7894744873047,119.81999969482422,87.32002258300781,97.9046630859375,11.836126327514648,69.76683807373047,73.84446716308594,44.72999954223633
2017-06-15,,73.44000244140625,211.3819122314453,119.31999969482422,87.16619110107422,97.7496337890625,11.886853218078613,69.74205780029297,73.84446716308594,44.459999084472656
2017-06-16,,73.91999816894531,211.4281005859375,119.33999633789062,87.21479034423828,97.94342041015625,11.937578201293945,69.77507019042969,73.87675476074219,44.7400016784668
2017-06-19,,72.95999908447266,213.1883087158203,118.43000030517578,86.97187042236328,97.8038558959961,11.861489295959473,69.7337875366211,73.8606185913086,44.20000076293945
2017-06-20,,71.5999984741211,211.7505340576172,118.18000030517578,87.19047546386719,98.67981719970703,11.743128776550293,69.74205780029297,73.8606185913086,43.22999954223633
2017-06-21,,69.68000030517578,211.69825744628906,118.5199966430664,87.18234252929688,98.88138580322266,11.616312026977539,69.75032043457031,73.87675476074219,42.529998779296875
2017-06-22,,70.23999786376953,211.60235595703125,118.91999816894531,87.26336669921875,99.09840393066406,11.633221626281738,69.75858306884766,73.8929443359375,42.7400016784668
2017-06-23,,70.87999725341797,211.85507202148438,119.43000030517578,87.28761291503906,99.05192565917969,11.683947563171387,69.79983520507812,73.87675476074219,43.0099983215332
2017-06-26,,71.44000244140625,211.9945068359375,118.36000061035156,87.36054229736328,99.42396545410156,11.709311485290527,69.79983520507812,73.8606185913086,43.380001068115234
2017-06-27,,72.80000305175781,210.28662109375,118.80999755859375,86.93136596679688,98.36199951171875,11.844581604003906,69.75858306884766,73.8606185913086,44.2400016784668
2017-06-28,,73.5999984741211,212.16880798339844,118.9000015258789,86.85039520263672,98.03642272949219,11.920670509338379,69.79161834716797,73.8929443359375,44.7400016784668
2017-06-29,,73.68000030517578,210.30404663085938,118.31999969482422,86.52651977539062,97.2147445678711,11.971396446228027,69.75032043457031,73.87675476074219,44.93000030517578
2017-06-30,,76.0,210.6961669921875,118.0199966430664,86.32410430908203,96.98992156982422,12.216573715209961,69.75032043457031,73.8929443359375,46.040000915527344
2017-07-03,,76.95999908447266,211.0533905029297,116.08999633789062,86.00701141357422,96.67765808105469,12.343388557434082,69.69825744628906,73.9010009765625,47.06999969482422
2017-07-05,,74.0,211.54141235351562,116.5199966430664,86.07186126708984,96.70097351074219,12.157392501831055,69.72308349609375,73.88484954833984,45.130001068115234
2017-07-06,,74.4800033569336,209.60696411132812,116.47000122070312,85.90973663330078,95.90093231201172,12.165847778320312,69.73959350585938,73.9010009765625,45.52000045776367
2017-07-07,,72.80000305175781,210.9662628173828,115.27999877929688,85.7718276977539,95.3260726928711,12.0474853515625,69.73131561279297,73.9010009765625,44.22999954223633
2017-07-10,,73.04000091552734,211.19284057617188,115.47000122070312,85.88536834716797,95.46589660644531,12.098211288452148,69.76434326171875,73.9010009765625,44.400001525878906
2017-07-11,,74.16000366210938,211.03599548339844,115.62000274658203,85.99888610839844,95.62906646728516,12.216573715209961,69.78913116455078,73.9010009765625,45.040000915527344
2017-07-12,,74.63999938964844,212.6219024658203,116.02999877929688,86.25025939941406,96.28929901123047,12.157392501831055,69.82220458984375,73.88484954833984,45.4900016784668
2017-07-13,,75.76000213623047,212.97914123535156,115.81999969482422,86.16106414794922,95.68341827392578,12.14893913269043,69.78913116455078,73.88484954833984,46.08000183105469
2017-07-14,,76.72000122070312,213.97247314453125,116.7699966430664,86.28273010253906,95.79989624023438,12.284207344055176,69.82220458984375,73.91716766357422,46.540000915527344
2017-07-17,,75.5999984741211,213.9463653564453,117.29000091552734,86.38813018798828,96.06401062011719,12.241936683654785,69.8304443359375,73.9010009765625,46.02000045776367
2017-07-18,,76.31999969482422,214.05963134765625,118.11000061035156,86.70442962646484,96.90292358398438,12.29266357421875,69.84701538085938,73.9010009765625,46.400001525878906
2017-07-19,,77.5199966430664,215.21852111816406,118.08000183105469,86.70442962646484,96.94178771972656,12.402569770812988,69.84701538085938,73.9010009765625,47.119998931884766
2017-07-20,,76.87999725341797,215.31439208984375,118.23999786376953,86.72867584228516,97.22142028808594,12.385660171508789,69.84701538085938,73.9010009765625,46.790000915527344
2017-07-21,,74.72000122070312,215.1226806640625,119.26000213623047,86.88280487060547,97.63312530517578,12.216573715209961,69.88002014160156,73.9010009765625,45.77000045776367
2017-07-24,,76.0,215.07037353515625,119.30999755859375,86.82601165771484,97.25247955322266,12.241936683654785,69.85523223876953,73.9010009765625,46.34000015258789
2017-07-25,,78.4800033569336,215.59324645996094,118.91999816894531,86.33950805664062,95.98636627197266,12.37720775604248,69.8139419555664,73.9010009765625,47.88999938964844
2017-07-26,,79.68000030517578,215.60195922851562,119.87999725341797,86.6152114868164,96.14168548583984,12.495567321777344,69.86345672607422,73.91716766357422,48.75
2017-07-27,,80.4800033569336,215.40150451660156,119.79000091552734,86.47730255126953,95.66786193847656,12.571657180786133,69.84701538085938,73.933349609375,49.040000915527344
2017-07-28,,81.36000061035156,215.14886474609375,120.69000244140625,86.62330627441406,96.23490905761719,12.639291763305664,69.88825988769531,73.91716766357422,49.709999084472656
2017-07-31,,82.23999786376953,215.0268096923828,120.75,86.64766693115234,96.35147094726562,12.715381622314453,69.88002014160156,73.91716766357422,50.16999816894531
2017-08-01,,80.72000122070312,215.50613403320312,120.6500015258789,86.86286926269531,97.02793884277344,12.571657180786133,69.90568542480469,73.93658447265625,49.15999984741211
2017-08-02,,81.12000274658203,215.610595703125,120.4000015258789,86.78164672851562,97.08240509033203,12.597020149230957,69.87260437011719,73.95272064208984,49.59000015258789
2017-08-03,,80.16000366210938,215.19239807128906,120.58999633789062,87.08218383789062,98.08662414550781,12.504023551940918,69.89739990234375,73.95272064208984,49.029998779296875
2017-08-04,,81.04000091552734,215.5845184326172,119.6500015258789,86.84661102294922,97.253662109375,12.52938461303711,69.87260437011719,73.95272064208984,49.58000183105469
2017-08-07,,80.80000305175781,215.98533630371094,119.51000213623047,86.89534759521484,97.36266326904297,12.554749488830566,69.89739990234375,73.95272064208984,49.38999938964844
2017-08-08,,80.4800033569336,215.4538116455078,119.86000061035156,86.82225036621094,97.0123519897461,12.563202857971191,69.89739990234375,73.95272064208984,49.16999816894531
2017-08-09,,81.19999694824219,215.44512939453125,121.30999755859375,86.92787170410156,97.54168701171875,12.647747993469238,69.88910675048828,73.95272064208984,49.560001373291016
2017-08-10,,79.27999877929688,212.4040069580078,122.20999908447266,87.25273132324219,98.37461853027344,12.453295707702637,69.91390228271484,73.95272064208984,48.59000015258789
2017-08-11,,79.91999816894531,212.71774291992188,122.79000091552734,87.35016632080078,98.4213638305664,12.495567321777344,70.00494384765625,73.96891784667969,48.81999969482422
2017-08-14,,77.76000213623047,214.826416015625,121.91999816894531,87.1390151977539,97.91536712646484,12.385660171508789,69.94697570800781,73.95272064208984,47.59000015258789
2017-08-15,,78.0,214.80030822753906,120.9800033569336,86.8791275024414,97.50276947021484,12.326480865478516,69.91390228271484,73.96891784667969,47.54999923706055
2017-08-16,,76.55999755859375,215.17501831054688,121.87000274658203,87.04153442382812,97.86087036132812,12.29266357421875,69.95525360107422,73.95272064208984,46.779998779296875
2017-08-17,,76.95999908447266,211.82020568847656,122.48999786376953,87.35016632080078,98.59265899658203,12.326480865478516,69.97183227539062,73.96891784667969,47.09000015258789
2017-08-18,,79.76000213623047,211.48910522460938,122.30000305175781,87.3664321899414,98.56930541992188,12.546294212341309,69.96355438232422,73.95272064208984,48.5099983215332
2017-08-21,,77.68000030517578,211.65467834472656,122.76000213623047,87.42327117919922,98.81057739257812,12.394115447998047,69.98009490966797,73.96891784667969,47.369998931884766
2017-08-22,,78.16000366210938,213.867919921875,122.20999908447266,87.25273132324219,98.42919158935547,12.427932739257812,69.97183227539062,73.98512268066406,47.63999938964844
2017-08-23,,79.04000091552734,213.10110473632812,122.66999816894531,87.55325317382812,99.09862518310547,12.537839889526367,70.03797149658203,73.98512268066406,48.40999984741211
2017-08-24,,77.68000030517578,212.60450744628906,122.29000091552734,87.41517639160156,98.73279571533203,12.52938461303711,69.97183227539062,73.98512268066406,47.43000030517578
2017-08-25,,78.0,213.10110473632812,122.73999786376953,87.56134033203125,99.11420440673828,12.504023551940918,69.99663543701172,73.96891784667969,47.869998931884766
2017-08-28,,76.23999786376953,213.10986328125,124.69000244140625,87.642578125,99.0519790649414,12.512476921081543,69.97183227539062,73.98512268066406,46.56999969482422
2017-08-29,,75.68000030517578,213.35379028320312,124.41999816894531,87.84558868408203,99.37110137939453,12.512476921081543,70.00494384765625,73.98512268066406,46.439998626708984
2017-08-30,,75.04000091552734,214.3646240234375,124.36000061035156,87.77254486083984,99.33995056152344,12.419477462768555,70.02141571044922,73.98512268066406,45.959999084472656
2017-08-31,,77.04000091552734,215.6542510986328,125.81999969482422,87.91059875488281,99.6357650756836,12.766108512878418,70.02141571044922,74.00127410888672,47.22999954223633
2017-09-01,,77.36000061035156,215.95916748046875,126.05999755859375,87.65193176269531,98.87366485595703,12.783016204833984,70.00650024414062,74.00611877441406,47.290000915527344
2017-09-05,,79.36000061035156,214.408203125,127.45999908447266,88.261962890625,100.44161224365234,12.808379173278809,70.07270812988281,73.9737777709961,48.65999984741211
2017-09-06,,80.31999969482422,215.14012145996094,126.80999755859375,88.05046081542969,99.82532501220703,12.935195922851562,70.06441497802734,74.00611877441406,49.15999984741211
2017-09-07,,80.23999786376953,215.11392211914062,128.1300048828125,88.4327621459961,100.84719848632812,12.926739692687988,70.10584259033203,74.00611877441406,49.09000015258789
2017-09-08,,77.83999633789062,214.86129760742188,127.97000122070312,88.36767578125,100.62882995605469,12.783016204833984,70.08926391601562,73.98995971679688,47.47999954223633
2017-09-11,,78.55999755859375,217.15296936035156,126.19000244140625,87.86338806152344,99.42752075195312,12.808379173278809,70.02307891845703,73.98995971679688,48.06999969482422
2017-09-12,,78.95999908447266,217.88490295410156,126.55999755859375,87.65193176269531,98.90485382080078,12.84219741821289,69.9899673461914,74.0223388671875,48.22999954223633
2017-09-13,,80.55999755859375,217.98948669433594,125.61000061035156,87.47297668457031,98.5147705078125,12.90137767791748,69.97344207763672,74.0223388671875,49.29999923706055
2017-09-14,,81.04000091552734,217.91976928710938,126.16000366210938,87.48921966552734,98.92044067382812,12.909832000732422,69.98170471191406,74.00611877441406,49.88999938964844
2017-09-15,,81.5999984741211,218.21315002441406,125.52999877929688,87.59497833251953,98.95946502685547,12.969013214111328,69.97344207763672,74.00611877441406,49.88999938964844
2017-09-18,,81.36000061035156,218.67724609375,124.36000061035156,87.25335693359375,98.3899917602539,12.952104568481445,69.93203735351562,74.00611877441406,49.90999984741211
2017-09-19,,80.87999725341797,218.89617919921875,124.62000274658203,87.15576934814453,98.14813995361328,12.926739692687988,69.94029235839844,74.03851318359375,49.47999954223633
2017-09-20,,81.91999816894531,218.9749755859375,123.62000274658203,86.98490905761719,98.2183609008789,13.03664779663086,69.88240051269531,74.03851318359375,50.40999984741211
2017-09-21,,82.0,218.38832092285156,122.68000030517578,86.87105560302734,98.1637954711914,12.985921859741211,69.86581420898438,74.03851318359375,50.54999923706055
2017-09-22,,81.91999816894531,218.4320526123047,123.23999786376953,87.02557373046875,98.44459533691406,13.03664779663086,69.88240051269531,74.03851318359375,50.65999984741211
2017-09-25,,84.4000015258789,217.9854278564453,124.52999877929688,87.28587341308594,99.06086730957031,13.256462097167969,69.92376708984375,74.03851318359375,52.220001220703125
2017-09-26,,83.91999816894531,218.11679077148438,123.13999938964844,87.21269226074219,98.8814468383789,13.138100624084473,69.90721130371094,74.03851318359375,51.880001068115234
2017-09-27,,84.16000366210938,218.9662628173828,121.9800033569336,86.76533508300781,97.39151000976562,13.087373733520508,69.8989486694336,74.03851318359375,52.13999938964844
2017-09-28,,83.44000244140625,219.22894287109375,122.20999908447266,86.74907684326172,97.1029281616211,13.087373733520508,69.90721130371094,74.0223388671875,51.560001373291016
2017-09-29,,83.44000244140625,219.99957275390625,121.58000183105469,86.64326477050781,97.32136535644531,13.019739151000977,69.89069366455078,74.05470275878906,51.66999816894531
2017-10-02,,81.68000030517578,220.9540557861328,120.7699966430664,86.54474639892578,97.14310455322266,12.909832000732422,69.94285583496094,74.0579605102539,50.58000183105469
2017-10-03,,81.44000244140625,221.42691040039062,120.83000183105469,86.66693115234375,97.23690795898438,12.918286323547363,69.90145111083984,74.0579605102539,50.41999816894531
2017-10-04,,80.63999938964844,221.6896209716797,121.16999816894531,86.64249420166016,97.24472045898438,12.935195922851562,70.03399658203125,74.04173278808594,49.97999954223633
2017-10-05,,82.0,223.00314331054688,120.5199966430664,86.55291748046875,96.87733459472656,13.078920364379883,69.88489532470703,74.0579605102539,50.790000915527344
2017-10-06,,79.76000213623047,222.74917602539062,121.08999633789062,86.44698333740234,96.60374450683594,12.876015663146973,69.85997772216797,74.04173278808594,49.290000915527344
2017-10-09,,80.0,222.38137817382812,122.08000183105469,86.54474639892578,96.90857696533203,12.884468078613281,69.85997772216797,74.04173278808594,49.58000183105469
2017-10-10,,82.23999786376953,222.96815490722656,122.4000015258789,86.57731628417969,97.06497192382812,13.03664779663086,69.8765640258789,74.04173278808594,50.91999816894531
2017-10-11,,82.87999725341797,223.3184051513672,122.79000091552734,86.67509460449219,97.25251770019531,13.062010765075684,69.86827087402344,74.04173278808594,51.29999923706055
2017-10-12,,81.83999633789062,222.98562622070312,122.88999938964844,86.75655364990234,97.66676330566406,13.045103073120117,69.85997772216797,74.0741195678711,50.599998474121094
2017-10-13,,82.95999908447266,223.25711059570312,123.81999969482422,87.0498275756836,98.37030029296875,13.171916961669922,69.90145111083984,74.0741195678711,51.45000076293945
2017-10-16,,83.68000030517578,223.55482482910156,122.97000122070312,86.90316009521484,98.2999038696289,13.205735206604004,69.83513641357422,74.0579605102539,51.869998931884766
2017-10-17,,83.91999816894531,223.7124786376953,122.12999725341797,86.8706283569336,98.42499542236328,13.188827514648438,69.84343719482422,74.0741195678711,51.880001068115234
2017-10-18,,83.83999633789062,223.93136596679688,121.66999816894531,86.65064239501953,97.77617645263672,13.180373191833496,69.8186264038086,74.0741195678711,52.040000915527344
2017-10-19,,82.80000305175781,223.99269104003906,122.38999938964844,86.74026489257812,97.94821166992188,13.12119197845459,69.85997772216797,74.0741195678711,51.290000915527344
2017-10-20,,83.44000244140625,225.1485595703125,121.61000061035156,86.38182067871094,96.90857696533203,13.188827514648438,69.8186264038086,74.09033203125,51.470001220703125
2017-10-23,,83.36000061035156,224.2729034423828,121.80000305175781,86.46322631835938,97.08059692382812,13.188827514648438,69.8186264038086,74.0741195678711,51.900001525878906
2017-10-24,,84.31999969482422,224.66696166992188,121.33000183105469,86.20259857177734,96.47868347167969,13.324097633361816,69.80204010009766,74.10653686523438,52.470001220703125
2017-10-25,,83.83999633789062,223.55482482910156,121.3499984741211,86.06410217285156,96.01752471923828,13.341005325317383,69.78551483154297,74.10653686523438,52.18000030517578
2017-10-26,,84.55999755859375,223.8438262939453,120.33000183105469,85.9500732421875,95.69705200195312,13.400186538696289,69.78551483154297,74.10653686523438,52.63999938964844
2017-10-27,,86.72000122070312,225.67404174804688,120.9000015258789,86.22706604003906,96.33018493652344,13.46782112121582,69.83513641357422,74.10653686523438,53.900001525878906
2017-10-30,,86.95999908447266,224.8333740234375,121.12999725341797,86.53658294677734,97.25251770019531,13.501639366149902,69.86827087402344,74.09033203125,54.150001525878906
2017-10-31,,87.44000244140625,225.18359375,120.66999816894531,86.47959899902344,97.28379821777344,13.535456657409668,69.82689666748047,74.10653686523438,54.380001068115234
2017-11-01,,87.19999694824219,225.4813690185547,121.11000061035156,86.53180694580078,97.71696472167969,13.54391098022461,69.81694030761719,74.11463165283203,54.29999923706055
2017-11-02,,87.91999816894531,225.5689239501953,121.19000244140625,86.64603424072266,98.14777374267578,13.628456115722656,69.8335189819336,74.09844207763672,54.540000915527344
2017-11-03,,89.44000244140625,226.322021484375,120.62000274658203,86.78471374511719,98.41409301757812,13.712997436523438,69.79203796386719,74.09844207763672,55.63999938964844
2017-11-06,,92.08000183105469,226.67234802246094,121.6500015258789,86.8907470703125,98.78225708007812,13.975083351135254,69.8335189819336,74.11463165283203,57.349998474121094
2017-11-07,,91.91999816894531,226.51467895507812,121.20999908447266,86.92341613769531,99.19743347167969,13.89054012298584,69.80033874511719,74.11463165283203,57.20000076293945
2017-11-08,,91.27999877929688,226.89993286132812,121.62999725341797,86.8173599243164,98.97807312011719,13.865175247192383,69.79203796386719,74.11463165283203,56.810001373291016
2017-11-09,,91.68000030517578,226.0768280029297,122.12999725341797,86.78471374511719,98.69608306884766,13.89054012298584,69.78377532958984,74.09844207763672,57.16999816894531
2017-11-10,,91.36000061035156,226.0067596435547,121.12999725341797,86.34414672851562,97.20777130126953,13.865175247192383,69.75890350341797,74.11463165283203,56.7400016784668
2017-11-13,,91.04000091552734,226.2169952392578,121.30999755859375,86.30335998535156,97.4114761352539,13.822905540466309,69.7506103515625,74.11463165283203,56.7599983215332
2017-11-14,,89.04000091552734,225.6915283203125,121.55999755859375,86.42572021484375,98.06940460205078,13.636907577514648,69.76719665527344,74.11463165283203,55.70000076293945
2017-11-15,,88.72000122070312,224.56185913085938,121.41000366210938,86.73577880859375,99.13471221923828,13.619999885559082,69.7423324584961,74.11463165283203,55.33000183105469
2017-11-16,,88.55999755859375,226.47091674804688,121.4000015258789,86.5155029296875,98.27307891845703,13.577727317810059,69.7506103515625,74.13082885742188,55.13999938964844
2017-11-17,,90.80000305175781,225.8053436279297,122.86000061035156,86.62969970703125,99.00159454345703,13.797541618347168,69.70919036865234,74.11463165283203,56.54999923706055
2017-11-20,,90.23999786376953,226.19065856933594,121.30999755859375,86.490966796875,98.96241760253906,13.687634468078613,69.68424987792969,74.13082885742188,56.09000015258789
2017-11-21,,91.19999694824219,227.67054748535156,121.51000213623047,86.5073013305664,99.27571868896484,13.780632019042969,69.6677017211914,74.14706420898438,56.83000183105469
2017-11-22,,92.80000305175781,227.46917724609375,122.62999725341797,86.78471374511719,99.59688568115234,13.856721878051758,69.72573852539062,74.14706420898438,58.02000045776367
2017-11-24,,94.31999969482422,227.99453735351562,122.31999969482422,86.71127319335938,99.32270812988281,13.898995399475098,69.72573852539062,74.13082885742188,58.95000076293945
2017-11-27,,92.72000122070312,227.88075256347656,122.83000183105469,86.76839447021484,99.1817398071289,13.873631477355957,69.72573852539062,74.13082885742188,58.11000061035156
2017-11-28,,92.63999938964844,230.19259643554688,122.80999755859375,86.78471374511719,99.31488037109375,13.81445026397705,69.73402404785156,74.16329956054688,57.9900016784668
2017-11-29,,91.76000213623047,230.0524444580078,122.04000091552734,86.5073013305664,98.33576202392578,13.721452713012695,69.71743774414062,74.14706420898438,57.29999923706055
2017-11-30,,91.76000213623047,232.0665283203125,121.0999984741211,86.23806762695312,98.00678253173828,13.662272453308105,69.67599487304688,74.14706420898438,57.400001525878906
2017-12-01,,93.36000061035156,231.58494567871094,121.58999633789062,86.5567398071289,99.3293228149414,13.780632019042969,69.69178009033203,74.15193939208984,58.36000061035156
2017-12-04,,91.91999816894531,231.30471801757812,121.18000030517578,86.51589965820312,99.37643432617188,13.61154556274414,69.65026092529297,74.16001892089844,57.470001220703125
2017-12-05,,92.31999969482422,230.47276306152344,120.31999969482422,86.58122253417969,99.87094116210938,13.61154556274414,69.6419677734375,74.16815185546875,57.619998931884766
2017-12-06,,89.5999984741211,230.51657104492188,120.06999969482422,86.76105499267578,100.2162857055664,13.38327693939209,69.67513275146484,74.16001892089844,55.959999084472656
2017-12-07,,90.63999938964844,231.24342346191406,118.48999786376953,86.60580444335938,99.43138122558594,13.42554759979248,69.68346405029297,74.16815185546875,56.689998626708984
2017-12-08,,91.91999816894531,232.50440979003906,118.4800033569336,86.5404052734375,99.43921661376953,13.493184089660645,69.68346405029297,74.1762466430664,57.36000061035156
2017-12-11,,92.80000305175781,233.2048797607422,118.01000213623047,86.48320007324219,99.23516845703125,13.527002334594727,69.65026092529297,74.16815185546875,57.9900016784668
2017-12-12,,91.5199966430664,233.61648559570312,118.1500015258789,86.40970611572266,99.19585418701172,13.408639907836914,69.65026092529297,74.1762466430664,57.13999938964844
2017-12-13,,90.63999938964844,233.59017944335938,119.16999816894531,86.76105499267578,99.94156646728516,13.349458694458008,69.7249526977539,74.16815185546875,56.599998474121094
2017-12-14,,91.44000244140625,232.63572692871094,118.93000030517578,86.72830963134766,100.36542510986328,13.391732215881348,69.70008087158203,74.1762466430664,57.040000915527344
2017-12-15,,91.68000030517578,234.5730438232422,119.18000030517578,86.71200561523438,100.74212646484375,13.391732215881348,69.66685485839844,74.18437194824219,57.29999923706055
2017-12-18,,91.5199966430664,236.06051635742188,119.7300033569336,86.51589965820312,99.82384490966797,13.450913429260254,69.66685485839844,74.19245910644531,57.15999984741211
2017-12-19,,92.08000183105469,235.15390014648438,119.81999969482422,86.1236572265625,98.52875518798828,13.552364349365234,69.63368225097656,74.19409942626953,57.459999084472656
2017-12-20,,92.87999725341797,235.03060913085938,120.13999938964844,85.87034606933594,97.437744140625,13.628456115722656,69.6419677734375,74.19409942626953,58.09000015258789
2017-12-21,,93.12000274658203,235.51480102539062,120.30999755859375,85.93092346191406,98.00559997558594,13.636907577514648,69.6369857788086,74.19409942626953,58.36000061035156
2017-12-22,,93.27999877929688,235.45318603515625,120.94000244140625,85.96368408203125,98.13932037353516,13.696089744567871,69.61206817626953,74.21037292480469,58.470001220703125
2017-12-26,,95.5999984741211,235.17144775390625,121.7699966430664,85.99642181396484,98.43035125732422,13.898995399475098,69.60379028320312,74.20223999023438,59.970001220703125
2017-12-27,,95.36000061035156,235.28594970703125,122.2300033569336,86.36469268798828,99.71244812011719,13.932811737060547,69.6369857788086,74.21842956542969,59.63999938964844
2017-12-28,,95.76000213623047,235.76998901367188,122.8499984741211,86.2582778930664,99.6259536743164,14.000445365905762,69.64527893066406,74.21842956542969,59.84000015258789
2017-12-29,,96.08000183105469,234.881103515625,123.6500015258789,86.3974380493164,99.78326416015625,14.042717933654785,69.66190338134766,74.20223999023438,60.41999816894531
2018-01-02,,96.55999755859375,236.56216430664062,125.1500015258789,86.1109848022461,98.7056884765625,14.110353469848633,69.6369857788086,74.21037292480469,60.369998931884766
2018-01-03,,98.72000122070312,238.05845642089844,124.81999969482422,86.20099639892578,99.17757415771484,14.194897651672363,69.6369857788086,74.22657775878906,61.630001068115234
2018-01-04,,98.95999908447266,239.06187438964844,125.45999908447266,86.1600341796875,99.1618881225586,14.17798900604248,69.60379028320312,74.23466491699219,62.0099983215332
2018-01-05,,98.4800033569336,240.6549530029297,125.33000183105469,86.05368041992188,98.87873077392578,14.127262115478516,69.60379028320312,74.23466491699219,61.439998626708984
2018-01-08,,99.04000091552734,241.0950469970703,125.30999755859375,86.01275634765625,98.81581115722656,14.118807792663574,69.60379028320312,74.24281311035156,61.72999954223633
2018-01-09,,100.55999755859375,241.6407470703125,124.7300033569336,85.60356140136719,97.49434661865234,14.211806297302246,69.57881164550781,74.24281311035156,62.959999084472656
2018-01-10,,101.44000244140625,241.27110290527344,125.02999877929688,85.57903289794922,97.3763656616211,14.262533187866211,69.60379028320312,74.24281311035156,63.56999969482422
2018-01-11,,101.5999984741211,243.03143310546875,125.44000244140625,85.63628387451172,97.77754974365234,14.254079818725586,69.57881164550781,74.23466491699219,63.79999923706055
2018-01-12,,102.95999908447266,244.61569213867188,126.95999908447266,85.57903289794922,97.94271087646484,14.347074508666992,69.570556640625,74.25904083251953,64.30000305175781
2018-01-16,,102.08000183105469,243.779541015625,127.16999816894531,85.61992645263672,98.35175323486328,14.279440879821777,69.56221771240234,74.24281311035156,63.72999954223633
2018-01-17,,102.23999786376953,246.10313415527344,126.13999938964844,85.43173217773438,98.21803283691406,14.296348571777344,69.53726959228516,74.25904083251953,63.970001220703125
2018-01-18,,102.08000183105469,245.68948364257812,125.86000061035156,85.1616439819336,97.3055648803711,14.296348571777344,69.52064514160156,74.25904083251953,63.95000076293945
2018-01-19,,101.76000213623047,246.8072967529297,126.41999816894531,84.94065856933594,96.79432678222656,14.27098560333252,69.54560852050781,74.26715850830078,63.369998931884766
2018-01-22,,102.23999786376953,248.81399536132812,126.6500015258789,84.9079360961914,96.88871765136719,14.304804801940918,69.5123519897461,74.27528381347656,63.4900016784668
2018-01-23,,103.76000213623047,249.3421630859375,127.27999877929688,85.15345001220703,97.3055648803711,14.406257629394531,69.55387878417969,74.27528381347656,64.47000122070312
2018-01-24,,105.76000213623047,249.24534606933594,128.8300018310547,84.98977661132812,96.77859497070312,14.558433532714844,69.53726959228516,74.28340148925781,65.61000061035156
2018-01-25,,104.4800033569336,249.35098266601562,127.97000122070312,85.17798614501953,97.57300567626953,14.473892211914062,69.52064514160156,74.28340148925781,65.51000213623047
2018-01-26,,105.91999816894531,252.2379150390625,128.07000732421875,84.92430114746094,97.2112045288086,14.583799362182617,69.47913360595703,74.29963684082031,66.13999938964844
2018-01-29,,104.87999725341797,250.5655975341797,127.3499984741211,84.7115478515625,96.53479766845703,14.541526794433594,69.45420837402344,74.28340148925781,65.55999755859375
2018-01-30,,103.19999694824219,247.99549865722656,126.80000305175781,84.51514434814453,95.96844482421875,14.440074920654297,69.4625473022461,74.2915267944336,64.5
2018-01-31,,103.83999633789062,248.1187286376953,127.6500015258789,84.53968811035156,96.53479766845703,14.456982612609863,69.4625473022461,74.29963684082031,64.7300033569336
2018-02-01,,105.91999816894531,247.83700561523438,128.07000732421875,84.10357666015625,95.13573455810547,14.600706100463867,69.4342269897461,74.29638671875,65.80000305175781
2018-02-02,,104.31999969482422,242.44166564941406,126.38999938964844,83.79208374023438,94.25292205810547,14.363985061645508,69.44254302978516,74.30448150634766,65.44999694824219
2018-02-05,,102.16000366210938,232.3022003173828,126.70999908447266,84.48065948486328,95.1435546875,14.228713035583496,69.56733703613281,74.29638671875,64.1500015258789
2018-02-06,,101.5999984741211,236.87904357910156,125.37999725341797,84.11177062988281,94.55242919921875,14.144172668457031,69.5174331665039,74.30448150634766,63.38999938964844
2018-02-07,,98.95999908447266,235.59400939941406,124.79000091552734,83.86582946777344,93.65389251708984,13.983539581298828,69.46749877929688,74.31263732910156,61.790000915527344
2018-02-08,,96.72000122070312,226.7571563720703,124.9800033569336,83.93963623046875,93.55144500732422,13.839815139770508,69.47584533691406,74.30448150634766,61.150001525878906
2018-02-09,,94.87999725341797,230.16336059570312,124.7699966430664,83.79208374023438,92.96028900146484,13.636907577514648,69.53406524658203,74.3207778930664,59.20000076293945
2018-02-12,,95.12000274658203,233.54327392578125,125.37000274658203,83.76749420166016,93.37016296386719,13.721452713012695,69.50076293945312,74.3207778930664,59.290000915527344
2018-02-13,,94.95999908447266,234.12403869628906,126.08000183105469,83.90685272216797,93.78791046142578,13.746814727783203,69.50076293945312,74.3207778930664,59.189998626708984
2018-02-14,,97.44000244140625,237.283935546875,128.22999572753906,83.39861297607422,92.74748229980469,13.958173751831055,69.40094757080078,74.3207778930664,60.599998474121094
2018-02-15,,98.63999938964844,240.31161499023438,128.3800048828125,83.4232177734375,93.06273651123047,13.983539581298828,69.37602996826172,74.3288803100586,61.34000015258789
2018-02-16,,99.04000091552734,240.38204956054688,127.95999908447266,83.61992645263672,93.56718444824219,14.00890064239502,69.39263916015625,74.33700561523438,61.68000030517578
2018-02-20,,99.12000274658203,238.8769989013672,126.23999786376953,83.52980041503906,93.15733337402344,14.051173210144043,69.38434600830078,74.33700561523438,61.900001525878906
2018-02-21,,98.31999969482422,237.68873596191406,125.66000366210938,83.28388977050781,92.01445007324219,14.034263610839844,69.39263916015625,74.3288803100586,61.68000030517578
2018-02-22,,100.72000122070312,237.996826171875,126.30000305175781,83.39861297607422,92.290283203125,14.161080360412598,69.40094757080078,74.33700561523438,62.77000045776367
2018-02-23,,102.16000366210938,241.79031372070312,126.13999938964844,83.71829986572266,93.11002349853516,14.254079818725586,69.41759490966797,74.35326385498047,63.54999923706055
2018-02-26,,102.87999725341797,244.59808349609375,126.44999694824219,83.8166275024414,93.14154052734375,14.330168724060059,69.42598724365234,74.33700561523438,63.90999984741211
2018-02-27,,101.19999694824219,241.5440216064453,125.12999725341797,83.55435180664062,93.00755310058594,14.186442375183105,69.37602996826172,74.35326385498047,63.0099983215332
2018-02-28,,98.95999908447266,239.09701538085938,125.0,83.75108337402344,93.59872436523438,14.034263610839844,69.39263916015625,74.36140441894531,61.63999938964844
2018-03-01,,98.80000305175781,235.62034606933594,124.72000122070312,84.11151123046875,94.23768615722656,14.059626579284668,69.48925018310547,74.36869049072266,60.9900016784668
2018-03-02,,98.95999908447266,236.83497619628906,125.38999938964844,83.79955291748047,93.47156524658203,14.059626579284668,69.45594787597656,74.37683868408203,61.25
2018-03-05,,100.72000122070312,239.57229614257812,125.18000030517578,83.69275665283203,93.21884155273438,14.144172668457031,69.45594787597656,74.37683868408203,62.56999969482422
2018-03-06,,100.55999755859375,240.17959594726562,126.52999877929688,83.68460845947266,93.30571746826172,14.194897651672363,69.43928527832031,74.37683868408203,62.599998474121094
2018-03-07,,98.80000305175781,240.09161376953125,125.72000122070312,83.68460845947266,93.20298767089844,14.042717933654785,69.43928527832031,74.37683868408203,61.150001525878906
2018-03-08,,97.19999694824219,241.25350952148438,125.41999816894531,83.8570327758789,93.74011993408203,13.958173751831055,69.45594787597656,74.36869049072266,60.119998931884766
2018-03-09,,99.76000213623047,245.4518280029297,125.54000091552734,83.67636108398438,93.12406158447266,14.09344482421875,69.42262268066406,74.38497924804688,62.040000915527344
2018-03-12,,98.95999908447266,245.14376831054688,125.54000091552734,83.8734359741211,93.66109466552734,14.068081855773926,69.45594787597656,74.39311218261719,61.36000061035156
2018-03-13,,97.91999816894531,243.5594940185547,125.77999877929688,84.01302337646484,94.13497161865234,14.025810241699219,69.47254943847656,74.39311218261719,60.709999084472656
2018-03-14,,98.23999786376953,242.3096923828125,125.69999694824219,84.17719268798828,94.96427154541016,14.025810241699219,69.46424865722656,74.39311218261719,60.959999084472656
2018-03-15,,98.72000122070312,242.04559326171875,124.9000015258789,84.14436340332031,94.96427154541016,14.017355918884277,69.47254943847656,74.38497924804688,61.189998626708984
2018-03-16,,100.4000015258789,242.30812072753906,124.5999984741211,84.04580688476562,94.6246566772461,14.068081855773926,69.43928527832031,74.4012451171875,62.34000015258789
2018-03-19,,100.4000015258789,239.02955627441406,124.87000274658203,83.96371459960938,94.32452392578125,13.975083351135254,69.43928527832031,74.4012451171875,62.060001373291016
2018-03-20,,102.4800033569336,239.43606567382812,124.30999755859375,83.79955291748047,93.94544219970703,14.068081855773926,69.41426849365234,74.39311218261719,63.400001525878906
2018-03-21,,105.44000244140625,238.9765167236328,126.4800033569336,83.8570327758789,94.04808044433594,14.321714401245117,69.46424865722656,74.40938568115234,65.16999816894531
2018-03-22,,103.5999984741211,233.0027618408203,125.9800033569336,84.20181274414062,94.98004913330078,14.211806297302246,69.49760437011719,74.41753387451172,64.30000305175781
2018-03-23,,106.23999786376953,228.03640747070312,127.61000061035156,84.31676483154297,94.90896606445312,14.338621139526367,69.51421356201172,74.42562866210938,65.87999725341797
2018-03-26,,105.68000030517578,234.2752685546875,128.27999877929688,84.08688354492188,94.5456771850586,14.347074508666992,69.48088073730469,74.41753387451172,65.55000305175781
2018-03-27,,104.63999938964844,230.28985595703125,127.48999786376953,84.56303405761719,95.5566177368164,14.287895202636719,69.5308609008789,74.43375396728516,65.25
2018-03-28,,104.31999969482422,229.60939025878906,125.7300033569336,84.54666137695312,95.8093490600586,14.228713035583496,69.53916931152344,74.44192504882812,64.37999725341797
2018-03-29,,104.72000122070312,232.5432891845703,125.79000091552734,84.71907043457031,96.2752914428711,14.35552978515625,69.56415557861328,74.45817565917969,64.94000244140625
2018-04-02,,101.91999816894531,227.52391052246094,127.26000213623047,84.80542755126953,96.4652328491211,14.161080360412598,69.58416748046875,74.45409393310547,63.0099983215332
2018-04-03,,102.4800033569336,230.4401397705078,126.30000305175781,84.53401184082031,95.72128295898438,14.23716926574707,69.55081939697266,74.44600677490234,63.5099983215332
2018-04-04,,102.55999755859375,232.90557861328125,126.44999694824219,84.48466491699219,95.52339172363281,14.17798900604248,69.50914001464844,74.46226501464844,63.369998931884766
2018-04-05,,102.63999938964844,234.74366760253906,125.80000305175781,84.27079010009766,94.81108093261719,14.245623588562012,69.52581024169922,74.47040557861328,63.540000915527344
2018-04-06,,100.08000183105469,229.51222229003906,126.38999938964844,84.64089965820312,95.84791564941406,14.144172668457031,69.58416748046875,74.47040557861328,62.060001373291016
2018-04-09,,102.16000366210938,230.64329528808594,126.81999969482422,84.65735626220703,96.0062255859375,14.321714401245117,69.57582092285156,74.4785385131836,63.41999816894531
2018-04-10,,106.0,234.3106689453125,127.12000274658203,84.50933074951172,95.83208465576172,14.566889762878418,69.54248046875,74.47040557861328,65.51000213623047
2018-04-11,,107.5999984741211,233.08238220214844,128.11000061035156,84.5915756225586,96.17244720458984,14.67679500579834,69.54248046875,74.48668670654297,66.81999969482422
2018-04-12,,108.16000366210938,234.9999542236328,126.62000274658203,84.28729248046875,95.46798706054688,14.6176176071167,69.50077056884766,74.48668670654297,67.06999969482422
2018-04-13,,108.4000015258789,234.3106689453125,127.44999694824219,84.36133575439453,95.68963623046875,14.626070976257324,69.48418426513672,74.48668670654297,67.38999938964844
2018-04-16,,107.04000091552734,236.23712158203125,127.62999725341797,84.3201675415039,95.72128295898438,14.57534408569336,69.4758071899414,74.50299072265625,66.22000122070312
2018-04-17,,107.27999877929688,238.76446533203125,127.75,84.36956787109375,95.98245239257812,14.583799362182617,69.4758071899414,74.50299072265625,66.5199966430664
2018-04-18,,111.04000091552734,238.94122314453125,127.8499984741211,84.04058074951172,95.21471405029297,14.854337692260742,69.41744232177734,74.49482727050781,68.47000122070312
2018-04-19,,110.16000366210938,237.61566162109375,127.5999984741211,83.8103256225586,94.4391098022461,14.795156478881836,69.41744232177734,74.51109313964844,68.29000091552734
2018-04-20,,110.0,235.60086059570312,126.62999725341797,83.53069305419922,93.75843811035156,14.769796371459961,69.39246368408203,74.51109313964844,68.37999725341797
2018-04-23,,111.36000061035156,235.56552124023438,125.62000274658203,83.44847106933594,93.78214263916016,14.76133918762207,69.38412475585938,74.51109313964844,68.63999938964844
2018-04-24,,109.44000244140625,232.39300537109375,126.2300033569336,83.3497543334961,93.3547592163086,14.685251235961914,69.40080261230469,74.51922607421875,67.69999694824219
2018-04-25,,109.76000213623047,232.96737670898438,125.41000366210938,83.16883087158203,92.7294921875,14.710614204406738,69.39246368408203,74.52740478515625,68.05000305175781
2018-04-26,,110.16000366210938,235.3357391357422,124.97000122070312,83.40731048583984,93.37850952148438,14.786703109741211,69.40912628173828,74.53553771972656,68.19000244140625
2018-04-27,,109.83999633789062,235.5567169189453,125.5,83.54712677001953,94.09873962402344,14.77824878692627,69.42585754394531,74.54368591308594,68.0999984741211
2018-04-30,,110.4000015258789,233.7450714111328,124.58999633789062,83.6375961303711,94.26494598388672,14.845885276794434,69.40080261230469,74.53553771972656,68.56999969482422
2018-05-01,,108.87999725341797,234.16043090820312,123.70999908447266,83.5066146850586,93.92546081542969,14.76133918762207,69.36993408203125,74.54122161865234,67.25
2018-05-02,,109.36000061035156,232.58749389648438,123.6500015258789,83.52306365966797,93.82234191894531,14.76133918762207,69.39495086669922,74.54937744140625,67.93000030517578
2018-05-03,,110.55999755859375,232.07492065429688,124.27999877929688,83.73724365234375,94.24274444580078,14.854337692260742,69.44499969482422,74.54937744140625,68.43000030517578
2018-05-04,,112.72000122070312,235.07945251464844,124.54000091552734,83.74552917480469,94.38555145263672,14.955790519714355,69.41999816894531,74.56568908691406,69.72000122070312
2018-05-07,,112.80000305175781,235.8748016357422,124.56999969482422,83.70433044433594,94.23479461669922,14.94733715057373,69.41999816894531,74.56568908691406,70.7300033569336
2018-05-08,,112.4800033569336,235.8748016357422,124.58999633789062,83.56425476074219,94.14757537841797,14.989607810974121,69.4283447265625,74.5738296508789,69.05999755859375
2018-05-09,,114.95999908447266,238.15467834472656,124.33000183105469,83.37476348876953,93.58438873291016,15.1248779296875,69.39495086669922,74.5738296508789,71.13999938964844
2018-05-10,,115.27999877929688,240.38160705566406,125.18000030517578,83.54781341552734,94.3379135131836,15.200966835021973,69.39495086669922,74.5738296508789,71.36000061035156
2018-05-11,,114.0,241.11502075195312,125.0,83.55604553222656,94.5759048461914,15.107970237731934,69.39495086669922,74.5738296508789,70.69999694824219
2018-05-14,,115.04000091552734,241.22999572753906,124.48999786376953,83.37476348876953,94.07617950439453,15.217876434326172,69.39495086669922,74.5738296508789,70.95999908447266
2018-05-15,,115.19999694824219,239.568603515625,122.4800033569336,82.91332244873047,93.00531005859375,15.234785079956055,69.35326385498047,74.59016418457031,71.30999755859375
2018-05-16,,115.68000030517578,240.57606506347656,122.29000091552734,82.74034118652344,92.64836120605469,15.319329261779785,69.35326385498047,74.59830474853516,71.48999786376953
2018-05-17,,115.91999816894531,240.3727264404297,122.36000061035156,82.69087219238281,92.1803970336914,15.336236953735352,69.36993408203125,74.59830474853516,71.48999786376953
2018-05-18,,115.44000244140625,239.7718505859375,122.41000366210938,83.01221466064453,92.97358703613281,15.34469223022461,69.4032974243164,74.60646057128906,71.27999877929688
2018-05-21,,117.36000061035156,241.5745849609375,122.4800033569336,83.06989288330078,93.02117156982422,15.463054656982422,69.4032974243164,74.60646057128906,72.23999786376953
2018-05-22,,116.4800033569336,240.9029998779297,122.41000366210938,83.03694915771484,92.87837219238281,15.479961395263672,69.4032974243164,74.60646057128906,72.12999725341797
2018-05-23,,116.08000183105469,241.56578063964844,122.54000091552734,83.41594696044922,93.5526351928711,15.564505577087402,69.46171569824219,74.61463165283203,71.83999633789062
2018-05-24,,114.31999969482422,241.07090759277344,123.58999633789062,83.63018035888672,94.29825592041016,15.463054656982422,69.50341796875,74.63092041015625,70.70999908447266
2018-05-25,,109.44000244140625,240.4964599609375,123.20999908447266,83.95977783203125,94.88524627685547,15.234785079956055,69.56182098388672,74.63909912109375,67.87999725341797
2018-05-29,,108.08000183105469,237.73056030273438,123.19000244140625,84.8660888671875,96.96351623535156,15.09106159210205,69.7621078491211,74.63909912109375,66.7300033569336
2018-05-30,,110.63999938964844,240.9029998779297,123.37000274658203,84.50357055664062,96.31304931640625,15.285511016845703,69.67868041992188,74.63092041015625,68.20999908447266
2018-05-31,,108.4000015258789,239.42721557617188,123.0999984741211,84.46235656738281,96.15443420410156,15.243240356445312,69.64530181884766,74.64723205566406,67.04000091552734
2018-06-01,,106.0,241.77786254882812,122.48999786376953,84.15034484863281,95.6463394165039,15.1417875289917,69.59183502197266,74.652099609375,65.80999755859375
2018-06-04,,104.95999908447266,242.92666625976562,122.37000274658203,83.85311889648438,94.95463562011719,14.964247703552246,69.5333251953125,74.66027069091797,64.75
2018-06-05,,105.76000213623047,243.10340881347656,122.8499984741211,84.0677261352539,95.17724609375,14.989607810974121,69.57506561279297,74.66027069091797,65.5199966430664
2018-06-06,,105.27999877929688,245.13580322265625,122.91999816894531,83.729248046875,94.4060287475586,15.040336608886719,69.55003356933594,74.652099609375,64.7300033569336
2018-06-07,,106.80000305175781,245.1094207763672,122.86000061035156,84.08424377441406,95.32038116455078,15.09951400756836,69.61688995361328,74.66027069091797,65.94999694824219
2018-06-08,,106.16000366210938,245.833984375,123.01000213623047,83.96864318847656,95.03414916992188,15.09106159210205,69.60017395019531,74.67659759521484,65.73999786376953
2018-06-11,,106.87999725341797,246.160888671875,123.2300033569336,83.88610076904297,94.85922241210938,15.082606315612793,69.57506561279297,74.68476867675781,66.0999984741211
2018-06-12,,107.19999694824219,246.4790802001953,122.81999969482422,83.83656311035156,94.88310241699219,15.074152946472168,69.54165649414062,74.68476867675781,66.36000061035156
2018-06-13,,107.76000213623047,245.6925811767578,123.19000244140625,83.73748016357422,94.83538818359375,15.133333206176758,69.50823211669922,74.67659759521484,66.63999938964844
2018-06-14,,108.16000366210938,246.3112335205078,123.37999725341797,84.00170135498047,95.62248992919922,14.964247703552246,69.5333251953125,74.70111083984375,66.88999938964844
2018-06-15,,104.4000015258789,245.99697875976562,121.33999633789062,84.0677261352539,95.70995330810547,14.600706100463867,69.56674194335938,74.70111083984375,65.05999755859375
2018-06-18,,106.31999969482422,245.49093627929688,121.11000061035156,84.10902404785156,95.62248992919922,14.727523803710938,69.58348083496094,74.69293212890625,65.8499984741211
2018-06-19,,105.12000274658203,244.55006408691406,120.80000305175781,84.33189392089844,96.17909240722656,14.57534408569336,69.6085205078125,74.70925903320312,65.06999969482422
2018-06-20,,106.23999786376953,244.96731567382812,120.26000213623047,84.05947875976562,95.33627319335938,14.558433532714844,69.57506561279297,74.70111083984375,66.22000122070312
2018-06-21,,106.4800033569336,243.431640625,120.05000305175781,84.28238677978516,95.83721160888672,14.448529243469238,69.61688995361328,74.70925903320312,65.54000091552734
2018-06-22,,112.16000366210938,243.87545776367188,120.33999633789062,84.29891967773438,95.82923126220703,14.735978126525879,69.62522888183594,74.71741485595703,68.58000183105469
2018-06-25,,110.16000366210938,240.5556182861328,119.88999938964844,84.41448974609375,96.04389190673828,14.566889762878418,69.65028381347656,74.73375701904297,68.08000183105469
2018-06-26,,114.16000366210938,241.08827209472656,119.26000213623047,84.45574951171875,96.17909240722656,14.710614204406738,69.65028381347656,74.7255859375,70.52999877929688
2018-06-27,,117.19999694824219,239.0910186767578,118.58000183105469,84.77772521972656,97.08544158935547,14.786703109741211,69.69207763671875,74.74191284179688,72.76000213623047
2018-06-28,,118.87999725341797,240.45797729492188,118.22000122070312,84.69517517089844,97.1092758178711,14.77824878692627,69.69207763671875,74.74191284179688,73.44999694824219
2018-06-29,,120.4800033569336,240.8041229248047,118.6500015258789,84.629150390625,96.77532958984375,14.94733715057373,69.67540740966797,74.75823974609375,74.1500015258789
2018-07-02,,119.68000030517578,241.31898498535156,117.45999908447266,84.57121276855469,96.69965362548828,14.634522438049316,69.66702270507812,74.74761199951172,73.94000244140625
2018-07-03,,119.36000061035156,240.46681213378906,118.6500015258789,84.78624725341797,97.21759796142578,14.6176176071167,69.6921157836914,74.76396179199219,74.13999938964844
2018-07-05,,118.23999786376953,242.4285430908203,119.05000305175781,84.79457092285156,97.49650573730469,14.702160835266113,69.68374633789062,74.76396179199219,72.94000244140625
2018-07-06,,119.68000030517578,244.47909545898438,118.86000061035156,84.86900329589844,97.81525421142578,14.769796371459961,69.70053100585938,74.78032684326172,73.80000305175781
2018-07-09,,120.23999786376953,246.68040466308594,119.1500015258789,84.6539535522461,97.18573760986328,14.845885276794434,69.65866088867188,74.78032684326172,73.8499984741211
2018-07-10,,120.55999755859375,247.56814575195312,118.93000030517578,84.58776092529297,97.17778015136719,14.812068939208984,69.6502456665039,74.78848266601562,74.11000061035156
2018-07-11,,114.4800033569336,245.7572479248047,117.63999938964844,84.76144409179688,97.55229949951172,14.296348571777344,69.67536926269531,74.78848266601562,70.37999725341797
2018-07-12,,115.12000274658203,247.9853057861328,118.12999725341797,84.72837829589844,97.54432678222656,14.372438430786133,69.66702270507812,74.78848266601562,70.33000183105469
2018-07-13,,115.76000213623047,248.18057250976562,117.61000061035156,84.86900329589844,97.79136657714844,14.397804260253906,69.68374633789062,74.79667663574219,71.01000213623047
2018-07-16,,111.5199966430664,247.95870971679688,117.55000305175781,84.72837829589844,97.38495635986328,14.09344482421875,69.66702270507812,74.80482482910156,68.05999755859375
2018-07-17,,111.5999984741211,248.96177673339844,116.27999877929688,84.67876434326172,97.20166778564453,14.110353469848633,69.65866088867188,74.80482482910156,68.08000183105469
2018-07-18,,112.80000305175781,249.48550415039062,116.30999755859375,84.61257934570312,96.81120300292969,14.23716926574707,69.6502456665039,74.81299591064453,68.76000213623047
2018-07-19,,113.04000091552734,248.54454040527344,115.80999755859375,84.84418487548828,97.42481231689453,14.220260620117188,69.68374633789062,74.82118225097656,69.45999908447266
2018-07-20,,113.19999694824219,248.2604522705078,116.55999755859375,84.54645538330078,96.2294921875,14.321714401245117,69.68374633789062,74.8293685913086,70.45999908447266
2018-07-23,,112.72000122070312,248.7220458984375,116.0,84.13288116455078,95.04218292236328,14.372438430786133,69.64191436767578,74.82118225097656,67.88999938964844
2018-07-24,,113.83999633789062,249.97366333007812,116.04000091552734,84.1907730102539,95.36888885498047,14.448529243469238,69.6502456665039,74.8375244140625,68.5199966430664
2018-07-25,,115.36000061035156,252.10401916503906,116.68000030517578,84.13288116455078,95.21746826171875,14.64297866821289,69.62516784667969,74.8293685913086,69.30000305175781
2018-07-26,,115.76000213623047,251.50929260253906,115.7699966430664,84.0418701171875,95.0342025756836,14.64297866821289,69.62516784667969,74.8375244140625,69.61000061035156
2018-07-27,,114.55999755859375,249.80508422851562,115.83000183105469,84.1742172241211,95.1935806274414,14.583799362182617,69.63356018066406,74.85386657714844,68.69000244140625
2018-07-30,,116.31999969482422,248.50015258789062,115.6500015258789,84.06669616699219,94.86688995361328,14.668343544006348,69.63356018066406,74.84571075439453,70.12999725341797
2018-07-31,,114.23999786376953,249.7250213623047,115.98999786376953,84.1824951171875,95.38484191894531,14.583799362182617,69.63356018066406,74.862060546875,68.76000213623047
2018-08-01,,112.72000122070312,249.30795288085938,115.13999938964844,83.98362731933594,94.60774993896484,14.372438430786133,69.64022827148438,74.86616516113281,67.66000366210938
2018-08-02,,114.87999725341797,250.6660919189453,114.5199966430664,84.08305358886719,94.74352264404297,14.456982612609863,69.68216705322266,74.87433624267578,68.95999908447266
2018-08-03,,114.16000366210938,251.74014282226562,114.91999816894531,84.29853820800781,95.2146987915039,14.507710456848145,69.69058227539062,74.87433624267578,68.48999786376953
2018-08-06,,114.4800033569336,252.6632537841797,114.33000183105469,84.3399429321289,95.2706069946289,14.533071517944336,69.70733642578125,74.88251495361328,69.01000213623047
2018-08-07,,114.87999725341797,253.49758911132812,114.58999633789062,84.16593933105469,94.77545928955078,14.64297866821289,69.68216705322266,74.89071655273438,69.16999816894531
2018-08-08,,111.19999694824219,253.39108276367188,114.91000366210938,84.24048614501953,94.87129974365234,14.465437889099121,69.69058227539062,74.88251495361328,66.94000244140625
2018-08-09,,111.04000091552734,253.04498291015625,114.73999786376953,84.47254943847656,95.6699447631836,14.406257629394531,69.73247528076172,74.89071655273438,66.80999755859375
2018-08-10,,112.63999938964844,251.34950256347656,114.69000244140625,84.83720397949219,96.36475372314453,14.406257629394531,69.79954528808594,74.90711212158203,67.62999725341797
2018-08-13,,112.08000183105469,250.40859985351562,112.95999908447266,84.81233978271484,96.16513061523438,14.330168724060059,69.78279113769531,74.9152603149414,67.19999694824219
2018-08-14,,111.91999816894531,252.00648498535156,113.06999969482422,84.72943115234375,95.94947052001953,14.35552978515625,69.78279113769531,74.89889526367188,67.04000091552734
2018-08-15,,108.08000183105469,250.12464904785156,111.19000244140625,84.93665313720703,96.50855255126953,14.042717933654785,69.81633758544922,74.9152603149414,65.01000213623047
2018-08-16,,109.04000091552734,252.1483612060547,111.0999984741211,84.9117431640625,96.50052642822266,14.15262508392334,69.79954528808594,74.9152603149414,65.45999908447266
2018-08-17,,109.5199966430664,253.0360870361328,112.12999725341797,84.9449234008789,96.62031555175781,14.211806297302246,69.8246841430664,74.92343139648438,65.91000366210938
2018-08-20,,110.08000183105469,253.5775909423828,112.69000244140625,85.21011352539062,97.26722717285156,14.23716926574707,69.86662292480469,74.92343139648438,66.43000030517578
2018-08-21,,110.63999938964844,254.1722412109375,113.0199966430664,85.09408569335938,96.9397964477539,14.262533187866211,69.84984588623047,74.93163299560547,67.3499984741211
2018-08-22,,114.16000366210938,254.02142333984375,113.2699966430664,85.2515640258789,97.3231430053711,14.465437889099121,69.86662292480469,74.93163299560547,67.86000061035156
2018-08-23,,114.16000366210938,253.6840057373047,112.19999694824219,85.24325561523438,97.47489929199219,14.440074920654297,69.85824584960938,74.95621490478516,67.83000183105469
2018-08-24,,115.44000244140625,255.21080017089844,114.16000366210938,85.26811218261719,97.66654968261719,14.549981117248535,69.86662292480469,74.95621490478516,68.72000122070312
2018-08-27,,116.0,257.22589111328125,114.58999633789062,85.0775375366211,97.1075210571289,14.600706100463867,69.84151458740234,74.96436309814453,68.87000274658203
2018-08-28,,115.44000244140625,257.3501281738281,113.68000030517578,84.88694763183594,96.52450561523438,14.541526794433594,69.81633758544922,74.96436309814453,68.52999877929688
2018-08-29,,117.27999877929688,258.7349548339844,114.19999694824219,84.8620376586914,96.65227508544922,14.702160835266113,69.80792236328125,74.95621490478516,69.51000213623047
2018-08-30,,118.0,257.6874694824219,113.63999938964844,85.01952362060547,96.85993194580078,14.67679500579834,69.85824584960938,74.98895263671875,70.25
2018-08-31,,117.68000030517578,257.6963195800781,113.51000213623047,85.03614044189453,96.63632202148438,14.693704605102539,69.875,74.98076629638672,69.80000305175781
2018-09-04,,116.63999938964844,257.2524719238281,112.93000030517578,84.84178161621094,96.07759094238281,14.609162330627441,69.85906982421875,74.98731994628906,69.87000274658203
2018-09-05,,115.91999816894531,256.5600891113281,113.31999969482422,84.83349609375,95.82144927978516,14.549981117248535,69.85906982421875,74.97913360595703,68.72000122070312
2018-09-06,,114.4000015258789,255.78793334960938,113.54000091552734,85.00784301757812,96.17363739013672,14.465437889099121,69.88424682617188,74.9955062866211,67.7699966430664
2018-09-07,,114.23999786376953,255.29071044921875,113.2300033569336,84.6258773803711,95.35717010498047,14.49925422668457,69.80868530273438,75.01191711425781,67.75
2018-09-10,,113.68000030517578,255.73455810546875,113.1500015258789,84.67567443847656,95.70939636230469,14.549981117248535,69.81707763671875,75.01191711425781,67.54000091552734
2018-09-11,,116.80000305175781,256.577880859375,113.22000122070312,84.36845397949219,94.98100280761719,14.693704605102539,69.77503967285156,75.0201416015625,69.25
2018-09-12,,118.23999786376953,256.6400146484375,114.16999816894531,84.46808624267578,95.20509338378906,14.795156478881836,69.77503967285156,75.0201416015625,70.37000274658203
2018-09-13,,115.91999816894531,258.1578674316406,113.76000213623047,84.4598159790039,95.34917449951172,14.634522438049316,69.78348541259766,75.0201416015625,68.58999633789062
2018-09-14,,116.0,258.20220947265625,113.0199966430664,84.30201721191406,94.89293670654297,14.541526794433594,69.75831604003906,75.02830505371094,68.98999786376953
2018-09-17,,115.76000213623047,256.8353271484375,113.61000061035156,84.31865692138672,94.89293670654297,14.524618148803711,69.74143981933594,75.0447006225586,68.91000366210938
2018-09-18,,117.5199966430664,258.2288513183594,113.44000244140625,83.96983337402344,93.90038299560547,14.659889221191406,69.73310852050781,75.0447006225586,69.8499984741211
2018-09-19,,119.5199966430664,258.50408935546875,113.87999725341797,83.82870483398438,93.34005737304688,14.752885818481445,69.71627044677734,75.0447006225586,71.12000274658203
2018-09-20,,118.4000015258789,260.59893798828125,114.2699966430664,83.83700561523438,93.77232360839844,14.752885818481445,69.74143981933594,75.06110382080078,70.80000305175781
2018-09-21,,119.68000030517578,260.36083984375,113.48999786376953,83.87018585205078,93.73228454589844,14.786703109741211,69.72470092773438,75.06110382080078,70.77999877929688
2018-09-24,,122.0,259.4959411621094,113.47000122070312,83.77886962890625,93.49215698242188,15.006519317626953,69.72470092773438,75.06932067871094,72.08000183105469
2018-09-25,,122.16000366210938,259.25518798828125,113.6500015258789,83.69586944580078,93.39610290527344,15.040336608886719,69.73310852050781,75.06932067871094,72.27999877929688
2018-09-26,,120.87999725341797,258.4793701171875,113.05000305175781,83.96983337402344,94.05245971679688,14.972699165344238,69.74143981933594,75.06932067871094,71.56999969482422
2018-09-27,,122.08000183105469,259.20172119140625,112.05000305175781,83.96983337402344,94.11650848388672,15.040336608886719,69.74143981933594,75.08570861816406,72.12000274658203
2018-09-28,,124.16000366210938,259.2283935546875,112.76000213623047,84.01139068603516,93.86835479736328,15.192514419555664,69.77503967285156,75.08570861816406,73.25
2018-10-01,,127.5999984741211,260.129150390625,112.56999969482422,83.79838562011719,93.17924499511719,15.479961395263672,69.75572967529297,75.0905990600586,75.30000305175781
2018-10-02,,126.95999908447266,259.9773864746094,113.87000274658203,84.0146713256836,93.74881744384766,15.53069019317627,69.78096771240234,75.09883880615234,75.2300033569336
2018-10-03,,128.63999938964844,260.1202087402344,113.41999816894531,83.39060974121094,92.12033081054688,15.67441463470459,69.74730682373047,75.09883880615234,76.41000366210938
2018-10-04,,125.91999816894531,258.08709716796875,113.4800033569336,83.17431640625,91.470458984375,15.505326271057129,69.73049926757812,75.11524963378906,74.33000183105469
2018-10-05,,125.5199966430664,256.642578125,113.80000305175781,82.97462463378906,90.68428802490234,15.47150707244873,69.7220687866211,75.12348937988281,74.33999633789062
2018-10-08,,125.44000244140625,256.642578125,112.54000091552734,83.00789642333984,90.3794174194336,15.429237365722656,69.70527648925781,75.12348937988281,74.29000091552734
2018-10-09,,126.55999755859375,256.2680358886719,112.5999984741211,83.16597747802734,91.29401397705078,15.539142608642578,69.73049926757812,75.11524963378906,74.95999908447266
2018-10-10,,123.04000091552734,248.1537628173828,112.87999725341797,83.20762634277344,91.04529571533203,15.234785079956055,69.74730682373047,75.1317138671875,73.16999816894531
2018-10-11,,119.5999984741211,242.68788146972656,115.77999877929688,83.54874420166016,92.15241241455078,15.006519317626953,69.77254486083984,75.13994598388672,70.97000122070312
2018-10-12,,120.95999908447266,246.05845642089844,115.2300033569336,83.44892883300781,91.83151245117188,15.1248779296875,69.77254486083984,75.13994598388672,71.33999633789062
2018-10-15,,121.04000091552734,244.6762237548828,116.0,83.49881744384766,91.79136657714844,15.158695220947266,69.79778289794922,75.1480941772461,71.77999877929688
2018-10-16,,121.5199966430664,250.0263671875,115.80000305175781,83.49047088623047,91.99996185302734,15.226330757141113,69.77254486083984,75.15631103515625,71.91999816894531
2018-10-17,,118.55999755859375,250.07090759277344,115.79000091552734,83.24922943115234,91.45446014404297,15.09106159210205,69.77254486083984,75.15631103515625,69.75
2018-10-18,,116.4800033569336,246.45960998535156,115.91999816894531,83.39897155761719,91.42236328125,14.921974182128906,69.81462860107422,75.15631103515625,68.6500015258789
2018-10-19,,117.76000213623047,246.32586669921875,116.01000213623047,83.29908752441406,91.22180938720703,15.006519317626953,69.77254486083984,75.16453552246094,69.12000274658203
2018-10-22,,117.91999816894531,245.22019958496094,115.70999908447266,83.31578826904297,91.1014633178711,15.02342700958252,69.75572967529297,75.18096160888672,69.16999816894531
2018-10-23,,112.31999969482422,243.97178649902344,116.38999938964844,83.5321044921875,91.39027404785156,14.693704605102539,69.79778289794922,75.18096160888672,66.43000030517578
2018-10-24,,112.4000015258789,236.57989501953125,116.66000366210938,83.98145294189453,92.08016967773438,14.592252731323242,69.9071273803711,75.18919372558594,66.81999969482422
2018-10-25,,113.68000030517578,240.82423400878906,116.4000015258789,83.7817153930664,91.6950912475586,14.651434898376465,69.88195037841797,75.1973876953125,67.33000183105469
2018-10-26,,114.63999938964844,236.5886993408203,116.7699966430664,84.15615844726562,92.24864196777344,14.76133918762207,69.92396545410156,75.20559692382812,67.58999633789062
2018-10-29,,112.87999725341797,235.27796936035156,116.30999755859375,84.14784240722656,92.04009246826172,14.609162330627441,69.94918823242188,75.20559692382812,67.04000091552734
2018-10-30,,112.23999786376953,238.764404296875,115.80000305175781,83.96479797363281,91.58279418945312,14.533071517944336,69.91558074951172,75.20559692382812,66.18000030517578
2018-10-31,,110.31999969482422,241.31460571289062,115.1500015258789,83.75674438476562,91.11749267578125,14.338621139526367,69.88195037841797,75.21383666992188,65.30999755859375
2018-11-01,,107.68000030517578,243.8826446533203,116.62999725341797,83.82846069335938,91.20195770263672,14.23716926574707,69.92066955566406,75.23027038574219,63.689998626708984
2018-11-02,,106.4800033569336,242.4381866455078,116.6500015258789,83.36150360107422,90.06806945800781,14.203351974487305,69.83638763427734,75.23027038574219,63.13999938964844
2018-11-05,,106.4000015258789,243.77566528320312,116.37000274658203,83.41155242919922,90.421875,14.194897651672363,69.8616714477539,75.23849487304688,63.099998474121094
2018-11-06,,105.44000244140625,245.31826782226562,116.04000091552734,83.31978607177734,90.3656005859375,14.13571548461914,69.84481811523438,75.23849487304688,62.209999084472656
2018-11-07,,104.4800033569336,250.5701446533203,116.02999877929688,83.31978607177734,90.4862289428711,14.101899147033691,69.81952667236328,75.24669647216797,61.66999816894531
2018-11-08,,102.72000122070312,250.1155548095703,115.77999877929688,83.20308685302734,90.4781723022461,14.017355918884277,69.8111343383789,75.25492858886719,60.66999816894531
2018-11-09,,101.5999984741211,247.6723175048828,114.4800033569336,83.52828216552734,91.15369415283203,13.865175247192383,69.84481811523438,75.2713851928711,60.189998626708984
2018-11-12,,99.83999633789062,243.04444885253906,113.66000366210938,83.77847290039062,91.74879455566406,13.83135986328125,69.8954086303711,75.26316833496094,59.93000030517578
2018-11-13,,93.5199966430664,242.5897674560547,113.69999694824219,83.84516906738281,91.69246673583984,13.450913429260254,69.9037857055664,75.2713851928711,55.689998626708984
2018-11-14,,95.5999984741211,240.93121337890625,114.63999938964844,84.020263671875,91.74879455566406,13.569272994995117,69.95438385009766,75.26316833496094,56.25
2018-11-15,,95.83999633789062,243.44578552246094,114.7699966430664,84.0786361694336,91.70858001708984,13.54391098022461,69.98809051513672,75.287841796875,56.459999084472656
2018-11-16,,96.55999755859375,244.07884216308594,115.62000274658203,84.33712005615234,92.23931884765625,13.628456115722656,70.0386734008789,75.2960205078125,56.459999084472656
2018-11-19,,97.12000274658203,239.95033264160156,115.66999816894531,84.46219635009766,92.49667358398438,13.628456115722656,70.09760284423828,75.287841796875,56.7599983215332
2018-11-20,,90.16000366210938,235.5098419189453,115.66999816894531,84.44556427001953,92.52879333496094,13.214190483093262,70.0807876586914,75.30427551269531,53.43000030517578
2018-11-21,,92.16000366210938,236.31234741210938,115.86000061035156,84.42887115478516,92.49667358398438,13.324097633361816,70.0807876586914,75.32074737548828,54.630001068115234
2018-11-23,,86.63999938964844,234.73402404785156,115.7699966430664,84.47891998291016,92.59317016601562,12.935195922851562,70.06389617919922,75.32074737548828,50.41999816894531
2018-11-26,,87.5199966430664,238.52365112304688,115.63999938964844,84.41217803955078,92.38406372070312,12.994375228881836,70.07230377197266,75.32896423339844,51.630001068115234
2018-11-27,,87.5999984741211,239.32618713378906,114.94999694824219,84.49555969238281,92.4886474609375,12.943649291992188,70.0807876586914,75.32896423339844,51.560001373291016
2018-11-28,,85.27999877929688,244.8367462158203,115.37999725341797,84.48725128173828,92.03829956054688,12.90137767791748,70.10601806640625,75.3371810913086,50.290000915527344
2018-11-29,,86.95999908447266,244.3017120361328,115.73999786376953,84.70405578613281,92.40017700195312,12.985921859741211,70.12287902832031,75.34541320800781,51.45000076293945
2018-11-30,,85.83999633789062,245.79078674316406,115.54000091552734,84.87078857421875,92.7459716796875,12.926739692687988,70.1481704711914,75.35360717773438,50.93000030517578
2018-12-03,,90.16000366210938,249.0454864501953,116.41000366210938,85.0562744140625,93.40450286865234,13.222643852233887,70.09077453613281,75.35115051269531,52.95000076293945
2018-12-04,,89.44000244140625,240.9757843017578,117.12000274658203,85.44905853271484,94.96823120117188,13.231098175048828,70.1413803100586,75.35942077636719,53.25
2018-12-06,,87.5199966430664,240.6101531982422,117.13999938964844,85.6662826538086,95.26648712158203,13.12119197845459,70.20896911621094,75.37590026855469,51.4900016784668
2018-12-07,,88.87999725341797,235.01942443847656,118.08999633789062,85.91700744628906,95.44377899169922,13.273370742797852,70.2848892211914,75.38412475585938,52.61000061035156
2018-12-10,,86.0,235.46530151367188,117.68000030517578,85.9670639038086,95.83876037597656,13.062010765075684,70.2848892211914,75.39239501953125,51.0
2018-12-11,,87.5999984741211,235.51878356933594,117.54000091552734,85.74983978271484,95.8226547241211,13.138100624084473,70.21736907958984,75.38412475585938,51.650001525878906
2018-12-12,,86.55999755859375,236.70460510253906,117.79000091552734,85.51588439941406,95.39546966552734,13.09582805633545,70.20896911621094,75.4006118774414,51.150001525878906
2018-12-13,,89.68000030517578,236.6243896484375,117.52999877929688,85.5660629272461,95.16976165771484,13.264915466308594,70.27645874023438,75.40886688232422,52.58000183105469
2018-12-14,,86.55999755859375,232.2551727294922,117.05999755859375,85.69976043701172,95.50025177001953,13.062010765075684,70.31867980957031,75.41709899902344,51.20000076293945
2018-12-17,,83.5999984741211,227.6986846923828,117.87000274658203,85.9504623413086,96.056396484375,12.909832000732422,70.38616180419922,75.42533874511719,49.880001068115234
2018-12-18,,78.31999969482422,227.44911193847656,118.1500015258789,86.16226196289062,96.63162231445312,12.639291763305664,70.4276351928711,75.42533874511719,46.2400016784668
2018-12-19,,80.16000366210938,224.04286193847656,117.43000030517578,86.46366119384766,97.90821838378906,12.690018653869629,70.44451141357422,75.4170913696289,47.20000076293945
2018-12-20,,77.76000213623047,220.39588928222656,119.23999786376953,86.3548355102539,97.552734375,12.571657180786133,70.43605041503906,75.43358612060547,45.880001068115234
2018-12-21,,76.55999755859375,215.88006591796875,118.72000122070312,86.43022918701172,97.53660583496094,12.461750030517578,70.48677825927734,75.4500961303711,45.59000015258789
2018-12-24,,74.31999969482422,210.1758270263672,120.0199966430664,86.64794158935547,98.0213623046875,12.323866844177246,70.54593658447266,75.4583511352539,42.529998779296875
2018-12-26,,79.19999694824219,220.7949981689453,119.66000366210938,86.23762512207031,96.97100067138672,12.597921371459961,70.47833251953125,75.4500961303711,46.220001220703125
2018-12-27,,76.95999908447266,222.49014282226562,120.56999969482422,86.45533752441406,96.98712921142578,12.478021621704102,70.55438995361328,75.474853515625,44.61000061035156
2018-12-28,,76.23999786376953,222.20314025878906,121.05999755859375,86.92423248291016,97.8031997680664,12.375252723693848,70.65583801269531,75.48309326171875,45.33000183105469
2018-12-31,,77.27999877929688,224.1493682861328,121.25,87.25077819824219,98.17483520507812,12.409509658813477,70.68119812011719,75.49138641357422,45.40999984741211
2019-01-02,,78.80000305175781,224.38255310058594,121.33000183105469,87.43498229980469,98.69192504882812,12.443764686584473,70.68965148925781,75.48309326171875,46.540000915527344
2019-01-03,,79.5999984741211,219.0281219482422,122.43000030517578,88.12998962402344,99.81505584716797,12.546536445617676,70.83332824707031,75.50789642333984,47.09000015258789
2019-01-04,,81.44000244140625,226.36463928222656,121.44000244140625,87.41828918457031,98.65959167480469,12.717820167541504,70.68119812011719,75.51612091064453,47.959999084472656
2019-01-07,,82.31999969482422,228.14947509765625,121.86000061035156,87.17544555664062,98.36876678466797,12.812026023864746,70.6304931640625,75.51612091064453,48.52000045776367
2019-01-08,,84.0,230.29299926757812,121.52999877929688,86.9577407836914,98.11024475097656,12.9404878616333,70.58821868896484,75.51612091064453,49.779998779296875
2019-01-09,,88.4000015258789,231.36929321289062,122.30999755859375,87.0079574584961,97.95669555664062,13.197413444519043,70.62202453613281,75.51612091064453,52.36000061035156
2019-01-10,,88.80000305175781,232.18544006347656,121.58999633789062,86.96607971191406,97.32650756835938,13.163158416748047,70.6304931640625,75.52439880371094,52.59000015258789
2019-01-11,,87.19999694824219,232.27513122558594,121.80000305175781,87.22563934326172,97.70623016357422,13.120335578918457,70.67276000976562,75.5408935546875,51.59000015258789
2019-01-14,,85.5199966430664,230.85804748535156,122.08999633789062,87.17544555664062,97.3426513671875,13.009001731872559,70.67276000976562,75.53263092041016,50.5099983215332
2019-01-15,,88.0,233.50384521484375,121.87999725341797,87.09168243408203,96.98712921142578,13.111772537231445,70.69811248779297,75.54914855957031,52.11000061035156
2019-01-16,,88.4800033569336,234.06887817382812,122.2699966430664,87.04144287109375,97.08413696289062,13.180285453796387,70.68119812011719,75.55741119384766,52.310001373291016
2019-01-17,,88.23999786376953,235.84471130371094,122.11000061035156,86.88235473632812,97.10839080810547,13.188850402832031,70.67276000976562,75.57390594482422,52.06999969482422
2019-01-18,,90.4800033569336,238.9838104248047,121.0199966430664,86.60604858398438,96.599365234375,13.325876235961914,70.61359405517578,75.57390594482422,53.79999923706055
2019-01-22,,88.95999908447266,235.7550048828125,121.44999694824219,86.90750122070312,97.25379180908203,13.231671333312988,70.67276000976562,75.58212280273438,52.56999969482422
2019-01-23,,88.4000015258789,236.24839782714844,121.27999877929688,86.8656234741211,97.21339416503906,13.214543342590332,70.65583801269531,75.58212280273438,52.619998931884766
2019-01-24,,89.36000061035156,236.37391662597656,121.08999633789062,87.14195251464844,97.85171508789062,13.248799324035645,70.7149887084961,75.60690307617188,53.130001068115234
2019-01-25,,90.0,238.3739471435547,122.86000061035156,86.94094848632812,97.38304901123047,13.317313194274902,70.66424560546875,75.59867858886719,53.689998626708984
2019-01-28,,87.5999984741211,236.56227111816406,123.29000091552734,86.96607971191406,97.28609466552734,13.13746452331543,70.67276000976562,75.60690307617188,51.9900016784668
2019-01-29,,89.27999877929688,236.24839782714844,123.9800033569336,87.21732330322266,97.77894592285156,13.2659273147583,70.70658111572266,75.60690307617188,53.310001373291016
2019-01-30,,91.19999694824219,239.9883575439453,124.69000244140625,87.41828918457031,97.70623016357422,13.360135078430176,70.79954528808594,75.62342071533203,54.22999954223633
2019-01-31,,90.80000305175781,242.0960235595703,124.75,87.82020568847656,98.54651641845703,13.291621208190918,70.85869598388672,75.62342071533203,53.790000915527344
2019-02-01,,93.04000091552734,242.21255493164062,124.5,87.35027313232422,97.9513168334961,13.411519050598145,70.77571105957031,75.63085174560547,55.2599983215332
2019-02-04,,92.0,243.91671752929688,123.95999908447266,87.15731048583984,97.5140380859375,13.420083999633789,70.77571105957031,75.63916778564453,54.560001373291016
2019-02-05,,90.31999969482422,244.93907165527344,124.27999877929688,87.3083267211914,97.95940399169922,13.360135078430176,70.77571105957031,75.63916778564453,53.65999984741211
2019-02-06,,90.55999755859375,244.61622619628906,123.44000244140625,87.37545776367188,98.00804901123047,13.377262115478516,70.80960083007812,75.65570068359375,54.0099983215332
2019-02-07,,88.55999755859375,242.2843475341797,123.73999786376953,87.66075897216797,98.65584564208984,13.248799324035645,70.86041259765625,75.65570068359375,52.63999938964844
2019-02-08,,88.63999938964844,242.580322265625,124.20999908447266,87.77823638916016,99.07691955566406,13.2659273147583,70.88582611083984,75.6722412109375,52.720001220703125
2019-02-11,,88.08000183105469,242.71482849121094,123.5999984741211,87.64398956298828,98.68822479248047,13.188850402832031,70.86041259765625,75.6639404296875,52.40999984741211
2019-02-12,,89.27999877929688,245.83604431152344,123.86000061035156,87.52650451660156,98.43722534179688,13.2659273147583,70.85191345214844,75.68049621582031,53.099998474121094
2019-02-13,,90.72000122070312,246.63426208496094,123.37000274658203,87.3083267211914,98.0646743774414,13.343005180358887,70.8011245727539,75.68049621582031,53.900001525878906
2019-02-14,,91.83999633789062,246.0872039794922,124.05999755859375,87.719482421875,98.62345123291016,13.377262115478516,70.89425659179688,75.69703674316406,54.40999984741211
2019-02-15,,93.68000030517578,248.76889038085938,124.80000305175781,87.6355972290039,98.77730560302734,13.62562370300293,70.86041259765625,75.69703674316406,55.59000015258789
2019-02-19,,94.23999786376953,249.19932556152344,126.69999694824219,87.78665924072266,99.0283203125,13.659880638122559,70.91119384765625,75.71357727050781,56.09000015258789
2019-02-20,,95.44000244140625,249.7015838623047,126.4800033569336,87.76985168457031,98.74494934082031,13.702701568603516,70.9027328491211,75.71357727050781,56.91999816894531
2019-02-21,,95.04000091552734,248.8136444091797,125.05000305175781,87.5097427368164,97.86223602294922,13.745521545410156,70.87730407714844,75.72184753417969,56.959999084472656
2019-02-22,,95.5999984741211,250.35633850097656,125.5,87.76985168457031,98.44525909423828,13.779780387878418,70.92813110351562,75.7384033203125,57.2599983215332
2019-02-25,,92.55999755859375,250.6971893310547,125.37000274658203,87.6355972290039,98.15380096435547,13.574237823486328,70.919677734375,75.7300796508789,55.47999954223633
2019-02-26,,93.04000091552734,250.51779174804688,125.58000183105469,87.89569091796875,98.6396255493164,13.634186744689941,70.95354461669922,75.7384033203125,55.5
2019-02-27,,95.12000274658203,250.41017150878906,124.69000244140625,87.58524322509766,97.52214813232422,13.702701568603516,70.93660736083984,75.74666595458984,56.939998626708984
2019-02-28,,95.5999984741211,249.94375610351562,123.98999786376953,87.3586654663086,97.19013214111328,13.668445587158203,70.919677734375,75.76316833496094,57.220001220703125
2019-03-01,,93.27999877929688,251.50437927246094,121.87999725341797,87.07198333740234,96.2918472290039,13.514288902282715,70.87215423583984,75.77144622802734,55.79999923706055
2019-03-04,,94.4000015258789,250.58949279785156,121.55999755859375,87.34105682373047,97.04649353027344,13.557109832763672,70.88909912109375,75.76317596435547,56.59000015258789
2019-03-05,,94.55999755859375,250.2487030029297,121.72000122070312,87.39146423339844,97.24942779541016,13.62562370300293,70.8976058959961,75.77144622802734,56.560001373291016
2019-03-06,,94.0,248.73297119140625,121.61000061035156,87.63526916503906,97.60641479492188,13.548545837402344,70.94851684570312,75.77977752685547,56.220001220703125
2019-03-07,,94.4800033569336,246.65220642089844,121.51000213623047,87.92953491210938,98.23937225341797,13.514288902282715,71.00788116455078,75.79632568359375,56.65999984741211
2019-03-08,,93.83999633789062,246.1588897705078,122.83999633789062,88.0555648803711,98.65327453613281,13.505725860595703,71.03334045410156,75.80459594726562,56.06999969482422
2019-03-11,,94.87999725341797,249.72848510742188,122.23999786376953,87.9883804321289,98.36109924316406,13.522852897644043,71.01640319824219,75.80459594726562,56.790000915527344
2019-03-12,,95.12000274658203,250.670166015625,122.9800033569336,88.23219299316406,99.05088806152344,13.608495712280273,71.04182434082031,75.81291198730469,56.869998931884766
2019-03-13,,97.5199966430664,252.32940673828125,123.83999633789062,88.19855499267578,98.86422729492188,13.694136619567871,71.05033111572266,75.8211898803711,58.2599983215332
2019-03-14,,97.76000213623047,252.1680145263672,122.41000366210938,88.07246398925781,98.1501235961914,13.634186744689941,71.06726837158203,75.8211898803711,58.61000061035156
2019-03-15,,97.5999984741211,253.41392517089844,122.97000122070312,88.34991455078125,98.79935455322266,13.634186744689941,71.09272766113281,75.8294677734375,58.52000045776367
2019-03-18,,98.4800033569336,254.33273315429688,123.04000091552734,88.23219299316406,98.7425308227539,13.702701568603516,71.07579040527344,75.83778381347656,59.09000015258789
2019-03-19,,98.23999786376953,254.3958282470703,123.37999725341797,88.17333221435547,98.52340698242188,13.736958503723145,71.06726837158203,75.83778381347656,59.029998779296875
2019-03-20,,100.0,253.63006591796875,124.18000030517578,88.78705596923828,99.55400085449219,13.839727401733398,71.16908264160156,75.83778381347656,59.83000183105469
2019-03-21,,99.5199966430664,256.4946594238281,123.68000030517578,88.74502563476562,99.7730941772461,13.771215438842773,71.16908264160156,75.86262512207031,59.97999954223633
2019-03-22,,97.83999633789062,251.55816650390625,123.97000122070312,89.40076446533203,101.32305908203125,13.651315689086914,71.28787231445312,75.86262512207031,59.040000915527344
2019-03-25,,98.0,251.36900329589844,124.91999816894531,89.62776184082031,101.48536682128906,13.702701568603516,71.36421203613281,75.86262512207031,58.81999969482422
2019-03-26,,99.76000213623047,253.24269104003906,124.30000305175781,89.55208587646484,101.41233825683594,13.728394508361816,71.35572814941406,75.87091064453125,59.939998626708984
2019-03-27,,98.72000122070312,251.91847229003906,123.6500015258789,89.81272888183594,102.34554290771484,13.651315689086914,71.41510772705078,75.87921905517578,59.40999984741211
2019-03-28,,98.80000305175781,252.8733367919922,121.9000015258789,89.82108306884766,102.70259857177734,13.608495712280273,71.40660858154297,75.89576721191406,59.29999923706055
2019-03-29,,100.0,254.46792602539062,122.01000213623047,89.67819213867188,102.60523223876953,13.617059707641602,71.36421203613281,75.89576721191406,60.13999938964844
2019-04-01,,102.55999755859375,257.4856262207031,121.52999877929688,89.0615463256836,101.14787292480469,13.745521545410156,71.29109954833984,75.9090576171875,61.59000015258789
2019-04-02,,104.08000183105469,257.6117858886719,121.9800033569336,89.21314239501953,101.33488464355469,13.779780387878418,71.32510375976562,75.90071868896484,62.58000183105469
2019-04-03,,103.91999816894531,258.0171203613281,121.80000305175781,88.93514251708984,100.45652770996094,13.796907424926758,71.29109954833984,75.9090576171875,62.459999084472656
2019-04-04,,103.36000061035156,258.7017822265625,122.11000061035156,89.02783966064453,100.74121856689453,13.805472373962402,71.30812072753906,75.93396759033203,62.099998474121094
2019-04-05,,105.19999694824219,259.9538879394531,121.9800033569336,89.0699234008789,100.87128448486328,13.84829330444336,71.29962158203125,75.93396759033203,63.08000183105469
2019-04-08,,107.19999694824219,260.1521301269531,122.51000213623047,88.92675018310547,100.51346588134766,13.899677276611328,71.28258514404297,75.93396759033203,64.4000015258789
2019-04-09,,106.63999938964844,258.8189392089844,123.1500015258789,89.08682250976562,100.8306655883789,13.873985290527344,71.29109954833984,75.9422607421875,63.97999954223633
2019-04-10,,107.27999877929688,259.70172119140625,123.52999877929688,89.29740142822266,101.07463073730469,13.993884086608887,71.3506088256836,75.9422607421875,64.61000061035156
2019-04-11,,106.16000366210938,259.62969970703125,121.94999694824219,89.09525299072266,100.48094940185547,13.925370216369629,71.30812072753906,75.96714782714844,63.58000183105469
2019-04-12,,106.4000015258789,261.38629150390625,121.83000183105469,88.68243408203125,99.76525115966797,13.968192100524902,71.2656021118164,75.96714782714844,63.88999938964844
2019-04-15,,105.91999816894531,261.21514892578125,121.5999984741211,88.80040740966797,100.017333984375,13.942498207092285,71.27410888671875,75.97545623779297,63.400001525878906
2019-04-16,,106.95999908447266,261.38629150390625,120.51000213623047,88.49713134765625,99.39115905761719,13.891112327575684,71.2656021118164,75.97545623779297,64.05000305175781
2019-04-17,,106.23999786376953,260.7466735839844,120.27999877929688,88.51394653320312,99.4317855834961,13.839727401733398,71.29109954833984,75.9920425415039,63.7599983215332
2019-04-18,,106.55999755859375,261.2601013183594,120.37000274658203,88.72456359863281,99.95230102539062,13.882549285888672,71.30812072753906,76.00035095214844,64.0
2019-04-22,,109.36000061035156,261.4853820800781,120.37000274658203,88.59819030761719,99.47249603271484,13.95106315612793,71.31659698486328,76.00035095214844,65.69999694824219
2019-04-23,,110.31999969482422,263.8365478515625,120.12000274658203,88.7582778930664,99.68391418457031,13.968192100524902,71.3506088256836,76.00035095214844,66.30000305175781
2019-04-24,,109.44000244140625,263.2509765625,120.47000122070312,89.09525299072266,100.49718475341797,13.9168062210083,71.3930892944336,76.01698303222656,65.88999938964844
2019-04-25,,108.23999786376953,263.0888366699219,120.56999969482422,88.98573303222656,100.35078430175781,13.891112327575684,71.3930892944336,76.03358459472656,65.20999908447266
2019-04-26,,104.72000122070312,264.31390380859375,121.37000274658203,89.22161102294922,100.69241333007812,13.728394508361816,71.46961212158203,76.0252914428711,63.29999923706055
2019-04-29,,105.83999633789062,264.7283630371094,120.83000183105469,89.0362319946289,100.04991912841797,13.736958503723145,71.44410705566406,76.03358459472656,63.5
2019-04-30,,106.31999969482422,264.8634338378906,121.19999694824219,89.21314239501953,100.56227111816406,13.779780387878418,71.4951400756836,76.04188537597656,63.90999984741211
2019-05-01,,105.76000213623047,262.8725891113281,120.4000015258789,89.17266082763672,100.97710418701172,13.736958503723145,71.43208312988281,76.04518127441406,63.599998474121094
2019-05-02,,102.55999755859375,262.30511474609375,119.94000244140625,88.9194107055664,100.4962387084961,13.582802772521973,71.39800262451172,76.05352020263672,61.810001373291016
2019-05-03,,102.95999908447266,264.87249755859375,120.6500015258789,89.03759765625,100.78146362304688,13.591367721557617,71.4235610961914,76.06182861328125,61.939998626708984
2019-05-06,,104.55999755859375,263.7825622558594,120.80999755859375,89.26553344726562,101.0586166381836,13.634186744689941,71.46617126464844,76.07018280029297,62.25
2019-05-07,,101.83999633789062,259.3773498535156,121.20999908447266,89.56941986083984,101.83281707763672,13.46290397644043,71.50020599365234,76.0784683227539,61.400001525878906
2019-05-08,,103.12000274658203,259.0170593261719,120.91000366210938,89.40059661865234,101.39273071289062,13.480032920837402,71.49170684814453,76.0784683227539,62.119998931884766
2019-05-09,,102.4800033569336,258.2333984375,121.19999694824219,89.6369400024414,101.80838012695312,13.411519050598145,71.5342788696289,76.08679962158203,61.70000076293945
2019-05-10,,102.72000122070312,259.5305480957031,121.43000030517578,89.57778930664062,101.6698989868164,13.437211036682129,71.55128479003906,76.10343170166016,61.65999984741211
2019-05-13,,101.44000244140625,253.00852966308594,122.66999816894531,90.02520751953125,102.46856689453125,13.368697166442871,71.63645935058594,76.09508514404297,61.040000915527344
2019-05-14,,102.95999908447266,255.2965850830078,122.45999908447266,89.9408187866211,102.1669692993164,13.548545837402344,71.63645935058594,76.10343170166016,61.779998779296875
2019-05-15,,103.76000213623047,256.7919616699219,122.38999938964844,90.22779083251953,102.79454040527344,13.668445587158203,71.68756866455078,76.11172485351562,62.02000045776367
2019-05-16,,105.12000274658203,259.1701965332031,121.51000213623047,90.05055236816406,102.45223236083984,13.745521545410156,71.64500427246094,76.12004089355469,62.869998931884766
2019-05-17,,104.63999938964844,257.4946594238281,120.6500015258789,90.09274291992188,102.680419921875,13.617059707641602,71.66204833984375,76.12837982177734,62.7599983215332
2019-05-20,,105.19999694824219,255.7920684814453,120.63999938964844,89.9408187866211,102.46856689453125,13.677008628845215,71.62798309326172,76.13668060302734,63.099998474121094
2019-05-21,,105.04000091552734,258.0981140136719,120.36000061035156,89.83946990966797,102.30554962158203,13.685572624206543,71.59391021728516,76.13668060302734,62.9900016784668
2019-05-22,,101.91999816894531,257.30548095703125,120.23999786376953,90.10964965820312,102.892333984375,13.488595008850098,71.62798309326172,76.15330505371094,61.41999816894531
2019-05-23,,96.72000122070312,254.16163635253906,121.16999816894531,90.65834045410156,104.04959106445312,13.205978393554688,71.75572967529297,76.16997528076172,57.90999984741211
2019-05-24,,97.83999633789062,254.73805236816406,121.30000305175781,90.63297271728516,104.13926696777344,13.385826110839844,71.73016357421875,76.16997528076172,58.630001068115234
2019-05-28,,97.83999633789062,252.36891174316406,120.83000183105469,91.02972412109375,104.88908386230469,13.497160911560059,71.78975677490234,76.17826843261719,59.13999938964844
2019-05-29,,97.91999816894531,250.6753387451172,120.87000274658203,90.99598693847656,105.20692443847656,13.445775032043457,71.79828643798828,76.17826843261719,58.810001373291016
2019-05-30,,94.08000183105469,251.35992431640625,121.69000244140625,91.32514953613281,106.11155700683594,13.308749198913574,71.8578872680664,76.20323944091797,56.59000015258789
2019-05-31,,88.80000305175781,247.9728240966797,123.33000183105469,91.93291473388672,107.4399642944336,12.957616806030273,72.01117706298828,76.20323944091797,53.5
2019-06-03,,87.91999816894531,247.34225463867188,125.11000061035156,92.3752670288086,108.15859985351562,12.914795875549316,72.14684295654297,76.19989776611328,53.25
2019-06-04,,89.27999877929688,252.71121215820312,125.1500015258789,92.03693389892578,106.92545318603516,12.991873741149902,72.09567260742188,76.21658325195312,53.47999954223633
2019-06-05,,86.16000366210938,254.90028381347656,125.47000122070312,92.03693389892578,106.32112884521484,12.726384162902832,72.12977600097656,76.21658325195312,51.68000030517578
2019-06-06,,88.4800033569336,256.5577087402344,125.87999725341797,92.02003479003906,106.66412353515625,12.949052810668945,72.08712005615234,76.24154663085938,52.59000015258789
2019-06-07,,89.83999633789062,259.12518310546875,126.58999633789062,92.3837661743164,107.58692169189453,12.991873741149902,72.16393280029297,76.23321533203125,53.9900016784668
2019-06-10,,88.87999725341797,260.3143310546875,125.33000183105469,91.92700958251953,106.57433319091797,12.957616806030273,72.09567260742188,76.24990844726562,53.2599983215332
2019-06-11,,88.87999725341797,260.2511901855469,125.18000030517578,91.92700958251953,106.63965606689453,13.043259620666504,72.070068359375,76.24154663085938,53.27000045776367
2019-06-12,,85.12000274658203,259.7917785644531,125.83000183105469,92.16378784179688,106.72132110595703,12.863411903381348,72.12977600097656,76.24990844726562,51.13999938964844
2019-06-13,,87.04000091552734,260.86383056640625,126.5999984741211,92.39216613769531,107.08878326416016,13.026130676269531,72.20661163330078,76.27489471435547,52.279998779296875
2019-06-14,,87.5199966430664,260.57550048828125,126.55999755859375,92.45983123779297,107.35828399658203,13.077516555786133,72.18096923828125,76.2832260131836,52.5099983215332
2019-06-17,,86.4800033569336,260.6745910644531,126.4800033569336,92.44292449951172,107.54615020751953,13.017565727233887,72.14684295654297,76.2832260131836,51.93000030517578
2019-06-18,,90.0,263.4041442871094,127.12000274658203,92.62053680419922,108.0851058959961,13.171721458435059,72.15538024902344,76.2832260131836,53.900001525878906
2019-06-19,,90.63999938964844,263.99871826171875,127.88999938964844,92.8742446899414,108.24028778076172,13.146029472351074,72.3089599609375,76.29988861083984,53.7599983215332
2019-06-20,,94.80000305175781,266.5209655761719,131.11000061035156,93.02652740478516,108.52610778808594,13.411519050598145,72.34309387207031,76.30824279785156,56.650001525878906
2019-06-21,,95.76000213623047,266.13360595703125,131.97999572753906,92.6458969116211,107.33378601074219,13.445775032043457,72.3089599609375,76.30824279785156,57.43000030517578
2019-06-24,,96.08000183105469,265.8077087402344,133.94000244140625,92.9673080444336,108.13409423828125,13.505725860595703,72.35162353515625,76.31658935546875,57.900001525878906
2019-06-25,,96.0,263.20062255859375,134.1999969482422,93.11111450195312,108.4689712524414,13.548545837402344,72.36869812011719,76.31658935546875,57.83000183105469
2019-06-26,,98.31999969482422,262.93829345703125,132.97000122070312,92.73049926757812,107.77479553222656,13.617059707641602,72.28339385986328,76.33324432373047,59.380001068115234
2019-06-27,,98.31999969482422,263.87054443359375,132.83999633789062,93.00958251953125,108.53426361083984,13.617059707641602,72.34309387207031,76.33324432373047,59.43000030517578
2019-06-28,,96.31999969482422,265.2283935546875,133.1999969482422,93.0518798828125,108.4607925415039,13.471467971801758,72.34309387207031,76.34154510498047,58.470001220703125
2019-07-01,,98.23999786376953,267.63629150390625,130.6199951171875,92.9349594116211,108.20709228515625,13.46290397644043,72.29695129394531,76.33738708496094,59.09000015258789
2019-07-02,,93.5999984741211,268.333251953125,133.41000366210938,93.2654037475586,109.041748046875,13.240236282348633,72.3396987915039,76.345703125,56.25
2019-07-03,,94.16000366210938,270.4786071777344,133.6300048828125,93.44330596923828,109.81908416748047,13.368697166442871,72.35676574707031,76.37078094482422,57.34000015258789
2019-07-05,,95.5999984741211,270.1707763671875,132.13999938964844,92.85023498535156,108.36257934570312,13.394392013549805,72.21147918701172,76.36245727539062,57.5099983215332
2019-07-08,,95.44000244140625,268.686279296875,131.2899932861328,92.75703430175781,108.50984191894531,13.377262115478516,72.1772689819336,76.36245727539062,57.65999984741211
2019-07-09,,96.31999969482422,269.0212097167969,131.75,92.6977310180664,108.4689712524414,13.420083999633789,72.15164184570312,76.37078094482422,57.83000183105469
2019-07-10,,100.23999786376953,270.306640625,133.8300018310547,92.7485580444336,107.87165832519531,13.711265563964844,72.27985382080078,76.3791275024414,60.43000030517578
2019-07-11,,100.4000015258789,270.9403076171875,132.6999969482422,92.29106140136719,106.4314956665039,13.719830513000488,72.24569702148438,76.39581298828125,60.20000076293945
2019-07-12,,100.16000366210938,272.1533203125,133.52999877929688,92.39273071289062,106.55425262451172,13.754085540771484,72.25419616699219,76.4041748046875,60.209999084472656
2019-07-15,,98.4000015258789,272.24383544921875,133.52999877929688,92.58761596679688,107.16791534423828,13.608495712280273,72.27132415771484,76.4041748046875,59.58000183105469
2019-07-16,,96.55999755859375,271.3658447265625,132.39999389648438,92.38424682617188,106.84882354736328,13.46290397644043,72.24569702148438,76.41251373291016,57.619998931884766
2019-07-17,,94.0,269.5190124511719,134.5800018310547,92.81633758544922,108.00254821777344,13.343005180358887,72.31402587890625,76.41251373291016,56.779998779296875
2019-07-18,,92.4800033569336,270.5057678222656,136.47999572753906,93.04508972167969,108.0107192993164,13.248799324035645,72.3995590209961,76.43757629394531,55.29999923706055
2019-07-19,,93.36000061035156,269.00311279296875,134.47000122070312,92.87566375732422,107.75708770751953,13.325876235961914,72.32259368896484,76.43757629394531,55.630001068115234
2019-07-22,,93.44000244140625,269.6639404296875,134.4499969482422,92.9179916381836,107.9616470336914,13.283056259155273,72.3311538696289,76.43757629394531,56.220001220703125
2019-07-23,,94.4800033569336,271.5921325683594,133.69000244140625,92.7654800415039,107.3724594116211,13.368697166442871,72.31402587890625,76.42921447753906,56.77000045776367
2019-07-24,,92.72000122070312,272.8685302734375,134.3699951171875,92.90106201171875,107.83891296386719,13.308749198913574,72.3311538696289,76.44593048095703,55.880001068115234
2019-07-25,,92.80000305175781,271.5648498535156,133.4199981689453,92.7400894165039,107.3233871459961,13.257362365722656,72.28841400146484,76.46260833740234,56.02000045776367
2019-07-26,,93.19999694824219,273.38433837890625,133.63999938964844,92.72313690185547,107.57707977294922,13.274492263793945,72.29695129394531,76.45427703857422,56.20000076293945
2019-07-29,,94.55999755859375,272.8865051269531,134.52999877929688,92.80784606933594,107.60977172851562,13.325876235961914,72.29695129394531,76.4709701538086,56.869998931884766
2019-07-30,,96.63999938964844,272.21661376953125,134.97999572753906,92.85023498535156,107.87165832519531,13.4029541015625,72.30548858642578,76.4709701538086,58.04999923706055
2019-07-31,,96.31999969482422,269.2384948730469,133.2100067138672,93.08747100830078,108.7389907836914,13.317313194274902,72.29695129394531,76.47930145263672,58.58000183105469
2019-08-01,,90.4800033569336,266.89410400390625,136.41000366210938,94.14331817626953,110.89857482910156,12.949052810668945,72.50251007080078,76.50021362304688,53.95000076293945
2019-08-02,,91.83999633789062,264.88433837890625,135.88999938964844,94.33849334716797,111.92342376708984,12.966181755065918,72.51962280273438,76.50021362304688,55.65999984741211
2019-08-05,,90.95999908447266,256.91851806640625,137.7899932861328,95.15331268310547,113.8583984375,12.854846954345703,72.66521453857422,76.49187469482422,54.689998626708984
2019-08-06,,89.12000274658203,260.521240234375,138.91000366210938,95.30607604980469,114.76844024658203,12.786334037780762,72.69947052001953,76.50021362304688,53.630001068115234
2019-08-07,,86.72000122070312,260.6751708984375,141.02000427246094,95.30607604980469,114.80948638916016,12.623614311218262,72.70802307128906,76.5169677734375,51.09000015258789
2019-08-08,,87.68000030517578,265.7896423339844,141.72999572753906,95.31461334228516,115.05545806884766,12.692126274108887,72.68233489990234,76.52528381347656,52.540000915527344
2019-08-09,,90.23999786376953,263.9791564941406,141.25999450683594,95.1702880859375,114.82588958740234,12.803462028503418,72.63951110839844,76.5169677734375,54.5
2019-08-12,,90.87999725341797,260.76568603515625,142.6300048828125,95.77291107177734,117.22000122070312,12.70925521850586,72.71661376953125,76.53366088867188,54.93000030517578
2019-08-13,,94.95999908447266,264.821044921875,141.77999877929688,95.43342590332031,116.8182373046875,13.009001731872559,72.63093566894531,76.54202270507812,57.099998474121094
2019-08-14,,91.5199966430664,256.990966796875,142.75,96.06997680664062,119.4500503540039,12.812026023864746,72.72515869140625,76.53366088867188,55.22999954223633
2019-08-15,,90.80000305175781,257.6698913574219,143.6999969482422,96.68110656738281,120.77831268310547,12.70925521850586,72.87926483154297,76.56712341308594,54.470001220703125
2019-08-16,,91.19999694824219,261.47174072265625,142.77999877929688,96.42645263671875,119.81085205078125,12.700692176818848,72.87074279785156,76.55874633789062,54.869998931884766
2019-08-19,,93.27999877929688,264.6218566894531,141.11000061035156,95.96808624267578,118.0971908569336,12.760640144348145,72.79366302490234,76.55874633789062,56.209999084472656
2019-08-20,,93.04000091552734,262.59417724609375,142.2100067138672,96.39250183105469,119.31888580322266,12.794896125793457,72.84502410888672,76.56712341308594,56.34000015258789
2019-08-21,,92.87999725341797,264.7304992675781,141.75999450683594,96.1378402709961,118.52350616455078,12.83771800994873,72.77652740478516,76.55874633789062,55.68000030517578
2019-08-22,,92.23999786376953,264.6490478515625,141.39999389648438,95.92566680908203,117.73648071289062,12.777770042419434,72.74225616455078,76.58385467529297,55.349998474121094
2019-08-23,,89.5199966430664,257.8509216308594,144.1699981689453,96.57073211669922,119.6714859008789,12.683563232421875,72.86215209960938,76.57548522949219,54.16999816894531
2019-08-26,,89.44000244140625,260.70233154296875,144.19000244140625,96.47734832763672,119.18775177001953,12.674999237060547,72.82794189453125,76.58385467529297,53.63999938964844
2019-08-27,,91.36000061035156,259.67938232421875,145.57000732421875,96.89323425292969,121.02433776855469,12.760640144348145,72.85359954833984,76.59220123291016,54.93000030517578
2019-08-28,,93.12000274658203,261.5079040527344,145.16000366210938,96.9272232055664,121.18004608154297,12.87197494506836,72.87074279785156,76.58385467529297,55.779998779296875
2019-08-29,,94.23999786376953,264.84820556640625,144.1199951171875,96.74052429199219,120.72086334228516,12.906230926513672,72.83647155761719,76.60057830810547,56.709999084472656
2019-08-30,,91.68000030517578,264.7304992675781,143.75,96.76592254638672,120.75374603271484,12.700692176818848,72.86215209960938,76.60892486572266,55.099998474121094
2019-09-03,,89.76000213623047,263.1826477050781,145.75,96.97850036621094,120.9097671508789,12.632176399230957,72.9188003540039,76.62401580810547,53.939998626708984
2019-09-04,,93.68000030517578,266.16986083984375,146.66000366210938,97.13153839111328,121.0904312133789,12.931925773620605,72.97881317138672,76.6156234741211,56.2599983215332
2019-09-05,,93.5999984741211,269.5915222167969,143.13999938964844,96.3493881225586,118.89745330810547,12.914795875549316,72.81584167480469,76.62401580810547,56.29999923706055
2019-09-06,,94.16000366210938,269.7997131347656,141.9199981689453,96.40885925292969,119.74343872070312,12.949052810668945,72.82441711425781,76.63239288330078,56.52000045776367
2019-09-09,,96.63999938964844,269.935546875,141.38999938964844,95.81381225585938,117.6161880493164,13.068951606750488,72.74723052978516,76.63239288330078,57.849998474121094
2019-09-10,,95.83999633789062,269.8721008300781,140.17999267578125,95.11663055419922,115.55464935302734,13.086079597473145,72.62712860107422,76.64915466308594,57.400001525878906
2019-09-11,,93.44000244140625,271.7911682128906,141.02999877929688,95.02312469482422,115.34925842285156,12.991873741149902,72.62712860107422,76.6407699584961,55.75
2019-09-12,,91.76000213623047,272.73260498046875,141.32000732421875,94.8105239868164,114.5936508178711,12.9404878616333,72.60997009277344,76.65750885009766,55.09000015258789
2019-09-13,,91.5199966430664,272.5516052246094,140.14999389648438,93.94339752197266,112.14606475830078,12.9404878616333,72.4898910522461,76.65750885009766,54.849998474121094
2019-09-16,,102.63999938964844,271.7096862792969,141.32000732421875,94.35147094726562,113.57518005371094,13.514288902282715,72.5499267578125,76.65750885009766,62.900001525878906
2019-09-17,,98.31999969482422,272.397705078125,141.60000610351562,94.5980224609375,114.19122314453125,13.257362365722656,72.5842514038086,76.66587829589844,59.34000015258789
2019-09-18,,96.80000305175781,272.5606689453125,140.7100067138672,94.63203430175781,114.67573547363281,13.171721458435059,72.54132843017578,76.6826400756836,58.11000061035156
2019-09-19,,97.5199966430664,272.5425720214844,141.27999877929688,94.67454528808594,115.0206527709961,13.240236282348633,72.5499267578125,76.6826400756836,58.130001068115234
2019-09-20,,97.5999984741211,271.2547912597656,142.9499969482422,95.2186508178711,116.54022216796875,13.257362365722656,72.62712860107422,76.69098663330078,58.09000015258789
2019-09-23,,97.68000030517578,271.19110107421875,143.75,95.35467529296875,116.51555633544922,13.291621208190918,72.66999816894531,76.70779418945312,58.63999938964844
2019-09-24,,95.19999694824219,269.06317138671875,144.50999450683594,95.83078002929688,117.92011260986328,13.13746452331543,72.74723052978516,76.70779418945312,57.290000915527344
2019-09-25,,94.4000015258789,270.6546630859375,141.8300018310547,95.20162200927734,116.19525146484375,13.060385704040527,72.65288543701172,76.70779418945312,56.4900016784668
2019-09-26,,94.4000015258789,270.0908203125,141.7899932861328,95.40569305419922,116.94271850585938,13.060385704040527,72.68716430664062,76.72456359863281,56.40999984741211
2019-09-27,,93.27999877929688,268.6357421875,141.05999755859375,95.54173278808594,117.23017120361328,13.009001731872559,72.73005676269531,76.72456359863281,55.90999984741211
2019-09-30,,90.72000122070312,269.8816223144531,138.8699951171875,95.61823272705078,117.51763916015625,12.880538940429688,72.76437377929688,76.73291015625,54.06999969482422
2019-10-01,,89.5199966430664,266.67144775390625,139.6300048828125,95.8830337524414,117.87137603759766,12.87197494506836,72.84602355957031,76.73040771484375,53.619998931884766
2019-10-02,,87.83999633789062,261.96075439453125,141.25999450683594,96.2151107788086,118.15931701660156,12.760640144348145,72.92334747314453,76.73040771484375,52.63999938964844
2019-10-03,,87.44000244140625,264.10699462890625,141.89999389648438,96.71746826171875,119.23722839355469,12.743512153625488,73.07801818847656,76.75556945800781,52.45000076293945
2019-10-04,,88.31999969482422,267.6807861328125,141.89999389648438,96.90479278564453,120.11756134033203,12.846282005310059,73.06941223144531,76.75556945800781,52.810001373291016
2019-10-07,,88.31999969482422,266.52593994140625,140.69000244140625,96.58123779296875,119.12200927734375,12.829153060913086,72.9920883178711,76.7639389038086,52.75
2019-10-08,,87.12000274658203,262.38818359375,141.9199981689453,96.78556823730469,119.44292449951172,12.820589065551758,73.0350341796875,76.7639389038086,52.630001068115234
2019-10-09,,87.91999816894531,264.87994384765625,142.0500030517578,96.5386734008789,118.76824188232422,12.854846954345703,72.9920883178711,76.7639389038086,52.59000015258789
2019-10-10,,89.5199966430664,266.67144775390625,140.80999755859375,95.9341049194336,116.99923706054688,12.9404878616333,72.90615844726562,76.78073120117188,53.54999923706055
2019-10-11,,91.36000061035156,269.43603515625,140.02999877929688,95.27849578857422,115.5511703491211,13.094643592834473,72.83741760253906,76.78917694091797,54.70000076293945
2019-10-14,,89.44000244140625,269.135986328125,140.58999633789062,95.54242706298828,116.390380859375,13.03469467163086,72.84602355957031,76.78073120117188,53.59000015258789
2019-10-15,,88.4800033569336,271.8004150390625,139.61000061035156,95.08264923095703,114.98341369628906,13.00043773651123,72.82876586914062,76.78917694091797,52.810001373291016
2019-10-16,,89.12000274658203,271.36395263671875,140.41000366210938,95.26997375488281,115.12329864501953,13.017565727233887,72.86322021484375,76.79753112792969,53.36000061035156
2019-10-17,,90.23999786376953,272.1641540527344,140.61000061035156,95.23592376708984,114.84354400634766,13.068951606750488,72.86322021484375,76.80590057373047,53.93000030517578
2019-10-18,,89.76000213623047,270.9728698730469,140.4600067138672,95.321044921875,114.84354400634766,13.060385704040527,72.88899230957031,76.80590057373047,53.779998779296875
2019-10-21,,89.68000030517578,272.80987548828125,139.7899932861328,94.9719467163086,113.97968292236328,13.043259620666504,72.85462188720703,76.81427764892578,53.310001373291016
2019-10-22,,90.72000122070312,271.91864013671875,140.1999969482422,95.1933364868164,114.64608764648438,13.060385704040527,72.88037872314453,76.81427764892578,54.15999984741211
2019-10-23,,93.19999694824219,272.7098693847656,140.52999877929688,95.22736358642578,114.76129913330078,13.223106384277344,72.87177276611328,76.81427764892578,55.970001220703125
2019-10-24,,93.83999633789062,273.155517578125,141.52999877929688,95.21037292480469,114.53093719482422,13.291621208190918,72.87177276611328,76.8310775756836,56.22999954223633
2019-10-25,,94.63999938964844,274.2740173339844,141.86000061035156,95.00601959228516,113.9714126586914,13.368697166442871,72.82876586914062,76.8310775756836,56.65999984741211
2019-10-28,,93.19999694824219,275.8199462890625,140.63999938964844,94.64840698242188,112.93468475341797,13.317313194274902,72.80309295654297,76.82268524169922,55.810001373291016
2019-10-29,,92.63999938964844,275.73809814453125,140.25,94.73355102539062,113.00877380371094,13.291621208190918,72.82023620605469,76.8395004272461,55.540000915527344
2019-10-30,,91.76000213623047,276.5838623046875,141.02000427246094,95.1933364868164,114.66253662109375,13.205978393554688,72.86322021484375,76.84785461425781,55.060001373291016
2019-10-31,,90.4000015258789,275.8472595214844,142.42999267578125,95.79788208007812,116.20941925048828,13.128900527954102,72.9920883178711,76.85624694824219,54.18000030517578
2019-11-01,,93.5199966430664,278.40264892578125,142.55999755859375,95.6170883178711,115.8516616821289,13.368697166442871,72.94898223876953,76.85543060302734,56.20000076293945
2019-11-04,,94.4800033569336,279.5212707519531,142.14999389648438,95.13101196289062,114.326904296875,13.454339981079102,72.89743041992188,76.8637924194336,56.540000915527344
2019-11-05,,95.44000244140625,279.21209716796875,139.85000610351562,94.61939239501953,113.04106903076172,13.488595008850098,72.84576416015625,76.85543060302734,57.22999954223633
2019-11-06,,94.4800033569336,279.27569580078125,140.4499969482422,94.89226531982422,113.72520446777344,13.343005180358887,72.88880157470703,76.8637924194336,56.349998474121094
2019-11-07,,95.04000091552734,280.2578430175781,138.27000427246094,94.13331604003906,111.66461944580078,13.334441184997559,72.80270385742188,76.880615234375,57.150001525878906
2019-11-08,,95.91999816894531,280.9488830566406,137.38999938964844,94.00543212890625,111.19486999511719,13.368697166442871,72.81133270263672,76.880615234375,57.2400016784668
2019-11-11,,95.12000274658203,280.412353515625,137.05999755859375,94.10775756835938,111.26900482177734,13.283056259155273,72.82855224609375,76.880615234375,56.86000061035156
2019-11-12,,94.95999908447266,281.0035400390625,137.42999267578125,94.15042877197266,111.78004455566406,13.291621208190918,72.837158203125,76.88903045654297,56.79999923706055
2019-11-13,,95.68000030517578,281.094482421875,137.97999572753906,94.40621185302734,112.50536346435547,13.317313194274902,72.8716049194336,76.88903045654297,57.119998931884766
2019-11-14,,95.27999877929688,281.50372314453125,138.55999755859375,94.8837661743164,113.6675033569336,13.274492263793945,72.94043731689453,76.89744567871094,56.77000045776367
2019-11-15,,96.63999938964844,283.540771484375,138.2100067138672,94.8069839477539,113.54385375976562,13.343005180358887,72.91460418701172,76.88903045654297,57.720001220703125
2019-11-18,,95.19999694824219,283.7498474121094,138.6199951171875,94.96904754638672,113.74996948242188,13.205978393554688,72.94898223876953,76.90583038330078,57.04999923706055
2019-11-19,,92.55999755859375,283.66802978515625,138.69000244140625,95.14808654785156,114.69779968261719,13.086079597473145,72.94043731689453,76.89744567871094,55.209999084472656
2019-11-20,,95.19999694824219,282.6131591796875,138.75999450683594,95.49771881103516,115.88461303710938,13.257362365722656,72.97488403320312,76.90583038330078,57.11000061035156
2019-11-21,,97.5999984741211,282.1585693359375,138.0,95.25895690917969,115.15931701660156,13.377262115478516,72.94043731689453,76.90583038330078,58.58000183105469
2019-11-22,,96.87999725341797,282.7859191894531,137.74000549316406,95.24189758300781,115.30770874023438,13.368697166442871,72.93180084228516,76.91426086425781,57.77000045776367
2019-11-25,,96.87999725341797,284.9776306152344,137.0800018310547,95.2845230102539,115.64559936523438,13.368697166442871,72.94043731689453,76.91426086425781,58.0099983215332
2019-11-26,,97.5199966430664,285.62322998046875,137.74000549316406,95.46359252929688,116.3215103149414,13.445775032043457,72.97488403320312,76.92265319824219,58.40999984741211
2019-11-27,,97.12000274658203,286.8964538574219,137.00999450683594,95.21630859375,115.98353576660156,13.377262115478516,72.93180084228516,76.939453125,58.11000061035156
2019-11-29,,92.95999908447266,285.8323974609375,137.86000061035156,95.13954162597656,115.73627471923828,13.111772537231445,72.95767211914062,76.939453125,55.16999816894531
2019-12-02,,93.36000061035156,283.40435791015625,137.7899932861328,94.79798889160156,114.1931381225586,13.094643592834473,72.9352798461914,76.94532775878906,55.959999084472656
2019-12-03,,94.08000183105469,281.50372314453125,139.11000061035156,95.6434097290039,116.5875244140625,13.103208541870117,73.03870391845703,76.93695831298828,56.099998474121094
2019-12-04,,97.5199966430664,283.2405700683594,138.9199981689453,95.27617645263672,115.4233627319336,13.308749198913574,73.00421905517578,76.94532775878906,58.43000030517578
2019-12-05,,97.5199966430664,283.7498474121094,139.0,95.0541763305664,114.86193084716797,13.334441184997559,72.96971893310547,76.96217346191406,58.43000030517578
2019-12-06,,98.55999755859375,286.34173583984375,137.6199951171875,94.76380920410156,114.2262191772461,13.420083999633789,72.94389343261719,76.96217346191406,59.20000076293945
2019-12-09,,98.63999938964844,285.4413757324219,137.5800018310547,94.84068298339844,114.47386932373047,13.4029541015625,72.94389343261719,76.97057342529297,59.02000045776367
2019-12-10,,99.12000274658203,285.1230773925781,137.97000122070312,94.72969818115234,114.48219299316406,13.46290397644043,72.90938568115234,76.97057342529297,59.2400016784668
2019-12-11,,98.4000015258789,285.9324035644531,138.9199981689453,95.12250518798828,115.3820571899414,13.4029541015625,72.96971893310547,76.97057342529297,58.7599983215332
2019-12-12,,98.95999908447266,288.3969421386719,138.42999267578125,94.37101745605469,113.48314666748047,13.522852897644043,72.90074920654297,76.9874038696289,59.18000030517578
2019-12-13,,99.91999816894531,288.56976318359375,139.0500030517578,94.92608642578125,114.79585266113281,13.591367721557617,72.98696899414062,76.97057342529297,60.06999969482422
2019-12-16,,100.72000122070312,290.5521545410156,139.0399932861328,94.4820327758789,113.76380920410156,13.685572624206543,72.94389343261719,76.9874038696289,60.209999084472656
2019-12-17,,101.76000213623047,290.6158752441406,139.00999450683594,94.49057006835938,113.60693359375,13.745521545410156,72.96109771728516,76.97900390625,60.939998626708984
2019-12-18,,101.91999816894531,290.634033203125,139.02000427246094,94.2343978881836,112.67404174804688,13.754085540771484,72.96971893310547,76.99586486816406,60.93000030517578
2019-12-19,,102.23999786376953,291.82537841796875,139.3800048828125,94.30792236328125,112.85430908203125,13.814034461975098,72.984375,77.00423431396484,61.220001220703125
2019-12-20,,101.04000091552734,293.1047668457031,139.52000427246094,94.30792236328125,113.00311279296875,13.796907424926758,72.984375,77.00843048095703,60.439998626708984
2019-12-23,,101.5999984741211,293.5525207519531,139.9499969482422,94.22239685058594,112.83771514892578,13.80038833618164,72.96714782714844,77.00843048095703,60.52000045776367
2019-12-24,,102.16000366210938,293.5617370605469,141.27000427246094,94.38491821289062,113.1602783203125,13.861299514770508,72.97575378417969,77.01688385009766,61.11000061035156
2019-12-26,,103.12000274658203,295.1244201660156,142.3800048828125,94.521728515625,113.43310546875,13.965712547302246,73.00169372558594,77.02529907226562,61.68000030517578
2019-12-27,,103.27999877929688,295.05133056640625,142.3300018310547,94.65856170654297,113.55722045898438,13.99181842803955,73.05348205566406,77.01688385009766,61.720001220703125
2019-12-30,,103.12000274658203,293.42462158203125,142.6300048828125,94.59864807128906,113.14373016357422,13.965712547302246,73.07937622070312,77.02529907226562,61.68000030517578
2019-12-31,,102.4800033569336,294.137451171875,142.89999389648438,94.25659942626953,112.03553771972656,13.878700256347656,73.07072448730469,77.02529907226562,61.060001373291016
2020-01-02,,102.4800033569336,296.8882141113281,143.9499969482422,94.69273376464844,113.30084228515625,13.896102905273438,73.10529327392578,77.05057525634766,61.18000030517578
2020-01-03,,105.44000244140625,294.6400451660156,145.86000061035156,95.32554626464844,115.04570007324219,14.061429023742676,73.16571044921875,77.05057525634766,63.04999923706055
2020-01-06,,105.27999877929688,295.7641906738281,147.38999938964844,95.22296142578125,114.39241790771484,14.087532997131348,73.13980865478516,77.0421371459961,63.27000045776367
2020-01-07,,105.04000091552734,294.9324951171875,147.97000122070312,95.08614349365234,113.830078125,14.078831672668457,73.13980865478516,77.0421371459961,62.70000076293945
2020-01-08,,101.27999877929688,296.5044250488281,146.86000061035156,94.86378479003906,113.07756805419922,13.869998931884766,73.10529327392578,77.05899047851562,59.61000061035156
2020-01-09,,99.91999816894531,298.51483154296875,146.02999877929688,94.93219757080078,113.47457122802734,13.809089660644531,73.1139144897461,77.06742858886719,59.560001373291016
2020-01-10,,99.27999877929688,297.6558837890625,146.91000366210938,95.13743591308594,114.48334503173828,13.809089660644531,73.13118743896484,77.06742858886719,59.040000915527344
2020-01-13,,97.5999984741211,299.7029724121094,145.82000732421875,95.02625274658203,114.1360855102539,13.704671859741211,73.12255096435547,77.06742858886719,58.08000183105469
2020-01-14,,98.23999786376953,299.24591064453125,145.69000244140625,95.2143783569336,114.72323608398438,13.765583038330078,73.13118743896484,77.06742858886719,58.22999954223633
2020-01-15,,97.44000244140625,299.9222412109375,146.5399932861328,95.45381927490234,115.48401641845703,13.695971488952637,73.16571044921875,77.07584381103516,57.810001373291016
2020-01-16,,98.31999969482422,302.4170837402344,146.30999755859375,95.25716400146484,115.12010192871094,13.678568840026855,73.16571044921875,77.09272003173828,58.52000045776367
2020-01-17,,98.63999938964844,303.3584289550781,146.5800018310547,95.18019104003906,114.1360855102539,13.722075462341309,73.19160461425781,77.0842514038086,58.540000915527344
2020-01-21,,97.91999816894531,302.76434326171875,146.74000549316406,95.55646514892578,115.3351821899414,13.643763542175293,73.20891571044922,77.09272003173828,58.34000015258789
2020-01-22,,95.19999694824219,302.8008728027344,146.7899932861328,95.57357025146484,115.7403335571289,13.461034774780273,73.22613525390625,77.09272003173828,56.7400016784668
2020-01-23,,93.27999877929688,303.14813232421875,147.1199951171875,95.81300354003906,116.5507583618164,13.347916603088379,73.25205993652344,77.10110473632812,55.59000015258789
2020-01-24,,91.44000244140625,300.45220947265625,147.97999572753906,96.15507507324219,117.49353790283203,13.147784233093262,73.2779541015625,77.10110473632812,54.189998626708984
2020-01-27,,88.80000305175781,295.6362609863281,148.99000549316406,96.80498504638672,119.32103729248047,12.904145240783691,73.35564422607422,77.10958099365234,53.13999938964844
2020-01-28,,90.0,298.7341613769531,147.66000366210938,96.48004150390625,118.38662719726562,12.965054512023926,73.32112884521484,77.10958099365234,53.47999954223633
2020-01-29,,89.27999877929688,298.4874267578125,148.4600067138672,96.94182586669922,119.54431915283203,12.904145240783691,73.39021301269531,77.11800384521484,53.33000183105469
2020-01-30,,88.63999938964844,299.4561462402344,148.47000122070312,97.03591918945312,119.56088256835938,12.791028022766113,73.39884185791016,77.11800384521484,52.13999938964844
2020-01-31,,86.72000122070312,294.01861572265625,149.3300018310547,97.52335357666016,120.65247344970703,12.686612129211426,73.49382019042969,77.11800384521484,51.560001373291016
2020-02-03,,83.91999816894531,296.2027893066406,148.36000061035156,97.44029998779297,120.55479431152344,12.451675415039062,73.47215270996094,77.12471008300781,50.11000061035156
2020-02-04,,83.5199966430664,300.7173156738281,146.42999267578125,96.8750991821289,118.93122100830078,12.469077110290527,73.39437866210938,77.12471008300781,49.61000061035156
2020-02-05,,85.5999984741211,304.1899108886719,146.61000061035156,96.45552062988281,117.6307601928711,12.660507202148438,73.34246063232422,77.14159393310547,50.75
2020-02-06,,85.91999816894531,305.21356201171875,147.39999389648438,96.52403259277344,118.16085052490234,12.712715148925781,73.3597640991211,77.15003967285156,50.95000076293945
2020-02-07,,84.63999938964844,303.58685302734375,147.7899932861328,96.98643493652344,119.63530731201172,12.643104553222656,73.40302276611328,77.15003967285156,50.31999969482422
2020-02-10,,83.36000061035156,305.8532409667969,148.1699981689453,97.17485809326172,119.966552734375,12.529986381530762,73.4375991821289,77.14159393310547,49.56999969482422
2020-02-11,,84.0,306.38323974609375,147.66000366210938,96.94364166259766,119.36193084716797,12.573493957519531,73.40302276611328,77.15003967285156,49.939998626708984
2020-02-12,,86.4800033569336,308.3571472167969,147.5399932861328,96.6953353881836,118.75715637207031,12.747520446777344,73.368408203125,77.158447265625,51.16999816894531
2020-02-13,,86.72000122070312,308.0282287597656,148.3800048828125,96.78089141845703,119.21282958984375,12.75622272491455,73.38569641113281,77.16690063476562,51.41999816894531
2020-02-14,,87.5999984741211,308.5216369628906,149.0,97.02070617675781,119.73466491699219,12.747520446777344,73.42025756835938,77.16690063476562,52.04999923706055
2020-02-18,,87.5999984741211,307.7265625,150.91000366210938,97.17485809326172,120.55479431152344,12.843235969543457,73.4462661743164,77.17532348632812,52.04999923706055
2020-02-19,,89.44000244140625,309.1979675292969,151.7899932861328,97.15771484375,120.54642486572266,12.965054512023926,73.45489501953125,77.17532348632812,53.290000915527344
2020-02-20,,90.23999786376953,307.9277038574219,152.41000366210938,97.44029998779297,121.49066925048828,12.912847518920898,73.47215270996094,77.17532348632812,53.779998779296875
2020-02-21,,89.27999877929688,304.756591796875,154.6999969482422,97.8342056274414,122.62554168701172,12.860639572143555,73.5327377319336,77.19219207763672,53.380001068115234
2020-02-24,,85.91999816894531,294.64923095703125,156.08999633789062,98.59632110595703,124.45612335205078,12.617000579833984,73.6537857055664,77.18376922607422,51.43000030517578
2020-02-25,,83.19999694824219,285.72064208984375,153.3000030517578,98.87035369873047,125.11885833740234,12.382062911987305,73.73162078857422,77.18376922607422,49.900001525878906
2020-02-26,,81.5199966430664,284.669677734375,153.97000122070312,98.81895446777344,124.45612335205078,12.260244369506836,73.78352355957031,77.20062255859375,48.72999954223633
2020-02-27,,78.23999786376953,271.884765625,154.0,99.29849243164062,125.80628204345703,12.051410675048828,73.8699951171875,77.21751403808594,47.09000015258789
2020-02-28,,75.5999984741211,270.742431640625,148.3800048828125,100.41170501708984,128.6475067138672,11.842576026916504,74.1380615234375,77.20909118652344,44.7599983215332
2020-03-02,,79.36000061035156,282.46734619140625,149.1999969482422,100.34314727783203,127.70093536376953,12.112320899963379,74.1077651977539,77.23188018798828,46.75
2020-03-03,,79.12000274658203,274.379638671875,153.88999938964844,101.50910186767578,129.6835479736328,12.13842487335205,74.40219116210938,77.2487564086914,47.18000030517578
2020-03-04,,78.87999725341797,285.9126281738281,154.16000366210938,101.28618621826172,128.3065185546875,12.147126197814941,74.41088104248047,77.28251647949219,46.779998779296875
2020-03-05,,76.87999725341797,276.4084167480469,157.49000549316406,102.1864242553711,131.50033569335938,12.016606330871582,74.56678009033203,77.2994155883789,45.900001525878906
2020-03-06,,69.83999633789062,271.8390808105469,157.5500030517578,103.22380065917969,138.34408569335938,11.625042915344238,74.65338897705078,77.2994155883789,41.279998779296875
2020-03-09,,52.15999984741211,250.60992431640625,157.80999755859375,104.14972686767578,142.09371948242188,10.720099449157715,75.06041717529297,77.33316802978516,31.1299991607666
2020-03-10,,57.91999816894531,263.5777282714844,154.47999572753906,102.23786926269531,134.81016540527344,11.059453964233398,74.73131561279297,77.31631469726562,34.36000061035156
2020-03-11,,55.52000045776367,250.7287139892578,153.92999267578125,101.2176284790039,129.8494873046875,10.859321594238281,74.64474487304688,77.33316802978516,32.97999954223633
2020-03-12,,52.31999969482422,226.73968505859375,147.7899932861328,101.2690658569336,130.65415954589844,10.4242525100708,74.62737274169922,77.34162902832031,31.5
2020-03-13,,55.68000030517578,246.12286376953125,143.27999877929688,100.60892486572266,127.70093536376953,10.537369728088379,74.72265625,77.35851287841797,31.729999542236328
2020-03-16,,48.400001525878906,219.19117736816406,141.63999938964844,103.26663970947266,135.9716033935547,9.90217113494873,74.8438949584961,77.36693572998047,28.700000762939453
2020-03-17,,45.68000030517578,231.0257568359375,143.55999755859375,100.67749786376953,126.90461730957031,9.74554443359375,74.6706771850586,77.36693572998047,26.950000762939453
2020-03-18,,37.68000030517578,219.32827758789062,140.6999969482422,99.280029296875,119.7455825805664,9.423593521118164,74.575439453125,77.38385772705078,20.3700008392334
2020-03-19,,42.959999084472656,219.79429626464844,138.0399932861328,99.60578155517578,123.00569915771484,9.623725891113281,74.7053451538086,77.36693572998047,25.219999313354492
2020-03-20,,39.52000045776367,210.3224334716797,140.11000061035156,102.14354705810547,132.25526428222656,9.519309043884277,74.90451049804688,77.39228057861328,22.43000030517578
2020-03-23,,39.040000915527344,204.94485473632812,146.3000030517578,103.35237884521484,137.705322265625,9.632427215576172,74.99111938476562,77.37541198730469,23.360000610351562
2020-03-24,,39.84000015258789,223.51353454589844,153.39999389648438,102.64936828613281,135.14198303222656,9.84126091003418,74.88719177246094,77.37541198730469,24.010000228881836
2020-03-25,,40.63999938964844,226.8595428466797,151.3000030517578,102.70942687988281,134.83505249023438,10.006586074829102,74.97382354736328,77.37541198730469,24.489999771118164
2020-03-26,,38.63999938964844,240.1059112548828,153.24000549316406,102.95802307128906,135.49876403808594,9.971780776977539,75.06041717529297,77.37541198730469,22.600000381469727
2020-03-27,,35.7599983215332,232.9541473388672,152.25,103.72103118896484,139.11558532714844,9.936975479125977,75.0431137084961,77.35851287841797,21.510000228881836
2020-03-30,,33.84000015258789,240.51950073242188,152.9199981689453,103.96109771728516,137.97076416015625,9.910870552062988,75.07777404785156,77.35851287841797,20.09000015258789
2020-03-31,,33.68000030517578,236.93450927734375,148.0500030517578,104.14972686767578,136.850830078125,9.78905200958252,75.06041717529297,77.36693572998047,20.479999542236328
2020-04-01,,35.040000915527344,226.27125549316406,149.4499969482422,104.57374572753906,138.7682342529297,9.51060962677002,75.1089859008789,77.3602066040039,20.309999465942383
2020-04-02,,40.880001068115234,231.49252319335938,151.89999389648438,104.59088897705078,139.6488494873047,9.693338394165039,75.1263427734375,77.36865997314453,25.31999969482422
2020-04-03,,47.20000076293945,228.14654541015625,152.64999389648438,104.66815185546875,139.9810791015625,9.936975479125977,75.1089859008789,77.34330749511719,28.34000015258789
2020-04-06,,43.84000015258789,243.47023010253906,156.8800048828125,104.19606018066406,139.6156005859375,9.98918342590332,75.05695343017578,77.35173797607422,26.079999923706055
2020-04-07,,40.720001220703125,243.71847534179688,156.0399932861328,103.7325439453125,138.1535186767578,10.058795928955078,75.03962707519531,77.33488464355469,23.6299991607666
2020-04-08,,42.959999084472656,251.89974975585938,154.64999389648438,103.60379028320312,137.14834594726562,10.032690048217773,75.08296966552734,77.34330749511719,25.09000015258789
2020-04-09,,39.84000015258789,255.7329864501953,158.69000244140625,103.82698822021484,137.39752197265625,10.058795928955078,75.1089859008789,77.32640838623047,22.760000228881836
2020-04-13,,39.439998626708984,253.39805603027344,161.41000366210938,103.60379028320312,136.14309692382812,10.23282241821289,75.11763763427734,77.34330749511719,22.40999984741211
2020-04-14,,37.279998779296875,260.8715515136719,162.67999267578125,103.74116516113281,136.1099090576172,10.145808219909668,75.11763763427734,77.35173797607422,20.110000610351562
2020-04-15,,35.439998626708984,255.32847595214844,161.85000610351562,104.66815185546875,139.7152862548828,9.936975479125977,75.1436538696289,77.34330749511719,19.8700008392334
2020-04-16,,34.880001068115234,256.56024169921875,161.7100067138672,104.77973175048828,141.30203247070312,9.910870552062988,75.16102600097656,77.33488464355469,19.8700008392334
2020-04-17,,33.68000030517578,263.4914245605469,158.57000732421875,104.50508117675781,139.40794372558594,9.954378128051758,75.13500213623047,77.35173797607422,18.270000457763672
2020-04-20,,30.0,258.8492126464844,159.6999969482422,104.77973175048828,140.52947998046875,9.78905200958252,75.13500213623047,77.34330749511719,-37.630001068115234
2020-04-21,,22.479999542236328,250.98971557617188,158.61000061035156,105.07159423828125,142.29896545410156,9.327879905700684,75.15230560302734,77.34330749511719,10.010000228881836
2020-04-22,,20.079999923706055,256.56024169921875,161.72999572753906,104.74542999267578,140.8450927734375,9.458399772644043,75.1263427734375,77.34330749511719,13.779999732971191
2020-04-23,,21.1200008392334,256.5419006347656,163.33999633789062,104.8140640258789,141.59288024902344,9.432295799255371,75.11763763427734,77.35173797607422,16.5
2020-04-24,,20.559999465942383,260.1177978515625,162.63999938964844,104.83984375,141.92515563964844,9.310477256774902,75.11763763427734,77.34330749511719,16.940000534057617
2020-04-27,,17.520000457763672,263.86822509765625,161.55999755859375,104.28189849853516,139.2832489013672,9.136448860168457,75.11763763427734,77.34330749511719,12.779999732971191
2020-04-28,,17.040000915527344,262.6548156738281,160.83999633789062,104.73684692382812,140.88673400878906,9.145150184631348,75.1436538696289,77.34330749511719,12.34000015258789
2020-04-29,,18.0,269.53076171875,161.72999572753906,104.68529510498047,140.1556396484375,9.310477256774902,75.13500213623047,77.33488464355469,15.0600004196167
2020-04-30,,19.1200008392334,267.0212707519531,158.8000030517578,104.4364242553711,138.51898193359375,9.484503746032715,75.26502990722656,77.35173797607422,18.84000015258789
2020-05-01,,18.860000610351562,259.9522705078125,159.77999877929688,104.58076477050781,139.7052001953125,9.36268424987793,75.15399169921875,77.33820343017578,19.780000686645508
2020-05-04,,19.670000076293945,260.6693420410156,160.33999633789062,104.59794616699219,139.04808044433594,9.475802421569824,75.15399169921875,77.33820343017578,20.389999389648438
2020-05-05,,21.510000228881836,263.0776672363281,161.02000427246094,104.52059936523438,138.15805053710938,9.719440460205078,75.1452865600586,77.33820343017578,24.559999465942383
2020-05-06,,20.850000381469727,261.2943420410156,158.9499969482422,104.13395690917969,135.92864990234375,9.528010368347168,75.17131042480469,77.3466796875,23.989999771118164
2020-05-07,,20.469999313354492,264.4474792480469,161.38999938964844,104.76978302001953,138.1996307373047,9.588920593261719,75.22340393066406,77.33820343017578,23.549999237060547
2020-05-08,,21.469999313354492,268.82293701171875,160.4199981689453,104.42609405517578,136.40284729003906,9.78905200958252,75.20603942871094,77.33820343017578,24.739999771118164
2020-05-11,,21.170000076293945,268.8781433105469,159.4199981689453,104.13395690917969,135.3381805419922,9.65853214263916,75.18000030517578,77.3466796875,24.139999389648438
2020-05-12,,20.969999313354492,263.5188903808594,160.0399932861328,104.4776840209961,136.72726440429688,9.580219268798828,75.19735717773438,77.3466796875,25.780000686645508
2020-05-13,,20.600000381469727,258.8583984375,161.5800018310547,104.69247436523438,137.68385314941406,9.484503746032715,75.19735717773438,77.3466796875,25.290000915527344
2020-05-14,,21.450000762939453,261.9562683105469,163.00999450683594,104.85574340820312,139.0314178466797,9.649829864501953,75.18000030517578,77.35514068603516,27.559999465942383
2020-05-15,,22.389999389648438,263.1604919433594,163.92999267578125,104.78697204589844,138.67373657226562,9.74554443359375,75.22340393066406,77.33820343017578,29.43000030517578
2020-05-18,,24.309999465942383,271.1761779785156,162.69000244140625,104.14250183105469,135.6292724609375,10.0239896774292,75.16265869140625,77.33820343017578,31.81999969482422
2020-05-19,,24.440000534057617,268.3908996582031,164.25999450683594,104.4346923828125,136.13668823242188,9.997885704040527,75.20603942871094,77.33820343017578,32.5
2020-05-20,,25.34000015258789,272.950439453125,164.64999389648438,104.46043395996094,136.54429626464844,10.17191219329834,75.20603942871094,77.33820343017578,33.4900016784668
2020-05-21,,26.600000381469727,271.06597900390625,162.25,104.52920532226562,136.8853302001953,10.128405570983887,75.1886978149414,77.3466796875,33.91999816894531
2020-05-22,,25.56999969482422,271.5807189941406,163.2100067138672,104.72682189941406,137.70884704589844,10.050093650817871,75.1886978149414,77.33820343017578,33.25
2020-05-26,,25.65999984741211,274.9267272949219,160.88999938964844,104.45185089111328,135.8621368408203,10.154509544372559,75.1886978149414,77.3466796875,34.349998474121094
2020-05-27,,25.0,279.0173645019531,161.17999267578125,104.53781127929688,135.61257934570312,10.0239896774292,75.17131042480469,77.33820343017578,32.810001373291016
2020-05-28,,25.030000686645508,278.50262451171875,161.72000122070312,104.44329833984375,135.11349487304688,10.07619857788086,75.20603942871094,77.33820343017578,33.709999084472656
2020-05-29,,25.8799991607666,279.7435607910156,162.91000366210938,104.77838134765625,136.0784454345703,10.250226020812988,75.20603942871094,77.33820343017578,35.4900016784668
2020-06-01,,26.219999313354492,280.8741455078125,163.66000366210938,104.73712158203125,135.1623077392578,10.311135292053223,75.19735717773438,77.3466796875,35.439998626708984
2020-06-02,,27.06999969482422,283.1999206542969,162.60000610351562,104.56505584716797,134.6708526611328,10.4242525100708,75.19735717773438,77.3466796875,36.810001373291016
2020-06-03,,27.1200008392334,286.9688415527344,159.60000610351562,103.94580841064453,132.88014221191406,10.4242525100708,75.1365737915039,77.3466796875,37.290000915527344
2020-06-04,,27.5,286.21502685546875,161.27999877929688,103.53292083740234,130.95619201660156,10.511266708374023,75.1539535522461,77.3466796875,37.40999984741211
2020-06-05,,28.8700008392334,293.5505676269531,158.00999450683594,103.016845703125,130.0233612060547,10.720099449157715,75.12789154052734,77.32977294921875,39.54999923706055
2020-06-08,,28.3700008392334,297.09881591796875,159.72000122070312,103.12866973876953,130.5230712890625,10.65048885345459,75.11055755615234,77.33820343017578,38.189998626708984
2020-06-09,,28.420000076293945,294.8835144042969,161.25999450683594,103.4985122680664,132.00563049316406,10.685293197631836,75.1365737915039,77.33820343017578,38.939998626708984
2020-06-10,,28.43000030517578,293.23797607421875,163.57000732421875,104.27265167236328,133.9629364013672,10.754905700683594,75.17997741699219,77.3466796875,39.599998474121094
2020-06-11,,26.360000610351562,276.33319091796875,162.38999938964844,104.6424789428711,136.4949188232422,10.40684986114502,75.14523315429688,77.32977294921875,36.34000015258789
2020-06-12,,26.43000030517578,279.6424560546875,162.6199951171875,104.41026306152344,135.17892456054688,10.450358390808105,75.1712646484375,77.3466796875,36.2599983215332
2020-06-15,,26.979999542236328,282.25311279296875,162.3300018310547,104.32423400878906,135.2538604736328,10.546072006225586,75.1539535522461,77.3466796875,37.119998931884766
2020-06-16,,27.639999389648438,287.685791015625,162.25,104.10922241210938,133.1800079345703,10.633087158203125,75.14523315429688,77.3466796875,38.380001068115234
2020-06-17,,27.280000686645508,286.49072265625,162.55999755859375,104.27265167236328,133.72967529296875,10.580878257751465,75.1712646484375,77.3466796875,37.959999084472656
2020-06-18,,27.889999389648438,286.6011657714844,162.24000549316406,104.50486755371094,135.14561462402344,10.6417875289917,75.16262817382812,77.33820343017578,38.84000015258789
2020-06-19,,28.229999542236328,284.96319580078125,164.02999877929688,104.53929901123047,135.2538604736328,10.728800773620605,75.17997741699219,77.33820343017578,39.75
2020-06-22,,28.979999542236328,286.7912902832031,165.08999633789062,104.44465637207031,135.27052307128906,10.841919898986816,75.16262817382812,77.33820343017578,40.459999084472656
2020-06-23,,28.719999313354492,288.1116027832031,166.47999572753906,104.41026306152344,134.3460693359375,10.78971004486084,75.17997741699219,77.33820343017578,40.369998931884766
2020-06-24,,27.25,280.7622985839844,165.89999389648438,104.60807800292969,135.78697204589844,10.519967079162598,75.18869018554688,77.33820343017578,38.0099983215332
2020-06-25,,27.940000534057617,283.7720947265625,165.8000030517578,104.62528228759766,136.1784210205078,10.615683555603027,75.18869018554688,77.3466796875,38.720001220703125
2020-06-26,,27.360000610351562,277.03216552734375,166.5399932861328,104.9091567993164,137.63601684570312,10.485161781311035,75.2147445678711,77.33820343017578,38.4900016784668
2020-06-29,,28.270000457763672,281.1038513183594,166.6300048828125,105.0123291015625,137.20285034179688,10.65919017791748,75.23211669921875,77.33820343017578,39.70000076293945
2020-06-30,,28.059999465942383,284.7047119140625,167.3699951171875,104.82312774658203,136.53652954101562,10.711398124694824,75.22340393066406,77.33820343017578,39.27000045776367
2020-07-01,,28.350000381469727,286.698974609375,166.6199951171875,104.6595230102539,136.27145385742188,10.798412322998047,75.19818878173828,77.33820343017578,39.81999969482422
2020-07-02,,28.75,288.2778015136719,166.97999572753906,104.7886962890625,136.41317749023438,10.841919898986816,75.23295593261719,77.3466796875,40.650001525878906
2020-07-06,,28.959999084472656,292.7279968261719,167.97999572753906,104.63374328613281,135.85447692871094,10.928933143615723,75.20691680908203,77.33820343017578,40.630001068115234
2020-07-07,,28.790000915527344,289.7088623046875,169.0399932861328,104.9694595336914,137.76402282714844,10.937634468078613,75.22425079345703,77.33820343017578,40.619998931884766
2020-07-08,,29.18000030517578,291.9247131347656,170.08999633789062,104.80590057373047,137.21363830566406,11.076855659484863,75.22425079345703,77.33820343017578,40.900001525878906
2020-07-09,,28.40999984741211,290.2628173828125,169.6300048828125,105.1416244506836,139.39842224121094,10.946335792541504,75.2416763305664,77.33820343017578,39.619998931884766
2020-07-10,,29.030000686645508,293.2265319824219,169.19000244140625,104.9350357055664,138.69798278808594,11.015947341918945,75.21560668945312,77.3466796875,40.54999923706055
2020-07-13,,28.5,290.6876220703125,169.39999389648438,105.04695892333984,139.1566162109375,10.902828216552734,75.21560668945312,77.3466796875,40.099998474121094
2020-07-14,,28.8799991607666,294.45458984375,170.19000244140625,105.038330078125,139.35670471191406,10.955038070678711,75.22425079345703,77.3466796875,40.290000915527344
2020-07-15,,29.290000915527344,297.159912109375,170.33999633789062,105.0039291381836,138.7062225341797,11.085556983947754,75.23295593261719,77.3466796875,41.20000076293945
2020-07-16,,29.15999984741211,296.1811218261719,168.72999572753906,105.08136749267578,139.3651123046875,10.998544692993164,75.23295593261719,77.33820343017578,40.75
2020-07-17,,29.100000381469727,297.0397033691406,170.1199951171875,105.05559539794922,139.0731964111328,11.015947341918945,75.25035858154297,77.3466796875,40.59000015258789
2020-07-20,,29.1200008392334,299.4403076171875,170.94000244140625,105.1244125366211,139.41513061523438,11.007245063781738,75.23295593261719,77.3466796875,40.810001373291016
2020-07-21,,29.719999313354492,300.0774230957031,173.0,105.23631286621094,139.4984588623047,11.163869857788086,75.25035858154297,77.3466796875,41.959999084472656
2020-07-22,,29.75,301.7854309082031,175.6300048828125,105.27078247070312,139.9154052734375,11.233481407165527,75.2416763305664,77.33820343017578,41.900001525878906
2020-07-23,,29.40999984741211,298.18463134765625,177.17999267578125,105.37407684326172,141.5497589111328,11.207377433776855,75.2416763305664,77.3466796875,41.06999969482422
2020-07-24,,29.440000534057617,296.26422119140625,178.6999969482422,105.32247924804688,141.54147338867188,11.224780082702637,75.25035858154297,77.33820343017578,41.290000915527344
2020-07-27,,29.719999313354492,298.42474365234375,182.22999572753906,105.15885925292969,141.01614379882812,11.329197883605957,75.22425079345703,77.33820343017578,41.599998474121094
2020-07-28,,29.350000381469727,296.5320129394531,183.75,105.40855407714844,141.99172973632812,11.26828670501709,75.2416763305664,77.3466796875,41.040000915527344
2020-07-29,,29.56999969482422,300.1789855957031,185.1300048828125,105.5462646484375,141.74986267089844,11.329197883605957,75.259033203125,77.3466796875,41.27000045776367
2020-07-30,,28.93000030517578,299.10791015625,183.75999450683594,105.692626953125,142.683837890625,11.198676109313965,75.28514099121094,77.33820343017578,39.91999816894531
2020-07-31,,29.06999969482422,301.4715881347656,185.42999267578125,105.71845245361328,142.59214782714844,11.259584426879883,75.29383087158203,77.3466796875,40.27000045776367
2020-08-03,,29.34000015258789,303.56744384765625,185.63999938964844,105.66679382324219,141.8741455078125,11.372703552246094,75.29381561279297,77.33820343017578,41.0099983215332
2020-08-04,,29.780000686645508,304.7400207519531,189.58999633789062,106.02863311767578,143.22654724121094,11.433613777160645,75.30250549316406,77.3466796875,41.70000076293945
2020-08-05,,30.229999542236328,306.6326599121094,191.35000610351562,105.67538452148438,141.974365234375,11.529328346252441,75.2851333618164,77.33820343017578,42.189998626708984
2020-08-06,,30.18000030517578,308.682373046875,193.88999938964844,105.79600524902344,142.76751708984375,11.616342544555664,75.2851333618164,77.33820343017578,41.95000076293945
2020-08-07,,29.850000381469727,308.90399169921875,190.80999755859375,105.57199096679688,141.81581115722656,11.459715843200684,75.27640533447266,77.3466796875,41.220001220703125
2020-08-10,,30.15999984741211,309.8273010253906,190.14999389648438,105.4599609375,141.18136596679688,11.520626068115234,75.25902557373047,77.3466796875,41.939998626708984
2020-08-11,,29.81999969482422,307.2698669433594,179.94000244140625,105.0981216430664,139.50340270996094,11.337897300720215,75.24160766601562,77.33820343017578,41.61000061035156
2020-08-12,,30.559999465942383,311.5538330078125,179.10000610351562,104.78792572021484,138.23452758789062,11.459715843200684,75.22425842285156,77.33820343017578,42.66999816894531
2020-08-13,,30.399999618530273,310.99072265625,183.3300018310547,104.5725326538086,136.75680541992188,11.520626068115234,75.21556091308594,77.3466796875,42.2400016784668
2020-08-14,,30.329999923706055,310.9999084472656,182.5399932861328,104.62419128417969,136.22262573242188,11.520626068115234,75.22425842285156,77.33820343017578,42.0099983215332
2020-08-17,,30.770000457763672,311.9878234863281,186.5,104.79652404785156,136.56484985351562,11.712057113647461,75.23294830322266,77.33820343017578,42.88999938964844
2020-08-18,,30.600000381469727,312.6617126464844,188.17999267578125,104.97744750976562,137.54153442382812,11.73816204071045,75.24160766601562,77.3466796875,42.88999938964844
2020-08-19,,30.65999984741211,311.35992431640625,182.24000549316406,104.839599609375,136.68177795410156,11.70335578918457,75.24160766601562,77.3466796875,42.93000030517578
2020-08-20,,30.520000457763672,312.32940673828125,183.5,105.1412124633789,137.91722106933594,11.685953140258789,75.24160766601562,77.3466796875,42.58000183105469
2020-08-21,,30.18000030517578,313.4373474121094,182.02999877929688,105.21871185302734,138.7436981201172,11.572835922241211,75.23294830322266,77.3466796875,42.34000015258789
2020-08-24,,30.350000381469727,316.6134033203125,181.0,105.07227325439453,138.51828002929688,11.633745193481445,75.22425842285156,77.3466796875,42.619998931884766
2020-08-25,,30.920000076293945,317.7213439941406,181.22000122070312,104.82240295410156,137.45811462402344,11.729459762573242,75.23294830322266,77.33820343017578,43.349998474121094
2020-08-26,,30.93000030517578,320.90673828125,183.36000061035156,104.77930450439453,136.93222045898438,11.75556468963623,75.23294830322266,77.33820343017578,43.38999938964844
2020-08-27,,30.670000076293945,321.6084289550781,181.24000549316406,104.4088134765625,134.60305786132812,11.712057113647461,75.22425842285156,77.33820343017578,43.040000915527344
2020-08-28,,30.719999313354492,323.685791015625,184.38999938964844,104.58114624023438,134.50296020507812,11.790369987487793,75.25035095214844,77.3466796875,42.970001220703125
2020-08-31,,30.579999923706055,322.5132141113281,184.8300018310547,104.6931381225586,135.39613342285156,11.781667709350586,75.27640533447266,77.3466796875,42.61000061035156
2020-09-01,,30.610000610351562,325.55084228515625,185.0500030517578,105.03631591796875,136.94476318359375,11.799071311950684,75.25812530517578,77.3466796875,42.7599983215332
2020-09-02,,29.860000610351562,330.2596740722656,182.6199951171875,105.18290710449219,138.24853515625,11.642446517944336,75.26687622070312,77.3466796875,41.5099983215332
2020-09-03,,29.639999389648438,318.8940124511719,181.13999938964844,105.32083892822266,138.64132690429688,11.538029670715332,75.25812530517578,77.33820343017578,41.369998931884766
2020-09-04,,28.510000228881836,316.2903747558594,181.63999938964844,104.73452758789062,136.00875854492188,11.433613777160645,75.2320556640625,77.3466796875,39.77000045776367
2020-09-08,,26.75,307.6483459472656,181.2899932861328,104.95870971679688,136.8445281982422,11.155168533325195,75.24073791503906,77.3466796875,36.7599983215332
2020-09-09,,27.40999984741211,313.7234802246094,183.0500030517578,104.90696716308594,136.47679138183594,11.259584426879883,75.24946594238281,77.33820343017578,38.04999923706055
2020-09-10,,26.790000915527344,308.276123046875,182.4600067138672,105.03631591796875,137.17044067382812,11.146468162536621,75.24073791503906,77.33820343017578,37.29999923706055
2020-09-11,,27.040000915527344,308.43316650390625,182.4499969482422,105.20014190673828,137.46292114257812,11.224780082702637,75.25812530517578,77.32977294921875,37.33000183105469
2020-09-14,,26.940000534057617,312.4955749511719,183.88999938964844,105.10528564453125,137.4545440673828,11.233481407165527,75.24946594238281,77.3466796875,37.2599983215332
2020-09-15,,27.520000457763672,314.0743713378906,183.4499969482422,105.05354309082031,137.12022399902344,11.294389724731445,75.25812530517578,77.32977294921875,38.279998779296875
2020-09-16,,28.700000762939453,312.8280029296875,183.97000122070312,104.99324798583984,136.71083068847656,11.50322437286377,75.26687622070312,77.3466796875,40.15999984741211
2020-09-17,,29.229999542236328,310.0765686035156,182.9600067138672,105.02766418457031,137.12864685058594,11.633745193481445,75.24946594238281,77.3466796875,40.970001220703125
2020-09-18,,29.059999465942383,306.5068054199219,183.1999969482422,104.9328384399414,136.70240783691406,11.685953140258789,75.25812530517578,77.32977294921875,41.11000061035156
2020-09-21,,28.290000915527344,303.0954895019531,179.52000427246094,105.12251281738281,137.39610290527344,11.398807525634766,75.24946594238281,77.32977294921875,39.310001373291016
2020-09-22,,28.170000076293945,306.1823425292969,178.64999389648438,105.12251281738281,137.28738403320312,11.346599578857422,75.26687622070312,77.32977294921875,39.599998474121094
2020-09-23,,28.030000686645508,299.0816955566406,174.7899932861328,105.12251281738281,137.47128295898438,11.216078758239746,75.26687622070312,77.32977294921875,39.93000030517578
2020-09-24,,28.5,299.8788146972656,175.44000244140625,105.17428588867188,137.99781799316406,11.26828670501709,75.25812530517578,77.33820343017578,40.310001373291016
2020-09-25,,28.350000381469727,304.7268981933594,174.94000244140625,105.26046752929688,137.99781799316406,11.26828670501709,75.26687622070312,77.32977294921875,40.25
2020-09-28,,28.690000534057617,309.7882995605469,176.6999969482422,105.24324035644531,137.60504150390625,11.364002227783203,75.27555847167969,77.33820343017578,40.599998474121094
2020-09-29,,27.700000762939453,308.1011962890625,178.19000244140625,105.32083892822266,137.7638397216797,11.233481407165527,75.26687622070312,77.33820343017578,39.290000915527344
2020-09-30,,28.290000915527344,310.4372253417969,177.1199951171875,105.03631591796875,136.4433135986328,11.364002227783203,75.27555847167969,77.32977294921875,40.220001220703125
2020-10-01,,27.510000228881836,312.4302062988281,178.6999969482422,105.09580993652344,136.6683807373047,11.224780082702637,75.25812530517578,77.32977294921875,38.720001220703125
2020-10-02,,26.350000381469727,309.4638366699219,178.5399932861328,104.99230194091797,136.15809631347656,11.085556983947754,75.26685333251953,77.32977294921875,37.04999923706055
2020-10-05,,27.93000030517578,314.95159912109375,179.41000366210938,104.32792663574219,133.49769592285156,11.372703552246094,75.24071502685547,77.32977294921875,39.220001220703125
2020-10-06,,28.389999389648438,310.4742736816406,177.3000030517578,104.56954193115234,134.21714782714844,11.416210174560547,75.24071502685547,77.33820343017578,40.66999816894531
2020-10-07,,28.389999389648438,315.87860107421875,177.22000122070312,104.26757049560547,133.23825073242188,11.459715843200684,75.23204803466797,77.32977294921875,39.95000076293945
2020-10-08,,29.139999389648438,318.6781005859375,177.85000610351562,104.45736694335938,133.95779418945312,11.572835922241211,75.23204803466797,77.32977294921875,41.189998626708984
2020-10-09,,28.690000534057617,321.5238342285156,181.0800018310547,104.40563201904297,133.9326629638672,11.607640266418457,75.23204803466797,77.32977294921875,40.599998474121094
2020-10-12,,28.06999969482422,326.6964111328125,180.55999755859375,104.51780700683594,134.35931396484375,11.485820770263672,75.24943542480469,77.33820343017578,39.43000030517578
2020-10-13,,28.459999084472656,324.5643005371094,177.72000122070312,104.7507095336914,135.32138061523438,11.51192569732666,75.24071502685547,77.32977294921875,40.20000076293945
2020-10-14,,28.979999542236328,322.5249328613281,178.27000427246094,104.78523254394531,135.63101196289062,11.590237617492676,75.24071502685547,77.32977294921875,41.040000915527344
2020-10-15,,28.940000534057617,322.1264343261719,178.9199981689453,104.67304992675781,135.39674377441406,11.625042915344238,75.25812530517578,77.32977294921875,40.959999084472656
2020-10-16,,28.719999313354492,321.9317932128906,178.3000030517578,104.61266326904297,135.02029418945312,11.546731948852539,75.24943542480469,77.33820343017578,40.880001068115234
2020-10-19,,28.59000015258789,317.0373229980469,178.38999938964844,104.44012451171875,134.5099639892578,11.555432319641113,75.24943542480469,77.33820343017578,40.83000183105469
2020-10-20,,29.049999237060547,318.30718994140625,179.25,104.21583557128906,133.2299041748047,11.685953140258789,75.24071502685547,77.32977294921875,41.459999084472656
2020-10-21,,28.100000381469727,317.7046813964844,180.60000610351562,104.07772827148438,132.76979064941406,11.590237617492676,75.24071502685547,77.32977294921875,40.029998779296875
2020-10-22,,28.510000228881836,319.44744873046875,178.8300018310547,103.71537017822266,131.3893585205078,11.625042915344238,75.21463775634766,77.33820343017578,40.63999938964844
2020-10-23,,27.8799991607666,320.531982421875,178.63999938964844,103.86203002929688,132.1925506591797,11.538029670715332,75.22332000732422,77.33820343017578,39.849998474121094
2020-10-26,,27.110000610351562,314.6086730957031,178.5500030517578,104.13817596435547,133.42239379882812,11.372703552246094,75.23204803466797,77.33820343017578,38.560001373291016
2020-10-27,,27.690000534057617,313.5240478515625,179.02000427246094,104.37108612060547,134.31753540039062,11.45101547241211,75.23204803466797,77.32977294921875,39.56999969482422
2020-10-28,,26.309999465942383,302.80810546875,176.1300048828125,104.36246490478516,134.44305419921875,11.146468162536621,75.23204803466797,77.32977294921875,37.38999938964844
2020-10-29,,25.600000381469727,305.8857116699219,175.39999389648438,103.9224624633789,133.137939453125,11.007245063781738,75.24943542480469,77.33820343017578,36.16999816894531
2020-10-30,,25.25,302.6968688964844,176.1999969482422,103.58595275878906,131.8243865966797,11.007245063781738,75.24071502685547,77.33820343017578,35.790000915527344
2020-11-02,,26.260000228881836,306.0896301269531,177.91000366210938,103.7638168334961,132.81185913085938,11.207377433776855,75.23985290527344,77.33820343017578,36.810001373291016
2020-11-03,,26.719999313354492,311.49395751953125,178.9199981689453,103.53071594238281,132.04136657714844,11.276987075805664,75.22247314453125,77.33820343017578,37.65999984741211
2020-11-04,,27.440000534057617,318.4555969238281,178.82000732421875,104.4026870727539,134.90565490722656,11.398807525634766,75.23985290527344,77.32977294921875,39.150001525878906
2020-11-05,,27.15999984741211,324.6663513183594,182.92999267578125,104.38542938232422,135.1401824951172,11.45101547241211,75.22247314453125,77.33820343017578,38.790000915527344
2020-11-06,,26.469999313354492,324.5921325683594,183.19000244140625,104.03144836425781,133.50704956054688,11.407508850097656,75.23113250732422,77.32977294921875,37.13999938964844
2020-11-09,,28.06999969482422,328.6709289550781,175.0800018310547,103.2630615234375,130.70130920410156,11.546731948852539,75.20496368408203,77.33820343017578,40.290000915527344
2020-11-10,,28.90999984741211,328.1889343261719,175.66000366210938,102.96956634521484,129.9475860595703,11.772966384887695,75.19631958007812,77.32977294921875,41.36000061035156
2020-11-11,,29.040000915527344,330.6268615722656,174.89999389648438,103.13358306884766,130.41661071777344,11.764266014099121,75.17890930175781,77.32977294921875,41.45000076293945
2020-11-12,,28.65999984741211,327.41949462890625,175.9600067138672,103.72062683105469,132.6359100341797,11.668549537658691,75.18758392333984,77.32977294921875,41.119998931884766
2020-11-13,,28.1299991607666,331.952392578125,177.16000366210938,103.58250427246094,132.46005249023438,11.616342544555664,75.18758392333984,77.33820343017578,40.130001068115234
2020-11-16,,28.809999465942383,336.0960693359375,177.14999389648438,103.50483703613281,132.14181518554688,11.720758438110352,75.20496368408203,77.33820343017578,41.34000015258789
2020-11-17,,28.8700008392334,334.28851318359375,176.5,103.77244567871094,133.0044708251953,11.75556468963623,75.19631958007812,77.33820343017578,41.43000030517578
2020-11-18,,29.0,330.26531982421875,175.49000549316406,103.7379150390625,133.38970947265625,11.772966384887695,75.19631958007812,77.33820343017578,41.81999969482422
2020-11-19,,29.09000015258789,331.65582275390625,175.16000366210938,103.85013580322266,134.07644653320312,11.772966384887695,75.21372985839844,77.33820343017578,41.7400016784668
2020-11-20,,29.270000457763672,329.3846435546875,175.69000244140625,104.03144836425781,135.26576232910156,11.833876609802246,75.22247314453125,77.33820343017578,42.150001525878906
2020-11-23,,29.520000457763672,331.3591003417969,172.22999572753906,103.82424926757812,134.64602661132812,11.868681907653809,75.22247314453125,77.33820343017578,43.060001373291016
2020-11-24,,30.799999237060547,336.6986083984375,169.58999633789062,103.66020965576172,133.30593872070312,12.121023178100586,75.23113250732422,77.33820343017578,44.90999984741211
2020-11-25,,31.3700008392334,336.1795349121094,169.50999450683594,103.69475555419922,132.8956298828125,12.225438117980957,75.23985290527344,77.32977294921875,45.709999084472656
2020-11-27,,31.219999313354492,337.1157531738281,167.7899932861328,104.00555419921875,134.1853790283203,12.199335098266602,75.23985290527344,77.33820343017578,45.529998779296875
2020-11-30,,30.969999313354492,335.6233215332031,166.6699981689453,103.93643951416016,134.017822265625,12.129722595214844,75.25728607177734,77.32977294921875,45.34000015258789
2020-12-01,,30.6200008392334,339.2940979003906,170.17999267578125,103.38359069824219,132.04185485839844,12.094917297363281,75.21631622314453,77.32386779785156,44.54999923706055
2020-12-02,,30.969999313354492,340.0079040527344,171.4600067138672,103.21080017089844,130.9938507080078,12.147126197814941,75.23369598388672,77.3322982788086,45.279998779296875
2020-12-03,,31.25,339.9151306152344,172.80999755859375,103.48724365234375,132.0502166748047,12.164528846740723,75.25121307373047,77.3322982788086,45.63999938964844
2020-12-04,,31.559999465942383,342.844482421875,172.32000732421875,103.08118438720703,130.11358642578125,12.216736793518066,75.2424545288086,77.34075927734375,46.2599983215332
2020-12-07,,31.399999618530273,342.13995361328125,174.88999938964844,103.4008560180664,131.28732299804688,12.216736793518066,75.2598648071289,77.32386779785156,45.7599983215332
2020-12-08,,31.40999984741211,343.1411437988281,175.5,103.50452423095703,131.90769958496094,12.234139442443848,75.2424545288086,77.32386779785156,45.599998474121094
2020-12-09,,31.34000015258789,340.0635070800781,172.5,103.35767364501953,131.47177124023438,12.242840766906738,75.23369598388672,77.32386779785156,45.52000045776367
2020-12-10,,32.11000061035156,339.9523010253906,172.1699981689453,103.5909194946289,132.63705444335938,12.425569534301758,75.25121307373047,77.32386779785156,46.779998779296875
2020-12-11,,31.940000534057617,339.5536804199219,172.49000549316406,103.79823303222656,133.10655212402344,12.390765190124512,75.29473876953125,77.3322982788086,46.56999969482422
2020-12-14,,32.16999816894531,338.03338623046875,171.5399932861328,103.73777770996094,132.73770141601562,12.425569534301758,75.2860336303711,77.32386779785156,46.9900016784668
2020-12-15,,32.540000915527344,342.6034851074219,173.94000244140625,103.63407897949219,132.2933349609375,12.521285057067871,75.2860336303711,77.32386779785156,47.619998931884766
2020-12-16,,32.7400016784668,343.1411437988281,174.89999389648438,103.54771423339844,131.94125366210938,12.590896606445312,75.2860336303711,77.3322982788086,47.81999969482422
2020-12-17,,33.15999984741211,345.0599365234375,176.74000549316406,103.47250366210938,131.5921630859375,12.73882007598877,75.28775024414062,77.3322982788086,48.36000061035156
2020-12-18,,33.47999954223633,343.6822204589844,176.44000244140625,103.38607025146484,131.19769287109375,12.782325744628906,75.2790756225586,77.3322982788086,49.099998474121094
2020-12-21,,32.63999938964844,342.4533996582031,175.8800048828125,103.45521545410156,131.71800231933594,12.651805877685547,75.2790756225586,77.3322982788086,47.7400016784668
2020-12-22,,32.09000015258789,341.8761291503906,174.49000549316406,103.62812805175781,132.3978271484375,12.512585639953613,75.2790756225586,77.3322982788086,47.02000045776367
2020-12-23,,32.75,342.18341064453125,175.64999389648438,103.41199493408203,131.48301696777344,12.669209480285645,75.29646301269531,77.32386779785156,48.119998931884766
2020-12-24,,32.91999816894531,343.5146484375,176.35000610351562,103.55895233154297,132.00331115722656,12.704014778137207,75.2790756225586,77.3322982788086,48.22999954223633
2020-12-28,,32.59000015258789,346.4657287597656,175.7100067138672,103.56759643554688,132.06210327148438,12.625701904296875,75.28775024414062,77.3322982788086,47.619998931884766
2020-12-29,,32.779998779296875,345.8047790527344,176.35000610351562,103.55029296875,131.89422607421875,12.660507202148438,75.28775024414062,77.3322982788086,48.0
2020-12-30,,32.90999984741211,346.2980651855469,177.6999969482422,103.61947631835938,132.17955017089844,12.73882007598877,75.29646301269531,77.32386779785156,48.400001525878906
2020-12-31,,33.0099983215332,348.0575866699219,178.36000061035156,103.6886215209961,132.37266540527344,12.791028022766113,75.28775024414062,77.3322982788086,48.52000045776367
2021-01-04,,32.380001068115234,343.3191223144531,182.3300018310547,103.71454620361328,132.21315002441406,12.721416473388672,75.29646301269531,77.3322982788086,47.619998931884766
2021-01-05,,33.939998626708984,345.68377685546875,182.8699951171875,103.47250366210938,131.231201171875,13.078174591064453,75.29646301269531,77.32386779785156,49.93000030517578
2021-01-06,,34.11000061035156,347.75030517578125,179.89999389648438,102.86742401123047,128.537353515625,13.095576286315918,75.25289154052734,77.3322982788086,50.630001068115234
2021-01-07,,34.529998779296875,352.9170837402344,179.47999572753906,102.50434112548828,127.40431213378906,13.156485557556152,75.27031707763672,77.3322982788086,50.83000183105469
2021-01-08,,35.43000030517578,354.9278564453125,173.33999633789062,102.21044158935547,126.99311828613281,13.260903358459473,75.26158905029297,77.32386779785156,52.2400016784668
2021-01-11,,35.2599983215332,352.535400390625,173.0,102.01163482666016,126.78327178955078,13.16518783569336,75.25289154052734,77.3322982788086,52.25
2021-01-12,,35.900001525878906,352.60986328125,174.1199951171875,101.99432373046875,126.68257904052734,13.417527198791504,75.25289154052734,77.32386779785156,53.209999084472656
2021-01-13,,35.79999923706055,353.5594177246094,173.3699951171875,102.3487548828125,128.1092529296875,13.382722854614258,75.24417877197266,77.32386779785156,52.90999984741211
2021-01-14,,36.2400016784668,352.3211975097656,173.27999877929688,102.11534118652344,126.9091567993164,13.504541397094727,75.25289154052734,77.3322982788086,53.56999969482422
2021-01-15,,35.34000015258789,349.7519836425781,171.1300048828125,102.3919677734375,127.41273498535156,13.3131103515625,75.26158905029297,77.3322982788086,52.36000061035156
2021-01-19,,35.75,352.49810791015625,172.5800018310547,102.4525146484375,127.82395935058594,13.35661792755127,75.28775024414062,77.3322982788086,52.97999954223633
2021-01-20,,35.790000915527344,357.3761901855469,175.38999938964844,102.49571990966797,127.94987487792969,13.36531925201416,75.2790756225586,77.3322982788086,53.2400016784668
2021-01-21,,35.7599983215332,357.7020568847656,175.27999877929688,102.3487548828125,127.05188751220703,13.35661792755127,75.28775024414062,77.3322982788086,53.130001068115234
2021-01-22,,35.22999954223633,356.4360046386719,173.89999389648438,102.50434112548828,127.46309661865234,13.13038158416748,75.28775024414062,77.32386779785156,52.27000045776367
2021-01-25,,35.59000015258789,357.8417053222656,174.0500030517578,102.91927337646484,128.96531677246094,13.269604682922363,75.29646301269531,77.3322982788086,52.77000045776367
2021-01-26,,35.45000076293945,357.2831115722656,173.6199951171875,102.88468170166016,128.7219696044922,13.295707702636719,75.28775024414062,77.32386779785156,52.61000061035156
2021-01-27,,35.5,348.5509948730469,172.52000427246094,103.0057144165039,129.0491943359375,13.260903358459473,75.28775024414062,77.32386779785156,52.849998474121094
2021-01-28,,35.25,351.548583984375,172.67999267578125,102.73773956298828,128.33587646484375,13.199993133544922,75.2790756225586,77.3322982788086,52.34000015258789
2021-01-29,,35.18000030517578,344.5106506347656,172.61000061035156,102.55622863769531,127.56378173828125,13.217394828796387,75.30521392822266,77.3322982788086,52.20000076293945
2021-02-01,,36.119998931884766,350.2452392578125,174.22999572753906,102.68423461914062,127.71163177490234,13.469736099243164,75.31388854980469,77.3322982788086,53.54999923706055
2021-02-02,,36.81999969482422,355.19781494140625,172.11000061035156,102.42472839355469,126.88822937011719,13.574153900146484,75.28773498535156,77.32386779785156,54.7599983215332
2021-02-03,,37.439998626708984,355.47705078125,171.85000610351562,102.1738510131836,125.76239013671875,13.669868469238281,75.29645538330078,77.32386779785156,55.689998626708984
2021-02-04,,37.810001373291016,359.51727294921875,168.14999389648438,102.13928985595703,125.42630004882812,13.73947811126709,75.29645538330078,77.3322982788086,56.22999954223633
2021-02-05,,38.189998626708984,360.932373046875,169.80999755859375,101.92302703857422,124.37604522705078,13.809089660644531,75.31388854980469,77.3322982788086,56.849998474121094
2021-02-08,,38.939998626708984,363.5389709472656,171.52000427246094,101.96629333496094,124.92215728759766,14.02662467956543,75.30521392822266,77.3322982788086,57.970001220703125
2021-02-09,,39.16999816894531,363.2970275878906,172.0800018310547,102.04413604736328,125.01458740234375,14.078831672668457,75.28773498535156,77.3322982788086,58.36000061035156
2021-02-10,,39.279998779296875,363.13873291015625,172.7100067138672,102.30364227294922,125.84636688232422,14.052728652954102,75.29645538330078,77.32386779785156,58.68000030517578
2021-02-11,,38.970001220703125,363.7252197265625,171.2100067138672,102.22577667236328,125.15737915039062,14.02662467956543,75.29645538330078,77.3322982788086,58.2400016784668
2021-02-12,,39.939998626708984,365.5218200683594,170.69000244140625,101.88844299316406,123.60305786132812,14.200652122497559,75.30521392822266,77.32386779785156,59.470001220703125
2021-02-16,,40.45000076293945,365.2053527832031,168.24000549316406,101.15319061279297,121.72093200683594,14.392082214355469,75.27903747558594,77.3322982788086,60.04999923706055
2021-02-17,,40.88999938964844,365.2891540527344,166.3300018310547,101.2223892211914,122.4939956665039,14.435589790344238,75.29645538330078,77.3322982788086,61.13999938964844
2021-02-18,,40.27000045776367,363.7344970703125,166.32000732421875,101.21376037597656,121.99819946289062,14.383381843566895,75.29645538330078,77.32386779785156,60.52000045776367
2021-02-19,,39.68000030517578,363.0921936035156,167.00999450683594,100.80715942382812,120.3766098022461,14.374679565429688,75.30521392822266,77.3322982788086,59.2400016784668
2021-02-22,,41.279998779296875,360.2993469238281,169.50999450683594,100.64282989501953,119.46080780029297,14.696630477905273,75.28773498535156,77.32386779785156,61.4900016784668
2021-02-23,,41.619998931884766,360.73687744140625,169.1199951171875,100.72071075439453,119.1163330078125,14.766240119934082,75.29645538330078,77.32386779785156,61.66999816894531
2021-02-24,,42.5,364.7120056152344,169.0,100.58231353759766,118.33494567871094,14.992476463317871,75.27903747558594,77.31539916992188,63.220001220703125
2021-02-25,,42.459999084472656,355.9239196777344,165.82000732421875,99.24154663085938,116.40247344970703,14.870656967163086,75.16571807861328,77.32386779785156,63.529998779296875
2021-02-26,,41.310001373291016,354.0899963378906,161.80999755859375,100.13248443603516,120.2505874633789,14.55740737915039,75.2615966796875,77.32386779785156,61.5
2021-03-01,,40.599998474121094,362.6732177734375,161.52999877929688,100.01995849609375,118.6623764038086,14.435589790344238,75.2546157836914,77.31539916992188,60.63999938964844
2021-03-02,,40.06999969482422,359.8431701660156,162.41000366210938,100.20172119140625,118.67079162597656,14.496498107910156,75.27204132080078,77.31539916992188,59.75
2021-03-03,,41.13999938964844,355.0768127441406,160.6199951171875,99.66510772705078,117.38372802734375,14.583512306213379,75.2284927368164,77.32386779785156,61.279998779296875
2021-03-04,,43.06999969482422,350.68280029296875,159.0399932861328,99.17173767089844,116.62663269042969,14.809748649597168,75.2284927368164,77.32386779785156,63.83000183105469
2021-03-05,,44.439998626708984,357.1341857910156,159.13999938964844,99.03325653076172,116.85377502441406,15.114296913146973,75.2284927368164,77.32386779785156,66.08999633789062
2021-03-08,,43.5,355.3560791015625,157.49000549316406,98.64376831054688,115.94528198242188,14.905462265014648,75.20230102539062,77.31539916992188,65.05000305175781
2021-03-09,,43.11000061035156,360.42974853515625,160.83999633789062,99.11116790771484,117.55200958251953,14.905462265014648,75.20230102539062,77.31539916992188,64.01000213623047
2021-03-10,,43.7400016784668,362.6732177734375,161.66000366210938,99.31888580322266,117.78752899169922,15.001178741455078,75.2284927368164,77.31539916992188,64.44000244140625
2021-03-11,,44.599998474121094,366.3504638671875,161.52000427246094,99.28425598144531,116.93788146972656,15.22741413116455,75.2284927368164,77.32386779785156,66.0199966430664
2021-03-12,,44.349998474121094,366.8438415527344,161.49000549316406,98.56588745117188,114.45624542236328,15.157803535461426,75.21974182128906,77.31539916992188,65.61000061035156
2021-03-15,,44.2599983215332,369.0315246582031,162.1999969482422,98.68705749511719,115.12931060791016,15.105596542358398,75.2284927368164,77.31539916992188,65.38999938964844
2021-03-16,,43.83000183105469,368.5661315917969,162.35000610351562,98.66973876953125,114.6666259765625,15.044685363769531,75.2284927368164,77.31539916992188,64.80000305175781
2021-03-17,,43.81999969482422,369.82281494140625,163.50999450683594,98.50533294677734,113.80854797363281,15.044685363769531,75.24588775634766,77.32386779785156,64.5999984741211
2021-03-18,,40.470001220703125,364.4419860839844,162.55999755859375,97.8907470703125,112.65611267089844,14.331171989440918,75.2372055053711,77.31539916992188,60.0
2021-03-19,,41.77000045776367,363.7677001953125,163.24000549316406,97.8301773071289,113.35431671142578,14.644420623779297,75.2372055053711,77.31539916992188,61.41999816894531
2021-03-22,,41.709999084472656,366.6722717285156,163.0,98.15040588378906,114.6245346069336,14.618317604064941,75.2284927368164,77.31539916992188,61.54999923706055
2021-03-23,,39.369998931884766,363.786376953125,161.80999755859375,98.63511657714844,115.65924072265625,14.209352493286133,75.2372055053711,77.32386779785156,57.7599983215332
2021-03-24,,41.45000076293945,361.9371643066406,162.3699951171875,98.76493072509766,116.2817611694336,14.583512306213379,75.2546157836914,77.31539916992188,61.18000030517578
2021-03-25,,39.88999938964844,363.9731750488281,161.77999877929688,98.63511657714844,115.36483764648438,14.252860069274902,75.26336669921875,77.31539916992188,58.560001373291016
2021-03-26,,41.529998779296875,369.8386535644531,162.24000549316406,98.30622863769531,114.9610366821289,14.592214584350586,75.26336669921875,77.31539916992188,60.970001220703125
2021-03-29,,41.91999816894531,369.65179443359375,160.30999755859375,97.96867370605469,113.9852294921875,14.609617233276367,75.24588775634766,77.31539916992188,61.560001373291016
2021-03-30,,41.16999816894531,368.6710510253906,157.57000732421875,97.88212585449219,114.58247375488281,14.374679565429688,75.24588775634766,77.32386779785156,60.54999923706055
2021-03-31,,40.529998779296875,370.16546630859375,159.9600067138672,97.74360656738281,113.9431381225586,14.452991485595703,75.21974182128906,77.31539916992188,59.15999984741211
2021-04-01,,41.84000015258789,374.16290283203125,161.97999572753906,98.17667388916016,115.83432006835938,14.696630477905273,75.21888732910156,77.32386779785156,61.45000076293945
2021-04-05,,40.279998779296875,379.53326416015625,161.9199981689453,97.8995132446289,115.32887268066406,14.479094505310059,75.20138549804688,77.31539916992188,58.650001525878906
2021-04-06,,40.70000076293945,379.3092346191406,163.22000122070312,98.37582397460938,116.11225891113281,14.531305313110352,75.21888732910156,77.30696868896484,59.33000183105469
2021-04-07,,40.86000061035156,379.74810791015625,162.75999450683594,98.31523895263672,115.30357360839844,14.574811935424805,75.22760009765625,77.30696868896484,59.77000045776367
2021-04-08,,40.81999969482422,381.5506591796875,164.50999450683594,98.65299224853516,116.25543212890625,14.65312385559082,75.25379180908203,77.31539916992188,59.599998474121094
2021-04-09,,40.63999938964844,384.32464599609375,163.27000427246094,98.39318084716797,115.83432006835938,14.600915908813477,75.22760009765625,77.30696868896484,59.31999969482422
2021-04-12,,40.900001525878906,384.4647216796875,162.27999877929688,98.33258056640625,115.78373718261719,14.609617233276367,75.21015167236328,77.30696868896484,59.70000076293945
2021-04-13,,41.400001525878906,385.6041564941406,163.42999267578125,98.73957824707031,116.65135955810547,14.766240119934082,75.23629760742188,77.30696868896484,60.18000030517578
2021-04-14,,43.040000915527344,384.2873229980469,162.72000122070312,98.61837768554688,116.28071594238281,15.105596542358398,75.23629760742188,77.30696868896484,63.150001525878906
2021-04-15,,43.27000045776367,388.4154357910156,165.35000610351562,99.25056457519531,118.22664642333984,15.201310157775879,75.25379180908203,77.31539916992188,63.459999084472656
2021-04-16,,43.18000030517578,389.7137451171875,166.35000610351562,98.98212432861328,117.30839538574219,15.175206184387207,75.24502563476562,77.31539916992188,63.130001068115234
2021-04-19,,43.31999969482422,387.79901123046875,165.88999938964844,98.87816619873047,116.97146606445312,15.192608833312988,75.23629760742188,77.30696868896484,63.380001068115234
2021-04-20,,42.7400016784668,384.9598083496094,166.47999572753906,99.1726303100586,117.51057434082031,15.166505813598633,75.25379180908203,77.30696868896484,62.439998626708984
2021-04-21,,41.77000045776367,388.6022644042969,168.1300048828125,99.22456359863281,117.74646759033203,15.105596542358398,75.27120971679688,77.30696868896484,61.349998474121094
2021-04-22,,42.09000015258789,385.05316162109375,167.0399932861328,99.30252075195312,118.26026153564453,15.22741413116455,75.26248931884766,77.31539916992188,61.43000030517578
2021-04-23,,42.459999084472656,389.2279968261719,166.39999389648438,99.1726303100586,117.98233032226562,15.349233627319336,75.24502563476562,77.31539916992188,62.13999938964844
2021-04-26,,42.33000183105469,390.04058837890625,166.83999633789062,99.06869506835938,117.81385040283203,15.453649520874023,75.22760009765625,77.30696868896484,61.90999984741211
2021-04-27,,43.11000061035156,389.9565124511719,166.4199981689453,98.67898559570312,116.78612518310547,15.584172248840332,75.21888732910156,77.31539916992188,62.939998626708984
2021-04-28,,43.529998779296875,389.844482421875,166.91000366210938,98.80887603759766,116.86196899414062,15.610274314880371,75.23629760742188,77.30696868896484,63.86000061035156
2021-04-29,,44.2599983215332,392.3288879394531,166.22000122070312,98.63566589355469,116.51655578613281,15.714691162109375,75.25379180908203,77.30696868896484,65.01000213623047
2021-04-30,,43.27000045776367,389.75103759765625,165.66000366210938,98.72227478027344,116.78612518310547,15.584172248840332,75.26248931884766,77.31539916992188,63.58000183105469
2021-05-03,,43.97999954223633,390.59161376953125,167.80999755859375,98.8904037475586,116.85614013671875,15.758198738098145,75.25547790527344,77.31539916992188,64.48999786376953
2021-05-04,,44.869998931884766,388.1820373535156,166.5800018310547,99.02041625976562,117.64917755126953,16.0018367767334,75.25547790527344,77.30696868896484,65.69000244140625
2021-05-05,,44.65999984741211,388.30340576171875,167.27000427246094,99.14173126220703,117.8431625366211,16.062746047973633,75.27294158935547,77.31539916992188,65.62999725341797
2021-05-06,,44.40999984741211,391.404296875,170.05999755859375,99.18507385253906,118.0372085571289,16.14105796813965,75.27294158935547,77.31539916992188,64.70999908447266
2021-05-07,,44.43000030517578,394.25286865234375,171.58999633789062,99.2197036743164,117.45513153076172,16.297683715820312,75.29911041259766,77.30696868896484,64.9000015258789
2021-05-10,,44.47999954223633,390.34881591796875,172.11000061035156,99.02041625976562,116.26563262939453,16.1845645904541,75.27294158935547,77.30696868896484,64.91999816894531
2021-05-11,,44.869998931884766,386.86505126953125,172.13999938964844,98.85575866699219,115.60763549804688,16.358592987060547,75.2642593383789,77.30696868896484,65.27999877929688
2021-05-12,,45.220001220703125,378.64605712890625,170.42999267578125,98.37910461425781,114.39285278320312,16.341190338134766,75.25547790527344,77.29850006103516,66.08000183105469
2021-05-13,,43.810001373291016,383.194580078125,171.1300048828125,98.70841979980469,114.56999206542969,15.888721466064453,75.27294158935547,77.29850006103516,63.81999969482422
2021-05-14,,44.709999084472656,389.0785827636719,172.69000244140625,98.9250717163086,115.64141082763672,16.019241333007812,75.27294158935547,77.29850006103516,65.37000274658203
2021-05-17,,45.38999938964844,388.0885925292969,174.6999969482422,98.8297348022461,115.3967056274414,16.219369888305664,75.27294158935547,77.30696868896484,66.2699966430664
2021-05-18,,44.84000015258789,384.7449951171875,175.0399932861328,98.8297348022461,115.1014633178711,16.14105796813965,75.28166961669922,77.30696868896484,65.48999786376953
2021-05-19,,43.43000030517578,383.7362060546875,175.16000366210938,98.53509521484375,114.82311248779297,15.810406684875488,75.25547790527344,77.29850006103516,63.36000061035156
2021-05-20,,42.47999954223633,387.8644714355469,175.9600067138672,98.94241333007812,115.7679214477539,15.645081520080566,75.29042053222656,77.29850006103516,62.04999923706055
2021-05-21,,43.70000076293945,387.54693603515625,176.0399932861328,98.97705078125,116.13910675048828,15.79300308227539,75.27294158935547,77.30696868896484,63.58000183105469
2021-05-24,,45.02000045776367,391.4976806640625,176.35000610351562,99.0723876953125,116.56935119628906,16.010540008544922,75.29042053222656,77.29850006103516,66.05000305175781
2021-05-25,,44.91999816894531,390.6290283203125,177.9499969482422,99.4363784790039,117.64917755126953,15.958331108093262,75.29042053222656,77.29850006103516,66.06999969482422
2021-05-26,,45.20000076293945,391.404296875,177.63999938964844,99.32371520996094,117.44664764404297,15.98443603515625,75.30785369873047,77.29850006103516,66.20999908447266
2021-05-27,,45.54999923706055,391.6097106933594,177.7100067138672,99.15038299560547,116.97427368164062,16.236774444580078,75.30785369873047,77.30696868896484,66.8499984741211
2021-05-28,,45.41999816894531,392.31024169921875,178.3800048828125,99.14173126220703,116.78865814208984,16.1845645904541,75.30785369873047,77.30696868896484,66.31999969482422
2021-06-01,,46.33000183105469,391.9646911621094,177.89999389648438,99.12354278564453,116.7624740600586,16.471712112426758,75.2921371459961,77.29850006103516,67.72000122070312
2021-06-02,,46.900001525878906,392.5810546875,178.77000427246094,99.23625946044922,117.03284454345703,16.558727264404297,75.30086517333984,77.29850006103516,68.83000183105469
2021-06-03,,46.970001220703125,391.1240234375,175.27000427246094,98.98477172851562,116.59349822998047,16.419504165649414,75.27469635009766,77.29850006103516,68.80999755859375
2021-06-04,,47.2599983215332,394.7012023925781,177.16000366210938,99.5311279296875,118.190185546875,16.602231979370117,75.30086517333984,77.30696868896484,69.62000274658203
2021-06-07,,47.27000045776367,394.3182678222656,177.8699951171875,99.45306396484375,117.82693481445312,16.62833595275879,75.2921371459961,77.29007720947266,69.2300033569336
2021-06-08,,47.880001068115234,394.40234375,177.32000732421875,99.7392349243164,118.6548843383789,16.793663024902344,75.30960083007812,77.29007720947266,70.05000305175781
2021-06-09,,47.58000183105469,393.8138732910156,176.97999572753906,100.05147552490234,119.70243835449219,16.715351104736328,75.2921371459961,77.29007720947266,69.95999908447266
2021-06-10,,47.83000183105469,395.6444396972656,177.74000549316406,100.4070053100586,120.42056274414062,16.776262283325195,75.31832122802734,77.29007720947266,70.29000091552734
2021-06-11,,48.06999969482422,396.2982482910156,175.74000549316406,100.25955963134766,120.22626495361328,16.724050521850586,75.30086517333984,77.29850006103516,70.91000366210938
2021-06-14,,48.31999969482422,397.18560791015625,174.7100067138672,99.94735717773438,119.30538940429688,16.62833595275879,75.27469635009766,77.29007720947266,70.87999725341797
2021-06-15,,48.97999954223633,396.45709228515625,174.0500030517578,99.96470642089844,119.16177368164062,16.558727264404297,75.2659683227539,77.29007720947266,72.12000274658203
2021-06-16,,48.75,394.24359130859375,171.11000061035156,99.27960205078125,119.06038665771484,16.463008880615234,75.1961898803711,77.29850006103516,72.1500015258789
2021-06-17,,48.040000915527344,394.1128234863281,165.85000610351562,99.63517761230469,120.84292602539062,16.036643981933594,75.1961898803711,77.29007720947266,71.04000091552734
2021-06-18,,48.36000061035156,388.7960510253906,164.92999267578125,100.19889068603516,123.11546325683594,16.201969146728516,75.13509368896484,77.29850006103516,71.63999938964844
2021-06-21,,49.36000061035156,394.3620910644531,166.9499969482422,99.87801361083984,121.05419158935547,16.402101516723633,75.15253448486328,77.29007720947266,73.66000366210938
2021-06-22,,49.41999816894531,396.4703369140625,166.25,100.06010437011719,121.34984588623047,16.428203582763672,75.1961898803711,77.29007720947266,73.05999755859375
2021-06-23,,49.720001220703125,395.99249267578125,166.13999938964844,99.86068725585938,121.03728485107422,16.532621383666992,75.14382934570312,77.29007720947266,73.08000183105469
2021-06-24,,49.84000015258789,398.3351135253906,166.0399932861328,99.84332275390625,121.2315673828125,16.59353256225586,75.15253448486328,77.29850006103516,73.30000305175781
2021-06-25,,50.25,399.7500305175781,166.58999633789062,99.63517761230469,119.97282409667969,16.5239200592041,75.14382934570312,77.29850006103516,74.05000305175781
2021-06-28,,49.540000915527344,400.55584716796875,166.5800018310547,99.94735717773438,121.206298828125,16.51521873474121,75.17001342773438,77.29007720947266,72.91000366210938
2021-06-29,,49.88999938964844,400.7714538574219,164.8300018310547,99.99938201904297,121.40904998779297,16.59353256225586,75.1612548828125,77.29007720947266,72.9800033569336
2021-06-30,,49.880001068115234,401.10870361328125,165.6300048828125,100.15550231933594,121.94964599609375,16.75015640258789,75.17872619628906,77.29007720947266,73.47000122070312
2021-07-01,,50.619998931884766,403.3294677734375,166.1999969482422,100.0834732055664,121.95645904541016,16.811063766479492,75.16386413574219,77.29850006103516,75.2300033569336
2021-07-02,,50.93000030517578,406.4123840332031,167.2899932861328,100.44795989990234,122.6923599243164,16.967689514160156,75.19878387451172,77.29007720947266,75.16000366210938
2021-07-06,,49.900001525878906,405.672119140625,168.1199951171875,100.97734069824219,124.1304931640625,16.506515502929688,75.22496032714844,77.2816390991211,73.37000274658203
2021-07-07,,48.65999984741211,407.105712890625,168.75999450683594,101.27239990234375,125.23015594482422,16.306385040283203,75.23369598388672,77.2816390991211,72.19999694824219
2021-07-08,,49.52000045776367,403.7886657714844,168.64999389648438,101.53271484375,125.72073364257812,16.445606231689453,75.26856994628906,77.29007720947266,72.94000244140625
2021-07-09,,50.40999984741211,408.0990295410156,169.2100067138672,101.02072143554688,123.9527816772461,16.637039184570312,75.24241638183594,77.29007720947266,74.55999755859375
2021-07-12,,50.310001373291016,409.5608215332031,169.0,100.96863555908203,123.79205322265625,16.66314125061035,75.22496032714844,77.29007720947266,74.0999984741211
2021-07-13,,51.150001525878906,408.1646423339844,169.22000122070312,100.65624237060547,122.84465026855469,16.802364349365234,75.16386413574219,77.29007720947266,75.25
2021-07-14,,49.70000076293945,408.773681640625,171.0399932861328,101.09013366699219,124.24046325683594,16.637039184570312,75.21622467041016,77.2816390991211,73.12999725341797
2021-07-15,,49.040000915527344,407.37744140625,171.07000732421875,101.51535034179688,125.61079406738281,16.55002212524414,75.22496032714844,77.29007720947266,71.6500015258789
2021-07-16,,49.13999938964844,404.1822204589844,169.41000366210938,101.4980239868164,125.37394714355469,16.55002212524414,75.21622467041016,77.29007720947266,71.80999755859375
2021-07-19,,45.84000015258789,398.2132873535156,169.61000061035156,102.36580657958984,128.1232147216797,15.888721466064453,75.25116729736328,77.2816390991211,66.41999816894531
2021-07-20,,46.5099983215332,403.9198913574219,169.38999938964844,102.23562622070312,126.8881607055664,16.123655319213867,75.28604125976562,77.2816390991211,67.41999816894531
2021-07-21,,48.27000045776367,407.1901550292969,168.75999450683594,101.64552307128906,125.28096008300781,16.445606231689453,75.2598876953125,77.2816390991211,70.30000305175781
2021-07-22,,49.16999816894531,408.0428466796875,169.08999633789062,101.8798599243164,126.46522521972656,16.576128005981445,75.26856994628906,77.29007720947266,71.91000366210938
2021-07-23,,49.470001220703125,412.24072265625,168.55999755859375,101.72362518310547,125.6192855834961,16.66314125061035,75.27731323242188,77.2816390991211,72.06999969482422
2021-07-26,,49.66999816894531,413.25274658203125,168.16000366210938,101.65422058105469,125.24710845947266,16.784963607788086,75.2598876953125,77.29007720947266,71.91000366210938
2021-07-27,,49.470001220703125,411.36932373046875,168.44000244140625,102.08810424804688,126.58367156982422,16.689247131347656,75.27731323242188,77.2816390991211,71.6500015258789
2021-07-28,,49.720001220703125,411.20062255859375,169.2899932861328,102.17488861083984,126.59212493896484,16.767560958862305,75.28604125976562,77.2816390991211,72.38999938964844
2021-07-29,,50.63999938964844,412.9060363769531,171.1699981689453,101.86248779296875,125.89000701904297,17.063405990600586,75.28604125976562,77.29007720947266,73.62000274658203
2021-07-30,,50.65999984741211,410.9007873535156,169.82000732421875,102.14886474609375,126.48213958740234,16.967689514160156,75.30350494384766,77.2816390991211,73.94999694824219
2021-08-02,,49.18000030517578,410.0386962890625,169.61000061035156,102.596923828125,127.61024475097656,16.784963607788086,75.33142852783203,77.2816390991211,71.26000213623047
2021-08-03,,48.849998474121094,413.37457275390625,169.49000549316406,102.62297058105469,127.67800903320312,16.70665168762207,75.33142852783203,77.2816390991211,70.55999755859375
2021-08-04,,47.20000076293945,411.34112548828125,169.52999877929688,102.596923828125,127.94058227539062,16.436904907226562,75.30521392822266,77.2816390991211,68.1500015258789
2021-08-05,,48.099998474121094,413.9461364746094,168.86000061035156,102.22354125976562,127.28841400146484,16.680545806884766,75.27033996582031,77.2816390991211,69.08999633789062
2021-08-06,,47.56999969482422,414.63018798828125,164.63999938964844,101.62435150146484,125.16254425048828,16.541322708129883,75.24417114257812,77.29007720947266,68.27999877929688
2021-08-09,,46.599998474121094,414.2928466796875,161.72000122070312,101.4072494506836,124.71369934082031,16.306385040283203,75.21797180175781,77.29007720947266,66.4800033569336
2021-08-10,,47.68000030517578,414.80828857421875,161.77000427246094,101.21622467041016,124.13776397705078,16.602231979370117,75.19181060791016,77.2816390991211,68.29000091552734
2021-08-11,,48.29999923706055,415.83905029296875,164.0,101.3291244506836,124.06153106689453,16.75015640258789,75.2266616821289,77.2816390991211,69.25
2021-08-12,,48.099998474121094,417.085205078125,164.0399932861328,101.22493743896484,123.85829162597656,16.689247131347656,75.2266616821289,77.2816390991211,69.08999633789062
2021-08-13,,47.43000030517578,417.84423828125,166.38999938964844,101.80673217773438,125.8147201538086,16.59353256225586,75.23543548583984,77.29007720947266,68.44000244140625
2021-08-16,,47.040000915527344,418.828125,167.22000122070312,102.03250885009766,126.11970520019531,16.55002212524414,75.25287628173828,77.27314758300781,67.29000091552734
2021-08-17,,46.58000183105469,416.0826110839844,166.97000122070312,101.98040008544922,126.06881713867188,16.367294311523438,75.23543548583984,77.27314758300781,66.58999633789062
2021-08-18,,45.400001525878906,411.5285949707031,167.10000610351562,101.92826843261719,126.49235534667969,16.175865173339844,75.23543548583984,77.27314758300781,65.45999908447266
2021-08-19,,44.77000045776367,412.1658020019531,166.61000061035156,102.15406036376953,127.42389678955078,15.949630737304688,75.23543548583984,77.29007720947266,63.689998626708984
2021-08-20,,43.43000030517578,415.4454650878906,166.6999969482422,102.05851745605469,127.50868225097656,15.575469017028809,75.23543548583984,77.29007720947266,62.31999969482422
2021-08-23,,45.849998474121094,419.09991455078125,168.72999572753906,102.08458709716797,127.42389678955078,16.14105796813965,75.23543548583984,77.27314758300781,65.63999938964844
2021-08-24,,47.369998931884766,419.7652282714844,168.64999389648438,101.80673217773438,126.43302917480469,16.48041343688965,75.2266616821289,77.27314758300781,67.54000091552734
2021-08-25,,47.810001373291016,420.6459655761719,167.47999572753906,101.4072494506836,125.38280487060547,16.62833595275879,75.21797180175781,77.27314758300781,68.36000061035156
2021-08-26,,47.47999954223633,418.1628723144531,167.6699981689453,101.4072494506836,125.73003387451172,16.49781608581543,75.21797180175781,77.2816390991211,67.41999816894531
2021-08-27,,48.150001525878906,421.9016418457031,170.19000244140625,101.73725891113281,126.58541870117188,16.70665168762207,75.27033996582031,77.2816390991211,68.73999786376953
2021-08-30,,48.400001525878906,423.7569580078125,169.35000610351562,101.93696594238281,126.91571807861328,16.767560958862305,75.28780364990234,77.2816390991211,69.20999908447266
2021-08-31,,48.040000915527344,423.1291198730469,169.69000244140625,101.74589538574219,126.05192565917969,16.689247131347656,75.27903747558594,77.27314758300781,68.5
2021-09-01,,47.93000030517578,423.3539733886719,169.6999969482422,101.7894058227539,126.2630844116211,16.610933303833008,75.27294158935547,77.27314758300781,68.58999633789062
2021-09-02,,48.95000076293945,424.656494140625,169.25,101.91102600097656,126.81429290771484,16.802364349365234,75.27294158935547,77.29007720947266,69.98999786376953
2021-09-03,,48.65999984741211,424.55340576171875,171.05999755859375,101.66771697998047,125.66090393066406,16.819765090942383,75.27294158935547,77.27314758300781,69.29000091552734
2021-09-07,,48.040000915527344,423.035400390625,167.7100067138672,101.26799011230469,124.60084533691406,16.62833595275879,75.24678802490234,77.27314758300781,68.3499984741211
2021-09-08,,48.59000015258789,422.5200500488281,167.2899932861328,101.54606628417969,125.44891357421875,16.75015640258789,75.26424407958984,77.27314758300781,69.30000305175781
2021-09-09,,47.75,420.71160888671875,168.02999877929688,101.83285522460938,126.96688842773438,16.62833595275879,75.28166198730469,77.27314758300781,68.13999938964844
2021-09-10,,48.79999923706055,417.3944396972656,167.17999267578125,101.51129150390625,125.84749603271484,16.845870971679688,75.2554702758789,77.2816390991211,69.72000122070312
2021-09-13,,49.47999954223633,418.46270751953125,167.74000549316406,101.63294982910156,126.6107177734375,16.97639274597168,75.27294158935547,77.2816390991211,70.44999694824219
2021-09-14,,49.310001373291016,416.20440673828125,168.82000732421875,102.01530456542969,128.14566040039062,16.967689514160156,75.28166198730469,77.27314758300781,70.45999908447266
2021-09-15,,50.689998626708984,419.6808776855469,167.8300018310547,101.84150695800781,127.6961441040039,17.24613380432129,75.28166198730469,77.27314758300781,72.61000061035156
2021-09-16,,50.70000076293945,419.01556396484375,164.02999877929688,101.51998138427734,127.11107635498047,17.12431526184082,75.2554702758789,77.2816390991211,72.61000061035156
2021-09-17,,50.31999969482422,414.93389892578125,163.77000427246094,101.22457885742188,126.50048065185547,16.98509407043457,75.2380142211914,77.27314758300781,71.97000122070312
2021-09-20,,49.599998474121094,408.0151672363281,164.94000244140625,101.73722839355469,128.06930541992188,16.784963607788086,75.2554702758789,77.2816390991211,70.29000091552734
2021-09-21,,49.58000183105469,407.6297607421875,166.0399932861328,101.67643737792969,127.95906829833984,16.802364349365234,75.27294158935547,77.27314758300781,70.55999755859375
2021-09-22,,50.47999954223633,411.6061706542969,165.4199981689453,101.77197265625,128.72227478027344,16.99379539489746,75.22929382324219,77.27314758300781,72.2300033569336
2021-09-23,,51.380001068115234,416.6071472167969,163.50999450683594,100.85090637207031,125.81352996826172,17.25483512878418,75.18565368652344,77.2816390991211,73.30000305175781
2021-09-24,,51.81999969482422,417.29339599609375,163.3000030517578,100.5467758178711,124.58395385742188,17.333147048950195,75.15948486328125,77.27314758300781,73.9800033569336
2021-09-27,,52.90999984741211,416.09954833984375,163.63999938964844,100.2773666381836,124.12599182128906,17.568086624145508,75.1507339477539,77.27314758300781,75.44999694824219
2021-09-28,,52.400001525878906,407.7144470214844,162.0500030517578,99.89506530761719,122.19247436523438,17.428863525390625,75.15948486328125,77.27314758300781,75.29000091552734
2021-09-29,,52.31999969482422,408.4006042480469,161.32000732421875,99.99932861328125,122.40451049804688,17.446266174316406,75.18565368652344,77.2816390991211,74.83000183105469
2021-09-30,,52.560001373291016,403.4089660644531,164.22000122070312,100.1209945678711,122.38754272460938,17.559383392333984,75.203125,77.2816390991211,75.02999877929688
2021-10-01,,53.2599983215332,408.20318603515625,164.58999633789062,100.5296630859375,123.41751861572266,17.794321060180664,75.23892974853516,77.2816390991211,75.87999725341797
2021-10-04,,54.4900016784668,402.93902587890625,165.36000061035156,100.40795135498047,123.10332489013672,18.081466674804688,75.2039794921875,77.26471710205078,77.62000274658203
2021-10-05,,55.630001068115234,407.1316223144531,164.58999633789062,100.09490203857422,121.91461181640625,18.307703018188477,75.19523620605469,77.27314758300781,78.93000030517578
2021-10-06,,54.15999984741211,408.82366943359375,165.02999877929688,100.12097930908203,122.60232543945312,18.00315284729004,75.1865463256836,77.27314758300781,77.43000030517578
2021-10-07,,55.36000061035156,412.35821533203125,164.16000366210938,99.72098541259766,121.32020568847656,18.22939109802246,75.16033172607422,77.27314758300781,78.30000305175781
2021-10-08,,55.470001220703125,411.6061706542969,164.22999572753906,99.50362396240234,120.47112274169922,18.290300369262695,75.13416290283203,77.27314758300781,79.3499984741211
2021-10-11,,56.18000030517578,408.6261901855469,163.9199981689453,99.26013946533203,120.16544342041016,18.412120819091797,75.07303619384766,77.27314758300781,80.5199966430664
2021-10-12,,56.11000061035156,407.6203308105469,164.66000366210938,99.7122573852539,122.22026824951172,18.412120819091797,75.10798645019531,77.27314758300781,80.63999938964844
2021-10-13,,56.15999984741211,409.0868225097656,167.58999633789062,99.90361022949219,123.40898895263672,18.516536712646484,75.081787109375,77.27314758300781,80.44000244140625
2021-10-14,,56.810001373291016,415.96795654296875,168.0,100.13838958740234,123.86756134033203,18.707963943481445,75.081787109375,77.26471710205078,81.30999755859375
2021-10-15,,57.150001525878906,419.13592529296875,165.3300018310547,99.6427230834961,123.14578247070312,18.864591598510742,75.03812408447266,77.27314758300781,82.27999877929688
2021-10-18,,56.959999084472656,420.37677001953125,164.9199981689453,99.50362396240234,123.7232437133789,18.7514705657959,74.98574829101562,77.26471710205078,82.44000244140625
2021-10-19,,57.41999816894531,423.6198425292969,165.4499969482422,99.1470718383789,122.01647186279297,18.794979095458984,75.01193237304688,77.26471710205078,82.95999908447266
2021-10-20,,58.119998931884766,425.28375244140625,166.89999389648438,99.10357666015625,121.1928482055664,19.003814697265625,75.03812408447266,77.26471710205078,83.87000274658203
2021-10-21,,57.40999984741211,426.39300537109375,166.75,98.84272766113281,121.0484848022461,18.7166690826416,74.95084381103516,77.26471710205078,82.5
2021-10-22,,58.029998779296875,425.951171875,167.77000427246094,99.09489440917969,122.38165283203125,18.803682327270508,74.9333724975586,77.26471710205078,83.76000213623047
2021-10-25,,57.83000183105469,428.2354736328125,168.92999267578125,99.21662139892578,122.19477844238281,18.899396896362305,74.9682846069336,77.27314758300781,83.76000213623047
2021-10-26,,58.45000076293945,428.6208801269531,167.67999267578125,99.33837127685547,123.20525360107422,18.92550277709961,74.95084381103516,77.25625610351562,84.6500015258789
2021-10-27,,56.900001525878906,426.7220458984375,168.1199951171875,99.89488983154297,125.4469223022461,18.57744598388672,74.9333724975586,77.25625610351562,82.66000366210938
2021-10-28,,57.400001525878906,430.8393859863281,168.0800018310547,99.6340103149414,125.02232360839844,18.673158645629883,74.94206237792969,77.27314758300781,82.80999755859375
2021-10-29,,57.150001525878906,431.7136535644531,166.64999389648438,99.67752838134766,125.40441131591797,18.57744598388672,74.95084381103516,77.27314758300781,83.56999969482422
2021-11-01,,57.529998779296875,432.4562683105469,167.52000427246094,99.66971588134766,124.50149536132812,18.7166690826416,74.91674041748047,77.27314758300781,84.05000305175781
2021-11-02,,57.529998779296875,434.2047424316406,167.16000366210938,99.9133071899414,125.05410766601562,18.76887321472168,74.99535369873047,77.25625610351562,83.91000366210938
2021-11-03,,55.34000015258789,436.855712890625,165.77000427246094,99.6000747680664,123.76180267333984,18.290300369262695,74.97789001464844,77.25625610351562,80.86000061035156
2021-11-04,,54.91999816894531,438.91436767578125,167.64999389648438,100.13958740234375,125.06265258789062,18.177181243896484,75.0477523803711,77.26471710205078,78.80999755859375
2021-11-05,,56.54999923706055,440.4372253417969,169.83999633789062,100.68778991699219,126.93306732177734,18.429521560668945,75.0826416015625,77.26471710205078,81.2699966430664
2021-11-08,,57.09000015258789,440.8132629394531,170.4499969482422,100.25273132324219,126.69497680664062,18.542640686035156,74.99535369873047,77.27314758300781,81.93000030517578
2021-11-09,,57.970001220703125,439.35614013671875,171.2899932861328,100.71387481689453,128.3444366455078,18.690563201904297,75.03900909423828,77.25625610351562,84.1500015258789
2021-11-10,,56.31999969482422,435.8216247558594,173.14999389648438,99.85240173339844,125.99781799316406,18.455625534057617,74.89054870605469,77.25625610351562,81.33999633789062
2021-11-11,,56.220001220703125,435.9625244140625,174.1199951171875,99.53046417236328,125.810791015625,18.58614730834961,74.83817291259766,77.26471710205078,81.58999633789062
2021-11-12,,55.97999954223633,439.25274658203125,174.4499969482422,99.7392807006836,125.25819396972656,18.560043334960938,74.89926147460938,77.26471710205078,80.79000091552734
2021-11-15,,56.06999969482422,439.4031677246094,174.17999267578125,99.34771728515625,123.68533325195312,18.568744659423828,74.89054870605469,77.26471710205078,80.87999725341797
2021-11-16,,56.20000076293945,441.1422424316406,172.9199981689453,99.26069641113281,123.37071990966797,18.542640686035156,74.89054870605469,77.25625610351562,80.76000213623047
2021-11-17,,55.0,440.070556640625,174.5,99.61744689941406,124.34844970703125,18.377315521240234,74.91674041748047,77.25625610351562,78.36000061035156
2021-11-18,,55.54999923706055,441.5653076171875,173.94000244140625,99.67838287353516,124.81607818603516,18.43822479248047,74.9080581665039,77.26471710205078,79.01000213623047
2021-11-19,,53.779998779296875,440.775634765625,172.61000061035156,99.9481430053711,126.13380432128906,18.142377853393555,74.89054870605469,77.26471710205078,76.0999984741211
2021-11-22,,54.45000076293945,439.53472900390625,168.74000549316406,99.21721649169922,124.65455627441406,18.272897720336914,74.80322265625,77.26471710205078,76.75
2021-11-23,,56.20000076293945,440.1175537109375,167.27999877929688,98.80823516845703,122.8521728515625,18.60354995727539,74.80322265625,77.25625610351562,78.5
2021-11-24,,55.880001068115234,441.2926330566406,167.1199951171875,99.11274719238281,124.82457733154297,18.533939361572266,74.78580474853516,77.26471710205078,78.38999938964844
2021-11-26,,49.630001068115234,431.4504089355469,166.85000610351562,100.39193725585938,127.97882843017578,17.428863525390625,74.93424987792969,77.25625610351562,68.1500015258789
2021-11-29,,50.16999816894531,436.7427978515625,166.6199951171875,100.16569519042969,126.95002746582031,17.428863525390625,74.9691390991211,77.26471710205078,69.94999694824219
2021-11-30,,47.90999984741211,428.244873046875,165.5,100.76610565185547,128.87997436523438,16.950286865234375,74.9080581665039,77.25625610351562,66.18000030517578
2021-12-01,,47.040000915527344,423.4882507324219,166.16000366210938,100.9559326171875,129.6749725341797,16.802364349365234,74.91676330566406,77.26471710205078,65.56999969482422
2021-12-02,,48.290000915527344,429.97454833984375,165.24000549316406,100.7382583618164,129.83677673339844,16.950286865234375,74.82064056396484,77.26471710205078,66.5
2021-12-03,,48.0,426.2331848144531,166.6300048828125,101.3304214477539,131.38600158691406,16.967689514160156,74.8643569946289,77.25625610351562,66.26000213623047
2021-12-06,,50.5099983215332,431.28125,166.22000122070312,100.82530975341797,129.5814208984375,17.263538360595703,74.80318450927734,77.25625610351562,69.48999786376953
2021-12-07,,51.59000015258789,440.2022399902344,166.80999755859375,100.44215393066406,128.53439331054688,17.524578094482422,74.70709991455078,77.25625610351562,72.05000305175781
2021-12-08,,52.41999816894531,441.3677673339844,166.89999389648438,100.11996459960938,126.31266784667969,17.7595157623291,74.73328399658203,77.26471710205078,72.36000061035156
2021-12-09,,51.02000045776367,438.3878479003906,165.8800048828125,100.37248229980469,127.01920318603516,17.489774703979492,74.70709991455078,77.25625610351562,70.94000244140625
2021-12-10,,52.029998779296875,442.5146789550781,166.5800018310547,100.44215393066406,126.71273803710938,17.689905166625977,74.74201965332031,77.26471710205078,71.66999816894531
2021-12-13,,51.439998626708984,438.5946960449219,167.0,100.92111206054688,128.58544921875,17.602890014648438,74.78571319580078,77.26471710205078,71.29000091552734
2021-12-14,,50.91999816894531,435.5772399902344,165.44000244140625,100.74695587158203,128.27896118164062,17.446266174316406,74.74201965332031,77.26471710205078,70.7300033569336
2021-12-15,,51.619998931884766,442.3830261230469,166.14999389648438,100.59886932373047,127.04479217529297,17.533281326293945,74.76821899414062,77.26471710205078,70.87000274658203
2021-12-16,,51.869998931884766,438.4818420410156,168.16000366210938,100.89180755615234,127.09415435791016,17.6376953125,74.82769775390625,77.25625610351562,72.37999725341797
2021-12-17,,50.779998779296875,433.8152160644531,167.8000030517578,101.11840057373047,128.5343475341797,17.428863525390625,74.79271697998047,77.26471710205078,70.86000061035156
2021-12-20,,49.900001525878906,429.20220947265625,167.08999633789062,101.03121948242188,127.5714111328125,17.307043075561523,74.8102035522461,77.25625610351562,68.2300033569336
2021-12-21,,51.56999969482422,436.8244323730469,167.02000427246094,100.63029479980469,127.08567810058594,17.672500610351562,74.7665023803711,77.24781036376953,71.12000274658203
2021-12-22,,52.47999954223633,441.1921691894531,168.58999633789062,100.72613525390625,127.67367553710938,17.88133430480957,74.75774383544922,77.24781036376953,72.76000213623047
2021-12-23,,53.130001068115234,443.9372253417969,168.97000122070312,100.51696014404297,126.56576538085938,17.977048873901367,74.74900817871094,77.24781036376953,73.79000091552734
2021-12-27,,54.52000045776367,450.2199401855469,169.3699951171875,100.55184173583984,126.87258911132812,18.20328712463379,74.72281646728516,77.25625610351562,75.56999969482422
2021-12-28,,54.66999816894531,449.8520202636719,168.63999938964844,100.53440856933594,126.36985778808594,18.168481826782227,74.72281646728516,77.24781036376953,75.9800033569336
2021-12-29,,55.08000183105469,450.4274597167969,168.58999633789062,100.0201187133789,124.9892807006836,18.255496978759766,74.71404266357422,77.24781036376953,76.55999755859375
2021-12-30,,55.099998474121094,449.1822814941406,169.8000030517578,100.35135650634766,126.0374755859375,18.168481826782227,74.75774383544922,77.25625610351562,76.98999786376953
2021-12-31,,54.36000061035156,448.05023193359375,170.9600067138672,100.23802947998047,126.28455352783203,18.081466674804688,74.74900817871094,77.25625610351562,75.20999908447266
2022-01-03,,54.83000183105469,450.64447021484375,168.3300018310547,99.30541229248047,122.96966552734375,18.151079177856445,74.6616439819336,77.24781036376953,76.08000183105469
2022-01-04,,55.59000015258789,450.493408203125,169.57000732421875,99.25309753417969,122.45831298828125,18.368610382080078,74.705322265625,77.25625610351562,76.98999786376953
2022-01-05,,55.43000030517578,441.84307861328125,169.05999755859375,98.83472442626953,121.79358673095703,18.290300369262695,74.60919952392578,77.25625610351562,77.8499984741211
2022-01-06,,56.88999938964844,441.42803955078125,166.99000549316406,98.59069061279297,122.10889434814453,18.44692611694336,74.54805755615234,77.25625610351562,79.45999908447266
2022-01-07,,56.66999816894531,439.6828308105469,167.75,98.2681655883789,121.23116302490234,18.48172950744629,74.53054809570312,77.25625610351562,78.9000015258789
2022-01-10,,56.15999984741211,439.13568115234375,168.25999450683594,98.24198150634766,121.52943420410156,18.40341567993164,74.48687744140625,77.24781036376953,78.2300033569336
2022-01-11,,58.15999984741211,443.1354675292969,170.2899932861328,98.47734832763672,122.3389663696289,18.760173797607422,74.51307678222656,77.2393569946289,81.22000122070312
2022-01-12,,58.90999984741211,444.3334045410156,170.74000549316406,98.4947738647461,121.87027740478516,18.908098220825195,74.48687744140625,77.24781036376953,82.63999938964844
2022-01-13,,58.27000045776367,438.21124267578125,170.16000366210938,98.80854797363281,122.95259094238281,18.707963943481445,74.52180480957031,77.25625610351562,82.12000274658203
2022-01-14,,59.970001220703125,438.3904113769531,169.6699981689453,98.12869262695312,121.0948486328125,18.95160484313965,74.42569732666016,77.25625610351562,83.81999969482422
2022-01-18,,60.970001220703125,430.62664794921875,169.38999938964844,97.3877944946289,119.39043426513672,19.099529266357422,74.31207275390625,77.2393569946289,85.43000030517578
2022-01-19,,61.04999923706055,426.1552429199219,172.0800018310547,97.6231460571289,120.21707153320312,19.20394515991211,74.3470458984375,77.25625610351562,86.95999908447266
2022-01-20,,60.65999984741211,421.43853759765625,171.64999389648438,97.83231353759766,120.95848846435547,19.13433265686035,74.32955169677734,77.25625610351562,86.9000015258789
2022-01-21,,60.779998779296875,413.1654357910156,171.08999633789062,98.3989028930664,122.39866638183594,19.151735305786133,74.3907470703125,77.24781036376953,85.13999938964844
2022-01-24,,60.11000061035156,414.9200744628906,172.02999877929688,98.31175231933594,121.39309692382812,19.10822868347168,74.43440246582031,77.25625610351562,83.30999755859375
2022-01-25,,60.970001220703125,409.854248046875,172.5800018310547,98.18097686767578,121.19708251953125,19.282257080078125,74.39949035644531,77.2393569946289,85.5999984741211
2022-01-26,,61.68000030517578,408.8260803222656,169.7899932861328,97.48369598388672,119.73133850097656,19.32576560974121,74.2684097290039,77.24781036376953,87.3499984741211
2022-01-27,,61.86000061035156,406.80731201171875,167.60000610351562,97.89335632324219,121.92993927001953,19.421480178833008,74.20721435546875,77.25625610351562,86.61000061035156
2022-01-28,,61.970001220703125,416.9104919433594,167.10000610351562,98.11995697021484,121.97260284423828,19.438880920410156,74.23345947265625,77.2393569946289,86.81999969482422
2022-01-31,,62.47999954223633,424.4194641113281,168.08999633789062,98.11995697021484,121.34198760986328,19.508493423461914,74.23345947265625,77.25625610351562,88.1500015258789
2022-02-01,,62.529998779296875,427.28729248046875,168.22999572753906,97.98734283447266,120.93917846679688,19.58680534362793,74.227294921875,77.24781036376953,88.19999694824219
2022-02-02,,62.52000045776367,431.43792724609375,168.83999633789062,98.18800354003906,121.34880828857422,19.665117263793945,74.24481201171875,77.25625610351562,88.26000213623047
2022-02-03,,63.5099983215332,421.2970886230469,168.60000610351562,97.76922607421875,120.40157318115234,19.70862579345703,74.18360137939453,77.25625610351562,90.2699966430664
2022-02-04,,64.91000366210938,423.2781066894531,168.86000061035156,97.0188980102539,118.62651824951172,19.865249633789062,74.03500366210938,77.2393569946289,92.30999755859375
2022-02-07,,64.68000030517578,421.919677734375,170.11000061035156,97.04508209228516,118.70335388183594,19.908756256103516,74.05252075195312,77.2393569946289,91.31999969482422
2022-02-08,,63.619998931884766,425.39117431640625,170.6300048828125,96.73101806640625,117.90973663330078,19.734729766845703,73.973876953125,77.24781036376953,89.36000061035156
2022-02-09,,64.16999816894531,431.6172180175781,171.2100067138672,96.86186218261719,118.1315689086914,19.934860229492188,73.96510314941406,77.2393569946289,89.66000366210938
2022-02-10,,63.959999084472656,423.8629455566406,170.55999755859375,95.9719467163086,116.25418853759766,19.8304443359375,73.58924865722656,77.2393569946289,89.87999725341797
2022-02-11,,65.73999786376953,415.5049133300781,173.80999755859375,96.96653747558594,117.97796630859375,20.12628936767578,73.81652069091797,77.2393569946289,93.0999984741211
2022-02-14,,66.36000061035156,414.146484375,174.74000549316406,96.29474639892578,116.51020050048828,20.2307071685791,73.65917205810547,77.23091125488281,95.45999908447266
2022-02-15,,64.27999877929688,420.8254089355469,173.0800018310547,96.00684356689453,115.18746948242188,19.900056838989258,73.6854019165039,77.24781036376953,92.06999969482422
2022-02-16,,63.540000915527344,421.2970886230469,174.86000061035156,96.20753479003906,115.87017822265625,19.926158905029297,73.78155517578125,77.24781036376953,93.66000366210938
2022-02-17,,64.16999816894531,412.2975769042969,177.25,96.72225952148438,116.7320556640625,20.091487884521484,73.82522583007812,77.2393569946289,91.76000213623047
2022-02-18,,64.73999786376953,409.6278381347656,177.1199951171875,97.03636169433594,117.96092987060547,20.1697998046875,73.833984375,77.24781036376953,91.06999969482422
2022-02-22,,65.54000091552734,405.23193359375,177.49000549316406,97.02762603759766,118.26811218261719,20.456945419311523,73.76405334472656,77.24781036376953,92.3499984741211
2022-02-23,,66.23999786376953,398.04364013671875,178.2899932861328,96.5215835571289,116.63819122314453,20.648372650146484,73.72036743164062,77.2393569946289,92.0999984741211
2022-02-24,,66.33999633789062,404.0338134765625,177.13999938964844,96.74845123291016,116.71501159667969,20.73538589477539,73.78155517578125,77.2393569946289,92.80999755859375
2022-02-25,,65.80000305175781,412.9484558105469,176.5500030517578,96.72225952148438,116.8003158569336,20.422138214111328,73.78155517578125,77.2393569946289,91.58999633789062
2022-02-28,,67.4800033569336,411.89190673828125,178.3800048828125,97.82160949707031,119.36038970947266,20.770193099975586,73.91265106201172,77.2393569946289,95.72000122070312
2022-03-01,,71.81999969482422,405.61865234375,181.6199951171875,98.7743148803711,120.74040222167969,21.605525970458984,74.08313751220703,77.25796508789062,103.41000366210938
2022-03-02,,75.41999816894531,413.0805358886719,179.72999572753906,97.28976440429688,116.61322784423828,22.31033706665039,73.83834838867188,77.25796508789062,110.5999984741211
2022-03-03,,74.52999877929688,411.0240478515625,180.8000030517578,97.70891571044922,117.80094909667969,22.553974151611328,73.83834838867188,77.26641082763672,107.66999816894531
2022-03-04,,79.45999908447266,407.6846008300781,183.67999267578125,98.67823791503906,119.83467864990234,23.502426147460938,73.91699981689453,77.26641082763672,115.68000030517578
2022-03-07,,82.37000274658203,395.6664123535156,186.41000366210938,98.25906372070312,118.92035675048828,24.01580810546875,73.82085418701172,77.26641082763672,119.4000015258789
2022-03-08,,85.43000030517578,392.6665954589844,191.50999450683594,97.62157440185547,117.7240982055664,24.424772262573242,73.72467041015625,77.26641082763672,123.69999694824219
2022-03-09,,75.47000122070312,403.1943054199219,185.82000732421875,97.01905059814453,116.57052612304688,22.484365463256836,73.6809310913086,77.26641082763672,108.69999694824219
2022-03-10,,74.05999755859375,401.37359619140625,186.39999389648438,96.57369232177734,114.89569091796875,22.214624404907227,73.6197738647461,77.26641082763672,106.0199966430664
2022-03-11,,76.4000015258789,396.27020263671875,185.08999633789062,96.5474853515625,115.28023529052734,22.597484588623047,73.59351348876953,77.25796508789062,109.33000183105469
2022-03-14,,72.83999633789062,393.3741149902344,182.3000030517578,95.32494354248047,112.58854675292969,21.93617820739746,73.40115356445312,77.26641082763672,103.01000213623047
2022-03-15,,68.62999725341797,402.0245666503906,178.88999938964844,95.28125,112.39200592041016,21.396692276000977,73.42739868164062,77.2494888305664,96.44000244140625
2022-03-16,,68.27999877929688,410.93914794921875,180.00999450683594,95.15027618408203,113.4942855834961,21.21396255493164,73.35746765136719,77.26641082763672,95.04000091552734
2022-03-17,,73.68000030517578,416.0802917480469,180.88999938964844,94.96691131591797,112.64838409423828,22.232023239135742,73.33120727539062,77.26641082763672,102.9800033569336
2022-03-18,,74.63999938964844,420.6375732421875,179.3000030517578,95.24634552001953,114.02413940429688,22.336442947387695,73.313720703125,77.25796508789062,104.69999694824219
2022-03-21,,79.54000091552734,420.5146179199219,180.6699981689453,94.00630187988281,111.38369750976562,23.171775817871094,73.06890106201172,77.25796508789062,112.12000274658203
2022-03-22,,78.55999755859375,425.43524169921875,179.36000061035156,93.49107360839844,109.95669555664062,23.119565963745117,73.01644134521484,77.25796508789062,111.76000213623047
2022-03-23,,81.94999694824219,419.95623779296875,181.80999755859375,94.11981201171875,112.36638641357422,23.693857192993164,73.0776596069336,77.27485656738281,114.93000030517578
2022-03-24,,79.75,426.286865234375,183.1300048828125,93.59586334228516,111.48625183105469,23.458919525146484,73.06017303466797,77.27485656738281,112.33999633789062
2022-03-25,,80.73999786376953,428.36865234375,182.3800048828125,92.63528442382812,109.93962097167969,23.63294792175293,72.85906219482422,77.25796508789062,113.9000015258789
2022-03-28,,74.52999877929688,431.4156799316406,179.05999755859375,92.84488677978516,110.87954711914062,22.606184005737305,72.78913116455078,77.25796508789062,105.95999908447266
2022-03-29,,76.1500015258789,436.75262451171875,179.13999938964844,93.30769348144531,111.71697235107422,22.693199157714844,72.82408142089844,77.25796508789062,104.23999786376953
2022-03-30,,77.91000366210938,434.0557861328125,180.5800018310547,93.67446899414062,112.58854675292969,23.102161407470703,72.87657165527344,77.27485656738281,107.81999969482422
2022-03-31,,74.12000274658203,427.3750915527344,180.64999389648438,93.84916687011719,112.86200714111328,22.67579460144043,72.87657165527344,77.27485656738281,100.27999877929688
2022-04-01,,74.16999816894531,428.5863037109375,179.5,93.23802947998047,113.29159545898438,22.823719024658203,72.72432708740234,77.27485656738281,99.2699966430664
2022-04-04,,76.86000061035156,432.2578430175781,180.3699951171875,93.17686462402344,112.50426483154297,23.258785247802734,72.76811218261719,77.26641082763672,103.27999877929688
2022-04-05,,74.80000305175781,426.7978820800781,179.24000549316406,92.06651306152344,109.96250915527344,23.067358016967773,72.63688659667969,77.25796508789062,101.95999908447266
2022-04-06,,73.05000305175781,422.5301513671875,179.66000366210938,91.74310302734375,109.07244873046875,22.884628295898438,72.68934631347656,77.26641082763672,96.2300033569336
2022-04-07,,73.11000061035156,424.6592102050781,180.33999633789062,91.51575469970703,108.25089263916016,22.962942123413086,72.74185943603516,77.26641082763672,96.02999877929688
2022-04-08,,74.11000061035156,423.5237731933594,181.47000122070312,91.05242156982422,107.0784683227539,23.250085830688477,72.65434265136719,77.25796508789062,98.26000213623047
2022-04-11,,72.30000305175781,416.2847900390625,182.3699951171875,90.61530303955078,105.38394927978516,23.058656692504883,72.67185974121094,77.26641082763672,94.29000091552734
2022-04-12,,75.9800033569336,414.7423400878906,183.77000427246094,91.05242156982422,105.23847198486328,23.746065139770508,72.85554504394531,77.26641082763672,100.5999984741211
2022-04-13,,78.41999816894531,419.4925231933594,184.64999389648438,91.25349426269531,105.452392578125,24.26814842224121,72.89054107666016,77.26641082763672,104.25
2022-04-14,,79.56999969482422,414.26922607421875,184.0399932861328,90.43168640136719,103.33859252929688,24.450876235961914,72.75931549072266,77.25796508789062,106.94999694824219
2022-04-18,,80.41000366210938,414.43951416015625,184.61000061035156,90.16944885253906,102.82510375976562,24.729320526123047,72.75931549072266,77.26641082763672,108.20999908447266
2022-04-19,,76.86000061035156,421.129638671875,181.82000732421875,89.57494354248047,102.05486297607422,24.0941219329834,72.59314727783203,77.25796508789062,102.55999755859375
2022-04-20,,77.23999786376953,420.8174133300781,182.7100067138672,90.27433776855469,104.10880279541016,24.120223999023438,72.63688659667969,77.27485656738281,102.75
2022-04-21,,78.12000274658203,414.524658203125,182.05999755859375,89.7760009765625,103.33859252929688,24.085418701171875,72.514404296875,77.27485656738281,103.79000091552734
2022-04-22,,76.30999755859375,403.15045166015625,180.2899932861328,89.81974792480469,102.68815612792969,23.624242782592773,72.49693298339844,77.26641082763672,102.06999969482422
2022-04-25,,74.6500015258789,405.48779296875,177.0500030517578,90.39673614501953,103.71512603759766,23.450220108032227,72.61065673828125,77.27485656738281,98.54000091552734
2022-04-26,,76.45999908447266,393.7445373535156,177.32000732421875,90.99996948242188,104.75921630859375,23.77216911315918,72.74185943603516,77.26641082763672,101.69999694824219
2022-04-27,,76.37000274658203,394.8516540527344,175.97999572753906,90.49292755126953,103.41560363769531,23.937498092651367,72.70686340332031,77.26641082763672,102.0199966430664
2022-04-28,,78.08000183105469,404.82537841796875,176.92999267578125,90.36175537109375,103.56964111328125,24.13762664794922,72.65434265136719,77.2833251953125,105.36000061035156
2022-04-29,,77.16000366210938,389.86480712890625,176.91000366210938,89.88094329833984,102.22603607177734,23.95490074157715,72.514404296875,77.26641082763672,104.69000244140625
2022-05-02,,78.37999725341797,392.21160888671875,173.6300048828125,89.21133422851562,100.45406341552734,24.320358276367188,72.50919342041016,77.27485656738281,105.16999816894531
2022-05-03,,76.69000244140625,394.009521484375,174.08999633789062,89.31632995605469,101.13130950927734,23.981000900268555,72.47416687011719,77.26641082763672,102.41000366210938
2022-05-04,,80.22000122070312,406.00823974609375,175.8000030517578,89.89403533935547,101.6884994506836,24.729320526123047,72.66670989990234,77.2833251953125,107.80999755859375
2022-05-05,,80.4800033569336,391.5775146484375,175.1300048828125,88.99251556396484,98.9024429321289,24.598800659179688,72.54418182373047,77.2833251953125,108.26000213623047
2022-05-06,,82.12999725341797,389.240234375,175.4199981689453,88.48482513427734,97.445068359375,24.62490463256836,72.53543853759766,77.2833251953125,109.7699966430664
2022-05-09,,76.56999969482422,376.7778015136719,172.8800048828125,89.14129638671875,98.30236053466797,23.51112937927246,72.71918487548828,77.27485656738281,103.08999633789062
2022-05-10,,74.52999877929688,377.6484680175781,171.4199981689453,89.43891143798828,99.19388580322266,23.371906280517578,72.67545318603516,77.27485656738281,99.76000213623047
2022-05-11,,78.18000030517578,371.6489562988281,172.82000732421875,89.9903564453125,101.10557556152344,23.946197509765625,72.68421936035156,77.27485656738281,105.70999908447266
2022-05-12,,79.2300033569336,371.2610168457031,170.1699981689453,90.28797149658203,100.9169921875,24.059314727783203,72.78923034667969,77.2833251953125,106.12999725341797
2022-05-13,,81.27999877929688,380.1370544433594,168.7899932861328,89.81529998779297,99.42535400390625,24.38996696472168,72.7629623413086,77.29176330566406,110.48999786376953
2022-05-16,,83.11000061035156,378.59466552734375,170.39999389648438,90.19168090820312,99.32244873046875,24.79022979736328,72.8067626953125,77.2833251953125,114.19999694824219
2022-05-17,,81.11000061035156,386.3824768066406,169.3300018310547,89.50894927978516,98.122314453125,24.520488739013672,72.64920806884766,77.2833251953125,112.4000015258789
2022-05-18,,79.29000091552734,370.8067626953125,169.4199981689453,90.14791870117188,100.21404266357422,23.989702224731445,72.68421936035156,77.2833251953125,109.58999633789062
2022-05-19,,80.58000183105469,368.5357971191406,171.91000366210938,90.47178649902344,100.45406341552734,24.294252395629883,72.78923034667969,77.30023193359375,112.20999908447266
2022-05-20,,81.6500015258789,368.6966552734375,172.02999877929688,90.89191436767578,101.59423828125,24.329057693481445,72.84175872802734,77.30023193359375,113.2300033569336
2022-05-23,,81.97000122070312,375.5950012207031,172.8300018310547,90.34048461914062,99.92255401611328,24.51178741455078,72.8067626953125,77.30023193359375,110.29000091552734
2022-05-24,,82.0,372.7277526855469,174.1300048828125,91.1194839477539,101.8942642211914,24.494382858276367,72.97300720214844,77.29176330566406,109.7699966430664
2022-05-25,,82.4800033569336,376.02081298828125,173.0800018310547,91.30330657958984,102.29718780517578,24.668413162231445,73.02554321289062,77.30023193359375,110.33000183105469
2022-05-26,,84.58999633789062,383.5342712402344,172.75999450683594,91.25958251953125,101.8342514038086,24.938154220581055,73.04302215576172,77.3171157836914,114.08999633789062
2022-05-27,,85.45999908447266,392.94964599609375,172.85000610351562,91.3908462524414,102.08289337158203,25.23400115966797,73.06053161621094,77.30023193359375,115.06999969482422
2022-05-31,,85.47000122070312,390.744873046875,171.13999938964844,90.43673706054688,99.92255401611328,25.059972763061523,72.94676208496094,77.29176330566406,114.66999816894531
2022-06-01,,85.54000091552734,387.5841979980469,172.22999572753906,89.92755889892578,99.808349609375,25.181793212890625,72.81099700927734,77.2926025390625,115.26000213623047
2022-06-02,,87.25,394.9652404785156,174.35000610351562,90.05903625488281,99.85984802246094,25.756086349487305,72.82852935791016,77.30953216552734,116.87000274658203
2022-06-03,,89.47000122070312,388.48321533203125,172.5800018310547,89.88374328613281,99.6451644897461,25.99972152709961,72.80223846435547,77.2926025390625,118.87000274658203
2022-06-06,,88.38999938964844,389.666015625,171.82000732421875,89.20891571044922,97.80736541748047,26.112838745117188,72.70592498779297,77.30106353759766,118.5
2022-06-07,,90.04000091552734,393.40380859375,172.94000244140625,89.56822967529297,98.8636703491211,26.286865234375,72.71465301513672,77.2926025390625,119.41000366210938
2022-06-08,,91.98999786376953,389.1266784667969,172.77999877929688,89.23522186279297,97.98772430419922,26.521806716918945,72.66209411621094,77.30106353759766,122.11000061035156
2022-06-09,,91.08000183105469,379.8721618652344,172.22999572753906,89.1563491821289,98.3140640258789,26.5653133392334,72.60955810546875,77.30953216552734,121.51000213623047
2022-06-10,,90.12999725341797,368.85748291015625,174.5399932861328,88.27992248535156,97.7043228149414,26.304269790649414,72.30300903320312,77.2926025390625,120.66999816894531
2022-06-13,,90.36000061035156,354.8526611328125,169.92999267578125,86.711181640625,94.6384506225586,26.0084228515625,71.93513488769531,77.30106353759766,120.93000030517578
2022-06-14,,88.44999694824219,353.7833557128906,168.57000732421875,86.018798828125,93.44473266601562,25.72127914428711,71.79499816894531,77.2926025390625,118.93000030517578
2022-06-15,,86.93000030517578,358.8269958496094,170.77000427246094,87.21946716308594,95.18806457519531,25.73868179321289,72.07526397705078,77.30106353759766,115.30999755859375
2022-06-16,,87.66000366210938,346.9512634277344,172.69000244140625,87.78913879394531,95.94380950927734,25.85179901123047,72.17161560058594,77.3179702758789,117.58999633789062
2022-06-17,,83.33999633789062,347.69927978515625,171.27000427246094,87.8154296875,96.25296020507812,24.929452896118164,72.15410614013672,77.30953216552734,109.55999755859375
2022-06-21,,84.05000305175781,356.4519958496094,170.6300048828125,87.35972595214844,94.62126922607422,24.868541717529297,72.1278305053711,77.32645416259766,110.6500015258789
2022-06-22,,80.87999725341797,355.8058166503906,171.30999755859375,88.46395874023438,97.22339630126953,24.424772262573242,72.33802032470703,77.33488464355469,106.19000244140625
2022-06-23,,78.9800033569336,359.2936096191406,170.25999450683594,88.96353912353516,98.02206420898438,23.8765869140625,72.39934539794922,77.33488464355469,104.2699966430664
2022-06-24,,81.2699966430664,370.717041015625,170.08999633789062,88.64801788330078,96.66516876220703,24.102821350097656,72.38182830810547,77.3179702758789,107.62000274658203
2022-06-27,,82.93000030517578,369.3008728027344,169.89999389648438,88.14846801757812,95.84073638916016,24.050613403320312,72.30300903320312,77.3179702758789,109.56999969482422
2022-06-28,,84.72000122070312,361.75506591796875,169.6199951171875,88.26241302490234,96.28731536865234,24.33776092529297,72.28549194335938,77.33488464355469,111.76000213623047
2022-06-29,,82.94999694824219,361.4604187011719,169.49000549316406,88.97225952148438,97.79021453857422,23.920093536376953,72.37305450439453,77.34333801269531,109.77999877929688
2022-06-30,,80.3499984741211,358.5238342285156,168.4600067138672,89.6558837890625,98.64899444580078,23.18047523498535,72.51321411132812,77.35179138183594,105.76000213623047
2022-07-01,,81.66999816894531,362.3157653808594,168.32000732421875,90.61701965332031,99.66178131103516,23.293594360351562,72.73149871826172,77.34587860107422,108.43000030517578
2022-07-05,,74.77999877929688,363.0000305175781,164.75,90.95053100585938,100.44482421875,21.727344512939453,72.72274017333984,77.34587860107422,99.5
2022-07-06,,73.66999816894531,364.2259826660156,162.13999938964844,90.1781234741211,98.75826263427734,21.405393600463867,72.52112579345703,77.34587860107422,98.52999877929688
2022-07-07,,76.55000305175781,369.6809997558594,162.22999572753906,89.62515258789062,97.88914489746094,22.292936325073242,72.4684829711914,77.34587860107422,102.7300033569336
2022-07-08,,78.54000091552734,369.3769836425781,162.3000030517578,89.08097076416016,96.804931640625,22.68449592590332,72.38082885742188,77.33744049072266,104.79000091552734
2022-07-11,,78.2300033569336,365.1573486328125,161.42999267578125,89.78316497802734,98.47431182861328,22.6409912109375,72.4071273803711,77.34587860107422,104.08999633789062
2022-07-12,,72.80999755859375,361.9261169433594,160.8300018310547,89.99382781982422,99.05943298339844,21.614227294921875,72.44219207763672,77.33744049072266,95.83999633789062
2022-07-13,,73.19000244140625,360.025390625,161.60000610351562,90.3800277709961,100.19528198242188,21.736045837402344,72.3633041381836,77.33744049072266,96.30000305175781
2022-07-14,,72.8499984741211,359.1510314941406,159.3300018310547,89.87969970703125,99.37783813476562,21.53591537475586,72.33697509765625,77.34587860107422,95.77999877929688
2022-07-15,,73.73999786376953,366.0126953125,159.00999450683594,90.18692016601562,99.93714904785156,21.814359664916992,72.38957977294922,77.33744049072266,97.58999633789062
2022-07-18,,76.80999755859375,362.9905090332031,159.16000366210938,89.92361450195312,98.89595031738281,22.223323822021484,72.34575653076172,77.33744049072266,102.5999984741211
2022-07-19,,78.05000305175781,372.7982482910156,159.5399932861328,89.51105499267578,98.36243438720703,22.31033706665039,72.26686096191406,77.33744049072266,104.22000122070312
2022-07-20,,77.63999938964844,375.1741638183594,158.0399932861328,89.42329406738281,98.6205825805664,22.292936325073242,72.25810241699219,77.33744049072266,102.26000213623047
2022-07-21,,75.48999786376953,378.9946594238281,160.27000427246094,90.44144439697266,100.32433319091797,21.91877555847168,72.45974731445312,77.36275482177734,96.3499984741211
2022-07-22,,74.52999877929688,375.47821044921875,160.6699981689453,91.4771957397461,102.01091766357422,21.657733917236328,72.64386749267578,77.37126159667969,94.69999694824219
2022-07-25,,76.22000122070312,375.9344177246094,160.22999572753906,91.1524429321289,101.01274871826172,22.049297332763672,72.5824966430664,77.36275482177734,96.69999694824219
2022-07-26,,75.16000366210938,371.4867248535156,160.0399932861328,91.18753051757812,101.09019470214844,22.092802047729492,72.54741668701172,77.36275482177734,94.9800033569336
2022-07-27,,77.87000274658203,381.1329345703125,161.6699981689453,91.37185668945312,100.52224731445312,22.597484588623047,72.66136932373047,77.36275482177734,97.26000213623047
2022-07-28,,77.12999725341797,385.9132385253906,163.63999938964844,92.27589416503906,101.32250213623047,22.614883422851562,72.81914520263672,77.37126159667969,96.41999816894531
2022-07-29,,78.05000305175781,391.5394287109375,164.10000610351562,92.31100463867188,101.04715728759766,22.71930503845215,72.81040954589844,77.37971496582031,98.62000274658203
2022-08-01,,75.12999725341797,390.3799743652344,165.02999877929688,92.85089874267578,103.48074340820312,22.258129119873047,72.80864715576172,77.38562774658203,93.88999938964844
2022-08-02,,75.93000030517578,387.8044128417969,164.0500030517578,91.56714630126953,101.2911376953125,22.14501190185547,72.55414581298828,77.3940658569336,94.41999816894531
2022-08-03,,73.52999877929688,393.87725830078125,164.4499969482422,91.94525146484375,102.88587951660156,21.953580856323242,72.58045959472656,77.38562774658203,90.66000366210938
2022-08-04,,71.52999877929688,393.6112060546875,167.1699981689453,92.4112548828125,102.8514175415039,21.718643188476562,72.67701721191406,77.402587890625,88.54000091552734
2022-08-05,,71.54000091552734,392.94598388671875,165.2899932861328,91.07476043701172,100.40319061279297,21.64033317565918,72.37859344482422,77.41950988769531,89.01000213623047
2022-08-08,,73.54000091552734,392.4897155761719,166.69000244140625,91.61113739013672,102.02384185791016,21.9013729095459,72.44881439208984,77.42799377441406,90.76000213623047
2022-08-09,,73.44999694824219,390.9311218261719,167.1999969482422,91.33855438232422,101.62732696533203,22.084102630615234,72.37859344482422,77.41950988769531,90.5
2022-08-10,,74.31999969482422,399.14227294921875,166.77999877929688,91.39134216308594,100.96353149414062,22.38865089416504,72.44881439208984,77.42799377441406,91.93000030517578
2022-08-11,,76.27999877929688,399.14227294921875,166.33999633789062,90.7846450805664,98.61011505126953,22.823719024658203,72.4224853515625,77.42799377441406,94.33999633789062
2022-08-12,,74.9800033569336,405.89935302734375,167.8699951171875,91.14512634277344,99.6101303100586,22.701900482177734,72.44007110595703,77.44490051269531,92.08999633789062
2022-08-15,,72.87999725341797,407.5718994140625,165.7100067138672,91.4352798461914,99.52391052246094,22.4234561920166,72.5014877319336,77.43647766113281,89.41000366210938
2022-08-16,,71.23999786376953,408.3703308105469,165.4199981689453,91.32976531982422,99.93769073486328,22.171113967895508,72.44007110595703,77.44490051269531,86.52999877929688
2022-08-17,,72.05000305175781,405.4717102050781,164.35000610351562,90.71426391601562,98.89461517333984,22.258129119873047,72.37859344482422,77.44490051269531,88.11000061035156
2022-08-18,,74.20999908447266,406.65008544921875,163.9199981689453,90.8901138305664,99.0411605834961,22.597484588623047,72.48393249511719,77.47879028320312,90.5
2022-08-19,,74.05999755859375,401.185546875,162.72000122070312,90.10758209228516,97.44635009765625,22.58877944946289,72.4312744140625,77.47879028320312,90.7699966430664
2022-08-22,,74.68000030517578,392.8318786621094,161.63999938964844,89.71187591552734,97.11878204345703,22.788915634155273,72.33472442626953,77.48726654052734,90.2300033569336
2022-08-23,,76.83000183105469,391.8815002441406,162.77000427246094,89.49209594726562,96.58433532714844,23.16307258605957,72.36980438232422,77.47032165527344,93.73999786376953
2022-08-24,,78.04000091552734,393.135986328125,163.25,89.1931381225586,95.87743377685547,23.40671157836914,72.29084014892578,77.49573516845703,94.88999938964844
2022-08-25,,76.5,398.6861267089844,163.75,89.76464080810547,97.21360778808594,23.076059341430664,72.33472442626953,77.50418853759766,92.5199966430664
2022-08-26,,75.8499984741211,385.1909484863281,161.75999450683594,89.6591567993164,97.94638061523438,23.171775817871094,72.31715393066406,77.50418853759766,93.05999755859375
2022-08-29,,78.69000244140625,382.6440124511719,161.86000061035156,89.14913940429688,97.13603973388672,23.51112937927246,72.26451873779297,77.50418853759766,97.01000213623047
2022-08-30,,75.47000122070312,378.4433898925781,160.50999450683594,89.122802734375,97.37740325927734,22.858522415161133,72.22937774658203,77.51268005371094,91.63999938964844
2022-08-31,,73.11000061035156,375.56378173828125,159.27000427246094,88.75350189208984,96.44638061523438,22.379947662353516,72.22062683105469,77.52961730957031,89.55000305175781
2022-09-01,,70.94999694824219,376.7422180175781,157.8699951171875,88.04798126220703,94.68061065673828,21.9013729095459,72.16791534423828,77.54572296142578,86.61000061035156
2022-09-02,,71.43000030517578,372.7697448730469,159.25999450683594,88.54122161865234,95.21624755859375,22.049297332763672,72.32609558105469,77.55420684814453,86.87000274658203
2022-09-06,,71.41999816894531,371.3631591796875,158.3300018310547,87.5546875,92.85785675048828,21.91877555847168,72.16791534423828,77.55420684814453,86.87999725341797
2022-09-07,,67.62000274658203,378.0347595214844,159.94000244140625,88.12722778320312,94.32642364501953,21.396692276000977,72.27336120605469,77.56267547607422,81.94000244140625
2022-09-08,,68.08999633789062,380.5057067871094,158.97999572753906,87.80133056640625,93.35892486572266,21.483705520629883,72.18549346923828,77.57964324951172,83.54000091552734
2022-09-09,,71.0999984741211,386.41693115234375,159.82000732421875,87.81015014648438,93.56623077392578,22.092802047729492,72.12397766113281,77.57964324951172,86.79000091552734
2022-09-12,,72.37000274658203,390.57000732421875,160.6300048828125,87.59872436523438,92.79737854003906,22.39735221862793,72.11520385742188,77.57117462158203,87.77999877929688
2022-09-13,,72.01000213623047,373.5870666503906,158.5399932861328,87.10546112060547,93.01335144042969,22.28423309326172,71.86915588378906,77.588134765625,87.30999755859375
2022-09-14,,72.7300033569336,375.0125732421875,157.92999267578125,87.14949798583984,93.33293914794922,22.379947662353516,71.80765533447266,77.588134765625,88.4800033569336
2022-09-15,,69.76000213623047,370.7549743652344,154.97999572753906,86.85004425048828,93.27251434326172,21.727344512939453,71.72859191894531,77.61357116699219,85.0999984741211
2022-09-16,,69.9000015258789,367.926513671875,155.83999633789062,86.92048645019531,92.49501037597656,21.649032592773438,71.76367950439453,77.61357116699219,85.11000061035156
2022-09-19,,70.05000305175781,370.77978515625,155.9600067138672,86.67385864257812,92.71100616455078,21.718643188476562,71.68463897705078,77.61357116699219,85.7300033569336
2022-09-20,,69.22000122070312,366.52374267578125,155.07000732421875,86.13655090332031,91.78663635253906,21.69253921508789,71.64947509765625,77.60509490966797,84.44999694824219
2022-09-21,,68.68000030517578,360.1302185058594,155.7899932861328,86.4800796508789,93.32437133789062,21.56201934814453,71.58794403076172,77.6220474243164,82.94000244140625
2022-09-22,,68.97000122070312,357.10516357421875,155.6999969482422,85.17643737792969,90.9400634765625,21.6229305267334,71.4561538696289,77.65594482421875,83.48999786376953
2022-09-23,,65.31999969482422,351.12188720703125,153.00999450683594,85.28216552734375,91.31151580810547,20.892011642456055,71.3682861328125,77.65594482421875,78.73999786376953
2022-09-26,,63.20000076293945,347.64837646484375,151.22999572753906,83.864013671875,89.56649017333984,20.404735565185547,71.21014404296875,77.6390151977539,76.70999908447266
2022-09-27,,64.41999816894531,346.7609558105469,151.5399932861328,83.29145050048828,87.20811462402344,20.622270584106445,71.21014404296875,77.6644515991211,78.5
2022-09-28,,67.12999725341797,353.5839538574219,154.69000244140625,85.16763305664062,90.1280288696289,21.19655990600586,71.5176773071289,77.67292785644531,82.1500015258789
2022-09-29,,66.7699966430664,346.1979064941406,154.66000366210938,84.7712631225586,89.66151428222656,21.0660400390625,71.4209976196289,77.6899185180664,81.2300033569336
2022-09-30,,65.27999877929688,340.8443908691406,154.6699981689453,84.55104064941406,88.50390625,20.80500030517578,71.35948944091797,77.6899185180664,79.48999786376953
2022-10-03,,67.88999938964844,349.8432312011719,158.42999267578125,85.55451965332031,89.91020965576172,21.274873733520508,71.51611328125,77.66866302490234,83.62999725341797
2022-10-04,,70.27999877929688,360.68365478515625,160.6999969482422,85.73101806640625,89.6590805053711,21.849163055419922,71.54254913330078,77.69413757324219,86.5199966430664
2022-10-05,,71.94000244140625,359.8438720703125,159.80999755859375,84.91905212402344,88.80179595947266,22.240726470947266,71.47215270996094,77.69413757324219,87.76000213623047
2022-10-06,,72.98999786376953,356.1318054199219,159.6300048828125,84.45133209228516,88.30823516845703,22.379947662353516,71.38414764404297,77.71115112304688,88.44999694824219
2022-10-07,,75.0999984741211,346.1979064941406,157.8800048828125,84.03652954101562,87.4509506225586,22.614883422851562,71.29617309570312,77.71115112304688,92.63999938964844
2022-10-10,,73.77999877929688,343.55462646484375,155.47999572753906,83.54231262207031,86.09141540527344,22.362546920776367,71.26976013183594,77.71964263916016,91.12999725341797
2022-10-11,,71.75,341.3788757324219,155.16000366210938,83.75411224365234,86.4724349975586,22.04059410095215,71.3049545288086,77.71964263916016,89.3499984741211
2022-10-12,,70.93000030517578,340.2528076171875,155.99000549316406,84.02767944335938,86.89672088623047,22.04059410095215,71.3753433227539,77.71964263916016,87.2699966430664
2022-10-13,,72.5199966430664,349.232421875,154.91000366210938,83.67469024658203,86.0654525756836,22.345142364501953,71.16419219970703,77.7451171875,89.11000061035156
2022-10-14,,70.16999816894531,341.27392578125,152.97999572753906,83.20690155029297,85.35538482666016,21.9013729095459,71.12899017333984,77.7451171875,85.61000061035156
2022-10-17,,70.12999725341797,350.0436706542969,153.4199981689453,83.29519653320312,84.9397201538086,21.849163055419922,71.20816802978516,77.7451171875,85.45999908447266
2022-10-18,,68.69999694824219,354.1563720703125,153.75,83.50699615478516,85.13890838623047,21.614227294921875,71.24339294433594,77.7451171875,82.81999969482422
2022-10-19,,70.04000091552734,351.646728515625,151.69000244140625,82.63326263427734,83.5888671875,21.605525970458984,71.11135864257812,77.7451171875,85.55000305175781
2022-10-20,,70.18000030517578,348.6981201171875,151.4499969482422,82.0154800415039,82.16008758544922,21.6229305267334,71.0322036743164,77.77909088134766,85.9800033569336
2022-10-21,,70.56999969482422,357.1719665527344,154.14999389648438,82.20082092285156,80.67931365966797,21.649032592773438,71.21697998046875,77.78762817382812,85.05000305175781
2022-10-24,,70.37999725341797,361.5424499511719,153.64999389648438,82.09490966796875,80.0125732421875,21.709941864013672,71.19937896728516,77.77909088134766,84.58000183105469
2022-10-25,,70.61000061035156,367.3157958984375,154.0,83.11868286132812,82.34192657470703,21.831762313842773,71.26976013183594,77.77909088134766,85.31999969482422
2022-10-26,,72.97000122070312,364.5483703613281,154.97999572753906,83.54231262207031,83.52825927734375,22.240726470947266,71.33135986328125,77.79608154296875,87.91000366210938
2022-10-27,,73.62000274658203,362.6017761230469,154.74000549316406,84.13362121582031,84.4028549194336,22.27553367614746,71.48091888427734,77.82158660888672,89.08000183105469
2022-10-28,,72.81999969482422,371.2282409667969,153.16000366210938,83.70113372802734,83.82266235351562,22.014490127563477,71.3753433227539,77.8130874633789,87.9000015258789
2022-10-31,,71.52999877929688,368.5467529296875,151.91000366210938,83.32167053222656,83.22515869140625,21.857866287231445,71.26976013183594,77.8130874633789,86.52999877929688
2022-11-01,,73.12000274658203,366.9341125488281,153.4600067138672,83.30659484863281,84.00296783447266,22.18851661682129,71.20011901855469,77.81990051269531,88.37000274658203
2022-11-02,,74.08000183105469,357.7254638671875,152.38999938964844,83.16512298583984,83.63837432861328,22.38865089416504,71.16487121582031,77.84545135498047,90.0
2022-11-03,,73.29000091552734,354.0419921875,151.80999755859375,82.802490234375,83.18698120117188,22.371246337890625,71.03267669677734,77.87097930908203,88.16999816894531
2022-11-04,,76.81999969482422,359.13775634765625,156.47000122070312,82.62557983398438,81.78939056396484,23.128267288208008,71.11197662353516,77.88800811767578,92.61000061035156
2022-11-07,,76.55999755859375,362.5730895996094,155.85000610351562,82.3337173461914,80.97341918945312,22.928136825561523,71.05030059814453,77.87950134277344,91.79000091552734
2022-11-08,,74.47000122070312,364.5293273925781,159.4499969482422,82.8821029663086,81.85884857177734,22.649690628051758,71.12081146240234,77.88800811767578,88.91000366210938
2022-11-09,,71.66999816894531,357.01922607421875,158.64999389648438,83.16512298583984,82.12794494628906,22.127607345581055,71.23539733886719,77.93061065673828,85.83000183105469
2022-11-10,,72.23999786376953,376.6388854980469,163.47999572753906,85.03129577636719,85.28768157958984,22.327739715576172,71.62321472167969,77.93913269042969,86.47000122070312
2022-11-11,,74.37999725341797,380.2843017578125,164.55999755859375,84.85440826416016,84.97521209716797,22.754108428955078,71.60559844970703,77.93061065673828,88.95999908447266
2022-11-14,,71.91000366210938,377.0492858886719,164.9199981689453,84.65097045898438,84.76686096191406,22.41475486755371,71.54387664794922,77.93061065673828,85.87000274658203
2022-11-15,,73.25,380.26513671875,165.5,85.2789306640625,86.1384048461914,22.67579460144043,71.61437225341797,77.9476318359375,86.91999816894531
2022-11-16,,72.04000091552734,377.3641662597656,165.1199951171875,85.90691375732422,88.02213287353516,22.4234561920166,71.62321472167969,77.95616149902344,85.58999633789062
2022-11-17,,70.13999938964844,376.2095642089844,163.9199981689453,85.32318878173828,87.09329986572266,22.049297332763672,71.5350570678711,77.9817123413086,81.63999938964844
2022-11-18,,69.02999877929688,377.91766357421875,162.7899932861328,85.02245330810547,86.49432373046875,21.892671585083008,71.45574188232422,77.9817123413086,80.08000183105469
2022-11-21,,69.02999877929688,376.5435791015625,161.8800048828125,84.96939086914062,86.85893249511719,21.814359664916992,71.43809509277344,77.99020385742188,79.7300033569336
2022-11-22,,69.9800033569336,381.6107177734375,162.07000732421875,85.45584106445312,88.0915756225586,22.04059410095215,71.4909896850586,78.00724029541016,80.94999694824219
2022-11-23,,67.41000366210938,384.0154113769531,163.0800018310547,85.9157485961914,89.6280517578125,21.736045837402344,71.55269622802734,78.02426147460938,77.94000244140625
2022-11-25,,66.95999908447266,383.9295349121094,163.22000122070312,85.88921356201172,89.32423400878906,21.54461669921875,71.56151580810547,78.02426147460938,76.27999877929688
2022-11-28,,66.87999725341797,377.8032531738281,161.92999267578125,85.92459106445312,89.57596588134766,21.41409683227539,71.57917785644531,78.03276824951172,77.23999786376953
2022-11-29,,68.33999633789062,377.1542663574219,162.72999572753906,85.56196594238281,88.52559661865234,21.69253921508789,71.55269622802734,78.05833435058594,78.19999694824219
2022-11-30,,70.2300033569336,389.03485107421875,164.80999755859375,86.33148193359375,89.17666625976562,22.17981719970703,71.76423645019531,78.05833435058594,80.55000305175781
2022-12-01,,70.44999694824219,388.7485656738281,167.83999633789062,87.27437591552734,92.02545928955078,22.066699981689453,71.91880798339844,78.07542419433594,81.22000122070312
2022-12-02,,69.83999633789062,388.300048828125,167.25999450683594,87.45162200927734,93.18274688720703,21.831762313842773,71.9011459350586,78.0839614868164,79.9800033569336
2022-12-05,,67.72000122070312,381.3148498535156,164.38999938964844,86.56541442871094,91.87757110595703,21.26617431640625,71.697998046875,78.09249114990234,76.93000030517578
2022-12-06,,65.2300033569336,375.8183288574219,164.83999633789062,87.09713745117188,93.06092071533203,20.92681884765625,71.77747344970703,78.11811065673828,74.25
2022-12-07,,63.650001525878906,375.178955078125,166.3300018310547,87.8592758178711,95.25369262695312,20.822402954101562,71.9276123046875,78.11811065673828,72.01000213623047
2022-12-08,,62.709999084472656,378.1180725097656,166.47000122070312,87.36302185058594,94.99262237548828,20.787595748901367,71.85699462890625,78.16935729980469,71.45999908447266
2022-12-09,,62.849998474121094,375.29345703125,167.05999755859375,86.71605682373047,92.52144622802734,20.81369972229004,71.82167053222656,78.16079711914062,71.0199966430664
2022-12-12,,64.41000366210938,380.70416259765625,165.67999267578125,86.59201049804688,92.81729125976562,21.039934158325195,71.77747344970703,78.16935729980469,73.16999816894531
2022-12-13,,65.86000061035156,383.5860595703125,168.50999450683594,87.37186431884766,93.71355438232422,21.387990951538086,71.9894790649414,78.16935729980469,75.38999938964844
2022-12-14,,67.36000061035156,381.1335144042969,168.10000610351562,87.61116027832031,94.11380004882812,21.55331802368164,71.998291015625,78.19496154785156,77.27999877929688
2022-12-15,,66.1500015258789,371.8104248046875,165.35000610351562,87.78165435791016,94.48102569580078,21.29227638244629,72.0080337524414,78.21204376220703,76.11000061035156
2022-12-16,,64.9000015258789,367.42071533203125,166.7899932861328,87.55963897705078,93.42557525634766,21.022533416748047,72.07884979248047,78.21204376220703,74.29000091552734
2022-12-19,,66.06999969482422,364.30511474609375,166.32000732421875,86.84929656982422,91.8555908203125,20.983139038085938,71.99030303955078,78.22146606445312,75.19000244140625
2022-12-20,,66.22000122070312,364.8036193847656,169.0800018310547,86.21887969970703,90.22447967529297,21.07943344116211,71.99030303955078,78.23002624511719,76.08999633789062
2022-12-21,,68.05999755859375,370.2583312988281,168.8000030517578,86.32540130615234,90.45124816894531,21.350805282592773,72.06114959716797,78.23860168457031,78.29000091552734
2022-12-22,,67.69999694824219,364.97613525390625,166.75999450683594,86.29877471923828,90.43380737304688,21.07943344116211,72.01687622070312,78.28997039794922,77.48999786376953
2022-12-23,,69.31999969482422,367.0755920410156,167.25999450683594,85.90809631347656,89.1080093383789,21.4646053314209,71.98147583007812,78.28997039794922,79.55999755859375
2022-12-27,,69.52999877929688,365.6280822753906,168.6699981689453,85.18885040283203,87.34609985351562,21.65719223022461,71.88409423828125,78.28997039794922,79.52999877929688
2022-12-28,,68.58000183105469,361.0840759277344,167.91000366210938,84.98460388183594,86.83145904541016,21.41208267211914,71.88409423828125,78.3156967163086,78.95999908447266
2022-12-29,,68.52999877929688,367.5836486816406,168.85000610351562,85.40196228027344,87.81713104248047,21.385820388793945,71.93720245361328,78.3499526977539,78.4000015258789
2022-12-30,,70.11000061035156,366.6154479980469,169.63999938964844,85.0467529296875,86.84017944335938,21.578407287597656,71.84869384765625,78.34136962890625,80.26000213623047
2023-01-03,,67.63999938964844,365.0720520019531,171.05999755859375,85.71273040771484,88.49745178222656,21.061925888061523,71.91068267822266,78.3499526977539,76.93000030517578
2023-01-04,,64.30000305175781,367.8905029296875,172.6699981689453,86.36979675292969,89.70984649658203,20.685508728027344,71.98147583007812,78.34136962890625,72.83999633789062
2023-01-05,,64.77999877929688,363.6915588378906,170.52000427246094,86.24551391601562,90.08490753173828,20.580461502075195,71.88409423828125,78.3670654296875,73.66999816894531
2023-01-06,,64.83000183105469,372.0318298339844,173.7100067138672,87.35542297363281,91.74217224121094,20.69426155090332,72.15850067138672,78.35848236083984,73.7699966430664
2023-01-09,,65.87999725341797,371.8209228515625,174.10000610351562,87.57738494873047,92.23063659667969,20.93937110900879,72.22930145263672,78.37562561035156,74.62999725341797
2023-01-10,,65.9000015258789,374.4283752441406,174.74000549316406,87.0268783569336,90.7042007446289,20.93937110900879,72.16736602783203,78.3670654296875,75.12000274658203
2023-01-11,,68.05000305175781,379.16412353515625,174.6199951171875,87.58627319335938,92.17832946777344,21.3157901763916,72.22930145263672,78.3670654296875,77.41000366210938
2023-01-12,,68.61000061035156,380.5445556640625,176.63999938964844,88.36769104003906,93.99256134033203,21.49086570739746,72.3886489868164,78.42700958251953,78.38999938964844
2023-01-13,,70.05000305175781,382.0209655761719,178.75999450683594,87.89707946777344,93.11162567138672,21.700963973999023,72.26473236083984,78.43559265136719,79.86000061035156
2023-01-17,,70.86000061035156,381.3211364746094,177.58999633789062,87.62178039550781,92.5097427368164,21.849777221679688,72.30897521972656,78.43559265136719,80.18000030517578
2023-01-18,,69.51000213623047,375.3008117675781,177.0800018310547,88.81163024902344,94.75141906738281,21.613422393798828,72.46829986572266,78.44415283203125,79.4800033569336
2023-01-19,,70.58999633789062,372.56866455078125,179.88999938964844,88.6429214477539,94.15827941894531,21.832271575927734,72.45061492919922,78.4783935546875,80.33000183105469
2023-01-20,,71.55000305175781,379.50933837890625,179.2899932861328,88.05687713623047,92.6318588256836,21.963579177856445,72.3886489868164,78.48696899414062,81.30999755859375
2023-01-23,,71.5,384.06292724609375,179.6300048828125,87.77273559570312,92.19574737548828,22.016101837158203,72.31784057617188,78.48696899414062,81.62000274658203
2023-01-24,,70.22000122070312,383.650634765625,180.27999877929688,88.27888488769531,93.52156829833984,21.89354705810547,72.34439086914062,78.49552154541016,80.12999725341797
2023-01-25,,70.51000213623047,383.79443359375,181.11000061035156,88.3765640258789,93.74832153320312,21.832271575927734,72.3886489868164,78.50406646728516,80.1500015258789
2023-01-26,,70.93000030517578,388.0124206542969,179.47000122070312,88.05687713623047,93.31221771240234,21.92856216430664,72.34439086914062,78.54690551757812,81.01000213623047
2023-01-27,,69.5,388.90399169921875,179.22000122070312,87.92369079589844,93.07671356201172,21.683454513549805,72.34439086914062,78.55548095703125,79.68000030517578
2023-01-30,,68.0999984741211,384.0245056152344,178.75999450683594,87.64842224121094,92.73653411865234,21.403329849243164,72.27357482910156,78.55548095703125,77.9000015258789
2023-01-31,,69.31999969482422,389.6709899902344,179.41000366210938,88.09239959716797,93.4779281616211,21.770994186401367,72.4063491821289,78.56404113769531,78.87000274658203
2023-02-01,,67.36000061035156,393.81231689453125,181.6699981689453,88.72596740722656,94.60166931152344,21.359560012817383,72.53228759765625,78.56924438476562,76.41000366210938
2023-02-02,,66.56999969482422,399.5450439453125,177.89999389648438,88.69035339355469,94.72408294677734,21.20198631286621,72.54114532470703,78.60359191894531,75.87999725341797
2023-02-03,,64.4000015258789,395.2981872558594,173.4600067138672,87.73824310302734,93.30740356445312,20.668001174926758,72.27508544921875,78.62080383300781,73.38999938964844
2023-02-06,,65.5,392.8824768066406,173.82000732421875,86.98189544677734,92.61658477783203,20.729276657104492,72.07112884521484,78.6293716430664,74.11000061035156
2023-02-07,,67.76000213623047,398.0207214355469,173.97999572753906,86.7683334350586,91.87326049804688,21.123201370239258,72.10660552978516,78.63795471191406,77.13999938964844
2023-02-08,,68.68000030517578,393.6685485839844,174.41000366210938,87.08867645263672,92.31050109863281,21.16697120666504,72.13321685791016,78.63795471191406,78.47000122070312
2023-02-09,,67.91999816894531,390.2557067871094,173.02999877929688,86.69713592529297,91.4360122680664,21.000648498535156,72.08000183105469,78.66378021240234,78.05999755859375
2023-02-10,,69.87000274658203,391.16644287109375,173.36000061035156,86.2789077758789,90.41285705566406,21.298282623291016,72.04454040527344,78.67234802246094,79.72000122070312
2023-02-13,,69.5,395.75830078125,172.47999572753906,86.48358154296875,91.17369079589844,21.254512786865234,72.06226348876953,78.68956756591797,80.13999938964844
2023-02-14,,69.4000015258789,395.57623291015625,172.61000061035156,86.0920639038086,90.96382141113281,21.324542999267578,71.9114990234375,78.68956756591797,79.05999755859375
2023-02-15,,69.0199966430664,396.86077880859375,170.88999938964844,85.8340072631836,90.11556243896484,21.096940994262695,71.92037963867188,78.7067642211914,78.58999633789062
2023-02-16,,68.44999694824219,391.3965148925781,170.75,85.54924011230469,88.83879089355469,21.03566551208496,71.92925262451172,78.74971008300781,78.48999786376953
2023-02-17,,67.0199966430664,390.4186706542969,171.25999450683594,85.78951263427734,89.52965545654297,20.878093719482422,71.9913330078125,78.75833892822266,76.33999633789062
2023-02-21,,66.69000244140625,382.5865783691406,170.6199951171875,84.85515594482422,87.78943634033203,20.904356002807617,71.84944152832031,78.75833892822266,76.16000366210938
2023-02-22,,64.91999816894531,382.059326171875,169.66000366210938,85.00642395019531,88.59395599365234,20.632984161376953,71.88489532470703,78.78412628173828,73.94999694824219
2023-02-23,,66.37999725341797,384.09161376953125,169.57000732421875,85.33568572998047,89.45970153808594,20.79055404663086,71.92925262451172,78.80992126464844,75.38999938964844
2023-02-24,,67.0999984741211,379.9886169433594,168.35000610351562,84.81959533691406,88.29662322998047,20.720523834228516,71.7784652709961,78.81847381591797,76.31999969482422
2023-02-27,,66.25,381.2828369140625,169.00999450683594,85.07762908935547,88.5414810180664,20.73802947998047,71.84054565429688,78.82710266113281,75.68000030517578
2023-02-28,,67.20999908447266,379.8735656738281,169.77999877929688,85.21110534667969,88.94373321533203,20.799306869506836,71.82282257080078,78.83568572998047,77.05000305175781
2023-03-01,,68.06999969482422,378.4164123535156,170.75999450683594,84.52986907958984,87.98822784423828,21.158218383789062,71.69134521484375,78.84001159667969,77.69000244140625
2023-03-02,,68.30000305175781,381.3594665527344,170.66000366210938,84.18209838867188,87.20801544189453,21.07943344116211,71.71796417236328,78.8658447265625,78.16000366210938
2023-03-03,,69.86000061035156,387.47564697265625,172.49000549316406,84.85979461669922,89.32068634033203,21.41208267211914,71.76240539550781,78.88311767578125,79.68000030517578
2023-03-06,,70.48999786376953,387.7441101074219,171.6199951171875,84.70819091796875,88.6281509399414,21.307035446166992,71.72686767578125,78.89171600341797,80.45999908447266
2023-03-07,,67.8499984741211,381.8004150390625,168.6199951171875,84.71710205078125,89.17168426513672,20.869340896606445,71.5758285522461,78.89171600341797,77.58000183105469
2023-03-08,,67.0999984741211,382.423583984375,168.5399932861328,84.69036102294922,89.25933074951172,20.755537033081055,71.5402603149414,78.90896606445312,76.66000366210938
2023-03-09,,66.23999786376953,375.3679504394531,170.1999969482422,85.2164535522461,89.47850799560547,20.501676559448242,71.77127075195312,78.92621612548828,75.72000122070312
2023-03-10,,67.13999938964844,369.9515686035156,173.8699951171875,86.7857894897461,92.56425476074219,20.720523834228516,72.16227722167969,78.94345092773438,76.68000030517578
2023-03-13,,65.25,369.42431640625,177.86000061035156,87.83795928955078,92.77465057373047,20.589214324951172,72.88201904296875,78.960693359375,74.80000305175781
2023-03-14,,62.93000030517578,375.5308837890625,176.8300018310547,87.00869750976562,91.2492904663086,20.326595306396484,72.60653686523438,78.96929168701172,71.33000183105469
2023-03-15,,60.02000045776367,373.1822814941406,178.2100067138672,88.26593780517578,93.01134490966797,19.853885650634766,73.03308868408203,79.01241302490234,67.61000061035156
2023-03-16,,60.04999923706055,379.7297058105469,178.57000732421875,87.47236633300781,92.2837142944336,19.915163040161133,72.73986053466797,79.04688262939453,68.3499984741211
2023-03-17,,58.65999984741211,375.2896728515625,183.77000427246094,88.50672912597656,93.66883087158203,19.853885650634766,73.10415649414062,79.06413269042969,66.73999786376953
2023-03-20,,59.790000915527344,378.8983459472656,183.83999633789062,88.15005493164062,92.84479522705078,19.93267059326172,73.01531219482422,79.0727310180664,67.63999938964844
2023-03-21,,61.22999954223633,383.87347412109375,180.3699951171875,87.38320922851562,92.04704284667969,20.002700805664062,72.73986053466797,79.0727310180664,69.33000183105469
2023-03-22,,61.61000061035156,377.3298034667969,183.44000244140625,88.533447265625,93.27435302734375,20.055225372314453,73.07752227783203,79.08997344970703,70.9000015258789
2023-03-23,,60.9900016784668,378.3498229980469,185.74000549316406,89.04167938232422,93.27435302734375,20.002700805664062,73.29076385498047,79.12446594238281,69.95999908447266
2023-03-24,,60.959999084472656,380.8326110839844,183.64999389648438,89.0684585571289,93.66883087158203,20.0989933013916,73.32632446289062,79.14169311523438,69.26000213623047
2023-03-27,,64.1500015258789,381.5447082519531,181.9499969482422,87.97172546386719,91.46846008300781,20.475414276123047,73.01531219482422,79.13311767578125,72.80999755859375
2023-03-28,,64.55000305175781,380.688232421875,183.44000244140625,87.9181900024414,91.63502502441406,20.571706771850586,72.93534851074219,79.15032958984375,73.19999694824219
2023-03-29,,64.1500015258789,386.2215270996094,182.52999877929688,87.76659393310547,91.450927734375,20.440397262573242,72.90868377685547,79.15032958984375,72.97000122070312
2023-03-30,,65.31999969482422,388.48291015625,184.17999267578125,87.9003677368164,91.87171936035156,20.589214324951172,72.91754913330078,79.16754913330078,74.37000274658203
2023-03-31,,66.44000244140625,393.9584655761719,183.22000122070312,88.38188171386719,93.24803161621094,20.781801223754883,73.00646209716797,79.15032958984375,75.66999816894531
2023-04-03,,70.2699966430664,395.4595947265625,184.5399932861328,88.79818725585938,93.68659973144531,21.123201370239258,73.0954818725586,79.16937255859375,80.41999816894531
2023-04-04,,70.2699966430664,393.26556396484375,187.97999572753906,89.3699951171875,94.15237426757812,21.096940994262695,73.2646484375,79.17802429199219,80.70999908447266
2023-04-05,,70.23999786376953,392.2359313964844,187.8300018310547,89.7452392578125,95.13670349121094,21.17572784423828,73.3626480102539,79.22128295898438,80.61000061035156
2023-04-06,,70.26000213623047,393.7659606933594,186.49000549316406,89.77205657958984,95.38279724121094,21.114450454711914,73.3359146118164,79.22997283935547,80.69999694824219
2023-04-10,,69.76000213623047,394.17010498046875,185.11000061035156,88.8875503540039,93.84477996826172,21.114450454711914,73.0776596069336,79.23858642578125,79.73999786376953
2023-04-11,,71.06999969482422,394.2760009765625,186.27999877929688,88.851806640625,94.03812408447266,21.22825050354004,73.06877899169922,79.24727630615234,81.52999877929688
2023-04-12,,72.43000030517578,392.6689147949219,187.19000244140625,89.11093139648438,93.94148254394531,21.394577026367188,73.14893341064453,79.26458740234375,83.26000213623047
2023-04-13,,71.80000305175781,397.8846740722656,189.72000122070312,88.81610107421875,93.2032241821289,21.394577026367188,73.19343566894531,79.30782318115234,82.16000366210938
2023-04-14,,72.08999633789062,396.9126892089844,186.36000061035156,88.37828063964844,92.3507308959961,21.42083740234375,73.02423858642578,79.30782318115234,82.5199966430664
2023-04-17,,70.83999633789062,398.3369140625,185.52999877929688,87.8154067993164,91.25213623046875,21.33329963684082,72.9173583984375,79.32516479492188,80.83000183105469
2023-04-18,,70.7300033569336,398.5967102050781,186.25,87.9583740234375,91.57732391357422,21.37706756591797,72.89958190917969,79.33382415771484,80.86000061035156
2023-04-19,,69.30000305175781,398.5294189453125,185.36000061035156,87.770751953125,91.48942565917969,21.07943344116211,72.83724212646484,79.34245300292969,79.16000366210938
2023-04-20,,67.5999984741211,396.3545227050781,186.08999633789062,88.28002166748047,92.27162170410156,20.895601272583008,73.01533508300781,79.40306854248047,77.29000091552734
2023-04-21,,68.20999908447266,396.6625671386719,184.25,88.06558990478516,91.75308227539062,20.851831436157227,72.97080993652344,79.39439392089844,77.87000274658203
2023-04-24,,69.25,397.0763854980469,184.80999755859375,88.49443817138672,92.64073944091797,21.018156051635742,73.05094909667969,79.40306854248047,78.76000213623047
2023-04-25,,67.62000274658203,390.7731628417969,185.75,89.3699951171875,94.00297546386719,20.720523834228516,73.3359146118164,79.39439392089844,77.06999969482422
2023-04-26,,65.36000061035156,389.1180114746094,184.74000549316406,89.02156066894531,93.0010757446289,20.405380249023438,73.24687957763672,79.41168975830078,74.30000305175781
2023-04-27,,65.80999755859375,396.8646240234375,184.75,88.4408187866211,92.07825469970703,20.431642532348633,73.10437774658203,79.43766784667969,74.76000213623047
2023-04-28,,67.5,400.25189208984375,184.8000030517578,89.10198211669922,93.56356811523438,20.624231338500977,73.18452453613281,79.43766784667969,76.77999877929688
2023-05-01,,66.55000305175781,399.8478088378906,183.97000122070312,88.05323791503906,90.86566925048828,20.44915199279785,73.02473449707031,79.44029235839844,75.66000366210938
2023-05-02,,63.04999923706055,395.353759765625,187.52000427246094,89.1995849609375,93.13006591796875,19.985193252563477,73.26576232910156,79.42292785644531,71.66000366210938
2023-05-03,,60.310001373291016,392.6400451660156,189.11000061035156,89.78174591064453,93.64989471435547,19.73133087158203,73.44427490234375,79.43160247802734,68.5999984741211
2023-05-04,,60.70000076293945,389.8590393066406,190.44000244140625,89.76380920410156,92.72476196289062,19.810115814208984,73.56033325195312,79.4576416015625,68.55999755859375
2023-05-05,,63.029998779296875,397.0763854980469,187.4600067138672,89.28018951416016,92.4163589477539,20.25656509399414,73.3818130493164,79.47503662109375,71.33999633789062
2023-05-08,,64.26000213623047,397.18212890625,187.69000244140625,88.73389434814453,91.1211929321289,20.35285758972168,73.26576232910156,79.48372650146484,73.16000366210938
2023-05-09,,64.87000274658203,395.44036865234375,189.02000427246094,88.62641906738281,90.79519653320312,20.414134979248047,73.2479019165039,79.4924087524414,73.70999908447266
2023-05-10,,64.38999938964844,397.2880554199219,188.75,89.28914642333984,91.67626190185547,20.35285758972168,73.4264144897461,79.5011215209961,72.55999755859375
2023-05-11,,63.25,396.59515380859375,187.1300048828125,89.62049102783203,92.64546203613281,20.002700805664062,73.4710693359375,79.55326080322266,70.87000274658203
2023-05-12,,62.06999969482422,396.0754699707031,186.80999755859375,89.08319091796875,91.87013244628906,19.84513282775879,73.3460922241211,79.57063293457031,70.04000091552734
2023-05-15,,62.9900016784668,397.44195556640625,187.2100067138672,88.88613891601562,90.91856384277344,20.07273292541504,73.35501098632812,79.57930755615234,71.11000061035156
2023-05-16,,62.540000915527344,394.7860412597656,184.8699951171875,88.59957885742188,90.64540100097656,19.853885650634766,73.26576232910156,79.57063293457031,70.86000061035156
2023-05-17,,64.5999984741211,399.57830810546875,184.22999572753906,88.31293487548828,90.38107299804688,20.090242385864258,73.18543243408203,79.58799743652344,72.83000183105469
2023-05-18,,64.04000091552734,403.42755126953125,181.83999633789062,87.76663970947266,89.71145629882812,19.906410217285156,73.05152893066406,79.6314468383789,71.86000061035156
2023-05-19,,63.900001525878906,402.84051513671875,183.63999938964844,87.43529510498047,89.07709503173828,19.880146026611328,72.99796295166016,79.6314468383789,71.55000305175781
2023-05-22,,63.90999984741211,403.0041198730469,183.2100067138672,87.27408599853516,88.7599105834961,19.897655487060547,72.97119140625,79.64013671875,71.98999786376953
2023-05-23,,64.87000274658203,398.48126220703125,183.42999267578125,87.41736602783203,89.0154037475586,19.976438522338867,72.9622802734375,79.64013671875,72.91000366210938
2023-05-24,,65.66000366210938,395.5943298339844,181.9499969482422,87.1934814453125,88.57489776611328,19.985193252563477,72.87301635742188,79.64013671875,74.33999633789062
2023-05-25,,64.08999633789062,399.0201721191406,180.1999969482422,86.64720153808594,88.35460662841797,19.67005157470703,72.71233367919922,79.69225311279297,71.83000183105469
2023-05-26,,64.80000305175781,404.1877746582031,180.9199981689453,86.80838012695312,89.06831359863281,19.985193252563477,72.69447326660156,79.70964813232422,72.66999816894531
2023-05-30,,62.29999923706055,404.34173583984375,182.0399932861328,87.4890365600586,89.95817565917969,19.521236419677734,72.83731079101562,79.71830749511719,69.45999908447266
2023-05-31,,60.630001068115234,402.09954833984375,182.32000732421875,87.82038116455078,90.7423324584961,19.302387237548828,72.9087142944336,79.7357177734375,68.08999633789062
2023-06-01,,62.54999923706055,405.9198913574219,183.75999450683594,88.06455993652344,91.0983657836914,19.617528915405273,73.0223159790039,79.7801742553711,70.0999984741211
2023-06-02,,64.1500015258789,411.78997802734375,181.0500030517578,87.36436462402344,90.10010528564453,19.871395111083984,72.81653594970703,79.7889175415039,71.73999786376953
2023-06-05,,64.02999877929688,411.0008850097656,182.13999938964844,87.33743286132812,89.93223571777344,19.81886863708496,72.83445739746094,79.7889175415039,72.1500015258789
2023-06-06,,63.790000915527344,411.8958435058594,182.33999633789062,87.39130401611328,90.46229553222656,19.84513282775879,72.79865264892578,79.8063735961914,71.73999786376953
2023-06-07,,64.70999908447266,410.4715881347656,180.14999389648438,86.75394439697266,89.11946105957031,19.923917770385742,72.7449722290039,79.8150863647461,72.52999877929688
2023-06-08,,63.459999084472656,412.9543151855469,182.52999877929688,87.33743286132812,90.16191101074219,19.95893096923828,72.86127471923828,79.85872650146484,71.29000091552734
2023-06-09,,62.93000030517578,413.6953125,182.0399932861328,87.02324676513672,90.03825378417969,19.83637809753418,72.72705841064453,79.86742401123047,70.16999816894531
2023-06-12,,60.2400016784668,417.44830322265625,181.8800048828125,87.16686248779297,90.30326080322266,19.565006256103516,72.78970336914062,79.87616729736328,67.12000274658203
2023-06-13,,62.13999938964844,420.2005615234375,180.5399932861328,86.54744720458984,89.41102600097656,19.82762336730957,72.65550231933594,79.89362335205078,69.41999816894531
2023-06-14,,61.83000183105469,420.7008972167969,180.63999938964844,86.66413879394531,90.1265869140625,19.871395111083984,72.61075592041016,79.91106414794922,68.2699966430664
2023-06-15,,63.40999984741211,425.9166564941406,181.91000366210938,87.33743286132812,90.99231719970703,20.291582107543945,72.76285552978516,79.94593811035156,70.62000274658203
2023-06-16,,64.3499984741211,424.4658203125,181.6300048828125,86.96041107177734,90.63895416259766,20.54544448852539,72.6644287109375,79.9546890258789,71.77999877929688
2023-06-20,,63.91999816894531,422.263671875,179.75,87.22073364257812,91.2662124633789,20.36161231994629,72.69129943847656,79.97209930419922,70.5
2023-06-21,,65.04000091552734,420.1000671386719,179.49000549316406,87.30152130126953,91.48705291748047,20.65924835205078,72.69129943847656,79.97209930419922,72.52999877929688
2023-06-22,,62.52000045776367,421.6164855957031,177.7100067138672,86.8077621459961,90.38276672363281,20.27407455444336,72.61075592041016,80.00701141357422,69.51000213623047
2023-06-23,,62.41999816894531,418.4291076660156,178.1999969482422,87.16686248779297,91.28387451171875,20.055225372314453,72.6733627319336,80.01573181152344,69.16000366210938
2023-06-26,,62.72999954223633,416.71954345703125,178.50999450683594,87.3823013305664,91.38104248046875,20.08148765563965,72.72705841064453,80.02445220947266,69.37000274658203
2023-06-27,,61.29999923706055,421.28814697265625,177.69000244140625,87.07707977294922,91.14254760742188,19.757591247558594,72.61969757080078,80.0418930053711,67.69999694824219
2023-06-28,,62.52000045776367,421.5006408691406,177.27999877929688,87.42719268798828,91.53123474121094,19.696313858032227,72.70021057128906,80.0506362915039,69.55999755859375
2023-06-29,,62.959999084472656,423.16192626953125,177.08999633789062,86.52949523925781,89.87924194335938,19.705068588256836,72.52127075195312,80.0768051147461,69.86000061035156
2023-06-30,,63.54999923706055,428.15545654296875,178.27000427246094,86.718017578125,90.9393310546875,19.871395111083984,72.5481185913086,80.10297393798828,70.63999938964844
2023-07-03,,63.38999938964844,428.64813232421875,178.47000122070312,86.34185028076172,90.42379760742188,19.871395111083984,72.46379089355469,80.12311553955078,69.79000091552734
2023-07-05,,64.62999725341797,428.01068115234375,177.83999633789062,85.92791748046875,89.56454467773438,19.993947982788086,72.44584655761719,80.13186645507812,71.79000091552734
2023-07-06,,64.44000244140625,424.6590270996094,177.30999755859375,85.22603607177734,88.29783630371094,19.950178146362305,72.40100860595703,80.15814971923828,71.80000305175781
2023-07-07,,65.8499984741211,423.58685302734375,178.63999938964844,85.11807250976562,87.76636505126953,20.11650276184082,72.48174285888672,80.16690826416016,73.86000061035156
2023-07-10,,65.54000091552734,424.6590270996094,178.77999877929688,85.55899047851562,87.88151550292969,20.1602725982666,72.58938598632812,80.18443298339844,72.98999786376953
2023-07-11,,67.02999877929688,427.363525390625,179.4499969482422,85.73896789550781,88.33328247070312,20.39662742614746,72.58042907714844,80.19319915771484,74.83000183105469
2023-07-12,,67.87000274658203,430.8020324707031,181.8800048828125,86.57582092285156,89.31651306152344,20.54544448852539,72.79570007324219,80.2107162475586,75.75
2023-07-13,,69.08999633789062,434.22125244140625,182.00999450683594,87.29574584960938,90.2554931640625,20.834321975708008,73.00204467773438,80.24575805664062,76.88999938964844
2023-07-14,,67.47000122070312,433.9508056640625,181.42999267578125,86.86380767822266,89.72401428222656,20.69426155090332,72.81360626220703,80.25450897216797,75.41999816894531
2023-07-17,,66.58000183105469,435.4575500488281,181.55999755859375,87.0077896118164,89.76827239990234,20.527936935424805,72.84056854248047,80.2632827758789,74.1500015258789
2023-07-18,,67.95999908447266,438.6932678222656,183.63999938964844,87.10673522949219,90.17575073242188,20.799306869506836,72.84056854248047,80.2632827758789,75.75
2023-07-19,,67.69000244140625,439.6688232421875,183.6699981689453,87.40371704101562,91.19442749023438,20.913108825683594,72.86746215820312,80.28079986572266,75.3499984741211
2023-07-20,,68.05000305175781,436.7518310546875,182.74000549316406,86.71083068847656,90.08717346191406,20.97438621520996,72.77774810791016,80.3246078491211,75.62999725341797
2023-07-21,,68.98999786376953,436.7518310546875,182.17999267578125,86.7828140258789,90.11375427246094,21.08818817138672,72.78673553466797,80.3246078491211,77.06999969482422
2023-07-24,,70.69000244140625,438.70294189453125,181.39999389648438,86.57582092285156,89.7860336303711,21.4646053314209,72.69703674316406,80.33333587646484,78.73999786376953
2023-07-25,,71.16000366210938,439.900634765625,182.41000366210938,86.41385650634766,89.61771392822266,21.543392181396484,72.68804931640625,80.34210968017578,79.62999725341797
2023-07-26,,70.66000366210938,439.96826171875,183.3000030517578,86.71083068847656,89.7062759399414,21.438344955444336,72.75983428955078,80.35087585449219,78.77999877929688
2023-07-27,,71.43000030517578,437.05126953125,180.4199981689453,85.76597595214844,87.96125030517578,21.385820388793945,72.65215301513672,80.39466857910156,80.08999633789062
2023-07-28,,72.08999633789062,441.33013916015625,181.86000061035156,86.04492950439453,88.41300201416016,21.51712989807129,72.75086975097656,80.40342712402344,80.58000183105469
2023-07-31,,73.16999816894531,442.17047119140625,182.35000610351562,86.15290832519531,88.6256103515625,21.60466957092285,72.768798828125,80.4122085571289,81.80000305175781
2023-08-01,,72.95999908447266,440.9051818847656,180.4600067138672,85.64948272705078,87.17330169677734,21.49086570739746,72.7076416015625,80.43328857421875,81.37000274658203
2023-08-02,,71.4800033569336,434.7718505859375,179.60000610351562,85.47808837890625,86.2406234741211,21.16697120666504,72.74361419677734,80.44209289550781,79.48999786376953
2023-08-03,,73.13999938964844,433.5257873535156,179.5399932861328,84.84660339355469,84.25096130371094,21.36831283569336,72.77061462402344,80.4772720336914,81.55000305175781
2023-08-04,,73.79000091552734,431.56500244140625,180.19000244140625,85.74872589111328,85.74320983886719,21.403329849243164,72.91451263427734,80.4948959350586,82.81999969482422
2023-08-07,,73.81999969482422,435.3320007324219,179.77999877929688,85.54125213623047,84.8993911743164,21.41208267211914,72.94149017333984,80.4948959350586,81.94000244140625
2023-08-08,,74.05999755859375,433.43890380859375,178.63999938964844,85.9742660522461,85.88534545898438,21.385820388793945,72.97744750976562,80.5124740600586,82.91999816894531
2023-08-09,,75.0999984741211,430.5412292480469,177.7899932861328,86.02841186523438,86.32948303222656,21.534637451171875,72.93248748779297,80.52127838134766,84.4000015258789
2023-08-10,,74.19999694824219,430.69573974609375,177.60000610351562,85.36984252929688,84.90824127197266,21.42083740234375,72.89652252197266,80.56526184082031,82.81999969482422
2023-08-11,,74.25,430.4447021484375,177.60000610351562,84.91875457763672,84.71281433105469,21.385820388793945,72.82455444335938,80.57405853271484,83.19000244140625
2023-08-14,,73.80999755859375,432.82073974609375,177.05999755859375,84.783447265625,84.52629852294922,21.280773162841797,72.76158905029297,80.58284759521484,82.51000213623047
2023-08-15,,72.62000274658203,427.77886962890625,176.58999633789062,84.62106323242188,84.0111083984375,21.026912689208984,72.78858947753906,80.59164428710938,80.98999786376953
2023-08-16,,71.37000274658203,424.6398010253906,175.57000732421875,84.2962875366211,83.35382080078125,20.93937110900879,72.75259399414062,80.6092529296875,79.37999725341797
2023-08-17,,71.9800033569336,421.404052734375,175.3000030517578,84.18800354003906,82.99851989746094,20.99189567565918,72.83354187011719,80.64443969726562,80.38999938964844
2023-08-18,,72.79000091552734,421.6068420410156,175.3300018310547,84.44062805175781,83.29161834716797,21.140708923339844,72.86054992675781,80.65323638916016,81.25
2023-08-21,,72.58000183105469,424.3499450683594,175.80999755859375,83.9173812866211,82.1812973022461,21.08818817138672,72.77959442138672,80.66203308105469,80.72000122070312
2023-08-22,,72.27999877929688,423.20050048828125,176.10000610351562,83.9534683227539,82.81198120117188,21.096940994262695,72.74361419677734,80.67084503173828,80.3499984741211
2023-08-23,,71.36000061035156,427.9140930175781,177.88999938964844,84.86463928222656,84.86383819580078,21.140708923339844,72.87852478027344,80.68840789794922,78.88999938964844
2023-08-24,,71.41000366210938,421.983642578125,177.85000610351562,84.54888916015625,84.30424499511719,21.158218383789062,72.83354187011719,80.71479797363281,79.05000305175781
2023-08-25,,72.44999694824219,424.9585266113281,177.6199951171875,84.5218276977539,84.57960510253906,21.36831283569336,72.78858947753906,80.7323989868164,79.83000183105469
2023-08-28,,72.41000366210938,427.6532897949219,178.1300048828125,84.75637817382812,84.66841888427734,21.33329963684082,72.83354187011719,80.75,80.0999984741211
2023-08-29,,73.31999969482422,433.83489990234375,179.8699951171875,85.36083984375,85.54778289794922,21.41208267211914,72.99545288085938,80.74119567871094,81.16000366210938
2023-08-30,,73.66000366210938,435.62176513671875,180.32000732421875,85.35179901123047,85.45896911621094,21.438344955444336,72.99545288085938,80.75882720947266,81.62999725341797
2023-08-31,,75.05999755859375,434.9842834472656,180.02000427246094,85.52320098876953,85.84090423583984,21.525882720947266,73.06741333007812,80.81157684326172,83.62999725341797
2023-09-01,,76.91999816894531,435.7956848144531,180.11000061035156,85.00045013427734,84.503662109375,21.779747009277344,73.02770233154297,80.82482147216797,85.55000305175781
2023-09-05,,77.76000213623047,433.9122009277344,178.63999938964844,84.48490905761719,83.31871795654297,21.884794235229492,72.93755340576172,80.84251403808594,86.69000244140625
2023-09-06,,78.5199966430664,430.9952087402344,177.8300018310547,84.26782989501953,83.52363586425781,21.93731689453125,72.85640716552734,80.84251403808594,87.54000091552734
2023-09-07,,77.94999694824219,429.67193603515625,178.02000427246094,84.55724334716797,83.75529479980469,21.89354705810547,72.99166107177734,80.88668823242188,86.87000274658203
2023-09-08,,78.30000305175781,430.3191223144531,178.0800018310547,84.57534790039062,84.07599639892578,21.93731689453125,72.95560455322266,80.89553833007812,87.51000213623047
2023-09-11,,78.37000274658203,433.1491394042969,178.41000366210938,84.43062591552734,83.47017669677734,22.068626403808594,72.97361755371094,80.89553833007812,87.29000091552734
2023-09-12,,79.69999694824219,430.77301025390625,177.49000549316406,84.54821014404297,83.9512939453125,22.147411346435547,72.93755340576172,80.92203521728516,88.83999633789062
2023-09-13,,79.68000030517578,431.2752990722656,177.0800018310547,84.647705078125,83.93345642089844,22.217443466186523,73.00067901611328,80.93087768554688,88.5199966430664
2023-09-14,,81.12000274658203,434.99395751953125,177.1699981689453,84.45777130126953,83.32763671875,22.401275634765625,72.9826431274414,80.95738220214844,90.16000366210938
2023-09-15,,81.29000091552734,429.7530517578125,178.33999633789062,84.19546508789062,82.81978607177734,22.348752975463867,72.94654846191406,80.97505187988281,90.7699966430664
2023-09-18,,81.44999694824219,430.0050048828125,179.38999938964844,84.27689361572266,83.29200744628906,22.339998245239258,72.93755340576172,80.98390197753906,91.4800033569336
2023-09-19,,81.5,429.11328125,179.22000122070312,83.96935272216797,82.67726135253906,22.357505798339844,72.88346099853516,80.99273681640625,91.19999694824219
2023-09-20,,80.13999938964844,425.1683044433594,179.35000610351562,83.90604400634766,82.93560791015625,22.173673629760742,72.83837890625,81.00157165527344,90.27999877929688
2023-09-21,,80.41000366210938,418.1409912109375,178.0500030517578,83.28197479248047,80.80634307861328,22.1036434173584,72.87442779541016,81.04573822021484,89.62999725341797
2023-09-22,,80.62999725341797,417.20074462890625,178.6199951171875,83.60758209228516,81.4566879272461,22.121150970458984,72.94654846191406,81.05457305908203,90.02999877929688
2023-09-25,,80.38999938964844,418.9552001953125,177.6999969482422,82.9925537109375,79.4521484375,22.016101837158203,72.91954040527344,81.0634536743164,89.68000030517578
2023-09-26,,80.87999725341797,412.8001708984375,176.27999877929688,82.96542358398438,79.17594909667969,21.98984146118164,72.92852783203125,81.07223510742188,90.38999938964844
2023-09-27,,82.9000015258789,412.9649353027344,174.10000610351562,82.5946044921875,78.76614379882812,22.112396240234375,72.87442779541016,81.0987548828125,93.68000030517578
2023-09-28,,81.56999969482422,415.3590393066406,173.22999572753906,82.82069396972656,79.0066909790039,22.08613395690918,73.00067901611328,81.12528228759766,91.70999908447266
2023-09-29,,80.86000061035156,414.35101318359375,171.4499969482422,82.83877563476562,79.0156021118164,21.849777221679688,73.00968170166016,81.13410186767578,90.79000091552734
2023-10-02,,79.38999938964844,414.1862487792969,169.64999389648438,82.16682434082031,77.69284057617188,21.683454513549805,72.93647766113281,81.14654541015625,88.81999969482422
2023-10-03,,79.93000030517578,408.64190673828125,169.16000366210938,81.4867172241211,76.02156066894531,21.587160110473633,72.88223266601562,81.16426849365234,89.2300033569336
2023-10-04,,75.58999633789062,411.61767578125,169.13999938964844,82.00361633300781,77.09402465820312,20.983139038085938,73.0449447631836,81.17316436767578,84.22000122070312
2023-10-05,,73.98999786376953,411.4625244140625,168.8300018310547,82.15775299072266,76.7097396850586,20.860584259033203,73.11725616455078,81.22640228271484,82.30999755859375
2023-10-06,,74.16000366210938,416.3477783203125,169.6999969482422,81.67715454101562,75.78022766113281,20.93937110900879,73.0539779663086,81.22640228271484,82.79000091552734
2023-10-09,,77.12999725341797,419.0133056640625,172.82000732421875,82.7199935913086,77.55880737304688,21.37706756591797,73.27096557617188,81.23526763916016,86.37999725341797
2023-10-10,,76.70999908447266,421.1942138671875,172.52999877929688,82.5567626953125,77.4515609741211,21.324542999267578,73.22574615478516,81.23526763916016,85.97000122070312
2023-10-11,,75.66999816894531,422.9195556640625,173.7899932861328,83.01017761230469,79.0692138671875,21.20198631286621,73.20767211914062,81.25302124023438,83.48999786376953
2023-10-12,,75.41999816894531,420.3412170410156,173.25999450683594,82.21217346191406,76.9242172241211,21.193233489990234,73.11725616455078,81.28853607177734,82.91000366210938
2023-10-13,,78.98999786376953,418.2475891113281,178.8300018310547,82.73812103271484,78.30059814453125,21.75348663330078,73.16246032714844,81.3062744140625,87.69000244140625
2023-10-16,,78.38999938964844,422.6481628417969,177.9600067138672,82.24844360351562,77.0404052734375,21.683454513549805,73.11725616455078,81.31513977050781,86.66000366210938
2023-10-17,,78.80000305175781,422.6287536621094,178.2899932861328,81.44139862060547,76.1913833618164,21.744731903076172,72.95453643798828,81.32401275634766,86.66000366210938
2023-10-18,,79.83999633789062,416.9971923828125,180.8699951171875,81.06049346923828,75.52108001708984,21.93731689453125,72.95453643798828,81.33289337158203,88.31999969482422
2023-10-19,,81.68000030517578,413.3332824707031,183.08999633789062,80.66151428222656,73.9748764038086,22.164920806884766,73.0539779663086,81.36839294433594,89.37000274658203
2023-10-20,,80.69999694824219,408.25421142578125,183.58999633789062,81.1330795288086,74.39495086669922,21.998594284057617,73.17151641845703,81.38612365722656,88.75
2023-10-23,,78.88999938964844,407.546630859375,182.97000122070312,81.513916015625,75.28868865966797,21.858531951904297,73.21669006347656,81.39501190185547,85.48999786376953
2023-10-24,,76.93000030517578,410.6192626953125,182.9499969482422,81.6590576171875,76.28074645996094,21.622177124023438,73.19861602783203,81.40387725830078,83.73999786376953
2023-10-25,,78.45999908447266,404.72601318359375,183.72000122070312,80.94259643554688,74.58261108398438,21.779747009277344,73.11725616455078,81.41278076171875,85.38999938964844
2023-10-26,,76.88999938964844,399.87957763671875,184.00999450683594,81.55926513671875,75.72664642333984,21.595914840698242,73.26191711425781,81.4482421875,83.20999908447266
2023-10-27,,78.36000061035156,398.0670471191406,186.14999389648438,81.68622589111328,75.40486907958984,21.884794235229492,73.30711364746094,81.47486877441406,85.54000091552734
2023-10-30,,76.05000305175781,402.8262023925781,185.10000610351562,81.41416931152344,75.06524658203125,21.534637451171875,73.27999114990234,81.4837646484375,82.30999755859375
2023-10-31,,75.0199966430664,405.3561096191406,184.08999633789062,81.24185943603516,74.69882202148438,21.455852508544922,73.25286865234375,81.4837646484375,81.0199966430664
2023-11-01,,74.75,409.6790771484375,183.50999450683594,82.17757415771484,76.31846618652344,21.49086570739746,73.4160385131836,81.50869750976562,80.44000244140625
2023-11-02,,76.18000030517578,417.53033447265625,184.1199951171875,82.68681335449219,78.05826568603516,21.718469619750977,73.42511749267578,81.53544616699219,82.45999908447266
2023-11-03,,74.8499984741211,421.339599609375,184.7899932861328,83.32334899902344,78.5873794555664,21.60466957092285,73.62458038330078,81.54438018798828,80.51000213623047
2023-11-06,,74.91000366210938,422.3088684082031,183.35000610351562,82.84140014648438,77.82511138916016,21.692209243774414,73.48857116699219,81.55326080322266,80.81999969482422
2023-11-07,,71.80000305175781,423.5108337402344,182.58999633789062,83.31427001953125,78.97301483154297,21.22825050354004,73.54297637939453,81.57111358642578,77.37000274658203
2023-11-08,,70.19000244140625,423.8209533691406,180.77000427246094,83.65074157714844,80.31822204589844,20.99189567565918,73.52486419677734,81.58001708984375,75.33000183105469
2023-11-09,,70.25,420.5157470703125,181.49000549316406,82.8232421875,78.47079467773438,20.93937110900879,73.4160385131836,81.62458801269531,75.73999786376953
2023-11-10,,71.79000091552734,427.0777893066406,179.50999450683594,82.91413879394531,78.91022491455078,21.044418334960938,73.43417358398438,81.63352966308594,77.16999816894531
2023-11-13,,72.91999816894531,426.6706848144531,180.50999450683594,82.86868286132812,78.73087310791016,21.350805282592773,73.46138763427734,81.64241790771484,78.26000213623047
2023-11-14,,72.69000244140625,434.9484558105469,182.1199951171875,84.1145248413086,80.51554107666016,21.3157901763916,73.75149536132812,81.65135192871094,78.26000213623047
2023-11-15,,71.33999633789062,435.86920166015625,181.63999938964844,83.45978546142578,79.38554382324219,21.17572784423828,73.6155014038086,81.6691665649414,76.66000366210938
2023-11-16,,68.05000305175781,436.4023742675781,183.69000244140625,84.08723449707031,80.37203979492188,20.668001174926758,73.742431640625,81.70482635498047,72.9000015258789
2023-11-17,,70.75,436.94512939453125,183.6699981689453,84.14177703857422,80.7486801147461,20.965635299682617,73.68802642822266,81.72265625,75.88999938964844
2023-11-20,,72.30000305175781,440.3085632324219,183.3699951171875,84.25997924804688,81.24192810058594,21.22825050354004,73.69709014892578,81.72265625,77.5999984741211
2023-11-21,,72.52999877929688,439.34893798828125,185.35000610351562,84.36912536621094,81.20608520507812,21.350805282592773,73.742431640625,81.7493896484375,77.7699966430664
2023-11-22,,71.61000061035156,441.0451965332031,184.55999755859375,84.3418197631836,81.4930419921875,21.16697120666504,73.75149536132812,81.7850341796875,77.0999984741211
2023-11-24,,70.81999969482422,441.3166198730469,185.52000427246094,83.90534973144531,80.53347778320312,21.026912689208984,73.69709014892578,81.79397583007812,75.54000091552734
2023-11-27,,69.95999908447266,440.52178955078125,186.77000427246094,84.54190063476562,81.87866973876953,20.88684844970703,73.7877426147461,81.8028793334961,74.86000061035156
2023-11-28,,71.26000213623047,440.9579772949219,189.25999450683594,84.91473388671875,82.04009246826172,21.140708923339844,73.92375946044922,81.82070922851562,76.41000366210938
2023-11-29,,72.5199966430664,440.6477966308594,189.5399932861328,85.36031341552734,83.07142639160156,21.289527893066406,74.06879425048828,81.82960510253906,77.86000061035156
2023-11-30,,70.13999938964844,442.3827819824219,188.75,84.94203186035156,82.11184692382812,20.930618286132812,74.02346801757812,81.86529541015625,75.95999908447266
2023-12-01,,69.23999786376953,444.9998779296875,192.00999450683594,85.74344635009766,83.65837097167969,20.834321975708008,74.2389907836914,81.88227844238281,74.06999969482422
2023-12-04,,68.47000122070312,442.66387939453125,187.86000061035156,85.38784790039062,83.32547760009766,20.69426155090332,74.12985229492188,81.88227844238281,73.04000091552734
2023-12-05,,67.58000183105469,442.57672119140625,187.14999389648438,85.9896240234375,85.11576843261719,20.51042938232422,74.2208023071289,81.90018463134766,72.31999969482422
2023-12-06,,64.76000213623047,440.793212890625,187.83999633789062,86.34522247314453,86.24933624267578,20.011455535888672,74.2026138305664,81.90914154052734,69.37999725341797
2023-12-07,,65.11000061035156,444.1566162109375,188.14999389648438,86.21756744384766,85.75452423095703,20.046470642089844,74.25717163085938,81.9449691772461,69.33999633789062
2023-12-08,,66.52999877929688,446.0661315917969,185.63999938964844,85.66138458251953,85.05279541015625,20.134010314941406,74.093505859375,81.96289825439453,71.2300033569336
2023-12-11,,66.80000305175781,447.8011169433594,183.58999633789062,85.67050170898438,84.87287139892578,20.06397819519043,74.1116714477539,81.98078918457031,71.31999969482422
2023-12-12,,64.25,449.8463439941406,183.49000549316406,85.85285949707031,85.12479400634766,19.757591247558594,74.12077331542969,81.98078918457031,68.61000061035156
2023-12-13,,65.33000183105469,456.0497131347656,187.6300048828125,87.12934875488281,87.12201690673828,19.985193252563477,74.49360656738281,81.98973083496094,69.47000122070312
2023-12-14,,67.16000366210938,457.5134582519531,188.72999572753906,87.85359954833984,89.38829040527344,20.317842483520508,74.6213150024414,82.02557373046875,71.58000183105469
2023-12-15,,67.1500015258789,456.7601318359375,187.0,87.78046417236328,89.48756408691406,20.35285758972168,74.53921508789062,82.05242156982422,71.43000030517578
2023-12-18,,68.08999633789062,459.3294677734375,187.85000610351562,87.58841705322266,88.77458190917969,20.498884201049805,74.53007507324219,82.06231689453125,72.47000122070312
2023-12-19,,69.36000061035156,462.1225280761719,189.1300048828125,87.75300598144531,89.25289916992188,20.655014038085938,74.5574722290039,82.06231689453125,73.44000244140625
2023-12-20,,68.79000091552734,455.7187805175781,188.10000610351562,88.1828384399414,89.85762023925781,20.416229248046875,74.65779876708984,82.08027648925781,74.22000122070312
2023-12-21,,69.02999877929688,460.0398864746094,189.42999267578125,88.04566192626953,89.28900909423828,20.452964782714844,74.73079681396484,82.13429260253906,73.88999938964844
2023-12-22,,68.69000244140625,460.9644470214844,190.27000427246094,87.96334838867188,88.88284301757812,20.416229248046875,74.75813293457031,82.14328002929688,73.55999755859375
2023-12-26,,70.20999908447266,462.910888671875,191.72000122070312,88.01825714111328,89.13557434082031,20.61827850341797,74.7216796875,82.16129302978516,75.56999969482422
2023-12-27,,68.91999816894531,463.7478332519531,192.58999633789062,88.7040786743164,90.71504211425781,20.526437759399414,74.81287384033203,82.16129302978516,74.11000061035156
2023-12-28,,67.18000030517578,463.9230041503906,191.47000122070312,88.36573028564453,90.05616760253906,20.351940155029297,74.80377197265625,82.21527099609375,71.7699966430664
2023-12-29,,66.6500015258789,462.5799560546875,191.1699981689453,88.14624786376953,89.2438735961914,20.241731643676758,74.84025573730469,82.21527099609375,71.6500015258789
2024-01-02,,65.7699966430664,459.9912109375,190.72000122070312,87.81703186035156,88.7293930053711,20.076417922973633,74.7490234375,82.22425079345703,70.37999725341797
2024-01-03,,68.19000244140625,456.2345886230469,189.1300048828125,88.0273666381836,89.09947204589844,20.33357048034668,74.76726531982422,82.251220703125,72.69999694824219
2024-01-04,,67.56999969482422,454.7650451660156,189.32000732421875,87.4969482421875,87.74565124511719,20.223363876342773,74.7216796875,82.27821350097656,72.19000244140625
2024-01-05,,69.02999877929688,455.38787841796875,189.35000610351562,87.17692565917969,86.9062728881836,20.324386596679688,74.70344543457031,82.28721618652344,73.80999755859375
2024-01-08,,66.4000015258789,461.8890075683594,187.8699951171875,87.46955108642578,87.76371002197266,20.03049659729004,74.76726531982422,82.29622650146484,70.7699966430664
2024-01-09,,67.38999938964844,461.18829345703125,187.92999267578125,87.4329833984375,87.20411682128906,20.177440643310547,74.78553009033203,82.30518341064453,72.23999786376953
2024-01-10,,66.55999755859375,463.7964782714844,187.5,87.2957763671875,86.79796600341797,20.03968048095703,74.78553009033203,82.32321166992188,71.37000274658203
2024-01-11,,67.6500015258789,463.5921325683594,187.8699951171875,87.7621841430664,87.28536224365234,20.18662452697754,74.95884704589844,82.36817932128906,72.0199966430664
2024-01-12,,68.0199966430664,463.91326904296875,189.7100067138672,87.99994659423828,87.1138916015625,20.260099411010742,75.11390686035156,82.38619232177734,72.68000030517578
2024-01-16,,67.25,462.2101135253906,187.91000366210938,87.2866439819336,85.57954406738281,20.085601806640625,74.99533081054688,82.39517211914062,72.4000015258789
2024-01-17,,67.94000244140625,459.6408386230469,185.83999633789062,87.00316619873047,85.44414520263672,20.058048248291016,74.8493881225586,82.41316223144531,72.55999755859375
2024-01-18,,69.05999755859375,463.7283630371094,187.3699951171875,86.81112670898438,84.64991760253906,20.18662452697754,74.88587188720703,82.44915771484375,74.08000183105469
2024-01-19,,68.81999969482422,469.50933837890625,187.92999267578125,86.82026672363281,84.92068481445312,20.149890899658203,74.83113861083984,82.4581527709961,73.41000366210938
2024-01-22,,69.69000244140625,470.5020446777344,187.22000122070312,87.08544921875,85.42611694335938,20.232547760009766,74.86762237548828,82.4671401977539,75.19000244140625
2024-01-23,,69.66000366210938,471.8741455078125,187.9499969482422,86.8659896850586,84.74918365478516,20.342754364013672,74.85848236083984,82.47614288330078,74.37000274658203
2024-01-24,,70.54000091552734,472.3899841308594,186.39999389648438,86.61907196044922,84.2527847290039,20.517253875732422,74.822021484375,82.48513793945312,75.08999633789062
2024-01-25,,72.2300033569336,474.9593200683594,187.13999938964844,86.99402618408203,84.8033676147461,20.673383712768555,74.95884704589844,82.5301284790039,77.36000061035156
2024-01-26,,73.0999984741211,474.3559265136719,187.00999450683594,86.83853912353516,84.64088439941406,20.76522445678711,74.91321563720703,82.53909301757812,78.01000213623047
2024-01-29,,72.05000305175781,478.11248779296875,188.3300018310547,87.35980224609375,85.61564636230469,20.59072494506836,74.98622131347656,82.54812622070312,76.77999877929688
2024-01-30,,72.80999755859375,477.74273681640625,188.58999633789062,87.47867584228516,86.39183044433594,20.728487014770508,74.94060516357422,82.5571060180664,77.81999969482422
2024-01-31,,70.91999816894531,469.947265625,188.4499969482422,88.21028137207031,87.24021911621094,20.50806999206543,75.07745361328125,82.56611633300781,75.8499984741211
2024-02-01,,69.06999969482422,476.09796142578125,190.41000366210938,88.75662994384766,88.95153045654297,20.260099411010742,75.18904876708984,82.607666015625,73.81999969482422
2024-02-02,,67.51000213623047,481.11004638671875,188.61000061035156,87.6015625,86.98670959472656,20.03049659729004,74.95118713378906,82.62574768066406,72.27999877929688
2024-02-05,,68.18000030517578,479.3582763671875,187.57000732421875,86.74903106689453,85.2301254272461,20.1131534576416,74.80480194091797,82.62574768066406,72.77999877929688
2024-02-06,,68.80999755859375,480.74993896484375,188.5500030517578,87.21654510498047,86.06314849853516,20.18662452697754,74.92375183105469,82.64381408691406,73.30999755859375
2024-02-07,,69.41999816894531,484.75958251953125,188.5,87.06068420410156,85.64664459228516,20.278467178344727,74.89630126953125,82.65283203125,73.86000061035156
2024-02-08,,71.5199966430664,484.9736633300781,188.3300018310547,86.77652740478516,85.14863586425781,20.3886775970459,74.87799072265625,82.6889877319336,76.22000122070312
2024-02-09,,71.66999816894531,487.7765197753906,187.60000610351562,86.62068176269531,84.97660064697266,20.44378089904785,74.85052490234375,82.69801330566406,76.83999633789062
2024-02-12,,72.11000061035156,487.56243896484375,187.11000061035156,86.70317840576172,85.07621765136719,20.452964782714844,74.85969543457031,82.71609497070312,76.91999816894531
2024-02-13,,72.6500015258789,480.84722900390625,184.52999877929688,85.74980163574219,83.6184310913086,20.33357048034668,74.62179565429688,82.71609497070312,77.87000274658203
2024-02-14,,71.55000305175781,485.2170104980469,184.4199981689453,86.07062530517578,84.04397583007812,20.14070701599121,74.73161315917969,82.73414611816406,76.63999938964844
2024-02-15,,72.83999633789062,488.56488037109375,185.66000366210938,86.30896759033203,84.47862243652344,20.18662452697754,74.80480194091797,82.77935791015625,78.02999877929688
2024-02-16,,73.41000366210938,486.1318359375,186.33999633789062,85.93309783935547,83.98966217041016,20.232547760009766,74.71329498291016,82.79740905761719,79.19000244140625
2024-02-20,,72.41999816894531,483.4554748535156,187.47000122070312,86.0798110961914,84.06207275390625,20.122337341308594,74.75904083251953,82.80646514892578,78.18000030517578
2024-02-21,,73.19999694824219,483.8934326171875,187.47999572753906,85.80480194091797,83.46449279785156,20.204994201660156,74.69499969482422,82.81552124023438,77.91000366210938
2024-02-22,,73.5999984741211,493.9078674316406,187.55999755859375,85.81396484375,83.87194061279297,20.260099411010742,74.68583679199219,82.86066436767578,78.61000061035156
2024-02-23,,71.91999816894531,494.2485046386719,188.6199951171875,86.2081527709961,84.99471282958984,19.966209411621094,74.72244262695312,82.86972045898438,76.48999786376953
2024-02-26,,72.79000091552734,492.4382629394531,188.1999969482422,86.0798110961914,84.74118041992188,20.149890899658203,74.66754913330078,82.86972045898438,77.58000183105469
2024-02-27,,73.8499984741211,493.35308837890625,188.0,85.88729858398438,84.14358520507812,20.306018829345703,74.66754913330078,82.88780212402344,78.87000274658203
2024-02-28,,73.62000274658203,492.7010498046875,188.33999633789062,86.19896697998047,84.67776489257812,20.223363876342773,74.74073028564453,82.8968276977539,78.54000091552734
2024-02-29,,73.36000061035156,494.4723205566406,189.30999755859375,86.37315368652344,85.275390625,20.195810317993164,74.78649139404297,82.93296813964844,78.26000213623047
2024-03-01,,74.95999908447266,499.1145324707031,192.88999938964844,86.7674560546875,85.80674743652344,20.29683494567871,74.93330383300781,82.95563507080078,79.97000122070312
2024-03-04,,74.01000213623047,498.57928466796875,196.00999450683594,86.57445526123047,85.46160125732422,20.36112403869629,74.85990905761719,82.9647216796875,78.73999786376953
2024-03-05,,73.44999694824219,493.5964050292969,197.19000244140625,87.10757446289062,86.67871856689453,20.204994201660156,74.91497039794922,82.9647216796875,78.1500015258789
2024-03-06,,74.33999633789062,496.09759521484375,198.80999755859375,87.31896209716797,87.1873550415039,20.37030792236328,74.93330383300781,82.98284149169922,79.12999725341797
2024-03-07,,74.2300033569336,501.0220642089844,199.94000244140625,87.46602630615234,87.10562133789062,20.425413131713867,75.02507781982422,83.01913452148438,78.93000030517578
2024-03-08,,73.36000061035156,498.0148010253906,201.6300048828125,87.53036499023438,86.95121002197266,20.36112403869629,75.06178283691406,83.02820587158203,78.01000213623047
2024-03-11,,73.62000274658203,497.5866394042969,202.0,87.42007446289062,86.90576934814453,20.53562355041504,74.99755096435547,83.03727722167969,77.93000030517578
2024-03-12,,73.3499984741211,502.9393310546875,199.7899932861328,87.06160736083984,86.17915344238281,20.48051643371582,74.92413330078125,83.06450653076172,77.55999755859375
2024-03-13,,75.08999633789062,502.1509704589844,201.19000244140625,86.86856079101562,85.76133728027344,20.76522445678711,74.8874282836914,83.06450653076172,79.72000122070312
2024-03-14,,76.30000305175781,501.1584167480469,200.35000610351562,86.22518157958984,84.44432067871094,20.829513549804688,74.82319641113281,83.10078430175781,81.26000213623047
2024-03-15,,76.33000183105469,497.71710205078125,199.7100067138672,86.0781021118164,84.41707611083984,20.902984619140625,74.77730560302734,83.11891174316406,81.04000091552734
2024-03-18,,77.9800033569336,500.675048828125,200.02999877929688,85.97700500488281,84.1627426147461,21.095849990844727,74.78649139404297,83.12799835205078,82.72000122070312
2024-03-19,,78.43000030517578,503.4573669433594,199.8000030517578,86.22518157958984,84.39888763427734,21.086666107177734,74.8507308959961,83.14613342285156,83.47000122070312
2024-03-20,,77.25,508.114013671875,202.17999267578125,86.42738342285156,84.37163543701172,21.03156089782715,74.97000122070312,83.15519714355469,81.68000030517578
2024-03-21,,76.81999969482422,509.793212890625,201.97000122070312,86.43656921386719,84.55329895019531,21.004011154174805,74.97000122070312,83.18241119384766,81.06999969482422
2024-03-22,,76.68000030517578,508.8267822265625,200.35000610351562,86.859375,85.3616943359375,20.857065200805664,75.02507781982422,83.19149780273438,80.62999725341797
2024-03-25,,77.76000213623047,507.4208984375,200.99000549316406,86.62960815429688,84.93478393554688,21.03156089782715,74.98835754394531,83.20964813232422,81.94999694824219
2024-03-26,,77.29000091552734,506.48370361328125,201.63999938964844,86.7582778930664,85.17095184326172,20.866249084472656,75.00672149658203,83.21871185302734,81.62000274658203
2024-03-27,,77.51000213623047,510.7401428222656,203.10000610351562,87.08917236328125,86.0156478881836,20.847881317138672,75.08931732177734,83.27313995361328,81.3499984741211
2024-03-28,,78.7300033569336,510.64251708984375,205.72000122070312,87.00645446777344,85.94300079345703,21.095849990844727,75.04341888427734,83.27313995361328,83.16999816894531
2024-04-01,,79.66999816894531,509.7541198730469,207.82000732421875,86.21920776367188,84.34092712402344,21.196874618530273,74.88692474365234,83.2958984375,83.70999908447266
2024-04-02,,80.79000091552734,506.5130615234375,210.88999938964844,86.03485870361328,83.87616729736328,21.38974380493164,74.92373657226562,83.31413269042969,85.1500015258789
2024-04-03,,81.25,507.0693664550781,212.74000549316406,86.13623046875,83.85792541503906,21.646896362304688,74.97895812988281,83.31413269042969,85.43000030517578
2024-04-04,,82.2699966430664,500.8800964355469,211.52000427246094,86.43119812011719,84.45938873291016,21.70199966430664,75.05264282226562,83.35057830810547,86.58999633789062
2024-04-05,,82.4000015258789,506.1126708984375,215.13999938964844,85.85968017578125,83.28382110595703,21.812210083007812,74.93292999267578,83.36878967285156,86.91000366210938
2024-04-08,,82.19999694824219,506.39581298828125,216.47999572753906,85.66609954833984,83.27468872070312,21.80302619934082,74.85928344726562,83.37792205810547,86.43000030517578
2024-04-09,,81.1500015258789,506.9815979003906,217.6699981689453,86.00716400146484,84.04930114746094,21.68363380432129,74.93292999267578,83.38701629638672,85.2300033569336
2024-04-10,,82.08999633789062,501.9051208496094,215.61000061035156,84.86410522460938,82.21759796142578,21.793840408325195,74.6291275024414,83.40524291992188,86.20999908447266
2024-04-11,,81.55000305175781,505.69293212890625,219.8000030517578,84.74427032470703,81.84394073486328,21.757104873657227,74.72119903564453,83.43257141113281,85.0199966430664
2024-04-12,,81.52999877929688,498.71282958984375,216.88999938964844,85.09457397460938,82.2813720703125,21.784656524658203,74.76721954345703,83.44168090820312,85.66000366210938
2024-04-15,,81.6500015258789,492.46490478515625,220.9499969482422,84.55069732666016,81.00557708740234,21.812210083007812,74.7396240234375,83.45990753173828,85.41000366210938
2024-04-16,,81.33000183105469,491.5667419433594,221.22000122070312,84.21883392333984,80.4679183959961,21.77547264099121,74.69356536865234,83.46904754638672,85.36000061035156
2024-04-17,,78.91000366210938,488.6575622558594,219.58999633789062,84.75347900390625,81.3609619140625,21.4356632232666,74.74880981445312,83.47815704345703,82.69000244140625
2024-04-18,,78.77999877929688,487.6520080566406,220.33999633789062,84.45850372314453,80.95088958740234,21.42647933959961,74.71199035644531,83.52369689941406,82.7300033569336
2024-04-19,,78.8499984741211,483.3956604003906,221.02999877929688,84.56912231445312,81.24251556396484,21.527503967285156,74.73039245605469,83.53280639648438,83.13999938964844
2024-04-22,,78.77999877929688,487.8472900390625,215.57000732421875,84.57833099365234,81.10580444335938,21.527503967285156,74.76721954345703,83.55101776123047,82.8499984741211
2024-04-23,,79.9800033569336,493.6363525390625,215.0399932861328,84.68895721435547,81.13312530517578,21.61934471130371,74.83167266845703,83.56011962890625,83.36000061035156
2024-04-24,,79.63999938964844,493.4021301269531,214.63999938964844,84.43082427978516,80.55902099609375,21.591793060302734,74.80403900146484,83.56011962890625,82.80999755859375
2024-04-25,,80.44000244140625,491.5276794433594,215.9199981689453,84.10819244384766,79.99401092529297,21.711185455322266,74.74880981445312,83.60568237304688,83.56999969482422
2024-04-26,,80.38999938964844,496.1843566894531,216.6199951171875,84.33867645263672,80.41322326660156,21.72955322265625,74.76721954345703,83.60568237304688,83.8499984741211
2024-04-29,,79.5,497.9416198730469,216.17999267578125,84.67973327636719,81.08760070800781,21.711185455322266,74.80403900146484,83.62390899658203,82.62999725341797
2024-04-30,,78.37999725341797,490.0535888671875,211.8699951171875,84.2833480834961,80.39498138427734,21.4356632232666,74.71199035644531,83.63302612304688,81.93000030517578
2024-05-01,,75.93000030517578,488.4622802734375,213.7899932861328,84.61712646484375,80.9875717163086,21.123403549194336,74.86161804199219,83.64950561523438,79.0
2024-05-02,,75.93000030517578,493.0310974121094,213.1300048828125,85.01469421386719,81.3351058959961,21.196874618530273,74.9724349975586,83.69522857666016,78.94999694824219
2024-05-03,,75.12999725341797,499.14239501953125,212.9600067138672,85.4862289428711,82.15814971923828,21.224428176879883,75.09253692626953,83.70439910888672,78.11000061035156
2024-05-06,,75.66000366210938,504.2969055175781,215.1999969482422,85.56018829345703,82.47821044921875,21.463214874267578,75.08330535888672,83.70439910888672,78.4800033569336
2024-05-07,,75.5,504.8534240722656,214.2100067138672,85.78207397460938,82.98118591308594,21.444847106933594,75.09253692626953,83.71353912353516,78.37999725341797
2024-05-08,,76.11000061035156,504.90216064453125,213.5800018310547,85.54170227050781,82.47821044921875,21.334636688232422,75.07404327392578,83.73184204101562,78.98999786376953
2024-05-09,,76.5199966430664,507.8113708496094,216.9499969482422,85.80060577392578,82.88057708740234,21.417293548583984,75.13871002197266,83.7776107788086,79.26000213623047
2024-05-10,,75.30000305175781,508.4655456542969,218.7100067138672,85.52320861816406,82.41419982910156,21.380558013916016,75.07404327392578,83.7776107788086,78.26000213623047
2024-05-13,,76.12999725341797,508.5338134765625,216.25999450683594,85.62493133544922,82.62451934814453,21.518320083618164,75.09253692626953,83.7958984375,79.12000274658203
2024-05-14,,75.20999908447266,510.8669738769531,218.08999633789062,85.87454986572266,83.09090423583984,21.42647933959961,75.16641998291016,83.80502319335938,78.0199966430664
2024-05-15,,75.87999725341797,517.193115234375,220.88999938964844,86.52173614501953,84.22489929199219,21.499950408935547,75.30496215820312,83.81419372558594,78.62999725341797
2024-05-16,,76.25,516.1290283203125,220.02999877929688,86.3553237915039,84.1426010131836,21.555055618286133,75.24954223632812,83.85077667236328,79.2300033569336
2024-05-17,,76.97000122070312,516.8709716796875,223.66000366210938,86.08718872070312,83.57559967041016,21.77547264099121,75.20336151123047,83.85993194580078,80.05999755859375
2024-05-20,,76.7300033569336,517.4663696289062,224.55999755859375,85.95777130126953,83.32868194580078,21.968339920043945,75.18490600585938,83.87824249267578,79.80000305175781
2024-05-21,,76.16000366210938,518.7355346679688,224.22999572753906,86.17964172363281,83.75851440429688,21.87649917602539,75.22185516357422,83.88741302490234,79.26000213623047
2024-05-22,,74.87000274658203,517.2418823242188,220.11000061035156,86.06871032714844,83.85910034179688,21.564239501953125,75.16641998291016,83.90570068359375,77.56999969482422
2024-05-23,,74.44999694824219,513.4638061523438,215.72000122070312,85.76361083984375,83.31954193115234,21.454030990600586,75.12947082519531,83.96060180664062,76.87000274658203
2024-05-24,,75.3499984741211,516.8612060546875,215.9199981689453,85.87454986572266,83.56646728515625,21.600975036621094,75.1572036743164,83.9697494506836,77.72000122070312
2024-05-28,,77.66000366210938,517.2223510742188,218.19000244140625,85.3937759399414,82.36846923828125,21.98670768737793,75.09253692626953,83.96060180664062,79.83000183105469
2024-05-29,,76.56999969482422,513.6005249023438,216.16000366210938,84.97770690917969,81.3716812133789,21.757104873657227,75.06481170654297,83.97889709472656,79.2300033569336
2024-05-30,,75.52999877929688,510.1934509277344,216.57000732421875,85.40300750732422,82.15814971923828,21.472396850585938,75.14794921875,83.99720001220703,77.91000366210938
2024-05-31,,74.81999969482422,514.8403930664062,215.3000030517578,85.80060577392578,82.7159652709961,21.371374130249023,75.24954223632812,84.01547241210938,76.98999786376953
2024-06-03,,71.83000183105469,515.2601928710938,217.22000122070312,86.362548828125,84.05386352539062,21.06829833984375,75.33480834960938,84.02928924560547,74.22000122070312
2024-06-04,,71.08999633789062,515.8361206054688,215.27000427246094,86.83548736572266,85.0357437133789,20.857065200805664,75.408935546875,84.04764556884766,73.25
2024-06-05,,71.88999938964844,521.9668579101562,217.82000732421875,87.15077209472656,85.65970611572266,20.930538177490234,75.48304748535156,84.05685424804688,74.06999969482422
2024-06-06,,73.26000213623047,521.9570922851562,219.42999267578125,87.11367797851562,85.53121948242188,21.2060604095459,75.49231719970703,84.06603240966797,75.55000305175781
2024-06-07,,73.0199966430664,521.3225708007812,211.60000610351562,86.19561767578125,83.96210479736328,20.902984619140625,75.2977294921875,84.10279083251953,75.52999877929688
2024-06-10,,75.45999908447266,522.933349609375,213.5399932861328,86.01014709472656,83.40237426757812,21.2060604095459,75.30699157714844,84.12118530273438,77.73999786376953
2024-06-11,,75.51000213623047,524.1926879882812,214.14999389648438,86.46456909179688,84.26494598388672,21.17850685119629,75.39039611816406,84.13037109375,77.9000015258789
2024-06-12,,75.9800033569336,528.4979858398438,214.72000122070312,86.94676971435547,84.89807891845703,21.25197982788086,75.49231719970703,84.14877319335938,78.5
2024-06-13,,75.73999786376953,529.5620727539062,212.97000122070312,87.5217056274414,86.14602661132812,21.270349502563477,75.61278533935547,84.15795135498047,78.62000274658203
2024-06-14,,76.08000183105469,529.8843383789062,215.72999572753906,87.72574615478516,86.8709716796875,21.18769073486328,75.62205505371094,84.20391082763672,78.44999694824219
2024-06-17,,77.79000091552734,534.1016235351562,214.61000061035156,87.31770324707031,86.00838470458984,21.261165618896484,75.54793548583984,84.21308898925781,80.33000183105469
2024-06-18,,78.66999816894531,535.4585571289062,215.47000122070312,87.6978988647461,86.79755401611328,21.4356632232666,75.64986419677734,84.23148345947266,81.56999969482422
2024-06-20,,79.41000366210938,534.00390625,218.16000366210938,87.47534942626953,86.21945190429688,21.481582641601562,75.62205505371094,84.24986267089844,82.16999816894531
2024-06-21,,78.6500015258789,533.2880859375,214.77999877929688,87.493896484375,86.21945190429688,21.307085037231445,75.64986419677734,84.27742767333984,80.7300033569336
2024-06-24,,79.69999694824219,531.5545654296875,215.6300048828125,87.56806182861328,86.56816101074219,21.481582641601562,75.65912628173828,84.29580688476562,81.62999725341797
2024-06-25,,78.9000015258789,533.6015014648438,214.55999755859375,87.64227294921875,86.71495819091797,21.27953338623047,75.66839599609375,84.29580688476562,80.83000183105469
2024-06-26,,78.75,534.2673950195312,212.5800018310547,87.11367797851562,85.47618103027344,21.316267013549805,75.59424591064453,84.30501556396484,80.9000015258789
2024-06-27,,79.91999816894531,535.1096801757812,214.99000549316406,87.30841827392578,85.81568145751953,21.42647933959961,75.64986419677734,84.32337188720703,81.73999786376953
2024-06-28,,79.58999633789062,533.0040283203125,215.00999450683594,86.84474182128906,84.21903228759766,21.334636688232422,75.65912628173828,84.35094451904297,81.54000091552734
2024-07-01,,81.54000091552734,534.1008911132812,215.57000732421875,86.19829559326172,82.7655258178711,21.61016082763672,75.59404754638672,84.38047790527344,83.37999725341797
2024-07-02,,81.11000061035156,537.6952514648438,215.55999755859375,86.52384185791016,83.40988159179688,21.637710571289062,75.65912628173828,84.38970184326172,82.80999755859375
2024-07-03,,81.2699966430664,540.0949096679688,217.99000549316406,87.1005630493164,84.50533294677734,21.757104873657227,75.77070617675781,84.41741180419922,83.87999725341797
2024-07-05,,81.30999755859375,543.2092895507812,220.92999267578125,87.58423614501953,85.2049331665039,21.839763641357422,75.91014099121094,84.4450912475586,83.16000366210938
2024-07-08,,80.41999816894531,543.8361206054688,218.19000244140625,87.61213684082031,85.38905334472656,21.54587173461914,75.90084838867188,84.46354675292969,82.33000183105469
2024-07-09,,79.7699966430664,544.364990234375,218.55999755859375,87.4912109375,85.01163482666016,21.39892578125,75.88223266601562,84.46354675292969,81.41000366210938
2024-07-10,,80.4800033569336,549.7515869140625,219.36000061035156,87.57492065429688,85.27857208251953,21.39892578125,75.91014099121094,84.48204040527344,82.0999984741211
2024-07-11,,80.94000244140625,545.0112915039062,223.25,88.1330337524414,86.10706329345703,21.472396850585938,76.08677673339844,84.49124908447266,82.62000274658203
2024-07-12,,80.25,548.448974609375,223.11000061035156,88.31907653808594,86.47527313232422,21.38974380493164,76.1983642578125,84.52816009521484,82.20999908447266
2024-07-15,,80.12000274658203,549.957275390625,223.8300018310547,88.0400390625,85.48109436035156,21.233613967895508,76.1983642578125,84.54663848876953,81.91000366210938
2024-07-16,,79.05999755859375,553.2186279296875,228.2899932861328,88.43069458007812,86.68700408935547,21.17850685119629,76.22624206542969,84.54663848876953,80.76000213623047
2024-07-17,,80.62000274658203,545.4618530273438,227.22999572753906,88.50511169433594,86.70539855957031,21.17850685119629,76.23554992675781,84.57430267333984,82.8499984741211
2024-07-18,,79.9000015258789,541.27001953125,225.77999877929688,88.25395202636719,86.04261779785156,21.022377014160156,76.1983642578125,84.58354949951172,82.81999969482422
2024-07-19,,78.0,537.6755981445312,221.72999572753906,87.97488403320312,85.53633880615234,20.7376708984375,76.16114807128906,84.61123657226562,80.12999725341797
2024-07-22,,77.62000274658203,543.2191162109375,221.8000030517578,87.89118194580078,85.28778839111328,20.792776107788086,76.17047882080078,84.62970733642578,79.77999877929688
2024-07-23,,76.62000274658203,542.366943359375,222.5800018310547,87.95630645751953,85.16812133789062,20.599910736083984,76.20764923095703,84.62970733642578,76.95999908447266
2024-07-24,,76.80999755859375,530.0756225585938,221.8000030517578,87.7609634399414,84.24755859375,20.59072494506836,76.24484252929688,84.65738677978516,77.58999633789062
2024-07-25,,77.45999908447266,527.313720703125,218.3300018310547,87.95630645751953,84.93795776367188,20.636646270751953,76.25411987304688,84.65738677978516,78.27999877929688
2024-07-26,,76.11000061035156,533.219482421875,220.6300048828125,88.37487030029297,85.60076904296875,20.425413131713867,76.35639953613281,84.70353698730469,77.16000366210938
2024-07-29,,75.19000244140625,533.5328369140625,220.32000732421875,88.5237045288086,86.06104278564453,20.33357048034668,76.36570739746094,84.70353698730469,75.80999755859375
2024-07-30,,74.45999908447266,530.8297729492188,222.52000427246094,88.709716796875,86.39241790771484,20.269283294677734,76.39359283447266,84.71275329589844,74.7300033569336
2024-07-31,,77.73999786376953,539.4581909179688,226.5500030517578,89.36085510253906,87.276123046875,20.7376708984375,76.55162048339844,84.73123168945312,77.91000366210938
2024-08-01,,76.29000091552734,531.81884765625,225.77000427246094,89.74242401123047,88.02887725830078,20.489700317382812,76.68408966064453,84.7516098022461,76.30999755859375
2024-08-02,,73.38999938964844,521.9172973632812,225.33999633789062,91.132568359375,90.7719955444336,20.1131534576416,77.1131820678711,84.79796600341797,73.5199966430664
2024-08-05,,73.22000122070312,506.7171630859375,222.47999572753906,91.2258529663086,91.25226593017578,20.076417922973633,77.09452819824219,84.79796600341797,72.94000244140625
2024-08-06,,72.44999694824219,511.38885498046875,220.6999969482422,90.41416931152344,89.21107482910156,19.911104202270508,77.00123596191406,84.8165054321289,73.19999694824219
2024-08-07,,74.69000244140625,507.9707336425781,220.5500030517578,90.08763885498047,88.58305358886719,20.094785690307617,76.95458221435547,84.83503723144531,75.2300033569336
2024-08-08,,75.36000061035156,519.7136840820312,224.00999450683594,89.81708526611328,88.03810119628906,20.278467178344727,76.91727447509766,84.84431457519531,76.19000244140625
2024-08-09,,76.22000122070312,522.0054321289062,224.55999755859375,90.1809310913086,88.90630340576172,20.397859573364258,76.93592834472656,84.86287689208984,76.83999633789062
2024-08-12,,78.62999725341797,522.2797241210938,228.41000366210938,90.4328384399414,89.22957611083984,20.682567596435547,76.9825668334961,84.89068603515625,80.05999755859375
2024-08-13,,77.63999938964844,530.868896484375,228.05999755859375,90.8340072631836,89.84838104248047,20.489700317382812,77.1038589477539,84.89994812011719,78.3499984741211
2024-08-14,,76.58999633789062,532.543701171875,226.1999969482422,90.9552993774414,90.41178131103516,20.36112403869629,77.09452819824219,84.9092025756836,76.9800033569336
2024-08-15,,77.41000366210938,541.6716918945312,226.91000366210938,90.38619232177734,89.68214416503906,20.526437759399414,76.90794372558594,84.91849517822266,78.16000366210938
2024-08-16,,76.31999969482422,542.8860473632812,231.99000549316406,90.56343841552734,89.99616241455078,20.397859573364258,76.99190521240234,84.96484375,76.6500015258789
2024-08-19,,74.37999725341797,548.0768432617188,231.61000061035156,90.68475341796875,90.41178131103516,20.28765296936035,76.97325134277344,84.96484375,74.37000274658203
2024-08-20,,73.83000183105469,547.1856079101562,232.4600067138672,91.04861450195312,91.1322021484375,20.204994201660156,77.08518981933594,84.9833755493164,74.04000091552734
2024-08-21,,72.5999984741211,549.0660400390625,232.14999389648438,91.23519897460938,91.18762969970703,20.10396957397461,77.16915130615234,85.0019302368164,71.93000030517578
2024-08-22,,73.58000183105469,544.7567138671875,229.3699951171875,90.8153305053711,90.28247833251953,20.085601806640625,77.06654357910156,85.0019302368164,73.01000213623047
2024-08-23,,75.55000305175781,550.544921875,232.02000427246094,91.23519897460938,90.87359619140625,20.44378089904785,77.2437515258789,85.03900909423828,74.83000183105469
2024-08-26,,77.83000183105469,549.2324829101562,232.75999450683594,91.12323760986328,90.64266967773438,20.655014038085938,77.20645141601562,85.04828643798828,77.41999816894531
2024-08-27,,76.48999786376953,549.9866333007812,233.38999938964844,91.08589935302734,90.48567199707031,20.55398941040039,77.25310516357422,85.06683349609375,75.52999877929688
2024-08-28,,75.4800033569336,546.7938232421875,231.75,91.03927612304688,90.37483978271484,20.306018829345703,77.2437515258789,85.07610321044922,74.5199966430664
2024-08-29,,76.7699966430664,546.8427734375,232.9499969482422,90.88069152832031,90.07929229736328,20.53562355041504,77.23442077636719,85.07610321044922,75.91000366210938
2024-08-30,,74.33999633789062,552.0630493164062,231.2899932861328,90.56343841552734,89.11872863769531,20.306018829345703,77.23442077636719,85.12244415283203,73.55000305175781
2024-09-03,,71.08999633789062,540.7020263671875,230.2899932861328,91.16046142578125,90.57632446289062,19.901918411254883,77.31681060791016,85.15596008300781,70.33999633789062
2024-09-04,,69.61000061035156,539.5952758789062,230.42999267578125,91.6938247680664,91.74385070800781,19.754974365234375,77.48528289794922,85.165283203125,69.19999694824219
2024-09-05,,69.88999938964844,538.2828979492188,232.35000610351562,91.9090576171875,92.26274108886719,19.800893783569336,77.51336669921875,85.17460632324219,69.1500015258789
2024-09-06,,68.93000030517578,529.2235717773438,230.6300048828125,92.0400619506836,92.25344848632812,19.534557342529297,77.6537857055664,85.22114562988281,67.66999816894531
2024-09-09,,69.2699966430664,535.1488037109375,231.60000610351562,92.17107391357422,92.65190887451172,19.58966064453125,77.66313934326172,85.22114562988281,68.70999908447266
2024-09-10,,66.95999908447266,537.479736328125,232.6199951171875,92.56407165527344,93.30054473876953,19.304954528808594,77.77545928955078,85.24906158447266,65.75
2024-09-11,,67.8499984741211,542.9937744140625,232.25,92.49856567382812,93.22640991210938,19.479450225830078,77.70993041992188,85.24906158447266,67.30999755859375
2024-09-12,,69.88999938964844,547.567626953125,236.3300018310547,92.34884643554688,92.7908935546875,19.856000900268555,77.71931457519531,85.25837707519531,68.97000122070312
2024-09-13,,69.83999633789062,550.4273681640625,238.67999267578125,92.52664184570312,93.04109191894531,19.89273452758789,77.83161926269531,85.3049545288086,68.6500015258789
2024-09-16,,70.87999725341797,551.2403564453125,238.66000366210938,92.76994323730469,93.89356994628906,20.03968048095703,77.87843322753906,85.32355499267578,70.08999633789062
2024-09-17,,71.72000122070312,551.465576171875,237.33999633789062,92.60150146484375,93.43952941894531,20.177440643310547,77.82225799560547,85.33285522460938,71.19000244140625
2024-09-18,,70.66000366210938,549.8299560546875,235.50999450683594,92.19913482666016,92.2812728881836,20.048864364624023,77.79418182373047,85.35147857666016,70.91000366210938
2024-09-19,,72.75,559.2125244140625,239.1699981689453,92.12425231933594,91.97547912597656,20.40704345703125,77.85971069335938,85.3701171875,71.94999694824219
2024-09-20,,72.91999816894531,558.245849609375,242.2100067138672,92.0962142944336,91.62335205078125,20.40704345703125,77.88776397705078,85.40735626220703,71.91999816894531
2024-09-23,,72.25,559.6408081054688,242.67999267578125,92.0400619506836,91.42877197265625,20.416229248046875,77.88776397705078,85.41666412353516,70.37000274658203
2024-09-24,,73.29000091552734,561.2421264648438,246.07000732421875,92.14299774169922,91.4102554321289,20.756040573120117,77.96267700195312,85.42597961425781,71.55999755859375
2024-09-25,,71.4800033569336,560.0042724609375,245.72999572753906,91.76870727539062,90.65044403076172,20.58154296875,77.89714813232422,85.44461822509766,69.69000244140625
2024-09-26,,69.01000213623047,562.2244873046875,246.97999572753906,91.70318603515625,90.86355590820312,20.397859573364258,77.82225799560547,85.44461822509766,67.66999816894531
2024-09-27,,70.2699966430664,561.4091186523438,245.02000427246094,92.06812286376953,91.33612060546875,20.498884201049805,77.9439697265625,85.47251892089844,68.18000030517578
2024-09-30,,69.91999816894531,563.6588134765625,243.05999755859375,91.81548309326172,90.90059661865234,20.452964782714844,77.83161926269531,85.48184967041016,68.16999816894531
2024-10-01,,72.11000061035156,558.609375,245.61000061035156,92.14958953857422,91.55690002441406,20.81114387512207,77.88140106201172,85.5014877319336,69.83000183105469
2024-10-02,,72.76000213623047,558.8450927734375,245.66000366210938,91.88680267333984,90.78533935546875,20.98564338684082,77.86261749267578,85.51081848144531,70.0999984741211
2024-10-03,,75.7300033569336,557.8233642578125,245.49000549316406,91.41757202148438,89.93011474609375,21.28871726989746,77.75932312011719,85.52950286865234,73.70999908447266
2024-10-04,,76.3499984741211,562.892578125,245.0,90.5353775024414,88.82389068603516,21.343820571899414,77.4963607788086,85.5482177734375,74.37999725341797
2024-10-07,,79.19999694824219,557.8037109375,244.1699981689453,90.20692443847656,88.15455627441406,21.637710571289062,77.39305114746094,85.56692504882812,77.13999938964844
2024-10-08,,75.79000091552734,563.0792236328125,242.3699951171875,90.28199005126953,88.30328369140625,21.132587432861328,77.45879364013672,85.56692504882812,73.56999969482422
2024-10-09,,75.25,566.9793701171875,241.0500030517578,89.94413757324219,87.80128479003906,20.94890594482422,77.3836669921875,85.57624816894531,73.23999786376953
2024-10-10,,77.7699966430664,565.9871215820312,242.82000732421875,89.93476104736328,87.45735168457031,21.36219024658203,77.44940185546875,85.58560943603516,75.8499984741211
2024-10-11,,77.48999786376953,569.3764038085938,245.47000122070312,89.9629135131836,87.10411071777344,21.380558013916016,77.51514434814453,85.63238525390625,75.55999755859375
2024-10-14,,75.93000030517578,574.0328979492188,245.07000732421875,89.80337524414062,87.16917419433594,21.049930572509766,77.4775619506836,85.62300872802734,73.83000183105469
2024-10-15,,72.76000213623047,569.5728759765625,245.9199981689453,90.26323699951172,88.22891998291016,20.645830154418945,77.51514434814453,85.65105438232422,70.58000183105469
2024-10-16,,72.4000015258789,572.0484619140625,247.14999389648438,90.40400695800781,88.60076141357422,20.59072494506836,77.56209564208984,85.65105438232422,70.38999938964844
2024-10-17,,72.62000274658203,572.0975952148438,248.6300048828125,89.93476104736328,87.19707489013672,20.61827850341797,77.4963607788086,85.66974639892578,70.66999816894531
2024-10-18,,71.37999725341797,574.298095703125,251.27000427246094,90.03800964355469,87.26214599609375,20.50806999206543,77.56209564208984,85.69779968261719,69.22000122070312
2024-10-21,,72.26000213623047,573.3551025390625,251.22000122070312,89.34349822998047,85.73759460449219,20.572359085083008,77.44940185546875,85.71649932861328,70.55999755859375
2024-10-22,,73.9800033569336,573.0505981445312,253.92999267578125,89.25906372070312,85.82124328613281,20.930538177490234,77.44001770019531,85.72583770751953,72.08999633789062
2024-10-23,,73.55000305175781,567.8142700195312,250.8699951171875,89.0525894165039,85.58885955810547,20.81114387512207,77.39305114746094,85.72583770751953,70.7699966430664
2024-10-24,,73.05999755859375,569.0423583984375,252.8000030517578,89.24967193603516,86.13731384277344,20.801959991455078,77.43062591552734,85.73519134521484,70.19000244140625
2024-10-25,,74.2300033569336,568.8457641601562,253.32000732421875,89.0525894165039,85.65393829345703,20.94890594482422,77.40242004394531,85.77256774902344,71.77999877929688
2024-10-28,,70.43000030517578,570.6043701171875,253.3300018310547,88.84612274169922,85.42150115966797,20.3886775970459,77.36488342285156,85.77256774902344,67.37999725341797
2024-10-29,,69.66000366210938,571.5278930664062,256.0899963378906,88.88365936279297,85.5516357421875,20.351940155029297,77.39305114746094,85.7912826538086,67.20999908447266
2024-10-30,,71.36000061035156,569.798828125,257.5,88.75227355957031,85.80264282226562,20.609094619750977,77.32730102539062,85.80062866210938,68.61000061035156
2024-10-31,,73.08000183105469,558.6290283203125,253.50999450683594,88.70535278320312,85.94210815429688,20.746854782104492,77.34611511230469,85.81932830810547,69.26000213623047
2024-11-01,,72.0199966430664,560.9866943359375,252.47000122070312,88.1800537109375,84.7304458618164,20.526437759399414,77.32066345214844,85.85591888427734,69.48999786376953
2024-11-04,,74.29000091552734,559.7783203125,252.8300018310547,88.6507568359375,86.04561614990234,20.87543296813965,77.37718963623047,85.87470245361328,71.47000122070312
2024-11-05,,74.7300033569336,566.5470581054688,253.39999389648438,88.69782257080078,86.50267791748047,21.004011154174805,77.35835266113281,85.87470245361328,71.98999786376953
2024-11-06,,74.54000091552734,580.6345825195312,245.6999969482422,87.78466796875,84.13351440429688,20.7744083404541,77.26412963867188,85.89347076416016,71.69000244140625
2024-11-07,,74.66000366210938,585.1240844726562,249.64999389648438,88.49070739746094,85.18750762939453,20.98564338684082,77.39604949951172,85.90286254882812,72.36000061035156
2024-11-08,,73.12999725341797,587.6587524414062,247.9600067138672,88.67900085449219,86.26949310302734,20.664199829101562,77.33950805664062,85.94977569580078,70.37999725341797
2024-11-11,,70.94000244140625,588.2186889648438,242.13999938964844,88.4342269897461,85.84973907470703,20.33357048034668,77.28296661376953,85.94039916992188,68.04000091552734
2024-11-12,,70.69000244140625,586.3914184570312,240.0500030517578,87.8788070678711,84.56256103515625,20.223363876342773,77.20757293701172,85.94977569580078,68.12000274658203
2024-11-13,,70.7300033569336,586.67626953125,237.6300048828125,87.82234954833984,83.7603988647461,20.159074783325195,77.32066345214844,85.96855926513672,68.43000030517578
2024-11-14,,71.29000091552734,582.9039306640625,237.00999450683594,87.81291961669922,84.24542999267578,20.14070701599121,77.20757293701172,85.96855926513672,68.69999694824219
2024-11-15,,69.75,575.4376831054688,236.58999633789062,87.85057067871094,84.02157592773438,20.03968048095703,77.29237365722656,85.99669647216797,67.0199966430664
2024-11-18,,72.06999969482422,577.7954711914062,241.08999633789062,88.04825592041016,84.17081451416016,20.498884201049805,77.34892272949219,86.00609588623047,69.16000366210938
2024-11-19,,72.30999755859375,579.9076538085938,243.25,88.23653411865234,84.59986114501953,20.563173294067383,77.34892272949219,86.03424072265625,69.38999938964844
2024-11-20,,72.0199966430664,580.1040649414062,244.6199951171875,88.104736328125,84.32940673828125,20.55398941040039,77.31123352050781,86.04361724853516,68.87000274658203
2024-11-21,,73.19999694824219,583.2183227539062,246.66000366210938,88.05767822265625,84.26408386230469,20.700937271118164,77.29237365722656,86.05302429199219,70.0999984741211
2024-11-22,,74.25,585.02587890625,249.83999633789062,88.1141357421875,84.31073760986328,20.719303131103516,77.28296661376953,86.08116912841797,71.23999786376953
2024-11-25,,72.0999984741211,587.0104370117188,242.47999572753906,89.0649642944336,86.49335479736328,20.425413131713867,77.43374633789062,86.09056091308594,68.94000244140625
2024-11-26,,71.61000061035156,590.075439453125,242.9499969482422,88.8766860961914,86.15755462646484,20.425413131713867,77.43374633789062,86.09056091308594,68.7699966430664
2024-11-27,,71.72000122070312,588.2874145507812,243.49000549316406,89.23441314697266,86.7545166015625,20.315204620361328,77.4808578491211,86.11872100830078,68.72000122070312
2024-11-29,,71.61000061035156,591.94189453125,245.58999633789062,89.6109848022461,87.64995574951172,20.33357048034668,77.5750961303711,86.13748931884766,68.0
2024-12-02,,71.04000091552734,593.0029296875,243.44000244140625,89.6034164428711,87.86054992675781,20.18662452697754,77.57038116455078,86.16104125976562,68.0999984741211
2024-12-03,,73.04000091552734,593.2780151367188,243.92999267578125,89.34844970703125,87.10240173339844,20.416229248046875,77.5798110961914,86.17984771728516,69.94000244140625
2024-12-04,,71.87999725341797,596.9619140625,244.6699981689453,89.68840026855469,88.03836059570312,20.306018829345703,77.6648941040039,86.18930053710938,68.54000091552734
2024-12-05,,71.47000122070312,595.9796752929688,242.86000061035156,89.67894744873047,88.21621704101562,20.278467178344727,77.6648941040039,86.19869995117188,68.30000305175781
2024-12-06,,70.23999786376953,597.1093139648438,242.9499969482422,89.96224975585938,88.34724426269531,20.122337341308594,77.74054718017578,86.23638916015625,67.19999694824219
2024-12-09,,71.16999816894531,594.034423828125,245.36000061035156,89.65064239501953,87.5329360961914,20.315204620361328,77.712158203125,86.24578857421875,68.37000274658203
2024-12-10,,71.4000015258789,592.1875610351562,248.58999633789062,89.4900894165039,87.12110900878906,20.36112403869629,77.70272064208984,86.2646484375,68.58999633789062
2024-12-11,,73.33000183105469,596.7655029296875,250.9600067138672,89.22569274902344,86.29747009277344,20.61827850341797,77.6838150024414,86.27406311035156,70.29000091552734
2024-12-12,,73.20999908447266,593.6906127929688,247.27999877929688,88.88575744628906,85.2491455078125,20.53562355041504,77.64599609375,86.29290008544922,70.0199966430664
2024-12-13,,74.20999908447266,593.57275390625,244.2899932861328,88.47027587890625,84.37870788574219,20.526437759399414,77.60816955566406,86.32115936279297,71.29000091552734
2024-12-16,,73.69999694824219,596.1072998046875,244.8800048828125,88.49858856201172,84.63140106201172,20.416229248046875,77.61763763427734,86.33059692382812,70.70999908447266
2024-12-17,,73.30000305175781,593.6513061523438,243.94000244140625,88.49858856201172,84.83731842041016,20.278467178344727,77.62708282470703,86.33999633789062,70.08000183105469
2024-12-18,,72.94000244140625,575.9584350585938,239.25999450683594,87.81459045410156,83.7764892578125,20.094785690307617,77.48477935791016,86.33999633789062,70.58000183105469
2024-12-19,,72.61000061035156,575.7815551757812,239.60000610351562,87.41667175292969,82.50799560546875,20.094785690307617,77.5701675415039,86.35230255126953,69.91000366210938
2024-12-20,,73.0999984741211,582.697265625,242.10000610351562,87.73880004882812,82.97779846191406,20.223363876342773,77.57965087890625,86.39014434814453,69.45999908447266
2024-12-23,,73.05999755859375,586.1866455078125,240.9600067138672,87.35034942626953,82.21672058105469,20.238842010498047,77.5322265625,86.39014434814453,69.23999786376953
2024-12-24,,73.6500015258789,592.7020263671875,241.44000244140625,87.39771270751953,82.56438446044922,20.354934692382812,77.5701675415039,86.4090347290039,70.0999984741211
2024-12-26,,73.12999725341797,592.7416381835938,243.07000732421875,87.46401977539062,82.51739501953125,20.296886444091797,77.58914184570312,86.42797088623047,69.62000274658203
2024-12-27,,73.8499984741211,586.5020751953125,241.39999389648438,87.23666381835938,81.84087371826172,20.393630981445312,77.60810852050781,86.46581268310547,70.5999984741211
2024-12-30,,74.81999969482422,579.8091430664062,240.6300048828125,87.7482681274414,82.49861145019531,20.57744598388672,77.72196960449219,86.46581268310547,70.98999786376953
2024-12-31,,75.55000305175781,577.69970703125,242.1300048828125,87.5871810913086,82.05699920654297,20.683862686157227,77.76940155029297,86.48472595214844,71.72000122070312
2025-01-02,,76.93000030517578,576.2802734375,245.4199981689453,87.63455200195312,82.2824935913086,20.887025833129883,77.75039672851562,86.5036392211914,73.12999725341797
2025-01-03,,77.91999816894531,583.48583984375,243.49000549316406,87.4924545288086,82.01942443847656,20.780607223510742,77.75039672851562,86.51311492919922,73.95999908447266
2025-01-06,,77.30000305175781,586.8470458984375,243.19000244140625,87.4072036743164,81.65296936035156,20.819305419921875,77.76940155029297,86.52254486083984,73.55999755859375
2025-01-07,,78.16999816894531,580.2132568359375,244.55999755859375,87.00928497314453,80.73212432861328,20.91604995727539,77.72196960449219,86.54147338867188,74.25
2025-01-08,,77.30000305175781,581.0609741210938,245.86000061035156,87.16087341308594,80.83549499511719,20.877351760864258,77.76940155029297,86.56039428710938,73.31999969482422
2025-01-09,,,,,,,,,,73.91999816894531
2025-01-10,,80.63999938964844,572.189697265625,248.2100067138672,86.526123046875,80.2999038696289,21.438467025756836,77.62708282470703,86.58879089355469,76.56999969482422
2025-01-13,,82.2300033569336,573.0768432617188,245.74000549316406,86.37454223632812,80.271728515625,21.5932559967041,77.64605712890625,86.59822082519531,78.81999969482422
2025-01-14,,81.66999816894531,573.8653564453125,247.02999877929688,86.40293884277344,80.1401596069336,21.583581924438477,77.66503143310547,86.61714935302734,77.5
2025-01-15,,84.33999633789062,584.303955078125,248.8800048828125,87.31244659423828,81.52141571044922,21.931861877441406,77.83580017089844,86.62662506103516,80.04000091552734
2025-01-16,,82.94000244140625,583.1802368164062,250.60000610351562,87.5208740234375,81.78450012207031,21.83511734008789,77.88322448730469,86.62662506103516,78.68000030517578
2025-01-17,,82.5199966430664,589.0353393554688,249.27000427246094,87.5871810913086,81.92544555664062,21.738372802734375,77.86425018310547,86.67390441894531,77.87999725341797
2025-01-21,,81.11000061035156,594.4271240234375,253.1300048828125,87.88091278076172,82.65834045410156,21.631956100463867,77.89271545410156,86.67390441894531,75.88999938964844
2025-01-22,,80.43000030517578,597.7686157226562,254.42999267578125,87.65350341796875,82.22611999511719,21.612606048583984,77.87373352050781,86.69282531738281,75.44000244140625
2025-01-23,,79.20999908447266,601.03125,254.07000732421875,87.4261474609375,81.5871810913086,21.53521156311035,77.87373352050781,86.69282531738281,74.62000274658203
2025-01-24,,79.5999984741211,599.2766723632812,255.64999389648438,87.60615539550781,81.95362854003906,21.544885635375977,77.9211654663086,86.73065185546875,74.66000366210938
2025-01-27,,77.93000030517578,590.7998046875,252.99000549316406,88.17459869384766,82.92144775390625,21.21595573425293,78.03498840332031,86.7401351928711,73.16999816894531
2025-01-28,,78.86000061035156,595.8760986328125,255.17999267578125,88.18404388427734,82.86506652832031,21.235305786132812,78.0539779663086,86.7401351928711,73.7699966430664
2025-01-29,,77.77999877929688,593.2048950195312,254.1999969482422,88.07984924316406,82.69595336914062,21.274002075195312,78.00654602050781,86.74958801269531,72.62000274658203
2025-01-30,,77.75,596.388671875,258.04998779296875,88.26932525634766,83.0060043334961,21.293350219726562,78.0539779663086,86.75904846191406,72.7300033569336
2025-01-31,,78.0199966430664,593.2146606445312,258.55999755859375,88.12721252441406,82.4610366821289,21.25465202331543,78.06346130371094,86.78741455078125,72.52999877929688
2025-02-03,,77.81999969482422,589.2225952148438,259.94000244140625,88.18995666503906,83.13243103027344,21.419116973876953,78.00920104980469,86.81208801269531,73.16000366210938
2025-02-04,,77.51000213623047,593.17529296875,262.5,88.40853881835938,83.38703918457031,21.47716522216797,78.0853500366211,86.81208801269531,72.69999694824219
2025-02-05,,76.08999633789062,595.580322265625,264.1300048828125,88.92178344726562,84.76375579833984,21.34172248840332,78.13292694091797,86.82160186767578,71.02999877929688
2025-02-06,,75.44999694824219,597.6503295898438,263.42999267578125,88.81723022460938,84.72604370117188,21.351396560668945,78.10440063476562,86.84056854248047,70.61000061035156
2025-02-07,,75.86000061035156,592.1797485351562,263.8999938964844,88.52259063720703,84.17913055419922,21.36107063293457,78.01873016357422,86.85955810546875,71.0
2025-02-10,,77.4000015258789,596.2012939453125,268.3699951171875,88.50357818603516,83.92450714111328,21.670652389526367,78.05680084228516,86.86905670166016,72.31999969482422
2025-02-11,,78.2699966430664,596.6548461914062,267.3900146484375,88.2754898071289,83.38703918457031,21.83511734008789,78.03775787353516,86.87855529785156,73.31999969482422
2025-02-12,,76.31999969482422,594.732666015625,267.6700134277344,87.66720581054688,82.2554702758789,21.5932559967041,77.93306732177734,86.88803100585938,71.37000274658203
2025-02-13,,76.38999938964844,601.0115356445312,270.30999755859375,88.32301330566406,83.62279510498047,21.699676513671875,78.03775787353516,86.90702056884766,71.29000091552734
2025-02-14,,75.81999969482422,600.9820556640625,266.2900085449219,88.69365692138672,84.06597137451172,21.7093505859375,78.14246368408203,86.93551635742188,70.73999786376953
2025-02-18,,76.95999908447266,602.746337890625,270.70001220703125,88.21846771240234,83.0758285522461,22.02860450744629,78.07583618164062,86.9544906616211,71.8499984741211
2025-02-19,,77.44999694824219,604.165771484375,270.8500061035156,88.36102294921875,83.1795654296875,22.20274543762207,78.13292694091797,86.9639892578125,72.25
2025-02-20,,77.76000213623047,601.65234375,270.989990234375,88.54161834716797,83.49075317382812,22.231767654418945,78.14246368408203,86.98296356201172,72.56999969482422
2025-02-21,,75.3499984741211,591.3615112304688,270.739990234375,89.06434631347656,84.49974060058594,21.92218589782715,78.27571105957031,87.01146697998047,70.4000015258789
2025-02-24,,75.97000122070312,588.6705932617188,272.2099914550781,89.25442504882812,84.74491882324219,21.844791412353516,78.33282470703125,87.02094268798828,70.69999694824219
2025-02-25,,74.12999725341797,585.7430419921875,268.6199951171875,89.95774841308594,86.20649719238281,21.60293197631836,78.4375228881836,87.02094268798828,68.93000030517578
2025-02-26,,73.8499984741211,586.0387573242188,269.0299987792969,90.20487213134766,86.71571350097656,21.419116973876953,78.46607208251953,87.03992462158203,68.62000274658203
2025-02-27,,75.27999877929688,576.6844482421875,264.92999267578125,90.10030364990234,86.102783203125,21.44814109802246,78.49462127685547,87.04942321777344,70.3499984741211
2025-02-28,,75.22000122070312,585.683837890625,263.2699890136719,90.59453582763672,87.15889739990234,21.283676147460938,78.63739776611328,87.06841278076172,69.76000213623047
2025-03-03,,73.31999969482422,575.4227905273438,266.739990234375,90.92337036132812,87.5656967163086,21.148235321044922,78.68798828125,87.08649444580078,68.37000274658203
2025-03-04,,73.30999755859375,568.6116333007812,269.05999755859375,90.63739776611328,86.48729705810547,21.21595573425293,78.69754791259766,87.08649444580078,68.26000213623047
2025-03-05,,71.41999816894531,574.722900390625,269.6199951171875,90.1322250366211,85.7967529296875,21.157909393310547,78.61160278320312,87.09603118896484,66.30999755859375
2025-03-06,,71.12999725341797,564.5209350585938,268.25,90.08457946777344,85.51297760009766,21.051490783691406,78.65936279296875,87.10555267333984,66.36000061035156
2025-03-07,,72.08999633789062,567.6849975585938,268.3900146484375,89.97018432617188,85.23865509033203,21.235305786132812,78.6498031616211,87.14363861083984,67.04000091552734
2025-03-10,,70.88999938964844,552.5643920898438,266.0400085449219,90.59929656982422,86.12784576416016,21.099863052368164,78.79301452636719,87.15316772460938,66.02999877929688
2025-03-11,,71.44999694824219,547.9710083007812,269.1600036621094,90.27520751953125,85.51297760009766,21.21595573425293,78.74526977539062,87.16268157958984,66.25
2025-03-12,,72.80000305175781,550.8788452148438,270.3299865722656,90.0083236694336,85.00216674804688,21.21595573425293,78.68798828125,87.17221069335938,67.68000030517578
2025-03-13,,71.62000274658203,543.5353393554688,275.1300048828125,90.37052154541016,85.74945831298828,21.138561248779297,78.74526977539062,87.19125366210938,66.55000305175781
2025-03-14,,72.27999877929688,554.762451171875,275.239990234375,90.05596160888672,85.29540252685547,21.25465202331543,78.68798828125,87.2103042602539,67.18000030517578
2025-03-17,,72.70999908447266,559.0404663085938,276.7300109863281,90.1322250366211,85.7210922241211,21.399770736694336,78.65936279296875,87.22933959960938,67.58000183105469
2025-03-18,,72.20999908447266,552.9981079101562,279.9599914550781,90.23709869384766,85.80621337890625,21.351396560668945,78.65936279296875,87.22933959960938,66.9000015258789
2025-03-19,,72.41999816894531,559.020751953125,281.1099853515625,90.51351165771484,86.25081634521484,21.48683738708496,78.77391052246094,87.2388687133789,67.16000366210938
2025-03-20,,73.7300033569336,557.4041137695312,280.75,90.6469497680664,86.30757141113281,21.525535583496094,78.79301452636719,87.25790405273438,68.26000213623047
2025-03-21,,73.79000091552734,557.5880126953125,278.489990234375,90.57068634033203,85.7967529296875,21.399770736694336,78.84075164794922,87.28649139404297,68.27999877929688
2025-03-24,,74.87999725341797,567.5736083984375,277.25,90.04643249511719,84.91703796386719,21.47716522216797,78.7357177734375,87.28649139404297,69.11000061035156
2025-03-25,,74.81999969482422,568.93798828125,278.4700012207031,90.1989517211914,84.90757751464844,21.506187438964844,78.76436614990234,87.2959976196289,69.0
2025-03-26,,75.41999816894531,562.1458740234375,278.239990234375,89.98924255371094,84.3494873046875,21.47716522216797,78.74526977539062,87.3055191040039,69.6500015258789
2025-03-27,,75.4800033569336,560.6529541015625,281.9700012207031,89.91300201416016,84.10353088378906,21.53521156311035,78.78345489501953,87.32456970214844,69.91999816894531
2025-03-28,,74.7699966430664,549.3623657226562,284.05999755859375,90.63739776611328,85.26703643798828,21.467491149902344,78.92666625976562,87.3531494140625,69.36000061035156
2025-03-31,,77.33000183105469,553.0501098632812,288.1400146484375,90.90431213378906,86.10891723632812,21.767396926879883,78.98396301269531,87.3531494140625,71.4800033569336
2025-04-01,,77.08000183105469,554.6121215820312,287.57000732421875,91.22369384765625,86.85511016845703,21.777070999145508,79.01268768310547,87.37319946289062,71.19999694824219
2025-04-02,,77.73999786376953,558.1220092773438,288.1600036621094,91.13761901855469,86.79815673828125,21.912511825561523,78.95521545410156,87.38276672363281,71.70999908447266
2025-04-03,,72.25,530.6171875,286.4200134277344,92.07472229003906,87.19686889648438,21.032142639160156,79.252197265625,87.39231872558594,66.94999694824219
2025-04-04,,67.91999816894531,499.5533447265625,279.7200012207031,92.33290100097656,88.14620208740234,20.267866134643555,79.20428466796875,87.42098999023438,61.9900016784668
2025-04-07,,65.9800033569336,498.6635437011719,273.7099914550781,91.2332534790039,85.48806762695312,19.948610305786133,79.21388244628906,87.43053436279297,60.70000076293945
2025-04-08,,63.34000015258789,490.8531188964844,275.20001220703125,90.7742691040039,83.87417602539062,19.50358772277832,79.16595458984375,87.44966888427734,59.58000183105469
2025-04-09,,67.58000183105469,542.4022216796875,285.3800048828125,90.48739624023438,84.36783599853516,20.20981788635254,79.11807250976562,87.44966888427734,62.349998474121094
2025-04-10,,65.31999969482422,518.6345825195312,292.3500061035156,89.9232177734375,82.04193878173828,19.958282470703125,79.1084976196289,87.45922088623047,60.06999969482422
2025-04-11,,66.45999908447266,527.8884887695312,297.92999267578125,89.41643524169922,82.4881362915039,20.248516082763672,78.96479797363281,87.49744415283203,61.5
2025-04-14,,66.66000366210938,533.009765625,296.2300109863281,90.13359832763672,83.07673645019531,20.258190155029297,79.1372299194336,87.49744415283203,61.529998779296875
2025-04-15,,66.4800033569336,531.5169067382812,297.7799987792969,90.40133666992188,83.37103271484375,20.20981788635254,79.1372299194336,87.51654815673828,61.33000183105469
2025-04-16,,67.75,519.7023315429688,307.4700012207031,90.79338073730469,83.83619689941406,20.46135139465332,79.24260711669922,87.5261001586914,62.470001220703125
2025-04-17,,69.4800033569336,520.44384765625,306.1199951171875,90.53519439697266,83.09573364257812,20.674190521240234,79.2713394165039,87.56432342529297,64.68000030517578
2025-04-21,,68.62000274658203,508.0558776855469,315.5899963378906,90.04753875732422,81.64321899414062,20.500049591064453,79.22344970703125,87.57388305664062,63.08000183105469
2025-04-22,,69.37000274658203,521.2743530273438,311.1099853515625,90.11447143554688,82.09890747070312,20.59679412841797,79.252197265625,87.57388305664062,64.30999755859375
2025-04-23,,68.05000305175781,529.3516845703125,303.6499938964844,90.2100830078125,82.8963623046875,20.44200325012207,79.19471740722656,87.593017578125,62.27000045776367
2025-04-24,,68.45999908447266,540.4940185546875,308.07000732421875,90.69776153564453,83.76972961425781,20.625816345214844,79.29049682617188,87.593017578125,62.790000915527344
2025-04-25,,69.02999877929688,544.3992919921875,304.7300109863281,91.04200744628906,84.38680267333984,20.65484046936035,79.3575668334961,87.6312255859375,63.02000045776367
2025-04-28,,67.76000213623047,544.6068725585938,309.07000732421875,91.40536499023438,84.91844940185547,20.538747787475586,79.47252655029297,87.64079284667969,62.04999923706055
2025-04-29,,65.8499984741211,548.03759765625,306.05999755859375,91.7209243774414,85.63043975830078,20.277538299560547,79.52041625976562,87.64079284667969,60.41999816894531
2025-04-30,,63.560001373291016,548.2550659179688,303.7699890136719,91.8643569946289,84.93742370605469,19.900236129760742,79.62577819824219,87.65034484863281,58.209999084472656
2025-05-01,,64.5199966430664,552.1405029296875,297.4599914550781,91.46430969238281,84.50675964355469,19.996980667114258,79.46147155761719,87.67143249511719,59.2400016784668
2025-05-02,,64.01000213623047,560.3365478515625,297.9800109863281,90.85032653808594,83.59203338623047,20.08405113220215,79.30770111083984,87.70020294189453,58.290000915527344
2025-05-05,,62.369998931884766,557.1233520507812,306.8800048828125,90.6872329711914,83.12513732910156,19.967958450317383,79.298095703125,87.70020294189453,57.130001068115234
2025-05-06,,64.5999984741211,552.4667358398438,315.4800109863281,90.91747283935547,83.40148162841797,20.267866134643555,79.36537170410156,87.7193832397461,59.09000015258789
2025-05-07,,63.5099983215332,554.7901611328125,310.75,91.15731048583984,83.75401306152344,20.01633071899414,79.39420318603516,87.7193832397461,58.06999969482422
2025-05-08,,65.5999984741211,558.6558227539062,304.6300048828125,90.4473876953125,82.82024383544922,20.277538299560547,79.23084259033203,87.7385482788086,59.90999984741211
2025-05-09,,66.61000061035156,557.9439697265625,306.8399963378906,90.51454162597656,82.94412231445312,20.432329177856445,79.26925659179688,87.76731872558594,61.02000045776367
2025-05-12,,67.5999984741211,576.3826904296875,298.19000244140625,89.93893432617188,82.17229461669922,20.567771911621094,79.12511444091797,87.76731872558594,61.95000076293945
2025-05-13,,69.58999633789062,580.1890258789062,299.4599914550781,89.87178039550781,81.83882904052734,20.887025833129883,79.10590362548828,87.78648376464844,63.66999816894531
2025-05-14,,68.7300033569336,580.9305419921875,293.1600036621094,89.53602600097656,81.29571533203125,20.780607223510742,79.04825592041016,87.78648376464844,63.150001525878906
2025-05-15,,67.58999633789062,583.7679443359375,297.8399963378906,90.12120819091797,82.01032257080078,20.57744598388672,79.20201110839844,87.79608917236328,61.619998931884766
2025-05-16,,68.0999984741211,587.4655151367188,294.239990234375,90.15000915527344,82.22949981689453,20.500049591064453,79.18279266357422,87.83444213867188,62.4900016784668
2025-05-19,,68.51000213623047,588.108154296875,298.0299987792969,90.10201263427734,81.99127960205078,20.471027374267578,79.21162414550781,87.83444213867188,62.689998626708984
2025-05-20,,68.66000366210938,586.130859375,303.5799865722656,89.98690032958984,81.40052032470703,20.732234954833984,79.22122955322266,87.8536376953125,62.560001373291016
2025-05-21,,67.58999633789062,576.2540893554688,305.82000732421875,89.36332702636719,80.00938415527344,20.70321273803711,79.17317962646484,87.86319732666016,61.56999969482422
2025-05-22,,67.13999938964844,576.4815063476562,303.1099853515625,89.69910430908203,80.42863464355469,20.59679412841797,79.22122955322266,87.88238525390625,61.20000076293945
2025-05-23,,67.98999786376953,572.5465698242188,309.75,89.9581298828125,80.56201934814453,20.712886810302734,79.26925659179688,87.92074584960938,61.529998779296875
2025-05-27,,67.27999877929688,584.4501953125,304.5,90.332275390625,81.6863784790039,20.529071807861328,79.298095703125,87.92074584960938,60.88999938964844
2025-05-28,,67.88999938964844,581.0689086914062,303.80999755859375,90.0828628540039,81.33382415771484,20.46135139465332,79.2404556274414,87.93034362792969,61.84000015258789
2025-05-29,,67.19000244140625,583.3626098632812,305.6099853515625,90.45699310302734,82.08655548095703,20.354934692382812,79.32694244384766,87.93993377685547,60.939998626708984
2025-05-30,,67.1500015258789,582.7101440429688,303.6000061035156,90.72560119628906,82.21041870117188,20.20014190673828,79.42302703857422,87.96868896484375,60.790000915527344
2025-06-02,,69.55000305175781,585.992431640625,311.6700134277344,90.4176025390625,81.4453353881836,20.625816345214844,79.35747528076172,87.98407745361328,62.52000045776367
2025-06-03,,69.88999938964844,589.3341064453125,308.9100036621094,90.33097839355469,81.3018798828125,20.76125717163086,79.33818817138672,88.00331115722656,63.40999984741211
2025-06-04,,69.33999633789062,589.1759033203125,310.8999938964844,90.99510955810547,82.62167358398438,20.683862686157227,79.4828109741211,88.00331115722656,62.849998474121094
2025-06-05,,69.93000030517578,586.3285522460938,309.3299865722656,90.7256088256836,82.6790542602539,20.780607223510742,79.39603424072266,88.0129623413086,63.369998931884766
2025-06-06,,71.37999725341797,592.3495483398438,305.17999267578125,90.00374603271484,81.62704467773438,20.945072174072266,79.26105499267578,88.04181671142578,64.58000183105469
2025-06-09,,72.05000305175781,592.8834838867188,306.6199951171875,90.16735076904297,81.71310424804688,20.964420318603516,79.31890106201172,88.06106567382812,65.29000091552734
2025-06-10,,71.5999984741211,596.244873046875,306.7099914550781,90.32136535644531,82.13391876220703,20.91604995727539,79.31890106201172,88.0706787109375,64.9800033569336
2025-06-11,,74.81999969482422,594.54443359375,308.3699951171875,90.69674682617188,82.38258361816406,21.25465202331543,79.44424438476562,88.0706787109375,68.1500015258789
2025-06-12,,75.05000305175781,596.9073486328125,312.20001220703125,91.09135437011719,83.3676528930664,21.25465202331543,79.5117416381836,88.08030700683594,68.04000091552734
2025-06-13,,80.22000122070312,590.2338256835938,316.2900085449219,90.75450134277344,82.56428527832031,21.912511825561523,79.4538803100586,88.1187973022461,72.9800033569336
2025-06-16,,78.58999633789062,595.8494262695312,311.7799987792969,90.49462127685547,81.73223876953125,21.8641414642334,79.44424438476562,88.1187973022461,71.7699966430664
2025-06-17,,82.30000305175781,590.7578735351562,311.94000244140625,90.93737030029297,82.72686767578125,22.328510284423828,79.4828109741211,88.13803100585938,74.83999633789062
2025-06-18,,82.2699966430664,590.6688232421875,310.260009765625,90.99510955810547,82.87033081054688,22.38655662536621,79.5213623046875,88.15727996826172,75.13999938964844
2025-06-20,,83.12000274658203,589.2816162109375,310.1300048828125,91.05286407470703,82.71731567382812,22.50265121459961,79.5792236328125,88.17652130126953,74.93000030517578
2025-06-23,,76.41000366210938,595.1022338867188,311.0799865722656,91.37049102783203,82.98509216308594,21.670652389526367,79.68527221679688,88.19575500488281,68.51000213623047
2025-06-24,,73.0,601.6764526367188,306.19000244140625,91.68811798095703,83.5876235961914,21.148235321044922,79.75276184082031,88.19575500488281,64.37000274658203
2025-06-25,,73.30999755859375,602.0136108398438,307.1199951171875,91.72660064697266,83.69282531738281,21.119211196899414,79.76241302490234,88.20537567138672,64.91999816894531
2025-06-26,,73.58999633789062,606.7236938476562,306.7799987792969,92.05386352539062,84.11361694335938,21.196605682373047,79.85883331298828,88.21501159667969,65.23999786376953
2025-06-27,,73.27999877929688,609.7380981445312,301.2200012207031,91.81324005126953,83.57804870605469,21.090187072753906,79.82989501953125,88.25348663330078,65.5199966430664
2025-06-30,,73.11000061035156,612.6533813476562,304.8299865722656,92.1789779663086,84.4005355834961,21.099863052368164,79.88774871826172,88.26312255859375,65.11000061035156
2025-07-01,,73.93000030517578,612.455078125,307.54998779296875,92.0080795288086,84.60980987548828,21.21595573425293,79.80455780029297,88.278564453125,65.44999694824219
2025-07-02,,75.58999633789062,615.2315063476562,309.25,91.81497955322266,84.07222747802734,21.564233779907227,79.79488372802734,88.2882308959961,67.44999694824219
2025-07-03,,75.19000244140625,620.0803833007812,307.1400146484375,91.496337890625,83.48666381835938,21.5545597076416,79.70783996582031,88.33649444580078,67.0
2025-07-04,,,,,,,,,,66.5
2025-07-07,,76.4800033569336,615.4595947265625,307.3699951171875,91.2066650390625,82.68991088867188,21.53521156311035,79.6884994506836,88.34614562988281,67.93000030517578
2025-07-08,,76.95999908447266,615.1224365234375,304.1600036621094,91.07149505615234,82.58431243896484,21.60293197631836,79.69816589355469,88.34614562988281,68.33000183105469
2025-07-09,,76.93000030517578,618.8110961914062,305.5199890136719,91.54461669921875,83.44828033447266,21.564233779907227,79.76587677001953,88.3558120727539,68.37999725341797
2025-07-10,,75.38999938964844,620.5563354492188,306.20001220703125,91.496337890625,83.50586700439453,21.496511459350586,79.76587677001953,88.3751220703125,66.56999969482422
2025-07-11,,77.29000091552734,618.3748168945312,309.1400146484375,91.07149505615234,82.35391998291016,21.777070999145508,79.74652862548828,88.39441680908203,68.44999694824219
2025-07-14,,75.62000274658203,619.5547485351562,308.010009765625,91.03286743164062,82.18114471435547,21.5932559967041,79.75621032714844,88.40406799316406,66.9800033569336
2025-07-15,,75.26000213623047,616.9072875976562,306.7300109863281,90.67561340332031,81.60518646240234,21.5545597076416,79.67881774902344,88.41373443603516,66.5199966430664
2025-07-16,,75.19000244140625,618.9697265625,308.260009765625,90.9266586303711,81.72037506103516,21.583581924438477,79.78520965576172,88.43303680419922,66.37999725341797
2025-07-17,,76.16000366210938,622.757568359375,307.5899963378906,90.89768981933594,81.70116424560547,21.757720947265625,79.75621032714844,88.43303680419922,67.54000091552734
2025-07-18,,75.93000030517578,622.301513671875,308.3900146484375,91.14874267578125,81.82595825195312,21.796419143676758,79.82389831542969,88.4716567993164,67.33999633789062
2025-07-21,,75.58999633789062,623.4815063476562,313.1300048828125,91.4673843383789,82.5555191040039,21.748046875,79.87226104736328,88.49095153808594,67.19999694824219
2025-07-22,,75.3499984741211,623.5707397460938,316.1000061035156,91.72808074951172,83.05469512939453,21.7093505859375,79.93029022216797,88.50061798095703,66.20999908447266
2025-07-23,,75.27999877929688,628.8757934570312,312.17999267578125,91.39978790283203,82.59390258789062,21.651302337646484,79.86259460449219,88.51026153564453,65.25
2025-07-24,,76.08999633789062,629.083984375,310.2699890136719,91.26460266113281,82.44992065429688,21.670652389526367,79.79488372802734,88.51026153564453,66.02999877929688
2025-07-25,,74.8499984741211,631.7413940429688,307.3999938964844,91.47703552246094,82.96830749511719,21.44814109802246,79.84325408935547,88.53922271728516,65.16000366210938
2025-07-28,,77.16999816894531,631.582763671875,305.4100036621094,91.27426147460938,82.43071746826172,21.670652389526367,79.83358764648438,88.54887390136719,66.70999908447266
2025-07-29,,79.80000305175781,629.9169311523438,306.25,91.8729248046875,83.8226547241211,21.951210021972656,79.90129852294922,88.55853271484375,69.20999908447266
2025-07-30,,81.04000091552734,629.1236572265625,300.9599914550781,91.55426788330078,83.39066314697266,21.9028377532959,79.81422424316406,88.56820678710938,70.0
2025-07-31,,79.58999633789062,626.763671875,302.9599914550781,91.63150787353516,83.43866729736328,21.719024658203125,79.81422424316406,88.5778579711914,69.26000213623047
2025-08-01,,77.45999908447266,616.4907836914062,309.1099853515625,92.68646240234375,84.62489318847656,21.370746612548828,80.21208953857422,88.61563873291016,67.33000183105469
2025-08-04,,76.11000061035156,625.8612670898438,310.9100036621094,92.81236267089844,84.85614776611328,21.293350219726562,80.23149108886719,88.62532043457031,66.29000091552734
2025-08-05,,75.0199966430664,622.688232421875,311.1600036621094,92.74457550048828,85.11632537841797,21.10953712463379,80.202392578125,88.62532043457031,65.16000366210938
2025-08-06,,73.79000091552734,627.457763671875,310.5,92.67677307128906,84.62489318847656,21.06116485595703,80.23149108886719,88.65438079833984,64.3499984741211
2025-08-07,,73.41999816894531,626.9321899414062,313.1199951171875,92.60894775390625,84.48033142089844,21.12888526916504,80.19268035888672,88.65438079833984,63.880001068115234
2025-08-08,,73.30000305175781,631.82080078125,313.04998779296875,92.39582824707031,84.11416625976562,21.12888526916504,80.17327117919922,88.68346405029297,63.880001068115234
2025-08-11,,73.80000305175781,630.5713500976562,308.54998779296875,92.42488861083984,84.21053314208984,21.157909393310547,80.17327117919922,88.69314575195312,63.959999084472656
2025-08-12,,72.94999694824219,637.2844848632812,308.2699890136719,92.40553283691406,83.78653717041016,21.07084083557129,80.23149108886719,88.70282745361328,63.16999816894531
2025-08-13,,72.45999908447266,639.4659423828125,309.2099914550781,92.73489379882812,84.48033142089844,21.04181671142578,80.33824920654297,88.71250915527344,62.650001525878906
2025-08-14,,73.73999786376953,639.5254516601562,307.25,92.43458557128906,83.8539810180664,21.12888526916504,80.25090026855469,88.72220611572266,63.959999084472656
2025-08-15,,72.80000305175781,638.0281372070312,307.42999267578125,92.25052642822266,83.25654602050781,21.06116485595703,80.22179412841797,88.76095581054688,62.79999923706055
2025-08-18,,73.16999816894531,637.8892822265625,306.95001220703125,92.1633529663086,83.0156478881836,21.080514907836914,80.22179412841797,88.76095581054688,63.41999816894531
2025-08-19,,72.30000305175781,634.4286499023438,305.2699890136719,92.39582824707031,83.49745178222656,20.91604995727539,80.26061248779297,88.78033447265625,62.349998474121094
2025-08-20,,73.5199966430664,632.742919921875,308.3599853515625,92.53144836425781,83.68052673339844,21.148235321044922,80.28971099853516,88.79969787597656,63.209999084472656
2025-08-21,,74.12999725341797,630.2044677734375,307.2900085449219,92.26020812988281,83.26618194580078,21.274002075195312,80.22179412841797,88.79969787597656,63.52000045776367
2025-08-22,,74.63999938964844,639.8823852539062,310.5799865722656,92.77362060546875,83.88290405273438,21.36107063293457,80.39646911621094,88.82877349853516,63.65999984741211
2025-08-25,,75.75,637.0662231445312,309.8299865722656,92.58956909179688,83.64199829101562,21.467491149902344,80.35765075683594,88.83845520019531,64.80000305175781
2025-08-26,,74.05000305175781,639.733642578125,312.0799865722656,92.83174896240234,83.59380340576172,21.30302619934082,80.42557525634766,88.84813690185547,63.25
2025-08-27,,74.68000030517578,641.1912841796875,312.7099914550781,93.00611877441406,83.49745178222656,21.32237434387207,80.48380279541016,88.85781860351562,64.1500015258789
2025-08-28,,75.23999786376953,643.4619750976562,315.0299987792969,93.21924591064453,84.04671478271484,21.457815170288086,80.4546890258789,88.86751556396484,64.5999984741211
2025-08-29,,74.83999633789062,639.6245727539062,318.07000732421875,93.14175415039062,83.44925689697266,21.48683738708496,80.52262878417969,88.9062728881836,64.01000213623047
2025-09-02,,76.76000213623047,634.884765625,325.5899963378906,92.86380004882812,82.82825469970703,21.83511734008789,80.48171997070312,88.92767333984375,65.58999633789062
2025-09-03,,74.83000183105469,638.3256225585938,328.1400146484375,93.18450164794922,83.73751068115234,21.641630172729492,80.54013061523438,88.93738555908203,63.970001220703125
2025-09-04,,74.18000030517578,643.6602783203125,326.69000244140625,93.60240936279297,84.37593078613281,21.48683738708496,80.59854888916016,88.95681762695312,63.47999954223633
2025-09-05,,72.62999725341797,641.796142578125,331.04998779296875,94.0592041015625,85.66239929199219,21.312700271606445,80.7153549194336,88.98600006103516,61.869998931884766
2025-09-08,,73.04000091552734,643.3727416992188,334.82000732421875,94.35076904296875,86.80378723144531,21.457815170288086,80.76402282714844,88.99571990966797,62.2599983215332
2025-09-09,,73.38999938964844,644.8601684570312,334.05999755859375,94.12724304199219,86.31048583984375,21.51586151123047,80.69587707519531,89.00543212890625,62.630001068115234
2025-09-10,,74.70999908447266,646.724365234375,335.260009765625,94.37992858886719,86.80378723144531,21.66097640991211,80.70561981201172,89.0151596069336,63.66999816894531
2025-09-11,,73.0,652.0988159179688,334.760009765625,94.52571105957031,87.3841552734375,21.496511459350586,80.73482513427734,89.0248794555664,62.369998931884766
2025-09-12,,73.30999755859375,651.8805541992188,335.4200134277344,94.25358581542969,87.00692749023438,21.62228012084961,80.72508239746094,89.05403900146484,62.689998626708984
2025-09-15,,74.2300033569336,655.3511352539062,338.9100036621094,94.40908813476562,87.2100601196289,21.815767288208008,80.75428009033203,89.06375885009766,63.29999923706055
2025-09-16,,75.66999816894531,654.4487915039062,339.5899963378906,94.46739959716797,87.39383697509766,22.038280487060547,80.79322052001953,89.073486328125,64.5199966430664
2025-09-17,,74.97000122070312,653.6357421875,336.9700012207031,94.26329803466797,87.17137145996094,21.806095123291016,80.75428009033203,89.08322143554688,64.05000305175781
2025-09-18,,74.69000244140625,656.6898803710938,335.6199951171875,93.95230102539062,86.27179718017578,21.7093505859375,80.72508239746094,89.09293365478516,63.56999969482422
2025-09-19,,73.5199966430664,659.9423217773438,339.17999267578125,93.91342163085938,86.10735321044922,21.53521156311035,80.75428009033203,89.13182830810547,62.68000030517578
2025-09-22,,73.44999694824219,663.0645751953125,345.04998779296875,93.75792694091797,85.79781341552734,21.53521156311035,80.7153549194336,89.14154052734375,62.63999938964844
2025-09-23,,75.05000305175781,659.4551391601562,346.4599914550781,94.02032470703125,86.39752960205078,21.757720947265625,80.74454498291016,89.14154052734375,63.40999984741211
2025-09-24,,76.38999938964844,657.3569946289062,343.32000732421875,93.76763916015625,86.06867218017578,21.9028377532959,80.70561981201172,89.16098022460938,64.98999786376953
2025-09-25,,76.98999786376953,654.3242797851562,344.75,93.56355285644531,86.06867218017578,22.057626724243164,80.6374740600586,89.16098022460938,64.9800033569336
2025-09-26,,77.0199966430664,658.072998046875,346.739990234375,93.51494598388672,85.99128723144531,22.067302703857422,80.68614196777344,89.1901626586914,65.72000122070312
2025-09-29,,74.58999633789062,659.9224243164062,352.4599914550781,93.78707885742188,86.69739532470703,21.88348960876465,80.7153549194336,89.19987487792969,63.45000076293945
2025-09-30,,73.75,662.4082641601562,355.4700012207031,93.74819946289062,86.44589233398438,21.796419143676758,80.75428009033203,89.19987487792969,62.369998931884766
2025-10-01,,73.13999938964844,664.6654052734375,356.0299987792969,94.06405639648438,86.66915893554688,21.757720947265625,80.84803009033203,89.2203598022461,61.779998779296875
2025-10-02,,71.54000091552734,665.4309692382812,354.7900085449219,94.16153717041016,86.92152404785156,21.612606048583984,80.8675537109375,89.2301254272461,60.47999954223633
2025-10-03,,71.70999908447266,665.421142578125,357.6400146484375,93.97631072998047,86.75651550292969,21.680326461791992,80.83826446533203,89.24961853027344,60.880001068115234
2025-10-06,,72.87000274658203,667.8074951171875,364.3800048828125,93.70336151123047,86.06734466552734,21.9028377532959,80.81871795654297,89.26914978027344,61.689998626708984
2025-10-07,,73.19999694824219,665.3316040039062,366.260009765625,93.93732452392578,86.5623779296875,21.989906311035156,80.8577880859375,89.26914978027344,61.72999954223633
2025-10-08,,73.52999877929688,669.2990112304688,372.29998779296875,93.95681762695312,86.63034057617188,22.018930435180664,80.84803009033203,89.28865051269531,62.54999923706055
2025-10-09,,72.51000213623047,667.3600463867188,365.42999267578125,93.8885726928711,86.5623779296875,21.815767288208008,80.83826446533203,89.28865051269531,61.5099983215332
2025-10-10,,69.38999938964844,649.32275390625,369.1199951171875,94.47350311279297,87.96012115478516,21.351396560668945,80.97496032714844,89.32766723632812,58.900001525878906
2025-10-13,,70.27999877929688,659.2860107421875,378.0899963378906,94.52223205566406,87.91158294677734,21.62228012084961,81.13117980957031,89.33743286132812,59.4900016784668
2025-10-14,,69.0,658.4805908203125,380.7900085449219,94.76595306396484,88.19306182861328,21.380420684814453,81.07259368896484,89.33743286132812,58.70000076293945
2025-10-15,,68.98999786376953,661.4039306640625,387.3900146484375,94.65870666503906,87.99894714355469,21.457815170288086,81.0335464477539,89.34718322753906,58.27000045776367
2025-10-16,,67.80999755859375,656.8995971679688,396.45001220703125,95.09740447998047,88.65898132324219,21.419116973876953,81.14094543457031,89.35693359375,57.459999084472656
2025-10-17,,67.9800033569336,660.62841796875,388.989990234375,94.94142150878906,88.52308654785156,21.399770736694336,81.13117980957031,89.3764419555664,57.540000915527344
2025-10-20,,67.83000183105469,667.499267578125,403.1499938964844,95.06815338134766,88.86282348632812,21.612606048583984,81.14094543457031,89.39595794677734,57.52000045776367
2025-10-21,,68.2699966430664,667.4893188476562,377.239990234375,95.24364471435547,89.29960632324219,21.390094757080078,81.16047668457031,89.39595794677734,57.81999969482422
2025-10-22,,70.62999725341797,664.0191040039062,377.2799987792969,95.26312255859375,89.35784149169922,21.728696823120117,81.16047668457031,89.41547393798828,58.5
2025-10-23,,73.29000091552734,667.9566650390625,378.7900085449219,94.95117950439453,88.74634552001953,22.096324920654297,81.10189819335938,89.42522430419922,61.790000915527344
2025-10-24,,73.18000030517578,673.4155883789062,377.5199890136719,95.0389175415039,88.78516387939453,22.106000900268555,81.15070343017578,89.4544906616211,61.5
2025-10-27,,73.12000274658203,681.3603515625,367.010009765625,95.0389175415039,89.08607482910156,22.057626724243164,81.13117980957031,89.4544906616211,61.310001373291016
2025-10-28,,71.38999938964844,683.1700439453125,364.3800048828125,95.12664794921875,89.31901550292969,21.85446548461914,81.14094543457031,89.46424102783203,60.150001525878906
2025-10-29,,71.80000305175781,683.4982299804688,363.0,94.51248168945312,88.41631317138672,21.970558166503906,80.98472595214844,89.49351501464844,60.47999954223633
2025-10-30,,71.70999908447266,675.9810180664062,370.1300048828125,94.3759994506836,87.9018783569336,21.98023223876953,80.99447631835938,89.49351501464844,60.56999969482422
2025-10-31,,72.55999755859375,678.1983032226562,368.1199951171875,94.41500091552734,87.63980102539062,22.13502311706543,81.02379608154297,89.51302337646484,60.97999954223633
2025-11-03,,72.73999786376953,679.4711303710938,368.7799987792969,94.37002563476562,87.42061614990234,22.299488067626953,81.0267333984375,89.52574157714844,61.04999923706055
2025-11-04,,71.93000030517578,671.4169921875,362.32000732421875,94.48736572265625,87.6154556274414,22.144697189331055,81.05610656738281,89.53553771972656,60.560001373291016
2025-11-05,,71.02999877929688,673.7437133789062,366.510009765625,94.03753662109375,86.66077423095703,22.076976776123047,80.99732208251953,89.5453109741211,59.599998474121094
2025-11-06,,70.87999725341797,666.514892578125,366.07000732421875,94.51671600341797,87.44010925292969,22.106000900268555,81.09527587890625,89.55510711669922,59.43000030517578
2025-11-07,,71.26000213623047,667.1710815429688,368.30999755859375,94.55583190917969,87.25501251220703,22.15437126159668,81.13446807861328,89.58446502685547,59.75
2025-11-10,,71.68000030517578,677.5818481445312,378.3800048828125,94.42869567871094,87.23552703857422,22.39623260498047,81.11488342285156,89.60404205322266,60.130001068115234
2025-11-11,,72.72000122070312,679.1329956054688,379.8699951171875,94.7220687866211,87.63493347167969,22.54134750366211,81.18344116210938,89.59424591064453,61.040000915527344
2025-11-12,,69.79000091552734,679.5109252929688,385.989990234375,94.74163055419922,87.79080200195312,22.289813995361328,81.15406036376953,89.60404205322266,58.4900016784668
2025-11-13,,69.8499984741211,668.235107421875,382.8699951171875,94.46781921386719,87.06991577148438,22.173721313476562,81.10509490966797,89.61382293701172,58.689998626708984
2025-11-14,,71.37999725341797,668.1256713867188,375.9599914550781,94.31135559082031,86.57311248779297,22.222091674804688,81.13446807861328,89.65296936035156,60.09000015258789
2025-11-17,,71.30000305175781,661.901123046875,371.6499938964844,94.41893005371094,86.78741455078125,22.193069458007812,81.12467956542969,89.65296936035156,59.90999984741211
2025-11-18,,72.5,656.3427734375,374.3500061035156,94.57538604736328,86.75819396972656,22.376882553100586,81.17364501953125,89.67255401611328,60.7400016784668
2025-11-19,,70.87999725341797,658.8783569335938,374.9599914550781,94.5069351196289,86.58284759521484,22.15437126159668,81.16385650634766,89.67255401611328,59.439998626708984
2025-11-20,,70.1500015258789,648.8355712890625,374.8500061035156,94.73185729980469,86.92379760742188,21.94153594970703,81.232421875,89.69213104248047,59.13999938964844
2025-11-21,,69.30000305175781,655.2987670898438,374.2699890136719,95.04479217529297,87.18682098388672,21.796419143676758,81.33036804199219,89.71171569824219,58.060001373291016
2025-11-24,,70.41999816894531,664.9437866210938,380.20001220703125,95.19148254394531,87.68365478515625,21.9028377532959,81.34017181396484,89.71171569824219,58.84000015258789
2025-11-25,,69.25,671.1982421875,380.0799865722656,95.43595123291016,87.90769958496094,21.786745071411133,81.38914489746094,89.73127746582031,57.95000076293945
2025-11-26,,70.04000091552734,675.8318481445312,383.1199951171875,95.51419830322266,88.29736328125,22.018930435180664,81.37934112548828,89.74107360839844,58.650001525878906
2025-11-28,,71.06999969482422,679.5208129882812,387.8800048828125,95.34794616699219,87.87847137451172,22.309162139892578,81.37934112548828,89.77043151855469,58.54999923706055
2025-12-01,,71.05999755859375,676.41845703125,389.75,94.83596801757812,86.78448486328125,22.367210388183594,81.3095932006836,89.78121948242188,59.31999969482422
2025-12-02,,70.19999694824219,677.67138671875,387.239990234375,94.9144287109375,86.82360076904297,22.270465850830078,81.35871124267578,89.81068420410156,58.63999938964844
2025-12-03,,70.66000366210938,680.0180053710938,386.8800048828125,95.110595703125,87.06800842285156,22.376882553100586,81.40784454345703,89.82049560546875,58.95000076293945
2025-12-04,,71.38999938964844,680.51513671875,387.1300048828125,94.81633758544922,86.59874725341797,22.4349308013916,81.3488998413086,89.83032989501953,59.66999816894531
2025-12-05,,71.91999816894531,681.8078002929688,386.44000244140625,94.62018585205078,86.19791412353516,22.570371627807617,81.31941223144531,89.84994506835938,60.08000183105469
2025-12-08,,70.48999786376953,679.7594604492188,385.4200134277344,94.42401123046875,85.9144058227539,22.289813995361328,81.29976654052734,89.8597640991211,58.880001068115234
2025-12-09,,69.86000061035156,679.1727905273438,387.3999938964844,94.28668975830078,86.00239562988281,22.24144172668457,81.26045989990234,89.87940979003906,58.25
2025-12-10,,70.54000091552734,683.6771850585938,389.04998779296875,94.59075927734375,86.33477783203125,22.376882553100586,81.39801788330078,89.87940979003906,58.459999084472656
2025-12-11,,69.25,685.26806640625,393.239990234375,94.60055541992188,86.21747589111328,22.357534408569336,81.40784454345703,89.88922119140625,57.599998474121094
2025-12-12,,68.80999755859375,677.9000854492188,395.44000244140625,94.34554290771484,85.386474609375,22.173721313476562,81.41767120361328,89.92848205566406,57.439998626708984
2025-12-15,,67.88999938964844,676.8758544921875,395.79998779296875,94.42401123046875,85.44514465332031,22.067302703857422,81.46678924560547,89.92848205566406,56.81999969482422
2025-12-16,,66.16999816894531,675.0264282226562,395.8900146484375,94.68882751464844,85.9144058227539,21.844791412353516,81.50608825683594,89.93831634521484,55.27000045776367
2025-12-17,,67.9800033569336,667.5986938476562,399.2900085449219,94.66921997070312,85.83619689941406,22.106000900268555,81.51590728759766,89.94813537597656,55.939998626708984
2025-12-18,,67.19000244140625,672.6399536132812,398.57000732421875,94.9144287109375,86.2468032836914,21.951210021972656,81.57486724853516,89.9629135131836,56.150001525878906
2025-12-19,,68.02999877929688,678.7363891601562,399.0199890136719,94.70088958740234,85.92488861083984,22.106000900268555,81.5600814819336,89.99247741699219,56.65999984741211
2025-12-22,,69.7300033569336,682.96484375,408.2300109863281,94.60248565673828,85.73841857910156,22.389999389648438,81.52066040039062,89.99247741699219,58.0099983215332
2025-12-23,,70.30000305175781,686.0863037109375,413.6400146484375,94.5631332397461,85.87582397460938,22.639999389648438,81.48123931884766,89.99247741699219,58.380001068115234
2025-12-24,,70.19999694824219,688.4996948242188,411.92999267578125,94.80912780761719,86.3959732055664,22.6299991607666,81.53052520751953,90.02205657958984,58.349998474121094
2025-12-26,,68.4800033569336,688.4298706054688,416.739990234375,94.89769744873047,86.11136627197266,22.700000762939453,81.58965301513672,90.05162811279297,56.7400016784668
2025-12-29,,69.61000061035156,685.9765625,398.6000061035156,95.03545379638672,86.43522644042969,22.489999771118164,81.62906646728516,90.05162811279297,58.08000183105469
2025-12-30,,69.73999786376953,685.138916015625,398.8900146484375,94.93704986572266,86.22913360595703,22.639999389648438,81.64877319335938,90.06148529052734,57.95000076293945
2025-12-31,,69.16000366210938,680.062744140625,396.30999755859375,94.6221694946289,85.5421371459961,22.360000610351562,81.61920166015625,90.07133483886719,57.41999816894531
2026-01-02,,68.95999908447266,681.309326171875,398.2799987792969,94.54344177246094,85.41454315185547,22.389999389648438,81.65863800048828,90.11075592041016,57.31999969482422
2026-01-05,,70.22000122070312,685.846923828125,408.760009765625,94.82881927490234,85.83655548095703,22.809999465942383,81.68820190429688,90.11075592041016,58.31999969482422
2026-01-06,,68.51000213623047,689.92578125,413.17999267578125,94.75992584228516,85.65990447998047,22.799999237060547,81.69805145263672,90.12062072753906,57.130001068115234
2026-01-07,,67.79000091552734,687.701904296875,409.2300109863281,94.93704986572266,86.16043853759766,22.59000015258789,81.68820190429688,90.14032745361328,55.9900016784668
2026-01-08,,70.54000091552734,687.632080078125,411.489990234375,94.65169525146484,85.72859954833984,22.8799991607666,81.65863800048828,90.14032745361328,57.7599983215332
2026-01-09,,70.77999877929688,692.1796264648438,414.4700012207031,94.75992584228516,86.29784393310547,22.899999618530273,81.62906646728516,90.16004943847656,59.119998931884766
2026-01-12,,71.6500015258789,693.2666625976562,422.2300109863281,94.64185333251953,86.04265594482422,23.190000534057617,81.62906646728516,90.16990661621094,59.5
2026-01-13,,73.4800033569336,691.8804931640625,421.6300048828125,94.75992584228516,86.18987274169922,23.3700008392334,81.64877319335938,90.17975616455078,61.150001525878906
2026-01-14,,72.61000061035156,688.479736328125,425.94000244140625,94.95673370361328,86.6904067993164,23.389999389648438,81.66849517822266,90.18962860107422,62.02000045776367
2026-01-15,,71.12999725341797,690.3546142578125,423.3299865722656,94.75992584228516,86.6707763671875,23.200000762939453,81.6093521118164,90.18962860107422,59.189998626708984
2026-01-16,,71.6500015258789,689.7761840820312,421.2900085449219,94.3958511352539,86.17024993896484,23.15999984741211,81.58965301513672,90.22904205322266,59.439998626708984
2026-01-20,,71.86000061035156,675.7345581054688,437.2300109863281,94.02191925048828,85.0416030883789,23.479999542236328,81.59950256347656,90.22904205322266,60.34000015258789
2026-01-21,,73.33999633789062,683.5332641601562,443.6000061035156,94.2679214477539,85.68933868408203,23.75,81.63890838623047,90.23890686035156,60.619998931884766
2026-01-22,,71.81999969482422,687.103515625,451.7900085449219,94.25808715820312,86.06230163574219,23.739999771118164,81.6093521118164,90.2487564086914,59.36000061035156
2026-01-23,,73.94999694824219,687.352783203125,458.0,94.41551971435547,86.29784393310547,24.18000030517578,81.63890838623047,90.27832794189453,61.06999969482422
2026-01-26,,73.4800033569336,690.84326171875,464.70001220703125,94.55328369140625,86.71002960205078,24.290000915527344,81.66849517822266,90.27832794189453,60.630001068115234
2026-01-27,,75.66000366210938,693.5957641601562,476.1000061035156,94.4450454711914,86.17024993896484,24.6200008392334,81.68820190429688,90.28817749023438,62.38999938964844
2026-01-28,,76.62000274658203,693.5259399414062,494.55999755859375,94.36632537841797,85.97396850585938,24.940000534057617,81.68820190429688,90.29804992675781,63.209999084472656
2026-01-29,,79.13999938964844,692.1497192382812,495.8999938964844,94.4647216796875,85.99358367919922,25.299999237060547,81.7177505493164,90.31775665283203,65.41999816894531
2026-01-30,,79.5199966430664,690.0853271484375,444.95001220703125,94.40568542480469,85.51268768310547,24.43000030517578,81.7867431640625,90.33747100830078,65.20999908447266
2026-02-02,,75.33000183105469,693.5159912109375,427.1300048828125,94.2200927734375,85.26835632324219,23.540000915527344,81.74720001220703,90.35131072998047,62.13999938964844
2026-02-03,,77.47000122070312,687.6520385742188,454.2900085449219,94.3089370727539,85.47525024414062,24.149999618530273,81.7373275756836,90.35131072998047,63.209999084472656
2026-02-04,,77.87999725341797,684.3211059570312,453.9700012207031,94.2892074584961,85.25851440429688,24.190000534057617,81.77686309814453,90.37108612060547,65.13999938964844
2026-02-05,,76.69000244140625,675.7744750976562,441.8800048828125,94.842041015625,86.1845932006836,23.760000228881836,81.9053726196289,90.37108612060547,63.290000915527344
2026-02-06,,76.98999786376953,688.739013671875,455.4599914550781,94.842041015625,86.24369812011719,24.010000228881836,81.9053726196289,90.4007568359375,63.54999923706055
2026-02-09,,78.0199966430664,692.0599975585938,467.0299987792969,94.86177062988281,86.22399139404297,24.25,81.92513275146484,90.4007568359375,64.36000061035156
2026-02-10,,78.02999877929688,690.2349243164062,462.3999938964844,95.27640533447266,87.21903991699219,24.139999389648438,81.97455596923828,90.41062927246094,63.959999084472656
2026-02-11,,78.88999938964844,690.075439453125,467.6300048828125,95.00985717773438,86.75599670410156,24.3700008392334,81.89546966552734,90.4303970336914,64.62999725341797
2026-02-12,,76.37999725341797,679.41455078125,451.3900146484375,95.59232330322266,87.9086685180664,23.799999237060547,81.97455596923828,90.4303970336914,62.84000015258789
2026-02-13,,76.22000122070312,679.8931884765625,462.6199951171875,95.96746063232422,88.39141845703125,23.8799991607666,82.10305786132812,90.4699478149414,62.88999938964844
2026-02-17,,75.7300033569336,680.9901733398438,448.20001220703125,95.95758819580078,88.5392074584961,23.59000015258789,82.07340240478516,90.4798355102539,62.33000183105469
2026-02-18,,79.4000015258789,684.4208374023438,458.2799987792969,95.76014709472656,88.20423126220703,24.209999084472656,82.02398681640625,90.48971557617188,65.19000244140625
2026-02-19,,81.19000244140625,682.61572265625,459.55999755859375,95.8489990234375,88.29289245605469,24.43000030517578,82.02398681640625,90.48971557617188,66.43000030517578
2026-02-20,,80.8499984741211,687.5523071289062,468.6199951171875,95.8489990234375,88.08601379394531,24.600000381469727,82.03385925292969,90.5193862915039,66.38999938964844
2026-02-23,,80.9000015258789,680.531494140625,481.2799987792969,96.19452667236328,88.41111755371094,24.75,82.10305786132812,90.5193862915039,66.30999755859375
2026-02-24,,80.76000213623047,685.4779052734375,474.6099853515625,96.17477416992188,88.56875610351562,24.719999313354492,82.10305786132812,90.53915405273438,65.62999725341797
2026-02-25,,79.7300033569336,691.26220703125,473.4200134277344,96.09579467773438,88.57860565185547,24.75,82.08329010009766,90.54903411865234,65.41999816894531
2026-02-26,,79.7699966430664,687.422607421875,477.4800109863281,96.35248565673828,88.93326568603516,24.760000228881836,82.1129379272461,90.55892181396484,65.20999908447266
2026-02-27,,81.94999694824219,684.1216430664062,483.75,96.73749542236328,89.47512817382812,25.100000381469727,82.2216796875,90.57870483398438,67.0199966430664
2026-03-02,,87.19000244140625,684.5106201171875,490.0,96.15631866455078,88.57661437988281,25.809999465942383,82.07598114013672,90.59159088134766,71.2300033569336
2026-03-03,,90.19999694824219,678.4771118164062,468.1400146484375,96.04741668701172,88.39868927001953,25.90999984741211,82.06607055664062,90.60150909423828,74.55999755859375
2026-03-04,,91.55999755859375,683.2639770507812,471.79998779296875,95.84939575195312,88.12191772460938,26.139999389648438,82.01651763916016,90.61141967773438,74.66000366210938
2026-03-05,,96.30999755859375,679.4544067382812,466.1300048828125,95.5523681640625,87.76606750488281,26.520000457763672,81.95704650878906,90.62132263183594,81.01000213623047
2026-03-06,,108.7699966430664,670.5487060546875,473.510009765625,95.49296569824219,87.43987274169922,27.510000228881836,81.99669647216797,90.64115142822266,90.9000015258789
2026-03-09,,104.33000183105469,676.4227294921875,472.5299987792969,95.78998565673828,88.20099639892578,27.139999389648438,82.03633117675781,90.65106201171875,94.7699966430664
2026-03-10,,105.86000061035156,675.3356323242188,477.8599853515625,95.48307037353516,87.26194763183594,27.600000381469727,81.98677825927734,90.66098022460938,83.44999694824219
2026-03-11,,108.05000305175781,674.4879760742188,476.239990234375,95.04742431640625,86.13510131835938,28.1299991607666,81.9074935913086,90.66098022460938,87.25
2026-03-12,,118.38999938964844,664.2459106445312,466.8800048828125,94.74050903320312,85.96705627441406,28.860000610351562,81.76873016357422,90.6808090209961,95.7300033569336
2026-03-13,,119.88999938964844,660.4862060546875,460.8399963378906,94.6415023803711,85.54202270507812,28.709999084472656,81.81829071044922,90.71053314208984,98.70999908447266
2026-03-16,,115.02999877929688,667.2078857421875,460.42999267578125,95.0672378540039,86.20428466796875,28.309999465942383,81.91740417480469,90.71053314208984,93.5
2026-03-17,,118.83999633789062,668.9630126953125,459.2699890136719,95.23554992675781,86.44151306152344,28.760000228881836,81.92731475830078,90.720458984375,96.20999908447266
2026-03-18,,121.66999816894531,659.6285400390625,444.739990234375,94.79991149902344,85.95716857910156,29.270000457763672,81.77864837646484,90.74028015136719,96.31999969482422
2026-03-19,,117.36000061035156,658.0029907226562,426.4100036621094,94.79000091552734,86.4810562133789,28.84000015258789,81.7588119506836,90.74028015136719,96.13999938964844
2026-03-20,,121.43000030517578,648.5700073242188,413.3800048828125,93.93854522705078,84.84020233154297,28.940000534057617,81.58040618896484,90.77001190185547,98.31999969482422
2026-03-23,,110.55999755859375,655.3800048828125,404.0400085449219,94.23556518554688,85.39374542236328,27.75,81.69934844970703,90.77992248535156,88.12999725341797
2026-03-24,,114.54000091552734,653.1799926757812,404.1300048828125,93.91874694824219,85.01812744140625,28.239999771118164,81.58040618896484,90.78984069824219,92.3499984741211
2026-03-25,,113.38999938964844,656.8200073242188,416.2900085449219,94.41378021240234,85.83854675292969,28.170000076293945,81.66962432861328,90.77992248535156,90.31999969482422
2026-03-26,,117.26000213623047,645.0900268554688,400.6400146484375,93.65141296386719,85.11697387695312,28.440000534057617,81.4912109375,90.79975891113281,94.4800033569336
2026-03-27,,124.19999694824219,634.0900268554688,414.70001220703125,93.66132354736328,84.65238952636719,29.100000381469727,81.65969848632812,90.82948303222656,99.63999938964844
2026-03-30,,129.8300018310547,631.969970703125,414.5799865722656,94.32466888427734,85.77924346923828,29.260000228881836,81.76873016357422,90.83940124511719,102.87999725341797
2026-03-31,,127.25,650.3400268554688,430.2900085449219,94.49298858642578,85.6902847290039,28.950000762939453,81.8381118774414,90.83940124511719,101.37999725341797
2026-04-01,,124.08999633789062,655.239990234375,437.82000732421875,94.41053771972656,85.6059341430664,28.68000030517578,81.83512878417969,90.86326599121094,100.12000274658203
2026-04-02,,137.9199981689453,655.8300170898438,429.4100036621094,94.62908172607422,86.13191223144531,29.329999923706055,81.87488555908203,90.88314056396484,111.54000091552734
2026-04-06,,138.94000244140625,658.9299926757812,427.6499938964844,94.3807373046875,85.99297332763672,29.479999542236328,81.79535675048828,90.90302276611328,112.41000366210938
2026-04-07,,138.0800018310547,659.219970703125,431.80999755859375,94.61914825439453,85.98304748535156,29.3700008392334,81.8550033569336,90.9129638671875,112.94999694824219
2026-04-08,,124.58000183105469,676.010009765625,434.5299987792969,94.8277587890625,86.26092529296875,28.559999465942383,81.93453216552734,90.9129638671875,94.41000366210938
2026-04-09,,126.95999908447266,679.9099731445312,437.9100036621094,94.79795837402344,86.04258728027344,28.709999084472656,81.95442199707031,90.92291259765625,97.87000274658203
2026-04-10,,124.81999969482422,679.4600219726562,437.1300048828125,94.6390151977539,85.83418273925781,28.5,81.92459869384766,90.95272827148438,96.56999969482422
2026-04-13,,128.47000122070312,686.0999755859375,435.3599853515625,94.8476333618164,86.09220886230469,28.959999084472656,81.98423767089844,90.95272827148438,99.08000183105469
2026-04-14,,123.8499984741211,694.4600219726562,445.0899963378906,95.15557861328125,86.54872131347656,28.84000015258789,82.04388427734375,90.9626693725586,91.27999877929688
2026-04-15,,122.58999633789062,699.9400024414062,440.4599914550781,94.94696807861328,86.1716079711914,28.889999389648438,82.02400970458984,90.97261047363281,91.29000091552734
2026-04-16,,125.83999633789062,701.6599731445312,440.0799865722656,94.77809143066406,85.62577819824219,29.110000610351562,81.99418640136719,90.98255920410156,94.69000244140625
2026-04-17,,116.04000091552734,710.1400146484375,445.92999267578125,95.29463958740234,86.4097900390625,28.290000915527344,82.15324401855469,91.01238250732422,83.8499984741211
2026-04-20,,121.31999969482422,708.719970703125,442.0899963378906,95.20523834228516,86.38993835449219,28.670000076293945,82.11347198486328,91.0223159790039,89.61000061035156
2026-04-21,,128.25,704.0800170898438,429.57000732421875,94.78801727294922,85.91358184814453,29.209999084472656,81.99418640136719,91.03225708007812,92.12999725341797
2026-04-22,,129.39999389648438,711.2100219726562,435.260009765625,94.8873519897461,86.08228302001953,29.510000228881836,82.03394317626953,91.03225708007812,92.95999908447266
2026-04-23,,134.72000122070312,708.4500122070312,431.0400085449219,94.73835754394531,85.89373016357422,29.889999389648438,81.99418640136719,91.0521469116211,95.8499984741211
2026-04-24,,132.39999389648438,713.9400024414062,433.25,94.92709350585938,86.05252075195312,29.860000610351562,82.08365631103516,91.07202911376953,94.4000015258789
2026-04-27,,134.72000122070312,715.1699829101562,429.8900146484375,94.70854949951172,85.62577819824219,30.09000015258789,82.06377410888672,91.08197021484375,96.37000274658203
2026-04-28,,139.60000610351562,711.6900024414062,421.9100036621094,94.61914825439453,85.71509552001953,30.34000015258789,82.01406860351562,91.09190368652344,99.93000030517578
2026-04-29,,150.6300048828125,711.5800170898438,417.4100036621094,94.17212677001953,85.0501708984375,31.079999923706055,81.90470886230469,91.09190368652344,106.87999725341797
2026-04-30,,147.08999633789062,718.6599731445312,423.6600036621094,94.35093688964844,84.97077941894531,31.100000381469727,81.99418640136719,91.10184478759766,105.06999969482422
2026-05-01,,142.8000030517578,720.6500244140625,423.17999267578125,94.42269897460938,85.27458953857422,30.809999465942383,82.00714874267578,91.13176727294922,101.94000244140625
2026-05-04,,147.61000061035156,718.010009765625,414.7099914550781,94.07386779785156,84.62712860107422,31.329999923706055,81.90744018554688,91.15170288085938,106.41999816894531
2026-05-05,,144.1699981689453,723.77001953125,418.2699890136719,94.2134017944336,85.09529113769531,31.200000762939453,81.94732666015625,91.16167449951172,102.2699966430664
2026-05-06,,133.9499969482422,733.8300170898438,430.9599914550781,94.68182373046875,85.74274444580078,30.209999084472656,82.05699920654297,91.15170288085938,95.08000183105469
2026-05-07,,134.97000122070312,731.5800170898438,431.67999267578125,94.3927993774414,85.3144302368164,30.25,81.9872055053711,91.17164611816406,94.80999755859375
2026-05-08,,133.58999633789062,737.6199951171875,433.7699890136719,94.64196014404297,85.74274444580078,30.299999237060547,82.05699920654297,91.19158935546875,95.41999816894531
2026-05-11,,138.66000366210938,739.2999877929688,434.6499938964844,94.32303619384766,85.22477722167969,31.059999465942383,81.97723388671875,91.21153259277344,98.06999969482422
2026-05-12,,144.3000030517578,738.1799926757812,432.92999267578125,94.00410461425781,84.65701293945312,31.690000534057617,81.91741180419922,91.22149658203125,102.18000030517578
2026-05-13,,142.0399932861328,742.3099975585938,430.5,94.00410461425781,84.46776580810547,31.3700008392334,81.94732666015625,91.22149658203125,101.0199966430664
2026-05-14,,143.0,748.1699829101562,427.2099914550781,93.94430541992188,84.58728790283203,31.149999618530273,81.91741180419922,91.24143981933594,101.16999816894531
2026-05-15,,148.22999572753906,739.1699829101562,417.2900085449219,93.19682312011719,83.33222961425781,31.190000534057617,81.81770324707031,91.26138305664062,105.41999816894531
2026-05-18,,149.2899932861328,738.6500244140625,418.42999267578125,93.15695190429688,83.23261260986328,31.3799991607666,81.85758972167969,91.26138305664062,108.66000366210938
2026-05-19,,152.9600067138672,733.72998046875,411.5,92.79815673828125,82.69473266601562,31.610000610351562,81.79776763916016,91.28132629394531,107.7699966430664
2026-05-20,,144.27000427246094,741.25,417.3999938964844,93.4260482788086,83.58125305175781,30.8799991607666,81.90744018554688,91.30126190185547,98.26000213623047
2026-05-21,,142.5399932861328,742.719970703125,416.989990234375,93.48584747314453,83.89002990722656,30.700000762939453,81.89746856689453,91.30126190185547,96.3499984741211
2026-05-22,,140.9199981689453,745.6400146484375,413.82000732421875,93.5655746459961,84.34822845458984,30.540000915527344,81.87753295898438,91.32120513916016,96.5999984741211
2026-05-26,,137.0,750.5900268554688,414.0,93.96424102783203,84.7665786743164,30.030000686645508,81.9672622680664,91.34114837646484,93.88999938964844
2026-05-27,,131.02999877929688,750.4600219726562,408.489990234375,94.00410461425781,84.96580505371094,29.489999771118164,81.97723388671875,91.35111999511719,88.68000030517578
2026-05-28,,130.77999877929688,754.5999755859375,412.7699890136719,94.2233657836914,85.4040756225586,29.719999313354492,82.01712036132812,91.361083984375,88.9000015258789
2026-05-29,,129.08999633789062,756.47998046875,417.1199951171875,94.33300018310547,85.42400360107422,29.479999542236328,82.05699920654297,91.39100646972656,87.36000061035156
2026-06-01,,135.5,758.5399780273438,411.260009765625,94.16999816894531,85.47000122070312,29.989999771118164,82.01000213623047,91.4000015258789,92.16000366210938
2026-06-02,,137.27000427246094,759.5700073242188,411.95001220703125,94.23999786376953,85.6500015258789,30.1200008392334,82.01000213623047,91.38999938964844,93.76000213623047
2026-06-03,,140.86000061035156,754.239990234375,407.8699951171875,94.0,85.30999755859375,30.290000915527344,81.97000122070312,91.41000366210938,96.0199966430664
2026-06-04,,136.74000549316406,757.0900268554688,411.2699890136719,94.12000274658203,85.5,29.8799991607666,82.02999877929688,91.41000366210938,93.04000091552734
2026-06-05,,133.02000427246094,737.5499877929688,396.239990234375,93.62000274658203,85.05999755859375,29.229999542236328,81.86000061035156,91.44999694824219,90.54000091552734
2026-06-08,,135.14999389648438,739.219970703125,397.2699890136719,93.5199966430664,84.62000274658203,29.469999313354492,81.9000015258789,91.45999908447266,91.30000305175781
2026-06-09,,131.3000030517578,737.0499877929688,390.7799987792969,93.77999877929688,85.12000274658203,29.06999969482422,81.94000244140625,91.45999908447266,88.19999694824219
2026-06-10,,134.3000030517578,725.4299926757812,374.5799865722656,93.69000244140625,84.87999725341797,29.170000076293945,81.94000244140625,91.47000122070312,90.02999877929688
2026-06-11,,128.8300018310547,737.760009765625,386.32000732421875,94.33999633789062,85.9800033569336,28.850000381469727,82.08999633789062,91.4800033569336,87.70999908447266
2026-06-12,84.87999725341797,125.43000030517578,741.75,386.5400085449219,94.18000030517578,85.7699966430664,28.549999237060547,82.06999969482422,91.51000213623047,84.87999725341797
