strategy,CAGR,Sharpe,Sortino,MaxDD,Calmar,Final Equity,annualized_vol,turnover,transaction_cost_drag,time_in_stress,time_in_vix_lock,time_in_credit_lock,inverted_stress_days,entries,unlocks,inverted_vix_enabled,inverted_credit_enabled
SPY_CASH_TIMING,0.1203935416968398,0.9482196052541988,1.1006201709310846,-0.2945494550151177,0.4087379543467857,9.864453892588925,0.12696799457607152,141.0,0.07050000000000001,1029,296,273,28,41,39,,
VC_ANCHOR_BASELINE,0.1509654744608886,1.1597588310807745,1.3471326061235769,-0.18605496238962727,0.8114025690147626,16.96229021429785,0.13016971323271107,53.0,0.0265,947,232,848,124,16,13,False,False
VC_ANCHOR_VIX_INVERTED,0.14950434303463767,1.1617122429101088,1.341786363608965,-0.18605496238962715,0.8035493443144667,16.53394390348205,0.12869309413502156,65.0,0.0325,996,281,848,172,19,16,True,False
VC_ANCHOR_CREDIT_INVERTED,0.14716911728784576,1.1412366171795552,1.3138219919202114,-0.1860549623896265,0.790998076039767,15.870620669437779,0.12895583183403156,57.0,0.0285,1023,239,932,192,18,14,False,True
VC_ANCHOR_ALL_INVERTED,0.14950434303463767,1.1617122429101088,1.341786363608965,-0.18605496238962715,0.8035493443144667,16.53394390348205,0.12869309413502156,65.0,0.0325,996,281,872,172,21,16,True,True
