date,FINAL_REGIME_HEDGE_TRIGGER_LOCK_weight_SPY,FINAL_REGIME_HEDGE_TRIGGER_LOCK_weight_GOLD,FINAL_REGIME_HEDGE_TRIGGER_LOCK_weight_IEF,FINAL_REGIME_HEDGE_TRIGGER_LOCK_weight_DBC,FINAL_REGIME_HEDGE_TRIGGER_LOCK_weight_DBB,FINAL_REGIME_HEDGE_TRIGGER_LOCK_weight_DBA,FINAL_REGIME_HEDGE_TRIGGER_LOCK_weight_CASH
2007-01-08,0.5,0.5,0.0,0.0,0.0,0.0,0.0
2007-01-09,0.5,0.5,0.0,0.0,0.0,0.0,0.0
2007-01-10,0.5,0.5,0.0,0.0,0.0,0.0,0.0
2007-01-11,0.5,0.5,0.0,0.0,0.0,0.0,0.0
2007-01-12,0.5,0.5,0.0,0.0,0.0,0.0,0.0
2007-01-16,0.5,0.5,0.0,0.0,0.0,0.0,0.0
2007-01-17,0.5,0.5,0.0,0.0,0.0,0.0,0.0
2007-01-18,0.5,0.5,0.0,0.0,0.0,0.0,0.0
2007-01-19,0.5,0.5,0.0,0.0,0.0,0.0,0.0
2007-01-22,0.5,0.5,0.0,0.0,0.0,0.0,0.0
2007-01-23,0.5,0.5,0.0,0.0,0.0,0.0,0.0
2007-01-24,0.5,0.5,0.0,0.0,0.0,0.0,0.0
2007-01-25,0.5,0.5,0.0,0.0,0.0,0.0,0.0
2007-01-26,0.5,0.5,0.0,0.0,0.0,0.0,0.0
2007-01-29,0.5,0.5,0.0,0.0,0.0,0.0,0.0
2007-01-30,0.5,0.5,0.0,0.0,0.0,0.0,0.0
2007-01-31,0.5,0.5,0.0,0.0,0.0,0.0,0.0
2007-02-01,0.5,0.5,0.0,0.0,0.0,0.0,0.0
2007-02-02,0.5,0.5,0.0,0.0,0.0,0.0,0.0
2007-02-05,0.5,0.5,0.0,0.0,0.0,0.0,0.0
2007-02-06,0.5,0.5,0.0,0.0,0.0,0.0,0.0
2007-02-07,0.5,0.5,0.0,0.0,0.0,0.0,0.0
2007-02-08,0.5,0.5,0.0,0.0,0.0,0.0,0.0
2007-02-09,0.5,0.5,0.0,0.0,0.0,0.0,0.0
2007-02-12,0.5,0.5,0.0,0.0,0.0,0.0,0.0
2007-02-13,0.5,0.5,0.0,0.0,0.0,0.0,0.0
2007-02-14,0.5,0.5,0.0,0.0,0.0,0.0,0.0
2007-02-15,0.5,0.5,0.0,0.0,0.0,0.0,0.0
2007-02-16,0.5,0.5,0.0,0.0,0.0,0.0,0.0
2007-02-20,0.5,0.5,0.0,0.0,0.0,0.0,0.0
2007-02-21,0.5,0.5,0.0,0.0,0.0,0.0,0.0
2007-02-22,0.5,0.5,0.0,0.0,0.0,0.0,0.0
2007-02-23,0.5,0.5,0.0,0.0,0.0,0.0,0.0
2007-02-26,0.5,0.5,0.0,0.0,0.0,0.0,0.0
2007-02-27,0.5,0.5,0.0,0.0,0.0,0.0,0.0
2007-02-28,0.1,0.0,0.0,0.0,0.0,0.0,0.9
2007-03-01,0.1,0.0,0.0,0.0,0.0,0.0,0.9
2007-03-02,0.1,0.0,0.0,0.0,0.0,0.0,0.9
2007-03-05,0.1,0.0,0.0,0.0,0.0,0.0,0.9
2007-03-06,0.1,0.0,0.0,0.0,0.0,0.0,0.9
2007-03-07,0.1,0.0,0.0,0.0,0.0,0.0,0.9
2007-03-08,0.1,0.0,0.0,0.0,0.0,0.0,0.9
2007-03-09,0.1,0.0,0.0,0.0,0.0,0.0,0.9
2007-03-12,0.1,0.0,0.0,0.0,0.0,0.0,0.9
2007-03-13,0.1,0.0,0.0,0.0,0.0,0.0,0.9
2007-03-14,0.1,0.0,0.0,0.0,0.0,0.0,0.9
2007-03-15,0.1,0.0,0.0,0.0,0.0,0.0,0.9
2007-03-16,0.1,0.0,0.0,0.0,0.0,0.0,0.9
2007-03-19,0.1,0.0,0.0,0.0,0.0,0.0,0.9
2007-03-20,0.1,0.0,0.0,0.0,0.0,0.0,0.9
2007-03-21,0.5,0.5,0.0,0.0,0.0,0.0,0.0
2007-03-22,0.5,0.5,0.0,0.0,0.0,0.0,0.0
2007-03-23,0.5,0.5,0.0,0.0,0.0,0.0,0.0
2007-03-26,0.5,0.5,0.0,0.0,0.0,0.0,0.0
2007-03-27,0.5,0.5,0.0,0.0,0.0,0.0,0.0
2007-03-28,0.5,0.5,0.0,0.0,0.0,0.0,0.0
2007-03-29,0.5,0.5,0.0,0.0,0.0,0.0,0.0
2007-03-30,0.5,0.5,0.0,0.0,0.0,0.0,0.0
2007-04-02,0.5,0.5,0.0,0.0,0.0,0.0,0.0
2007-04-03,0.5,0.5,0.0,0.0,0.0,0.0,0.0
2007-04-04,0.5,0.5,0.0,0.0,0.0,0.0,0.0
2007-04-05,0.5,0.5,0.0,0.0,0.0,0.0,0.0
2007-04-09,0.5,0.5,0.0,0.0,0.0,0.0,0.0
2007-04-10,0.5,0.5,0.0,0.0,0.0,0.0,0.0
2007-04-11,0.5,0.5,0.0,0.0,0.0,0.0,0.0
2007-04-12,0.5,0.5,0.0,0.0,0.0,0.0,0.0
2007-04-13,0.5,0.5,0.0,0.0,0.0,0.0,0.0
2007-04-16,0.5,0.5,0.0,0.0,0.0,0.0,0.0
2007-04-17,0.5,0.5,0.0,0.0,0.0,0.0,0.0
2007-04-18,0.5,0.5,0.0,0.0,0.0,0.0,0.0
2007-04-19,0.5,0.5,0.0,0.0,0.0,0.0,0.0
2007-04-20,0.5,0.5,0.0,0.0,0.0,0.0,0.0
2007-04-23,0.5,0.5,0.0,0.0,0.0,0.0,0.0
2007-04-24,0.5,0.5,0.0,0.0,0.0,0.0,0.0
2007-04-25,0.5,0.5,0.0,0.0,0.0,0.0,0.0
2007-04-26,0.5,0.5,0.0,0.0,0.0,0.0,0.0
2007-04-27,0.5,0.5,0.0,0.0,0.0,0.0,0.0
2007-04-30,0.5,0.5,0.0,0.0,0.0,0.0,0.0
2007-05-01,0.5,0.5,0.0,0.0,0.0,0.0,0.0
2007-05-02,0.5,0.5,0.0,0.0,0.0,0.0,0.0
2007-05-03,0.5,0.5,0.0,0.0,0.0,0.0,0.0
2007-05-04,0.5,0.5,0.0,0.0,0.0,0.0,0.0
2007-05-07,0.5,0.5,0.0,0.0,0.0,0.0,0.0
2007-05-08,0.5,0.5,0.0,0.0,0.0,0.0,0.0
2007-05-09,0.5,0.5,0.0,0.0,0.0,0.0,0.0
2007-05-10,0.5,0.5,0.0,0.0,0.0,0.0,0.0
2007-05-11,0.5,0.5,0.0,0.0,0.0,0.0,0.0
2007-05-14,0.5,0.5,0.0,0.0,0.0,0.0,0.0
2007-05-15,0.5,0.5,0.0,0.0,0.0,0.0,0.0
2007-05-16,0.5,0.5,0.0,0.0,0.0,0.0,0.0
2007-05-17,0.5,0.5,0.0,0.0,0.0,0.0,0.0
2007-05-18,0.5,0.5,0.0,0.0,0.0,0.0,0.0
2007-05-21,0.5,0.5,0.0,0.0,0.0,0.0,0.0
2007-05-22,0.5,0.5,0.0,0.0,0.0,0.0,0.0
2007-05-23,0.5,0.5,0.0,0.0,0.0,0.0,0.0
2007-05-24,0.5,0.5,0.0,0.0,0.0,0.0,0.0
2007-05-25,0.5,0.5,0.0,0.0,0.0,0.0,0.0
2007-05-29,0.5,0.5,0.0,0.0,0.0,0.0,0.0
2007-05-30,0.5,0.5,0.0,0.0,0.0,0.0,0.0
2007-05-31,0.5,0.5,0.0,0.0,0.0,0.0,0.0
2007-06-01,0.5872141714216432,0.4127858285783569,0.0,0.0,0.0,0.0,0.0
2007-06-04,0.5872141714216432,0.4127858285783569,0.0,0.0,0.0,0.0,0.0
2007-06-05,0.5872141714216432,0.4127858285783569,0.0,0.0,0.0,0.0,0.0
2007-06-06,0.5872141714216432,0.4127858285783569,0.0,0.0,0.0,0.0,0.0
2007-06-07,0.5872141714216432,0.4127858285783569,0.0,0.0,0.0,0.0,0.0
2007-06-08,0.0,0.30695460449224565,0.4,0.2930453955077544,0.0,0.0,0.0
2007-06-11,0.0,0.30695460449224565,0.4,0.2930453955077544,0.0,0.0,0.0
2007-06-12,0.0,0.30695460449224565,0.4,0.2930453955077544,0.0,0.0,0.0
2007-06-13,0.0,0.30695460449224565,0.4,0.2930453955077544,0.0,0.0,0.0
2007-06-14,0.0,0.30695460449224565,0.4,0.2930453955077544,0.0,0.0,0.0
2007-06-15,0.0,0.30695460449224565,0.4,0.2930453955077544,0.0,0.0,0.0
2007-06-18,0.0,0.30695460449224565,0.4,0.2930453955077544,0.0,0.0,0.0
2007-06-19,0.0,0.30695460449224565,0.4,0.2930453955077544,0.0,0.0,0.0
2007-06-20,0.0,0.30695460449224565,0.4,0.2930453955077544,0.0,0.0,0.0
2007-06-21,0.0,0.30695460449224565,0.4,0.2930453955077544,0.0,0.0,0.0
2007-06-22,0.0,0.30695460449224565,0.4,0.2930453955077544,0.0,0.0,0.0
2007-06-25,0.0,0.30695460449224565,0.4,0.2930453955077544,0.0,0.0,0.0
2007-06-26,0.0,0.30695460449224565,0.4,0.2930453955077544,0.0,0.0,0.0
2007-06-27,0.0,0.30695460449224565,0.4,0.2930453955077544,0.0,0.0,0.0
2007-06-28,0.0,0.30695460449224565,0.4,0.2930453955077544,0.0,0.0,0.0
2007-06-29,0.0,0.30695460449224565,0.4,0.2930453955077544,0.0,0.0,0.0
2007-07-02,0.0,0.2881509826755745,0.4,0.3118490173244255,0.0,0.0,0.0
2007-07-03,0.0,0.2881509826755745,0.4,0.3118490173244255,0.0,0.0,0.0
2007-07-05,0.0,0.2881509826755745,0.4,0.3118490173244255,0.0,0.0,0.0
2007-07-06,0.0,0.2881509826755745,0.4,0.3118490173244255,0.0,0.0,0.0
2007-07-09,0.0,0.2881509826755745,0.4,0.3118490173244255,0.0,0.0,0.0
2007-07-10,0.0,0.2881509826755745,0.4,0.3118490173244255,0.0,0.0,0.0
2007-07-11,0.0,0.2881509826755745,0.4,0.3118490173244255,0.0,0.0,0.0
2007-07-12,0.0,0.2881509826755745,0.4,0.3118490173244255,0.0,0.0,0.0
2007-07-13,0.0,0.2881509826755745,0.4,0.3118490173244255,0.0,0.0,0.0
2007-07-16,0.0,0.2881509826755745,0.4,0.3118490173244255,0.0,0.0,0.0
2007-07-17,0.0,0.2881509826755745,0.4,0.3118490173244255,0.0,0.0,0.0
2007-07-18,0.0,0.2881509826755745,0.4,0.3118490173244255,0.0,0.0,0.0
2007-07-19,0.0,0.2881509826755745,0.4,0.3118490173244255,0.0,0.0,0.0
2007-07-20,0.0,0.2881509826755745,0.4,0.3118490173244255,0.0,0.0,0.0
2007-07-23,0.0,0.2881509826755745,0.4,0.3118490173244255,0.0,0.0,0.0
2007-07-24,0.0,0.2881509826755745,0.4,0.3118490173244255,0.0,0.0,0.0
2007-07-25,0.0,0.2881509826755745,0.4,0.3118490173244255,0.0,0.0,0.0
2007-07-26,0.0,0.2881509826755745,0.4,0.3118490173244255,0.0,0.0,0.0
2007-07-27,0.0,0.9,0.0,0.0,0.0,0.1,0.0
2007-07-30,0.0,0.9,0.0,0.0,0.0,0.1,0.0
2007-07-31,0.0,0.9,0.0,0.0,0.0,0.1,0.0
2007-08-01,0.0,0.9,0.0,0.0,0.0,0.1,0.0
2007-08-02,0.0,0.9,0.0,0.0,0.0,0.1,0.0
2007-08-03,0.0,0.9,0.0,0.0,0.0,0.1,0.0
2007-08-06,0.0,0.9,0.0,0.0,0.0,0.1,0.0
2007-08-07,0.0,0.9,0.0,0.0,0.0,0.1,0.0
2007-08-08,0.0,0.9,0.0,0.0,0.0,0.1,0.0
2007-08-09,0.0,0.9,0.0,0.0,0.0,0.1,0.0
2007-08-10,0.0,0.9,0.0,0.0,0.0,0.1,0.0
2007-08-13,0.0,0.9,0.0,0.0,0.0,0.1,0.0
2007-08-14,0.0,0.9,0.0,0.0,0.0,0.1,0.0
2007-08-15,0.0,0.9,0.0,0.0,0.0,0.1,0.0
2007-08-16,0.0,0.9,0.0,0.0,0.0,0.1,0.0
2007-08-17,0.0,0.9,0.0,0.0,0.0,0.1,0.0
2007-08-20,0.0,0.9,0.0,0.0,0.0,0.1,0.0
2007-08-21,0.0,0.9,0.0,0.0,0.0,0.1,0.0
2007-08-22,0.0,0.9,0.0,0.0,0.0,0.1,0.0
2007-08-23,0.0,0.9,0.0,0.0,0.0,0.1,0.0
2007-08-24,0.0,0.9,0.0,0.0,0.0,0.1,0.0
2007-08-27,0.0,0.9,0.0,0.0,0.0,0.1,0.0
2007-08-28,0.0,0.9,0.0,0.0,0.0,0.1,0.0
2007-08-29,0.0,0.9,0.0,0.0,0.0,0.1,0.0
2007-08-30,0.0,0.9,0.0,0.0,0.0,0.1,0.0
2007-08-31,0.0,0.9,0.0,0.0,0.0,0.1,0.0
2007-09-04,0.0,0.9,0.0,0.0,0.0,0.1,0.0
2007-09-05,0.0,0.2959077951443822,0.4,0.30409220485561783,0.0,0.0,0.0
2007-09-06,0.0,0.2959077951443822,0.4,0.30409220485561783,0.0,0.0,0.0
2007-09-07,0.0,0.2959077951443822,0.4,0.30409220485561783,0.0,0.0,0.0
2007-09-10,0.0,0.2959077951443822,0.4,0.30409220485561783,0.0,0.0,0.0
2007-09-11,0.0,0.2959077951443822,0.4,0.30409220485561783,0.0,0.0,0.0
2007-09-12,0.0,0.2959077951443822,0.4,0.30409220485561783,0.0,0.0,0.0
2007-09-13,0.0,0.2959077951443822,0.4,0.30409220485561783,0.0,0.0,0.0
2007-09-14,0.0,0.2959077951443822,0.4,0.30409220485561783,0.0,0.0,0.0
2007-09-17,0.0,0.2959077951443822,0.4,0.30409220485561783,0.0,0.0,0.0
2007-09-18,0.0,0.2959077951443822,0.4,0.30409220485561783,0.0,0.0,0.0
2007-09-19,0.0,0.2959077951443822,0.4,0.30409220485561783,0.0,0.0,0.0
2007-09-20,0.0,0.0,0.4,0.6,0.0,0.0,0.0
2007-09-21,0.0,0.0,0.4,0.6,0.0,0.0,0.0
2007-09-24,0.0,0.0,0.4,0.6,0.0,0.0,0.0
2007-09-25,0.0,0.0,0.4,0.6,0.0,0.0,0.0
2007-09-26,0.0,0.0,0.4,0.6,0.0,0.0,0.0
2007-09-27,0.0,0.0,0.4,0.6,0.0,0.0,0.0
2007-09-28,0.0,0.0,0.4,0.6,0.0,0.0,0.0
2007-10-01,0.0,0.0,0.4,0.6,0.0,0.0,0.0
2007-10-02,0.0,0.0,0.4,0.6,0.0,0.0,0.0
2007-10-03,0.0,0.0,0.4,0.6,0.0,0.0,0.0
2007-10-04,0.0,0.0,0.4,0.6,0.0,0.0,0.0
2007-10-05,0.0,0.0,0.4,0.6,0.0,0.0,0.0
2007-10-08,0.0,0.0,0.4,0.6,0.0,0.0,0.0
2007-10-09,0.0,0.0,0.4,0.6,0.0,0.0,0.0
2007-10-10,0.0,0.0,0.4,0.6,0.0,0.0,0.0
2007-10-11,0.0,0.0,0.4,0.6,0.0,0.0,0.0
2007-10-12,0.0,0.0,0.4,0.6,0.0,0.0,0.0
2007-10-15,0.0,0.0,0.4,0.6,0.0,0.0,0.0
2007-10-16,0.0,0.0,0.4,0.6,0.0,0.0,0.0
2007-10-17,0.0,0.0,0.4,0.6,0.0,0.0,0.0
2007-10-18,0.0,0.0,0.4,0.6,0.0,0.0,0.0
2007-10-19,0.0,0.0,0.4,0.6,0.0,0.0,0.0
2007-10-22,0.0,0.0,0.4,0.6,0.0,0.0,0.0
2007-10-23,0.0,0.0,0.4,0.6,0.0,0.0,0.0
2007-10-24,0.0,0.0,0.4,0.6,0.0,0.0,0.0
2007-10-25,0.0,0.0,0.4,0.6,0.0,0.0,0.0
2007-10-26,0.0,0.0,0.4,0.6,0.0,0.0,0.0
2007-10-29,0.0,0.0,0.4,0.6,0.0,0.0,0.0
2007-10-30,0.0,0.0,0.4,0.6,0.0,0.0,0.0
2007-10-31,0.0,0.0,0.4,0.6,0.0,0.0,0.0
2007-11-01,0.0,0.0,0.4,0.6,0.0,0.0,0.0
2007-11-02,0.0,0.0,0.4,0.6,0.0,0.0,0.0
2007-11-05,0.0,0.0,0.4,0.6,0.0,0.0,0.0
2007-11-06,0.0,0.0,0.4,0.6,0.0,0.0,0.0
2007-11-07,0.0,0.0,0.4,0.6,0.0,0.0,0.0
2007-11-08,0.0,0.0,0.4,0.6,0.0,0.0,0.0
2007-11-09,0.0,0.0,0.4,0.6,0.0,0.0,0.0
2007-11-12,0.0,0.0,0.4,0.6,0.0,0.0,0.0
2007-11-13,0.0,0.0,0.4,0.6,0.0,0.0,0.0
2007-11-14,0.0,0.0,0.4,0.6,0.0,0.0,0.0
2007-11-15,0.0,0.0,0.4,0.6,0.0,0.0,0.0
2007-11-16,0.0,0.0,0.0,0.0,0.0,1.0,0.0
2007-11-19,0.0,0.0,0.0,0.0,0.0,1.0,0.0
2007-11-20,0.0,0.0,0.0,0.0,0.0,1.0,0.0
2007-11-21,0.0,0.0,0.0,0.0,0.0,1.0,0.0
2007-11-23,0.0,0.0,0.0,0.0,0.0,1.0,0.0
2007-11-26,0.0,0.0,0.0,0.0,0.0,1.0,0.0
2007-11-27,0.0,0.0,0.0,0.0,0.0,1.0,0.0
2007-11-28,0.0,0.0,0.0,0.0,0.0,1.0,0.0
2007-11-29,0.0,0.0,0.0,0.0,0.0,1.0,0.0
2007-11-30,0.0,0.0,0.0,0.0,0.0,1.0,0.0
2007-12-03,0.0,0.0,0.0,0.0,0.0,1.0,0.0
2007-12-04,0.0,0.0,0.0,0.0,0.0,1.0,0.0
2007-12-05,0.0,0.0,0.0,0.0,0.0,1.0,0.0
2007-12-06,0.0,0.0,0.0,0.0,0.0,1.0,0.0
2007-12-07,0.0,0.0,0.0,0.0,0.0,1.0,0.0
2007-12-10,0.0,0.0,0.0,0.0,0.0,1.0,0.0
2007-12-11,0.0,0.0,0.0,0.0,0.0,1.0,0.0
2007-12-12,0.0,0.0,0.0,0.0,0.0,1.0,0.0
2007-12-13,0.0,0.0,0.0,0.0,0.0,1.0,0.0
2007-12-14,0.0,0.0,0.0,0.0,0.0,1.0,0.0
2007-12-17,0.0,0.0,0.0,0.0,0.0,1.0,0.0
2007-12-18,0.0,0.0,0.0,0.0,0.0,1.0,0.0
2007-12-19,0.0,0.0,0.0,0.0,0.0,1.0,0.0
2007-12-20,0.0,0.0,0.0,0.0,0.0,1.0,0.0
2007-12-21,0.0,0.0,0.0,0.0,0.0,1.0,0.0
2007-12-24,0.0,0.0,0.0,0.0,0.0,1.0,0.0
2007-12-26,0.0,0.0,0.0,0.0,0.0,1.0,0.0
2007-12-27,0.0,0.0,0.0,0.0,0.0,1.0,0.0
2007-12-28,0.0,0.0,0.0,0.0,0.0,1.0,0.0
2007-12-31,0.0,0.0,0.0,0.0,0.0,1.0,0.0
2008-01-02,0.0,0.0,0.0,0.0,0.0,1.0,0.0
2008-01-03,0.0,0.0,0.0,0.0,0.0,1.0,0.0
2008-01-04,0.0,0.0,0.0,0.0,0.0,1.0,0.0
2008-01-07,0.0,0.0,0.0,0.0,0.0,1.0,0.0
2008-01-08,0.0,0.0,0.0,0.0,0.0,1.0,0.0
2008-01-09,0.0,0.0,0.0,0.0,0.0,1.0,0.0
2008-01-10,0.0,0.0,0.0,0.0,0.0,1.0,0.0
2008-01-11,0.0,0.0,0.0,0.0,0.0,1.0,0.0
2008-01-14,0.0,0.0,0.0,0.0,0.0,1.0,0.0
2008-01-15,0.0,0.0,0.0,0.0,0.0,1.0,0.0
2008-01-16,0.0,0.0,0.0,0.0,0.0,1.0,0.0
2008-01-17,0.0,0.0,0.0,0.0,0.0,1.0,0.0
2008-01-18,0.0,0.0,0.0,0.0,0.0,1.0,0.0
2008-01-22,0.0,0.0,0.0,0.0,0.0,1.0,0.0
2008-01-23,0.0,0.0,1.0,0.0,0.0,0.0,0.0
2008-01-24,0.0,0.0,1.0,0.0,0.0,0.0,0.0
2008-01-25,0.0,0.0,1.0,0.0,0.0,0.0,0.0
2008-01-28,0.0,0.0,1.0,0.0,0.0,0.0,0.0
2008-01-29,0.0,0.0,1.0,0.0,0.0,0.0,0.0
2008-01-30,0.0,0.0,1.0,0.0,0.0,0.0,0.0
2008-01-31,0.0,0.0,1.0,0.0,0.0,0.0,0.0
2008-02-01,0.0,0.0,1.0,0.0,0.0,0.0,0.0
2008-02-04,0.0,0.0,1.0,0.0,0.0,0.0,0.0
2008-02-05,0.0,0.0,1.0,0.0,0.0,0.0,0.0
2008-02-06,0.0,0.0,1.0,0.0,0.0,0.0,0.0
2008-02-07,0.0,0.0,1.0,0.0,0.0,0.0,0.0
2008-02-08,0.0,0.0,1.0,0.0,0.0,0.0,0.0
2008-02-11,0.0,0.0,1.0,0.0,0.0,0.0,0.0
2008-02-12,0.0,0.0,1.0,0.0,0.0,0.0,0.0
2008-02-13,0.0,0.0,1.0,0.0,0.0,0.0,0.0
2008-02-14,0.0,0.0,1.0,0.0,0.0,0.0,0.0
2008-02-15,0.0,0.0,1.0,0.0,0.0,0.0,0.0
2008-02-19,0.0,0.0,1.0,0.0,0.0,0.0,0.0
2008-02-20,0.0,0.0,1.0,0.0,0.0,0.0,0.0
2008-02-21,0.0,0.0,1.0,0.0,0.0,0.0,0.0
2008-02-22,0.0,0.0,1.0,0.0,0.0,0.0,0.0
2008-02-25,0.0,0.0,1.0,0.0,0.0,0.0,0.0
2008-02-26,0.0,0.0,1.0,0.0,0.0,0.0,0.0
2008-02-27,0.0,0.0,1.0,0.0,0.0,0.0,0.0
2008-02-28,0.0,0.0,1.0,0.0,0.0,0.0,0.0
2008-02-29,0.0,0.0,1.0,0.0,0.0,0.0,0.0
2008-03-03,0.0,0.0,1.0,0.0,0.0,0.0,0.0
2008-03-04,0.0,0.0,1.0,0.0,0.0,0.0,0.0
2008-03-05,0.0,0.0,1.0,0.0,0.0,0.0,0.0
2008-03-06,0.0,0.0,1.0,0.0,0.0,0.0,0.0
2008-03-07,0.0,0.0,1.0,0.0,0.0,0.0,0.0
2008-03-10,0.0,0.0,1.0,0.0,0.0,0.0,0.0
2008-03-11,0.0,0.0,1.0,0.0,0.0,0.0,0.0
2008-03-12,0.0,0.0,1.0,0.0,0.0,0.0,0.0
2008-03-13,0.0,0.0,1.0,0.0,0.0,0.0,0.0
2008-03-14,0.0,0.0,1.0,0.0,0.0,0.0,0.0
2008-03-17,0.0,0.0,1.0,0.0,0.0,0.0,0.0
2008-03-18,0.0,0.0,1.0,0.0,0.0,0.0,0.0
2008-03-19,0.0,0.0,1.0,0.0,0.0,0.0,0.0
2008-03-20,0.0,0.0,1.0,0.0,0.0,0.0,0.0
2008-03-24,0.0,0.0,1.0,0.0,0.0,0.0,0.0
2008-03-25,0.0,0.0,1.0,0.0,0.0,0.0,0.0
2008-03-26,0.0,0.0,1.0,0.0,0.0,0.0,0.0
2008-03-27,0.0,0.0,1.0,0.0,0.0,0.0,0.0
2008-03-28,0.0,0.0,1.0,0.0,0.0,0.0,0.0
2008-03-31,0.0,0.0,1.0,0.0,0.0,0.0,0.0
2008-04-01,0.0,0.0,1.0,0.0,0.0,0.0,0.0
2008-04-02,0.0,0.0,1.0,0.0,0.0,0.0,0.0
2008-04-03,0.0,0.0,1.0,0.0,0.0,0.0,0.0
2008-04-04,0.0,0.0,1.0,0.0,0.0,0.0,0.0
2008-04-07,0.0,0.0,1.0,0.0,0.0,0.0,0.0
2008-04-08,0.0,0.0,1.0,0.0,0.0,0.0,0.0
2008-04-09,0.0,0.0,1.0,0.0,0.0,0.0,0.0
2008-04-10,0.0,0.0,1.0,0.0,0.0,0.0,0.0
2008-04-11,0.0,0.0,1.0,0.0,0.0,0.0,0.0
2008-04-14,0.0,0.0,1.0,0.0,0.0,0.0,0.0
2008-04-15,0.0,0.0,1.0,0.0,0.0,0.0,0.0
2008-04-16,0.0,0.0,1.0,0.0,0.0,0.0,0.0
2008-04-17,0.0,0.0,1.0,0.0,0.0,0.0,0.0
2008-04-18,0.0,0.0,1.0,0.0,0.0,0.0,0.0
2008-04-21,0.0,0.0,1.0,0.0,0.0,0.0,0.0
2008-04-22,0.0,0.0,1.0,0.0,0.0,0.0,0.0
2008-04-23,0.0,0.0,1.0,0.0,0.0,0.0,0.0
2008-04-24,0.0,0.0,1.0,0.0,0.0,0.0,0.0
2008-04-25,0.0,0.0,1.0,0.0,0.0,0.0,0.0
2008-04-28,0.0,0.0,1.0,0.0,0.0,0.0,0.0
2008-04-29,0.0,0.0,1.0,0.0,0.0,0.0,0.0
2008-04-30,0.0,0.0,1.0,0.0,0.0,0.0,0.0
2008-05-01,0.0,0.0,1.0,0.0,0.0,0.0,0.0
2008-05-02,0.0,0.0,1.0,0.0,0.0,0.0,0.0
2008-05-05,0.0,0.0,1.0,0.0,0.0,0.0,0.0
2008-05-06,0.0,0.0,1.0,0.0,0.0,0.0,0.0
2008-05-07,0.0,0.0,1.0,0.0,0.0,0.0,0.0
2008-05-08,0.0,0.0,1.0,0.0,0.0,0.0,0.0
2008-05-09,0.0,0.0,1.0,0.0,0.0,0.0,0.0
2008-05-12,0.0,0.0,1.0,0.0,0.0,0.0,0.0
2008-05-13,0.0,0.0,1.0,0.0,0.0,0.0,0.0
2008-05-14,0.0,0.0,1.0,0.0,0.0,0.0,0.0
2008-05-15,0.0,0.0,1.0,0.0,0.0,0.0,0.0
2008-05-16,0.0,0.0,1.0,0.0,0.0,0.0,0.0
2008-05-19,0.0,0.0,1.0,0.0,0.0,0.0,0.0
2008-05-20,0.0,0.0,1.0,0.0,0.0,0.0,0.0
2008-05-21,0.0,0.0,1.0,0.0,0.0,0.0,0.0
2008-05-22,0.0,0.0,1.0,0.0,0.0,0.0,0.0
2008-05-23,0.0,0.0,1.0,0.0,0.0,0.0,0.0
2008-05-27,0.0,0.0,1.0,0.0,0.0,0.0,0.0
2008-05-28,0.0,0.0,1.0,0.0,0.0,0.0,0.0
2008-05-29,0.0,0.0,1.0,0.0,0.0,0.0,0.0
2008-05-30,0.0,0.0,1.0,0.0,0.0,0.0,0.0
2008-06-02,0.0,0.0,1.0,0.0,0.0,0.0,0.0
2008-06-03,0.0,0.0,1.0,0.0,0.0,0.0,0.0
2008-06-04,0.0,0.0,1.0,0.0,0.0,0.0,0.0
2008-06-05,0.0,0.0,1.0,0.0,0.0,0.0,0.0
2008-06-06,0.0,0.0,1.0,0.0,0.0,0.0,0.0
2008-06-09,0.0,0.0,1.0,0.0,0.0,0.0,0.0
2008-06-10,0.0,0.0,1.0,0.0,0.0,0.0,0.0
2008-06-11,0.0,0.0,1.0,0.0,0.0,0.0,0.0
2008-06-12,0.0,0.0,1.0,0.0,0.0,0.0,0.0
2008-06-13,0.0,0.0,1.0,0.0,0.0,0.0,0.0
2008-06-16,0.0,0.0,1.0,0.0,0.0,0.0,0.0
2008-06-17,0.0,0.0,1.0,0.0,0.0,0.0,0.0
2008-06-18,0.0,0.0,1.0,0.0,0.0,0.0,0.0
2008-06-19,0.0,0.0,1.0,0.0,0.0,0.0,0.0
2008-06-20,0.0,0.0,1.0,0.0,0.0,0.0,0.0
2008-06-23,0.0,0.0,1.0,0.0,0.0,0.0,0.0
2008-06-24,0.0,0.0,1.0,0.0,0.0,0.0,0.0
2008-06-25,0.0,0.0,1.0,0.0,0.0,0.0,0.0
2008-06-26,0.0,0.0,1.0,0.0,0.0,0.0,0.0
2008-06-27,0.0,0.0,1.0,0.0,0.0,0.0,0.0
2008-06-30,0.0,0.0,1.0,0.0,0.0,0.0,0.0
2008-07-01,0.0,0.0,1.0,0.0,0.0,0.0,0.0
2008-07-02,0.0,0.0,1.0,0.0,0.0,0.0,0.0
2008-07-03,0.0,0.0,1.0,0.0,0.0,0.0,0.0
2008-07-07,0.0,0.0,1.0,0.0,0.0,0.0,0.0
2008-07-08,0.0,0.0,1.0,0.0,0.0,0.0,0.0
2008-07-09,0.0,0.0,1.0,0.0,0.0,0.0,0.0
2008-07-10,0.0,0.0,1.0,0.0,0.0,0.0,0.0
2008-07-11,0.0,0.0,1.0,0.0,0.0,0.0,0.0
2008-07-14,0.0,0.0,1.0,0.0,0.0,0.0,0.0
2008-07-15,0.0,0.0,1.0,0.0,0.0,0.0,0.0
2008-07-16,0.0,0.0,1.0,0.0,0.0,0.0,0.0
2008-07-17,0.0,0.0,1.0,0.0,0.0,0.0,0.0
2008-07-18,0.0,0.0,1.0,0.0,0.0,0.0,0.0
2008-07-21,0.0,0.0,1.0,0.0,0.0,0.0,0.0
2008-07-22,0.0,0.0,1.0,0.0,0.0,0.0,0.0
2008-07-23,0.0,0.0,1.0,0.0,0.0,0.0,0.0
2008-07-24,0.0,0.0,1.0,0.0,0.0,0.0,0.0
2008-07-25,0.0,0.0,1.0,0.0,0.0,0.0,0.0
2008-07-28,0.0,0.0,1.0,0.0,0.0,0.0,0.0
2008-07-29,0.0,0.0,1.0,0.0,0.0,0.0,0.0
2008-07-30,0.0,0.0,1.0,0.0,0.0,0.0,0.0
2008-07-31,0.0,0.0,1.0,0.0,0.0,0.0,0.0
2008-08-01,0.0,0.0,1.0,0.0,0.0,0.0,0.0
2008-08-04,0.0,0.0,1.0,0.0,0.0,0.0,0.0
2008-08-05,0.0,0.0,1.0,0.0,0.0,0.0,0.0
2008-08-06,0.0,0.0,1.0,0.0,0.0,0.0,0.0
2008-08-07,0.0,0.0,1.0,0.0,0.0,0.0,0.0
2008-08-08,0.0,0.0,1.0,0.0,0.0,0.0,0.0
2008-08-11,0.0,0.0,1.0,0.0,0.0,0.0,0.0
2008-08-12,0.0,0.0,1.0,0.0,0.0,0.0,0.0
2008-08-13,0.0,0.0,1.0,0.0,0.0,0.0,0.0
2008-08-14,0.0,0.0,1.0,0.0,0.0,0.0,0.0
2008-08-15,0.0,0.0,1.0,0.0,0.0,0.0,0.0
2008-08-18,0.0,0.0,1.0,0.0,0.0,0.0,0.0
2008-08-19,0.0,0.0,1.0,0.0,0.0,0.0,0.0
2008-08-20,0.0,0.0,1.0,0.0,0.0,0.0,0.0
2008-08-21,0.0,0.0,1.0,0.0,0.0,0.0,0.0
2008-08-22,0.0,0.0,1.0,0.0,0.0,0.0,0.0
2008-08-25,0.0,0.0,1.0,0.0,0.0,0.0,0.0
2008-08-26,0.0,0.0,1.0,0.0,0.0,0.0,0.0
2008-08-27,0.0,0.0,1.0,0.0,0.0,0.0,0.0
2008-08-28,0.0,0.0,1.0,0.0,0.0,0.0,0.0
2008-08-29,0.0,0.0,1.0,0.0,0.0,0.0,0.0
2008-09-02,0.0,0.0,1.0,0.0,0.0,0.0,0.0
2008-09-03,0.0,0.0,1.0,0.0,0.0,0.0,0.0
2008-09-04,0.0,0.0,1.0,0.0,0.0,0.0,0.0
2008-09-05,0.0,0.0,1.0,0.0,0.0,0.0,0.0
2008-09-08,0.0,0.0,1.0,0.0,0.0,0.0,0.0
2008-09-09,0.0,0.0,1.0,0.0,0.0,0.0,0.0
2008-09-10,0.0,0.0,1.0,0.0,0.0,0.0,0.0
2008-09-11,0.0,0.0,1.0,0.0,0.0,0.0,0.0
2008-09-12,0.0,0.0,1.0,0.0,0.0,0.0,0.0
2008-09-15,0.0,0.0,1.0,0.0,0.0,0.0,0.0
2008-09-16,0.0,0.0,1.0,0.0,0.0,0.0,0.0
2008-09-17,0.0,0.0,1.0,0.0,0.0,0.0,0.0
2008-09-18,0.0,0.0,1.0,0.0,0.0,0.0,0.0
2008-09-19,0.0,0.0,1.0,0.0,0.0,0.0,0.0
2008-09-22,0.0,0.0,1.0,0.0,0.0,0.0,0.0
2008-09-23,0.0,0.0,1.0,0.0,0.0,0.0,0.0
2008-09-24,0.0,0.0,1.0,0.0,0.0,0.0,0.0
2008-09-25,0.0,0.0,1.0,0.0,0.0,0.0,0.0
2008-09-26,0.0,0.0,1.0,0.0,0.0,0.0,0.0
2008-09-29,0.0,0.0,1.0,0.0,0.0,0.0,0.0
2008-09-30,0.0,0.0,1.0,0.0,0.0,0.0,0.0
2008-10-01,0.0,0.0,1.0,0.0,0.0,0.0,0.0
2008-10-02,0.0,0.0,1.0,0.0,0.0,0.0,0.0
2008-10-03,0.0,0.0,1.0,0.0,0.0,0.0,0.0
2008-10-06,0.0,0.0,1.0,0.0,0.0,0.0,0.0
2008-10-07,0.0,0.0,1.0,0.0,0.0,0.0,0.0
2008-10-08,0.0,0.0,1.0,0.0,0.0,0.0,0.0
2008-10-09,0.0,0.0,1.0,0.0,0.0,0.0,0.0
2008-10-10,0.0,0.0,1.0,0.0,0.0,0.0,0.0
2008-10-13,0.0,0.0,1.0,0.0,0.0,0.0,0.0
2008-10-14,0.0,0.0,1.0,0.0,0.0,0.0,0.0
2008-10-15,0.0,0.0,1.0,0.0,0.0,0.0,0.0
2008-10-16,0.0,0.0,1.0,0.0,0.0,0.0,0.0
2008-10-17,0.0,0.0,1.0,0.0,0.0,0.0,0.0
2008-10-20,0.0,0.0,1.0,0.0,0.0,0.0,0.0
2008-10-21,0.0,0.0,1.0,0.0,0.0,0.0,0.0
2008-10-22,0.0,0.0,1.0,0.0,0.0,0.0,0.0
2008-10-23,0.0,0.0,1.0,0.0,0.0,0.0,0.0
2008-10-24,0.0,0.0,1.0,0.0,0.0,0.0,0.0
2008-10-27,0.0,0.0,1.0,0.0,0.0,0.0,0.0
2008-10-28,0.0,0.0,1.0,0.0,0.0,0.0,0.0
2008-10-29,0.0,0.0,1.0,0.0,0.0,0.0,0.0
2008-10-30,0.0,0.0,1.0,0.0,0.0,0.0,0.0
2008-10-31,0.0,0.0,1.0,0.0,0.0,0.0,0.0
2008-11-03,0.0,0.0,1.0,0.0,0.0,0.0,0.0
2008-11-04,0.0,0.0,1.0,0.0,0.0,0.0,0.0
2008-11-05,0.0,0.0,1.0,0.0,0.0,0.0,0.0
2008-11-06,0.0,0.0,1.0,0.0,0.0,0.0,0.0
2008-11-07,0.0,0.0,1.0,0.0,0.0,0.0,0.0
2008-11-10,0.0,0.0,1.0,0.0,0.0,0.0,0.0
2008-11-11,0.0,0.0,1.0,0.0,0.0,0.0,0.0
2008-11-12,0.0,0.0,1.0,0.0,0.0,0.0,0.0
2008-11-13,0.0,0.0,1.0,0.0,0.0,0.0,0.0
2008-11-14,0.0,0.0,1.0,0.0,0.0,0.0,0.0
2008-11-17,0.0,0.0,1.0,0.0,0.0,0.0,0.0
2008-11-18,0.0,0.0,1.0,0.0,0.0,0.0,0.0
2008-11-19,0.0,0.0,1.0,0.0,0.0,0.0,0.0
2008-11-20,0.0,0.0,1.0,0.0,0.0,0.0,0.0
2008-11-21,0.0,0.0,1.0,0.0,0.0,0.0,0.0
2008-11-24,0.0,0.0,1.0,0.0,0.0,0.0,0.0
2008-11-25,0.0,0.0,1.0,0.0,0.0,0.0,0.0
2008-11-26,0.0,0.0,1.0,0.0,0.0,0.0,0.0
2008-11-28,0.0,0.0,1.0,0.0,0.0,0.0,0.0
2008-12-01,0.0,0.0,1.0,0.0,0.0,0.0,0.0
2008-12-02,0.0,0.0,1.0,0.0,0.0,0.0,0.0
2008-12-03,0.0,0.0,1.0,0.0,0.0,0.0,0.0
2008-12-04,0.0,0.0,1.0,0.0,0.0,0.0,0.0
2008-12-05,0.0,0.0,1.0,0.0,0.0,0.0,0.0
2008-12-08,0.0,0.0,1.0,0.0,0.0,0.0,0.0
2008-12-09,0.0,0.0,1.0,0.0,0.0,0.0,0.0
2008-12-10,0.0,0.0,1.0,0.0,0.0,0.0,0.0
2008-12-11,0.0,0.0,1.0,0.0,0.0,0.0,0.0
2008-12-12,0.0,0.0,1.0,0.0,0.0,0.0,0.0
2008-12-15,0.0,0.0,1.0,0.0,0.0,0.0,0.0
2008-12-16,0.0,0.0,1.0,0.0,0.0,0.0,0.0
2008-12-17,0.0,0.0,1.0,0.0,0.0,0.0,0.0
2008-12-18,0.0,0.0,1.0,0.0,0.0,0.0,0.0
2008-12-19,0.0,0.0,1.0,0.0,0.0,0.0,0.0
2008-12-22,0.0,0.0,1.0,0.0,0.0,0.0,0.0
2008-12-23,0.0,0.0,1.0,0.0,0.0,0.0,0.0
2008-12-24,0.0,0.0,1.0,0.0,0.0,0.0,0.0
2008-12-26,0.0,0.0,1.0,0.0,0.0,0.0,0.0
2008-12-29,0.0,0.0,1.0,0.0,0.0,0.0,0.0
2008-12-30,0.0,0.0,1.0,0.0,0.0,0.0,0.0
2008-12-31,0.0,0.0,1.0,0.0,0.0,0.0,0.0
2009-01-02,0.0,0.0,1.0,0.0,0.0,0.0,0.0
2009-01-05,0.0,0.0,1.0,0.0,0.0,0.0,0.0
2009-01-06,0.0,0.0,1.0,0.0,0.0,0.0,0.0
2009-01-07,0.0,0.0,1.0,0.0,0.0,0.0,0.0
2009-01-08,0.0,0.0,1.0,0.0,0.0,0.0,0.0
2009-01-09,0.0,0.0,1.0,0.0,0.0,0.0,0.0
2009-01-12,0.0,0.0,1.0,0.0,0.0,0.0,0.0
2009-01-13,0.0,0.0,1.0,0.0,0.0,0.0,0.0
2009-01-14,0.0,0.0,1.0,0.0,0.0,0.0,0.0
2009-01-15,0.0,0.0,1.0,0.0,0.0,0.0,0.0
2009-01-16,0.0,0.0,1.0,0.0,0.0,0.0,0.0
2009-01-20,0.0,0.0,1.0,0.0,0.0,0.0,0.0
2009-01-21,0.0,0.0,1.0,0.0,0.0,0.0,0.0
2009-01-22,0.0,0.0,1.0,0.0,0.0,0.0,0.0
2009-01-23,0.0,0.0,1.0,0.0,0.0,0.0,0.0
2009-01-26,0.0,0.0,1.0,0.0,0.0,0.0,0.0
2009-01-27,0.0,0.0,1.0,0.0,0.0,0.0,0.0
2009-01-28,0.0,0.0,1.0,0.0,0.0,0.0,0.0
2009-01-29,0.0,0.0,1.0,0.0,0.0,0.0,0.0
2009-01-30,0.0,0.0,1.0,0.0,0.0,0.0,0.0
2009-02-02,0.0,0.0,1.0,0.0,0.0,0.0,0.0
2009-02-03,0.0,0.0,1.0,0.0,0.0,0.0,0.0
2009-02-04,0.0,0.0,1.0,0.0,0.0,0.0,0.0
2009-02-05,0.0,0.0,1.0,0.0,0.0,0.0,0.0
2009-02-06,0.0,0.0,1.0,0.0,0.0,0.0,0.0
2009-02-09,0.0,0.0,1.0,0.0,0.0,0.0,0.0
2009-02-10,0.0,0.0,1.0,0.0,0.0,0.0,0.0
2009-02-11,0.0,0.0,1.0,0.0,0.0,0.0,0.0
2009-02-12,0.0,0.0,1.0,0.0,0.0,0.0,0.0
2009-02-13,0.0,0.0,1.0,0.0,0.0,0.0,0.0
2009-02-17,0.0,0.0,1.0,0.0,0.0,0.0,0.0
2009-02-18,0.0,0.0,1.0,0.0,0.0,0.0,0.0
2009-02-19,0.0,0.0,1.0,0.0,0.0,0.0,0.0
2009-02-20,0.0,0.0,1.0,0.0,0.0,0.0,0.0
2009-02-23,0.0,0.0,1.0,0.0,0.0,0.0,0.0
2009-02-24,0.0,0.0,1.0,0.0,0.0,0.0,0.0
2009-02-25,0.0,0.0,1.0,0.0,0.0,0.0,0.0
2009-02-26,0.0,0.0,1.0,0.0,0.0,0.0,0.0
2009-02-27,0.0,0.0,1.0,0.0,0.0,0.0,0.0
2009-03-02,0.0,0.0,1.0,0.0,0.0,0.0,0.0
2009-03-03,0.0,0.0,1.0,0.0,0.0,0.0,0.0
2009-03-04,0.0,0.0,1.0,0.0,0.0,0.0,0.0
2009-03-05,0.0,0.0,1.0,0.0,0.0,0.0,0.0
2009-03-06,0.0,0.0,1.0,0.0,0.0,0.0,0.0
2009-03-09,0.0,0.0,1.0,0.0,0.0,0.0,0.0
2009-03-10,0.0,0.0,1.0,0.0,0.0,0.0,0.0
2009-03-11,0.0,0.0,1.0,0.0,0.0,0.0,0.0
2009-03-12,0.0,0.0,1.0,0.0,0.0,0.0,0.0
2009-03-13,0.0,0.0,1.0,0.0,0.0,0.0,0.0
2009-03-16,0.0,0.0,1.0,0.0,0.0,0.0,0.0
2009-03-17,0.0,0.0,1.0,0.0,0.0,0.0,0.0
2009-03-18,0.0,0.0,1.0,0.0,0.0,0.0,0.0
2009-03-19,0.0,0.0,1.0,0.0,0.0,0.0,0.0
2009-03-20,0.0,0.0,1.0,0.0,0.0,0.0,0.0
2009-03-23,0.0,0.0,1.0,0.0,0.0,0.0,0.0
2009-03-24,0.0,0.0,1.0,0.0,0.0,0.0,0.0
2009-03-25,0.0,0.0,1.0,0.0,0.0,0.0,0.0
2009-03-26,0.0,0.0,1.0,0.0,0.0,0.0,0.0
2009-03-27,0.0,0.0,1.0,0.0,0.0,0.0,0.0
2009-03-30,0.0,0.0,1.0,0.0,0.0,0.0,0.0
2009-03-31,0.0,0.0,1.0,0.0,0.0,0.0,0.0
2009-04-01,0.0,0.0,1.0,0.0,0.0,0.0,0.0
2009-04-02,0.0,0.0,1.0,0.0,0.0,0.0,0.0
2009-04-03,0.0,0.0,1.0,0.0,0.0,0.0,0.0
2009-04-06,0.0,0.0,1.0,0.0,0.0,0.0,0.0
2009-04-07,0.0,0.0,1.0,0.0,0.0,0.0,0.0
2009-04-08,0.0,0.0,1.0,0.0,0.0,0.0,0.0
2009-04-09,0.0,0.0,1.0,0.0,0.0,0.0,0.0
2009-04-13,0.0,0.0,1.0,0.0,0.0,0.0,0.0
2009-04-14,0.0,0.0,1.0,0.0,0.0,0.0,0.0
2009-04-15,0.0,0.0,1.0,0.0,0.0,0.0,0.0
2009-04-16,0.0,0.0,1.0,0.0,0.0,0.0,0.0
2009-04-17,0.0,0.0,1.0,0.0,0.0,0.0,0.0
2009-04-20,0.0,0.0,1.0,0.0,0.0,0.0,0.0
2009-04-21,1.0,0.0,0.0,0.0,0.0,0.0,0.0
2009-04-22,1.0,0.0,0.0,0.0,0.0,0.0,0.0
2009-04-23,1.0,0.0,0.0,0.0,0.0,0.0,0.0
2009-04-24,1.0,0.0,0.0,0.0,0.0,0.0,0.0
2009-04-27,1.0,0.0,0.0,0.0,0.0,0.0,0.0
2009-04-28,1.0,0.0,0.0,0.0,0.0,0.0,0.0
2009-04-29,1.0,0.0,0.0,0.0,0.0,0.0,0.0
2009-04-30,1.0,0.0,0.0,0.0,0.0,0.0,0.0
2009-05-01,1.0,0.0,0.0,0.0,0.0,0.0,0.0
2009-05-04,0.41312857489954197,0.5868714251004581,0.0,0.0,0.0,0.0,0.0
2009-05-05,0.41312857489954197,0.5868714251004581,0.0,0.0,0.0,0.0,0.0
2009-05-06,0.41312857489954197,0.5868714251004581,0.0,0.0,0.0,0.0,0.0
2009-05-07,0.41312857489954197,0.5868714251004581,0.0,0.0,0.0,0.0,0.0
2009-05-08,0.41312857489954197,0.5868714251004581,0.0,0.0,0.0,0.0,0.0
2009-05-11,0.41312857489954197,0.5868714251004581,0.0,0.0,0.0,0.0,0.0
2009-05-12,0.41312857489954197,0.5868714251004581,0.0,0.0,0.0,0.0,0.0
2009-05-13,0.41312857489954197,0.5868714251004581,0.0,0.0,0.0,0.0,0.0
2009-05-14,0.41312857489954197,0.5868714251004581,0.0,0.0,0.0,0.0,0.0
2009-05-15,0.41312857489954197,0.5868714251004581,0.0,0.0,0.0,0.0,0.0
2009-05-18,0.41312857489954197,0.5868714251004581,0.0,0.0,0.0,0.0,0.0
2009-05-19,0.41312857489954197,0.5868714251004581,0.0,0.0,0.0,0.0,0.0
2009-05-20,0.41312857489954197,0.5868714251004581,0.0,0.0,0.0,0.0,0.0
2009-05-21,0.41312857489954197,0.5868714251004581,0.0,0.0,0.0,0.0,0.0
2009-05-22,0.41312857489954197,0.5868714251004581,0.0,0.0,0.0,0.0,0.0
2009-05-26,0.41312857489954197,0.5868714251004581,0.0,0.0,0.0,0.0,0.0
2009-05-27,0.41312857489954197,0.5868714251004581,0.0,0.0,0.0,0.0,0.0
2009-05-28,0.41312857489954197,0.5868714251004581,0.0,0.0,0.0,0.0,0.0
2009-05-29,0.41312857489954197,0.5868714251004581,0.0,0.0,0.0,0.0,0.0
2009-06-01,0.400883140694685,0.599116859305315,0.0,0.0,0.0,0.0,0.0
2009-06-02,0.400883140694685,0.599116859305315,0.0,0.0,0.0,0.0,0.0
2009-06-03,0.400883140694685,0.599116859305315,0.0,0.0,0.0,0.0,0.0
2009-06-04,0.400883140694685,0.599116859305315,0.0,0.0,0.0,0.0,0.0
2009-06-05,0.400883140694685,0.599116859305315,0.0,0.0,0.0,0.0,0.0
2009-06-08,0.400883140694685,0.599116859305315,0.0,0.0,0.0,0.0,0.0
2009-06-09,0.400883140694685,0.599116859305315,0.0,0.0,0.0,0.0,0.0
2009-06-10,0.400883140694685,0.599116859305315,0.0,0.0,0.0,0.0,0.0
2009-06-11,0.400883140694685,0.599116859305315,0.0,0.0,0.0,0.0,0.0
2009-06-12,0.400883140694685,0.599116859305315,0.0,0.0,0.0,0.0,0.0
2009-06-15,0.400883140694685,0.599116859305315,0.0,0.0,0.0,0.0,0.0
2009-06-16,0.400883140694685,0.599116859305315,0.0,0.0,0.0,0.0,0.0
2009-06-17,0.400883140694685,0.599116859305315,0.0,0.0,0.0,0.0,0.0
2009-06-18,0.400883140694685,0.599116859305315,0.0,0.0,0.0,0.0,0.0
2009-06-19,0.400883140694685,0.599116859305315,0.0,0.0,0.0,0.0,0.0
2009-06-22,0.400883140694685,0.599116859305315,0.0,0.0,0.0,0.0,0.0
2009-06-23,0.400883140694685,0.599116859305315,0.0,0.0,0.0,0.0,0.0
2009-06-24,0.400883140694685,0.599116859305315,0.0,0.0,0.0,0.0,0.0
2009-06-25,0.400883140694685,0.599116859305315,0.0,0.0,0.0,0.0,0.0
2009-06-26,0.400883140694685,0.599116859305315,0.0,0.0,0.0,0.0,0.0
2009-06-29,0.400883140694685,0.599116859305315,0.0,0.0,0.0,0.0,0.0
2009-06-30,0.400883140694685,0.599116859305315,0.0,0.0,0.0,0.0,0.0
2009-07-01,0.3924126689514244,0.6075873310485757,0.0,0.0,0.0,0.0,0.0
2009-07-02,0.3924126689514244,0.6075873310485757,0.0,0.0,0.0,0.0,0.0
2009-07-06,0.3924126689514244,0.6075873310485757,0.0,0.0,0.0,0.0,0.0
2009-07-07,0.3924126689514244,0.6075873310485757,0.0,0.0,0.0,0.0,0.0
2009-07-08,0.3924126689514244,0.6075873310485757,0.0,0.0,0.0,0.0,0.0
2009-07-09,0.3924126689514244,0.6075873310485757,0.0,0.0,0.0,0.0,0.0
2009-07-10,0.3924126689514244,0.6075873310485757,0.0,0.0,0.0,0.0,0.0
2009-07-13,0.3924126689514244,0.6075873310485757,0.0,0.0,0.0,0.0,0.0
2009-07-14,0.3924126689514244,0.6075873310485757,0.0,0.0,0.0,0.0,0.0
2009-07-15,0.3924126689514244,0.6075873310485757,0.0,0.0,0.0,0.0,0.0
2009-07-16,0.3924126689514244,0.6075873310485757,0.0,0.0,0.0,0.0,0.0
2009-07-17,0.3924126689514244,0.6075873310485757,0.0,0.0,0.0,0.0,0.0
2009-07-20,0.3924126689514244,0.6075873310485757,0.0,0.0,0.0,0.0,0.0
2009-07-21,0.3924126689514244,0.6075873310485757,0.0,0.0,0.0,0.0,0.0
2009-07-22,0.3924126689514244,0.6075873310485757,0.0,0.0,0.0,0.0,0.0
2009-07-23,0.3924126689514244,0.6075873310485757,0.0,0.0,0.0,0.0,0.0
2009-07-24,0.3924126689514244,0.6075873310485757,0.0,0.0,0.0,0.0,0.0
2009-07-27,0.3924126689514244,0.6075873310485757,0.0,0.0,0.0,0.0,0.0
2009-07-28,0.3924126689514244,0.6075873310485757,0.0,0.0,0.0,0.0,0.0
2009-07-29,0.3924126689514244,0.6075873310485757,0.0,0.0,0.0,0.0,0.0
2009-07-30,0.3924126689514244,0.6075873310485757,0.0,0.0,0.0,0.0,0.0
2009-07-31,0.3924126689514244,0.6075873310485757,0.0,0.0,0.0,0.0,0.0
2009-08-03,0.41372801210105686,0.5862719878989432,0.0,0.0,0.0,0.0,0.0
2009-08-04,0.41372801210105686,0.5862719878989432,0.0,0.0,0.0,0.0,0.0
2009-08-05,0.41372801210105686,0.5862719878989432,0.0,0.0,0.0,0.0,0.0
2009-08-06,0.41372801210105686,0.5862719878989432,0.0,0.0,0.0,0.0,0.0
2009-08-07,0.41372801210105686,0.5862719878989432,0.0,0.0,0.0,0.0,0.0
2009-08-10,0.41372801210105686,0.5862719878989432,0.0,0.0,0.0,0.0,0.0
2009-08-11,0.41372801210105686,0.5862719878989432,0.0,0.0,0.0,0.0,0.0
2009-08-12,0.41372801210105686,0.5862719878989432,0.0,0.0,0.0,0.0,0.0
2009-08-13,0.41372801210105686,0.5862719878989432,0.0,0.0,0.0,0.0,0.0
2009-08-14,0.41372801210105686,0.5862719878989432,0.0,0.0,0.0,0.0,0.0
2009-08-17,0.41372801210105686,0.5862719878989432,0.0,0.0,0.0,0.0,0.0
2009-08-18,0.41372801210105686,0.5862719878989432,0.0,0.0,0.0,0.0,0.0
2009-08-19,0.41372801210105686,0.5862719878989432,0.0,0.0,0.0,0.0,0.0
2009-08-20,0.41372801210105686,0.5862719878989432,0.0,0.0,0.0,0.0,0.0
2009-08-21,0.41372801210105686,0.5862719878989432,0.0,0.0,0.0,0.0,0.0
2009-08-24,0.41372801210105686,0.5862719878989432,0.0,0.0,0.0,0.0,0.0
2009-08-25,0.41372801210105686,0.5862719878989432,0.0,0.0,0.0,0.0,0.0
2009-08-26,0.41372801210105686,0.5862719878989432,0.0,0.0,0.0,0.0,0.0
2009-08-27,0.41372801210105686,0.5862719878989432,0.0,0.0,0.0,0.0,0.0
2009-08-28,0.41372801210105686,0.5862719878989432,0.0,0.0,0.0,0.0,0.0
2009-08-31,0.41372801210105686,0.5862719878989432,0.0,0.0,0.0,0.0,0.0
2009-09-01,0.42151335079982044,0.5784866492001797,0.0,0.0,0.0,0.0,0.0
2009-09-02,0.42151335079982044,0.5784866492001797,0.0,0.0,0.0,0.0,0.0
2009-09-03,0.42151335079982044,0.5784866492001797,0.0,0.0,0.0,0.0,0.0
2009-09-04,0.42151335079982044,0.5784866492001797,0.0,0.0,0.0,0.0,0.0
2009-09-08,0.42151335079982044,0.5784866492001797,0.0,0.0,0.0,0.0,0.0
2009-09-09,0.42151335079982044,0.5784866492001797,0.0,0.0,0.0,0.0,0.0
2009-09-10,0.42151335079982044,0.5784866492001797,0.0,0.0,0.0,0.0,0.0
2009-09-11,0.42151335079982044,0.5784866492001797,0.0,0.0,0.0,0.0,0.0
2009-09-14,0.42151335079982044,0.5784866492001797,0.0,0.0,0.0,0.0,0.0
2009-09-15,0.42151335079982044,0.5784866492001797,0.0,0.0,0.0,0.0,0.0
2009-09-16,0.42151335079982044,0.5784866492001797,0.0,0.0,0.0,0.0,0.0
2009-09-17,0.42151335079982044,0.5784866492001797,0.0,0.0,0.0,0.0,0.0
2009-09-18,0.42151335079982044,0.5784866492001797,0.0,0.0,0.0,0.0,0.0
2009-09-21,0.42151335079982044,0.5784866492001797,0.0,0.0,0.0,0.0,0.0
2009-09-22,0.42151335079982044,0.5784866492001797,0.0,0.0,0.0,0.0,0.0
2009-09-23,0.42151335079982044,0.5784866492001797,0.0,0.0,0.0,0.0,0.0
2009-09-24,0.42151335079982044,0.5784866492001797,0.0,0.0,0.0,0.0,0.0
2009-09-25,0.42151335079982044,0.5784866492001797,0.0,0.0,0.0,0.0,0.0
2009-09-28,0.42151335079982044,0.5784866492001797,0.0,0.0,0.0,0.0,0.0
2009-09-29,0.42151335079982044,0.5784866492001797,0.0,0.0,0.0,0.0,0.0
2009-09-30,0.42151335079982044,0.5784866492001797,0.0,0.0,0.0,0.0,0.0
2009-10-01,0.4535360308077483,0.5464639691922517,0.0,0.0,0.0,0.0,0.0
2009-10-02,0.4535360308077483,0.5464639691922517,0.0,0.0,0.0,0.0,0.0
2009-10-05,0.4535360308077483,0.5464639691922517,0.0,0.0,0.0,0.0,0.0
2009-10-06,0.4535360308077483,0.5464639691922517,0.0,0.0,0.0,0.0,0.0
2009-10-07,0.4535360308077483,0.5464639691922517,0.0,0.0,0.0,0.0,0.0
2009-10-08,0.4535360308077483,0.5464639691922517,0.0,0.0,0.0,0.0,0.0
2009-10-09,0.4535360308077483,0.5464639691922517,0.0,0.0,0.0,0.0,0.0
2009-10-12,0.4535360308077483,0.5464639691922517,0.0,0.0,0.0,0.0,0.0
2009-10-13,0.4535360308077483,0.5464639691922517,0.0,0.0,0.0,0.0,0.0
2009-10-14,0.4535360308077483,0.5464639691922517,0.0,0.0,0.0,0.0,0.0
2009-10-15,0.4535360308077483,0.5464639691922517,0.0,0.0,0.0,0.0,0.0
2009-10-16,0.4535360308077483,0.5464639691922517,0.0,0.0,0.0,0.0,0.0
2009-10-19,0.4535360308077483,0.5464639691922517,0.0,0.0,0.0,0.0,0.0
2009-10-20,0.4535360308077483,0.5464639691922517,0.0,0.0,0.0,0.0,0.0
2009-10-21,0.4535360308077483,0.5464639691922517,0.0,0.0,0.0,0.0,0.0
2009-10-22,0.4535360308077483,0.5464639691922517,0.0,0.0,0.0,0.0,0.0
2009-10-23,0.4535360308077483,0.5464639691922517,0.0,0.0,0.0,0.0,0.0
2009-10-26,0.4535360308077483,0.5464639691922517,0.0,0.0,0.0,0.0,0.0
2009-10-27,0.4535360308077483,0.5464639691922517,0.0,0.0,0.0,0.0,0.0
2009-10-28,0.4535360308077483,0.5464639691922517,0.0,0.0,0.0,0.0,0.0
2009-10-29,0.4535360308077483,0.5464639691922517,0.0,0.0,0.0,0.0,0.0
2009-10-30,0.4535360308077483,0.5464639691922517,0.0,0.0,0.0,0.0,0.0
2009-11-02,0.45109863870233874,0.5489013612976613,0.0,0.0,0.0,0.0,0.0
2009-11-03,0.45109863870233874,0.5489013612976613,0.0,0.0,0.0,0.0,0.0
2009-11-04,0.45109863870233874,0.5489013612976613,0.0,0.0,0.0,0.0,0.0
2009-11-05,0.45109863870233874,0.5489013612976613,0.0,0.0,0.0,0.0,0.0
2009-11-06,0.45109863870233874,0.5489013612976613,0.0,0.0,0.0,0.0,0.0
2009-11-09,0.45109863870233874,0.5489013612976613,0.0,0.0,0.0,0.0,0.0
2009-11-10,0.45109863870233874,0.5489013612976613,0.0,0.0,0.0,0.0,0.0
2009-11-11,0.45109863870233874,0.5489013612976613,0.0,0.0,0.0,0.0,0.0
2009-11-12,0.45109863870233874,0.5489013612976613,0.0,0.0,0.0,0.0,0.0
2009-11-13,0.45109863870233874,0.5489013612976613,0.0,0.0,0.0,0.0,0.0
2009-11-16,0.45109863870233874,0.5489013612976613,0.0,0.0,0.0,0.0,0.0
2009-11-17,0.45109863870233874,0.5489013612976613,0.0,0.0,0.0,0.0,0.0
2009-11-18,0.45109863870233874,0.5489013612976613,0.0,0.0,0.0,0.0,0.0
2009-11-19,0.45109863870233874,0.5489013612976613,0.0,0.0,0.0,0.0,0.0
2009-11-20,0.45109863870233874,0.5489013612976613,0.0,0.0,0.0,0.0,0.0
2009-11-23,0.45109863870233874,0.5489013612976613,0.0,0.0,0.0,0.0,0.0
2009-11-24,0.45109863870233874,0.5489013612976613,0.0,0.0,0.0,0.0,0.0
2009-11-25,0.45109863870233874,0.5489013612976613,0.0,0.0,0.0,0.0,0.0
2009-11-27,0.45109863870233874,0.5489013612976613,0.0,0.0,0.0,0.0,0.0
2009-11-30,0.45109863870233874,0.5489013612976613,0.0,0.0,0.0,0.0,0.0
2009-12-01,0.47889059416262586,0.5211094058373742,0.0,0.0,0.0,0.0,0.0
2009-12-02,0.47889059416262586,0.5211094058373742,0.0,0.0,0.0,0.0,0.0
2009-12-03,0.47889059416262586,0.5211094058373742,0.0,0.0,0.0,0.0,0.0
2009-12-04,0.47889059416262586,0.5211094058373742,0.0,0.0,0.0,0.0,0.0
2009-12-07,0.47889059416262586,0.5211094058373742,0.0,0.0,0.0,0.0,0.0
2009-12-08,0.47889059416262586,0.5211094058373742,0.0,0.0,0.0,0.0,0.0
2009-12-09,0.47889059416262586,0.5211094058373742,0.0,0.0,0.0,0.0,0.0
2009-12-10,0.47889059416262586,0.5211094058373742,0.0,0.0,0.0,0.0,0.0
2009-12-11,0.47889059416262586,0.5211094058373742,0.0,0.0,0.0,0.0,0.0
2009-12-14,0.47889059416262586,0.5211094058373742,0.0,0.0,0.0,0.0,0.0
2009-12-15,0.47889059416262586,0.5211094058373742,0.0,0.0,0.0,0.0,0.0
2009-12-16,0.47889059416262586,0.5211094058373742,0.0,0.0,0.0,0.0,0.0
2009-12-17,0.47889059416262586,0.5211094058373742,0.0,0.0,0.0,0.0,0.0
2009-12-18,0.47889059416262586,0.5211094058373742,0.0,0.0,0.0,0.0,0.0
2009-12-21,0.47889059416262586,0.5211094058373742,0.0,0.0,0.0,0.0,0.0
2009-12-22,0.47889059416262586,0.5211094058373742,0.0,0.0,0.0,0.0,0.0
2009-12-23,0.47889059416262586,0.5211094058373742,0.0,0.0,0.0,0.0,0.0
2009-12-24,0.47889059416262586,0.5211094058373742,0.0,0.0,0.0,0.0,0.0
2009-12-28,0.47889059416262586,0.5211094058373742,0.0,0.0,0.0,0.0,0.0
2009-12-29,0.47889059416262586,0.5211094058373742,0.0,0.0,0.0,0.0,0.0
2009-12-30,0.47889059416262586,0.5211094058373742,0.0,0.0,0.0,0.0,0.0
2009-12-31,0.47889059416262586,0.5211094058373742,0.0,0.0,0.0,0.0,0.0
2010-01-04,0.5450053771931811,0.45499462280681896,0.0,0.0,0.0,0.0,0.0
2010-01-05,0.5450053771931811,0.45499462280681896,0.0,0.0,0.0,0.0,0.0
2010-01-06,0.5450053771931811,0.45499462280681896,0.0,0.0,0.0,0.0,0.0
2010-01-07,0.5450053771931811,0.45499462280681896,0.0,0.0,0.0,0.0,0.0
2010-01-08,0.5450053771931811,0.45499462280681896,0.0,0.0,0.0,0.0,0.0
2010-01-11,0.5450053771931811,0.45499462280681896,0.0,0.0,0.0,0.0,0.0
2010-01-12,0.5450053771931811,0.45499462280681896,0.0,0.0,0.0,0.0,0.0
2010-01-13,0.5450053771931811,0.45499462280681896,0.0,0.0,0.0,0.0,0.0
2010-01-14,0.5450053771931811,0.45499462280681896,0.0,0.0,0.0,0.0,0.0
2010-01-15,0.5450053771931811,0.45499462280681896,0.0,0.0,0.0,0.0,0.0
2010-01-19,0.5450053771931811,0.45499462280681896,0.0,0.0,0.0,0.0,0.0
2010-01-20,0.5450053771931811,0.45499462280681896,0.0,0.0,0.0,0.0,0.0
2010-01-21,0.5450053771931811,0.45499462280681896,0.0,0.0,0.0,0.0,0.0
2010-01-22,0.5450053771931811,0.45499462280681896,0.0,0.0,0.0,0.0,0.0
2010-01-25,0.5450053771931811,0.45499462280681896,0.0,0.0,0.0,0.0,0.0
2010-01-26,0.5450053771931811,0.45499462280681896,0.0,0.0,0.0,0.0,0.0
2010-01-27,0.5450053771931811,0.45499462280681896,0.0,0.0,0.0,0.0,0.0
2010-01-28,0.5450053771931811,0.45499462280681896,0.0,0.0,0.0,0.0,0.0
2010-01-29,0.5450053771931811,0.45499462280681896,0.0,0.0,0.0,0.0,0.0
2010-02-01,0.5466036439373011,0.45339635606269896,0.0,0.0,0.0,0.0,0.0
2010-02-02,0.5466036439373011,0.45339635606269896,0.0,0.0,0.0,0.0,0.0
2010-02-03,0.5466036439373011,0.45339635606269896,0.0,0.0,0.0,0.0,0.0
2010-02-04,0.5466036439373011,0.45339635606269896,0.0,0.0,0.0,0.0,0.0
2010-02-05,0.5466036439373011,0.45339635606269896,0.0,0.0,0.0,0.0,0.0
2010-02-08,0.5466036439373011,0.45339635606269896,0.0,0.0,0.0,0.0,0.0
2010-02-09,0.5466036439373011,0.45339635606269896,0.0,0.0,0.0,0.0,0.0
2010-02-10,0.5466036439373011,0.45339635606269896,0.0,0.0,0.0,0.0,0.0
2010-02-11,0.5466036439373011,0.45339635606269896,0.0,0.0,0.0,0.0,0.0
2010-02-12,0.5466036439373011,0.45339635606269896,0.0,0.0,0.0,0.0,0.0
2010-02-16,0.5466036439373011,0.45339635606269896,0.0,0.0,0.0,0.0,0.0
2010-02-17,0.5466036439373011,0.45339635606269896,0.0,0.0,0.0,0.0,0.0
2010-02-18,0.5466036439373011,0.45339635606269896,0.0,0.0,0.0,0.0,0.0
2010-02-19,0.5466036439373011,0.45339635606269896,0.0,0.0,0.0,0.0,0.0
2010-02-22,0.5466036439373011,0.45339635606269896,0.0,0.0,0.0,0.0,0.0
2010-02-23,0.5466036439373011,0.45339635606269896,0.0,0.0,0.0,0.0,0.0
2010-02-24,0.5466036439373011,0.45339635606269896,0.0,0.0,0.0,0.0,0.0
2010-02-25,0.5466036439373011,0.45339635606269896,0.0,0.0,0.0,0.0,0.0
2010-02-26,0.5466036439373011,0.45339635606269896,0.0,0.0,0.0,0.0,0.0
2010-03-01,0.5586204763113641,0.4413795236886359,0.0,0.0,0.0,0.0,0.0
2010-03-02,0.5586204763113641,0.4413795236886359,0.0,0.0,0.0,0.0,0.0
2010-03-03,0.5586204763113641,0.4413795236886359,0.0,0.0,0.0,0.0,0.0
2010-03-04,0.5586204763113641,0.4413795236886359,0.0,0.0,0.0,0.0,0.0
2010-03-05,0.5586204763113641,0.4413795236886359,0.0,0.0,0.0,0.0,0.0
2010-03-08,0.5586204763113641,0.4413795236886359,0.0,0.0,0.0,0.0,0.0
2010-03-09,0.5586204763113641,0.4413795236886359,0.0,0.0,0.0,0.0,0.0
2010-03-10,0.5586204763113641,0.4413795236886359,0.0,0.0,0.0,0.0,0.0
2010-03-11,0.5586204763113641,0.4413795236886359,0.0,0.0,0.0,0.0,0.0
2010-03-12,0.5586204763113641,0.4413795236886359,0.0,0.0,0.0,0.0,0.0
2010-03-15,0.5586204763113641,0.4413795236886359,0.0,0.0,0.0,0.0,0.0
2010-03-16,0.5586204763113641,0.4413795236886359,0.0,0.0,0.0,0.0,0.0
2010-03-17,0.5586204763113641,0.4413795236886359,0.0,0.0,0.0,0.0,0.0
2010-03-18,0.5586204763113641,0.4413795236886359,0.0,0.0,0.0,0.0,0.0
2010-03-19,0.5586204763113641,0.4413795236886359,0.0,0.0,0.0,0.0,0.0
2010-03-22,0.5586204763113641,0.4413795236886359,0.0,0.0,0.0,0.0,0.0
2010-03-23,0.5586204763113641,0.4413795236886359,0.0,0.0,0.0,0.0,0.0
2010-03-24,0.5586204763113641,0.4413795236886359,0.0,0.0,0.0,0.0,0.0
2010-03-25,0.5586204763113641,0.4413795236886359,0.0,0.0,0.0,0.0,0.0
2010-03-26,0.5586204763113641,0.4413795236886359,0.0,0.0,0.0,0.0,0.0
2010-03-29,0.5586204763113641,0.4413795236886359,0.0,0.0,0.0,0.0,0.0
2010-03-30,0.5586204763113641,0.4413795236886359,0.0,0.0,0.0,0.0,0.0
2010-03-31,0.5586204763113641,0.4413795236886359,0.0,0.0,0.0,0.0,0.0
2010-04-01,0.605838851614885,0.3941611483851149,0.0,0.0,0.0,0.0,0.0
2010-04-05,0.605838851614885,0.3941611483851149,0.0,0.0,0.0,0.0,0.0
2010-04-06,0.605838851614885,0.3941611483851149,0.0,0.0,0.0,0.0,0.0
2010-04-07,0.605838851614885,0.3941611483851149,0.0,0.0,0.0,0.0,0.0
2010-04-08,0.605838851614885,0.3941611483851149,0.0,0.0,0.0,0.0,0.0
2010-04-09,0.605838851614885,0.3941611483851149,0.0,0.0,0.0,0.0,0.0
2010-04-12,0.605838851614885,0.3941611483851149,0.0,0.0,0.0,0.0,0.0
2010-04-13,0.605838851614885,0.3941611483851149,0.0,0.0,0.0,0.0,0.0
2010-04-14,0.605838851614885,0.3941611483851149,0.0,0.0,0.0,0.0,0.0
2010-04-15,0.605838851614885,0.3941611483851149,0.0,0.0,0.0,0.0,0.0
2010-04-16,0.605838851614885,0.3941611483851149,0.0,0.0,0.0,0.0,0.0
2010-04-19,0.605838851614885,0.3941611483851149,0.0,0.0,0.0,0.0,0.0
2010-04-20,0.605838851614885,0.3941611483851149,0.0,0.0,0.0,0.0,0.0
2010-04-21,0.605838851614885,0.3941611483851149,0.0,0.0,0.0,0.0,0.0
2010-04-22,0.605838851614885,0.3941611483851149,0.0,0.0,0.0,0.0,0.0
2010-04-23,0.605838851614885,0.3941611483851149,0.0,0.0,0.0,0.0,0.0
2010-04-26,0.605838851614885,0.3941611483851149,0.0,0.0,0.0,0.0,0.0
2010-04-27,0.605838851614885,0.3941611483851149,0.0,0.0,0.0,0.0,0.0
2010-04-28,0.605838851614885,0.3941611483851149,0.0,0.0,0.0,0.0,0.0
2010-04-29,0.605838851614885,0.3941611483851149,0.0,0.0,0.0,0.0,0.0
2010-04-30,0.605838851614885,0.3941611483851149,0.0,0.0,0.0,0.0,0.0
2010-05-03,0.5515158093483481,0.4484841906516519,0.0,0.0,0.0,0.0,0.0
2010-05-04,0.5515158093483481,0.4484841906516519,0.0,0.0,0.0,0.0,0.0
2010-05-05,0.5515158093483481,0.4484841906516519,0.0,0.0,0.0,0.0,0.0
2010-05-06,0.5515158093483481,0.4484841906516519,0.0,0.0,0.0,0.0,0.0
2010-05-07,0.5515158093483481,0.4484841906516519,0.0,0.0,0.0,0.0,0.0
2010-05-10,0.5515158093483481,0.4484841906516519,0.0,0.0,0.0,0.0,0.0
2010-05-11,0.5515158093483481,0.4484841906516519,0.0,0.0,0.0,0.0,0.0
2010-05-12,0.5515158093483481,0.4484841906516519,0.0,0.0,0.0,0.0,0.0
2010-05-13,0.5515158093483481,0.4484841906516519,0.0,0.0,0.0,0.0,0.0
2010-05-14,0.5515158093483481,0.4484841906516519,0.0,0.0,0.0,0.0,0.0
2010-05-17,0.0,0.0,1.0,0.0,0.0,0.0,0.0
2010-05-18,0.0,0.0,1.0,0.0,0.0,0.0,0.0
2010-05-19,0.0,0.0,1.0,0.0,0.0,0.0,0.0
2010-05-20,0.0,0.0,1.0,0.0,0.0,0.0,0.0
2010-05-21,0.0,0.0,1.0,0.0,0.0,0.0,0.0
2010-05-24,0.0,0.0,1.0,0.0,0.0,0.0,0.0
2010-05-25,0.0,0.0,1.0,0.0,0.0,0.0,0.0
2010-05-26,0.0,0.0,1.0,0.0,0.0,0.0,0.0
2010-05-27,0.0,0.0,1.0,0.0,0.0,0.0,0.0
2010-05-28,0.0,0.0,1.0,0.0,0.0,0.0,0.0
2010-06-01,0.0,0.0,1.0,0.0,0.0,0.0,0.0
2010-06-02,0.0,0.0,1.0,0.0,0.0,0.0,0.0
2010-06-03,0.0,0.0,1.0,0.0,0.0,0.0,0.0
2010-06-04,0.0,0.0,1.0,0.0,0.0,0.0,0.0
2010-06-07,0.0,0.0,1.0,0.0,0.0,0.0,0.0
2010-06-08,0.0,0.0,1.0,0.0,0.0,0.0,0.0
2010-06-09,0.0,0.0,1.0,0.0,0.0,0.0,0.0
2010-06-10,0.0,0.0,1.0,0.0,0.0,0.0,0.0
2010-06-11,0.0,0.0,1.0,0.0,0.0,0.0,0.0
2010-06-14,0.0,0.0,1.0,0.0,0.0,0.0,0.0
2010-06-15,0.0,0.0,1.0,0.0,0.0,0.0,0.0
2010-06-16,0.0,0.0,1.0,0.0,0.0,0.0,0.0
2010-06-17,0.0,0.0,1.0,0.0,0.0,0.0,0.0
2010-06-18,0.0,0.0,1.0,0.0,0.0,0.0,0.0
2010-06-21,0.0,0.0,1.0,0.0,0.0,0.0,0.0
2010-06-22,0.0,0.0,1.0,0.0,0.0,0.0,0.0
2010-06-23,0.0,0.0,1.0,0.0,0.0,0.0,0.0
2010-06-24,0.0,0.0,1.0,0.0,0.0,0.0,0.0
2010-06-25,0.0,0.0,1.0,0.0,0.0,0.0,0.0
2010-06-28,0.0,0.0,1.0,0.0,0.0,0.0,0.0
2010-06-29,0.0,0.0,1.0,0.0,0.0,0.0,0.0
2010-06-30,0.0,0.0,1.0,0.0,0.0,0.0,0.0
2010-07-01,0.0,0.0,1.0,0.0,0.0,0.0,0.0
2010-07-02,0.0,0.0,1.0,0.0,0.0,0.0,0.0
2010-07-06,0.0,0.0,1.0,0.0,0.0,0.0,0.0
2010-07-07,0.0,0.0,1.0,0.0,0.0,0.0,0.0
2010-07-08,0.0,0.0,1.0,0.0,0.0,0.0,0.0
2010-07-09,0.0,0.0,1.0,0.0,0.0,0.0,0.0
2010-07-12,0.0,0.0,1.0,0.0,0.0,0.0,0.0
2010-07-13,0.0,0.0,1.0,0.0,0.0,0.0,0.0
2010-07-14,0.0,0.0,1.0,0.0,0.0,0.0,0.0
2010-07-15,0.0,0.0,1.0,0.0,0.0,0.0,0.0
2010-07-16,0.0,0.0,1.0,0.0,0.0,0.0,0.0
2010-07-19,0.0,0.0,1.0,0.0,0.0,0.0,0.0
2010-07-20,0.0,0.0,1.0,0.0,0.0,0.0,0.0
2010-07-21,0.0,0.0,1.0,0.0,0.0,0.0,0.0
2010-07-22,0.0,0.0,1.0,0.0,0.0,0.0,0.0
2010-07-23,1.0,0.0,0.0,0.0,0.0,0.0,0.0
2010-07-26,1.0,0.0,0.0,0.0,0.0,0.0,0.0
2010-07-27,1.0,0.0,0.0,0.0,0.0,0.0,0.0
2010-07-28,1.0,0.0,0.0,0.0,0.0,0.0,0.0
2010-07-29,1.0,0.0,0.0,0.0,0.0,0.0,0.0
2010-07-30,1.0,0.0,0.0,0.0,0.0,0.0,0.0
2010-08-02,1.0,0.0,0.0,0.0,0.0,0.0,0.0
2010-08-03,1.0,0.0,0.0,0.0,0.0,0.0,0.0
2010-08-04,1.0,0.0,0.0,0.0,0.0,0.0,0.0
2010-08-05,1.0,0.0,0.0,0.0,0.0,0.0,0.0
2010-08-06,1.0,0.0,0.0,0.0,0.0,0.0,0.0
2010-08-09,1.0,0.0,0.0,0.0,0.0,0.0,0.0
2010-08-10,1.0,0.0,0.0,0.0,0.0,0.0,0.0
2010-08-11,1.0,0.0,0.0,0.0,0.0,0.0,0.0
2010-08-12,1.0,0.0,0.0,0.0,0.0,0.0,0.0
2010-08-13,1.0,0.0,0.0,0.0,0.0,0.0,0.0
2010-08-16,1.0,0.0,0.0,0.0,0.0,0.0,0.0
2010-08-17,1.0,0.0,0.0,0.0,0.0,0.0,0.0
2010-08-18,1.0,0.0,0.0,0.0,0.0,0.0,0.0
2010-08-19,1.0,0.0,0.0,0.0,0.0,0.0,0.0
2010-08-20,1.0,0.0,0.0,0.0,0.0,0.0,0.0
2010-08-23,1.0,0.0,0.0,0.0,0.0,0.0,0.0
2010-08-24,1.0,0.0,0.0,0.0,0.0,0.0,0.0
2010-08-25,1.0,0.0,0.0,0.0,0.0,0.0,0.0
2010-08-26,1.0,0.0,0.0,0.0,0.0,0.0,0.0
2010-08-27,1.0,0.0,0.0,0.0,0.0,0.0,0.0
2010-08-30,1.0,0.0,0.0,0.0,0.0,0.0,0.0
2010-08-31,1.0,0.0,0.0,0.0,0.0,0.0,0.0
2010-09-01,1.0,0.0,0.0,0.0,0.0,0.0,0.0
2010-09-02,1.0,0.0,0.0,0.0,0.0,0.0,0.0
2010-09-03,1.0,0.0,0.0,0.0,0.0,0.0,0.0
2010-09-07,1.0,0.0,0.0,0.0,0.0,0.0,0.0
2010-09-08,1.0,0.0,0.0,0.0,0.0,0.0,0.0
2010-09-09,1.0,0.0,0.0,0.0,0.0,0.0,0.0
2010-09-10,1.0,0.0,0.0,0.0,0.0,0.0,0.0
2010-09-13,1.0,0.0,0.0,0.0,0.0,0.0,0.0
2010-09-14,1.0,0.0,0.0,0.0,0.0,0.0,0.0
2010-09-15,1.0,0.0,0.0,0.0,0.0,0.0,0.0
2010-09-16,1.0,0.0,0.0,0.0,0.0,0.0,0.0
2010-09-17,1.0,0.0,0.0,0.0,0.0,0.0,0.0
2010-09-20,1.0,0.0,0.0,0.0,0.0,0.0,0.0
2010-09-21,1.0,0.0,0.0,0.0,0.0,0.0,0.0
2010-09-22,1.0,0.0,0.0,0.0,0.0,0.0,0.0
2010-09-23,1.0,0.0,0.0,0.0,0.0,0.0,0.0
2010-09-24,1.0,0.0,0.0,0.0,0.0,0.0,0.0
2010-09-27,1.0,0.0,0.0,0.0,0.0,0.0,0.0
2010-09-28,1.0,0.0,0.0,0.0,0.0,0.0,0.0
2010-09-29,1.0,0.0,0.0,0.0,0.0,0.0,0.0
2010-09-30,1.0,0.0,0.0,0.0,0.0,0.0,0.0
2010-10-01,1.0,0.0,0.0,0.0,0.0,0.0,0.0
2010-10-04,1.0,0.0,0.0,0.0,0.0,0.0,0.0
2010-10-05,1.0,0.0,0.0,0.0,0.0,0.0,0.0
2010-10-06,1.0,0.0,0.0,0.0,0.0,0.0,0.0
2010-10-07,1.0,0.0,0.0,0.0,0.0,0.0,0.0
2010-10-08,1.0,0.0,0.0,0.0,0.0,0.0,0.0
2010-10-11,1.0,0.0,0.0,0.0,0.0,0.0,0.0
2010-10-12,1.0,0.0,0.0,0.0,0.0,0.0,0.0
2010-10-13,1.0,0.0,0.0,0.0,0.0,0.0,0.0
2010-10-14,1.0,0.0,0.0,0.0,0.0,0.0,0.0
2010-10-15,1.0,0.0,0.0,0.0,0.0,0.0,0.0
2010-10-18,1.0,0.0,0.0,0.0,0.0,0.0,0.0
2010-10-19,1.0,0.0,0.0,0.0,0.0,0.0,0.0
2010-10-20,1.0,0.0,0.0,0.0,0.0,0.0,0.0
2010-10-21,1.0,0.0,0.0,0.0,0.0,0.0,0.0
2010-10-22,1.0,0.0,0.0,0.0,0.0,0.0,0.0
2010-10-25,1.0,0.0,0.0,0.0,0.0,0.0,0.0
2010-10-26,1.0,0.0,0.0,0.0,0.0,0.0,0.0
2010-10-27,1.0,0.0,0.0,0.0,0.0,0.0,0.0
2010-10-28,1.0,0.0,0.0,0.0,0.0,0.0,0.0
2010-10-29,1.0,0.0,0.0,0.0,0.0,0.0,0.0
2010-11-01,1.0,0.0,0.0,0.0,0.0,0.0,0.0
2010-11-02,1.0,0.0,0.0,0.0,0.0,0.0,0.0
2010-11-03,1.0,0.0,0.0,0.0,0.0,0.0,0.0
2010-11-04,1.0,0.0,0.0,0.0,0.0,0.0,0.0
2010-11-05,1.0,0.0,0.0,0.0,0.0,0.0,0.0
2010-11-08,1.0,0.0,0.0,0.0,0.0,0.0,0.0
2010-11-09,1.0,0.0,0.0,0.0,0.0,0.0,0.0
2010-11-10,1.0,0.0,0.0,0.0,0.0,0.0,0.0
2010-11-11,1.0,0.0,0.0,0.0,0.0,0.0,0.0
2010-11-12,1.0,0.0,0.0,0.0,0.0,0.0,0.0
2010-11-15,1.0,0.0,0.0,0.0,0.0,0.0,0.0
2010-11-16,1.0,0.0,0.0,0.0,0.0,0.0,0.0
2010-11-17,1.0,0.0,0.0,0.0,0.0,0.0,0.0
2010-11-18,1.0,0.0,0.0,0.0,0.0,0.0,0.0
2010-11-19,1.0,0.0,0.0,0.0,0.0,0.0,0.0
2010-11-22,1.0,0.0,0.0,0.0,0.0,0.0,0.0
2010-11-23,1.0,0.0,0.0,0.0,0.0,0.0,0.0
2010-11-24,1.0,0.0,0.0,0.0,0.0,0.0,0.0
2010-11-26,1.0,0.0,0.0,0.0,0.0,0.0,0.0
2010-11-29,1.0,0.0,0.0,0.0,0.0,0.0,0.0
2010-11-30,1.0,0.0,0.0,0.0,0.0,0.0,0.0
2010-12-01,1.0,0.0,0.0,0.0,0.0,0.0,0.0
2010-12-02,1.0,0.0,0.0,0.0,0.0,0.0,0.0
2010-12-03,1.0,0.0,0.0,0.0,0.0,0.0,0.0
2010-12-06,1.0,0.0,0.0,0.0,0.0,0.0,0.0
2010-12-07,1.0,0.0,0.0,0.0,0.0,0.0,0.0
2010-12-08,1.0,0.0,0.0,0.0,0.0,0.0,0.0
2010-12-09,0.4952949732621585,0.5047050267378416,0.0,0.0,0.0,0.0,0.0
2010-12-10,0.4952949732621585,0.5047050267378416,0.0,0.0,0.0,0.0,0.0
2010-12-13,0.4952949732621585,0.5047050267378416,0.0,0.0,0.0,0.0,0.0
2010-12-14,0.4952949732621585,0.5047050267378416,0.0,0.0,0.0,0.0,0.0
2010-12-15,0.4952949732621585,0.5047050267378416,0.0,0.0,0.0,0.0,0.0
2010-12-16,0.4952949732621585,0.5047050267378416,0.0,0.0,0.0,0.0,0.0
2010-12-17,0.4952949732621585,0.5047050267378416,0.0,0.0,0.0,0.0,0.0
2010-12-20,0.4952949732621585,0.5047050267378416,0.0,0.0,0.0,0.0,0.0
2010-12-21,0.4952949732621585,0.5047050267378416,0.0,0.0,0.0,0.0,0.0
2010-12-22,0.4952949732621585,0.5047050267378416,0.0,0.0,0.0,0.0,0.0
2010-12-23,0.4952949732621585,0.5047050267378416,0.0,0.0,0.0,0.0,0.0
2010-12-27,0.4952949732621585,0.5047050267378416,0.0,0.0,0.0,0.0,0.0
2010-12-28,0.4952949732621585,0.5047050267378416,0.0,0.0,0.0,0.0,0.0
2010-12-29,0.4952949732621585,0.5047050267378416,0.0,0.0,0.0,0.0,0.0
2010-12-30,0.4952949732621585,0.5047050267378416,0.0,0.0,0.0,0.0,0.0
2010-12-31,0.4952949732621585,0.5047050267378416,0.0,0.0,0.0,0.0,0.0
2011-01-03,0.5472165076119969,0.45278349238800314,0.0,0.0,0.0,0.0,0.0
2011-01-04,0.5472165076119969,0.45278349238800314,0.0,0.0,0.0,0.0,0.0
2011-01-05,0.5472165076119969,0.45278349238800314,0.0,0.0,0.0,0.0,0.0
2011-01-06,0.5472165076119969,0.45278349238800314,0.0,0.0,0.0,0.0,0.0
2011-01-07,0.5472165076119969,0.45278349238800314,0.0,0.0,0.0,0.0,0.0
2011-01-10,0.5472165076119969,0.45278349238800314,0.0,0.0,0.0,0.0,0.0
2011-01-11,0.5472165076119969,0.45278349238800314,0.0,0.0,0.0,0.0,0.0
2011-01-12,0.5472165076119969,0.45278349238800314,0.0,0.0,0.0,0.0,0.0
2011-01-13,0.5472165076119969,0.45278349238800314,0.0,0.0,0.0,0.0,0.0
2011-01-14,0.5472165076119969,0.45278349238800314,0.0,0.0,0.0,0.0,0.0
2011-01-18,0.5472165076119969,0.45278349238800314,0.0,0.0,0.0,0.0,0.0
2011-01-19,0.5472165076119969,0.45278349238800314,0.0,0.0,0.0,0.0,0.0
2011-01-20,0.5472165076119969,0.45278349238800314,0.0,0.0,0.0,0.0,0.0
2011-01-21,0.5472165076119969,0.45278349238800314,0.0,0.0,0.0,0.0,0.0
2011-01-24,0.5472165076119969,0.45278349238800314,0.0,0.0,0.0,0.0,0.0
2011-01-25,0.5472165076119969,0.45278349238800314,0.0,0.0,0.0,0.0,0.0
2011-01-26,0.5472165076119969,0.45278349238800314,0.0,0.0,0.0,0.0,0.0
2011-01-27,0.5472165076119969,0.45278349238800314,0.0,0.0,0.0,0.0,0.0
2011-01-28,0.5472165076119969,0.45278349238800314,0.0,0.0,0.0,0.0,0.0
2011-01-31,0.5472165076119969,0.45278349238800314,0.0,0.0,0.0,0.0,0.0
2011-02-01,0.597309626171411,0.4026903738285889,0.0,0.0,0.0,0.0,0.0
2011-02-02,0.597309626171411,0.4026903738285889,0.0,0.0,0.0,0.0,0.0
2011-02-03,0.597309626171411,0.4026903738285889,0.0,0.0,0.0,0.0,0.0
2011-02-04,0.597309626171411,0.4026903738285889,0.0,0.0,0.0,0.0,0.0
2011-02-07,0.597309626171411,0.4026903738285889,0.0,0.0,0.0,0.0,0.0
2011-02-08,0.597309626171411,0.4026903738285889,0.0,0.0,0.0,0.0,0.0
2011-02-09,0.597309626171411,0.4026903738285889,0.0,0.0,0.0,0.0,0.0
2011-02-10,0.597309626171411,0.4026903738285889,0.0,0.0,0.0,0.0,0.0
2011-02-11,0.597309626171411,0.4026903738285889,0.0,0.0,0.0,0.0,0.0
2011-02-14,0.597309626171411,0.4026903738285889,0.0,0.0,0.0,0.0,0.0
2011-02-15,0.597309626171411,0.4026903738285889,0.0,0.0,0.0,0.0,0.0
2011-02-16,0.597309626171411,0.4026903738285889,0.0,0.0,0.0,0.0,0.0
2011-02-17,0.597309626171411,0.4026903738285889,0.0,0.0,0.0,0.0,0.0
2011-02-18,0.597309626171411,0.4026903738285889,0.0,0.0,0.0,0.0,0.0
2011-02-22,0.597309626171411,0.4026903738285889,0.0,0.0,0.0,0.0,0.0
2011-02-23,0.597309626171411,0.4026903738285889,0.0,0.0,0.0,0.0,0.0
2011-02-24,0.597309626171411,0.4026903738285889,0.0,0.0,0.0,0.0,0.0
2011-02-25,0.597309626171411,0.4026903738285889,0.0,0.0,0.0,0.0,0.0
2011-02-28,0.597309626171411,0.4026903738285889,0.0,0.0,0.0,0.0,0.0
2011-03-01,0.5860092460662505,0.41399075393374957,0.0,0.0,0.0,0.0,0.0
2011-03-02,0.5860092460662505,0.41399075393374957,0.0,0.0,0.0,0.0,0.0
2011-03-03,0.5860092460662505,0.41399075393374957,0.0,0.0,0.0,0.0,0.0
2011-03-04,0.5860092460662505,0.41399075393374957,0.0,0.0,0.0,0.0,0.0
2011-03-07,0.5860092460662505,0.41399075393374957,0.0,0.0,0.0,0.0,0.0
2011-03-08,0.5860092460662505,0.41399075393374957,0.0,0.0,0.0,0.0,0.0
2011-03-09,0.5860092460662505,0.41399075393374957,0.0,0.0,0.0,0.0,0.0
2011-03-10,0.5860092460662505,0.41399075393374957,0.0,0.0,0.0,0.0,0.0
2011-03-11,0.5860092460662505,0.41399075393374957,0.0,0.0,0.0,0.0,0.0
2011-03-14,0.5860092460662505,0.41399075393374957,0.0,0.0,0.0,0.0,0.0
2011-03-15,0.5860092460662505,0.41399075393374957,0.0,0.0,0.0,0.0,0.0
2011-03-16,0.5860092460662505,0.41399075393374957,0.0,0.0,0.0,0.0,0.0
2011-03-17,0.5860092460662505,0.41399075393374957,0.0,0.0,0.0,0.0,0.0
2011-03-18,0.5860092460662505,0.41399075393374957,0.0,0.0,0.0,0.0,0.0
2011-03-21,0.5860092460662505,0.41399075393374957,0.0,0.0,0.0,0.0,0.0
2011-03-22,0.5860092460662505,0.41399075393374957,0.0,0.0,0.0,0.0,0.0
2011-03-23,0.5860092460662505,0.41399075393374957,0.0,0.0,0.0,0.0,0.0
2011-03-24,0.5860092460662505,0.41399075393374957,0.0,0.0,0.0,0.0,0.0
2011-03-25,0.5860092460662505,0.41399075393374957,0.0,0.0,0.0,0.0,0.0
2011-03-28,0.5860092460662505,0.41399075393374957,0.0,0.0,0.0,0.0,0.0
2011-03-29,0.5860092460662505,0.41399075393374957,0.0,0.0,0.0,0.0,0.0
2011-03-30,0.5860092460662505,0.41399075393374957,0.0,0.0,0.0,0.0,0.0
2011-03-31,0.5860092460662505,0.41399075393374957,0.0,0.0,0.0,0.0,0.0
2011-04-01,0.5253704623327209,0.47462953766727917,0.0,0.0,0.0,0.0,0.0
2011-04-04,0.5253704623327209,0.47462953766727917,0.0,0.0,0.0,0.0,0.0
2011-04-05,0.5253704623327209,0.47462953766727917,0.0,0.0,0.0,0.0,0.0
2011-04-06,0.5253704623327209,0.47462953766727917,0.0,0.0,0.0,0.0,0.0
2011-04-07,0.5253704623327209,0.47462953766727917,0.0,0.0,0.0,0.0,0.0
2011-04-08,0.5253704623327209,0.47462953766727917,0.0,0.0,0.0,0.0,0.0
2011-04-11,0.5253704623327209,0.47462953766727917,0.0,0.0,0.0,0.0,0.0
2011-04-12,0.5253704623327209,0.47462953766727917,0.0,0.0,0.0,0.0,0.0
2011-04-13,0.5253704623327209,0.47462953766727917,0.0,0.0,0.0,0.0,0.0
2011-04-14,0.5253704623327209,0.47462953766727917,0.0,0.0,0.0,0.0,0.0
2011-04-15,0.5253704623327209,0.47462953766727917,0.0,0.0,0.0,0.0,0.0
2011-04-18,0.5253704623327209,0.47462953766727917,0.0,0.0,0.0,0.0,0.0
2011-04-19,0.5253704623327209,0.47462953766727917,0.0,0.0,0.0,0.0,0.0
2011-04-20,0.5253704623327209,0.47462953766727917,0.0,0.0,0.0,0.0,0.0
2011-04-21,0.5253704623327209,0.47462953766727917,0.0,0.0,0.0,0.0,0.0
2011-04-25,0.5253704623327209,0.47462953766727917,0.0,0.0,0.0,0.0,0.0
2011-04-26,0.5253704623327209,0.47462953766727917,0.0,0.0,0.0,0.0,0.0
2011-04-27,0.5253704623327209,0.47462953766727917,0.0,0.0,0.0,0.0,0.0
2011-04-28,0.5253704623327209,0.47462953766727917,0.0,0.0,0.0,0.0,0.0
2011-04-29,0.5253704623327209,0.47462953766727917,0.0,0.0,0.0,0.0,0.0
2011-05-02,0.5411316298348903,0.45886837016510973,0.0,0.0,0.0,0.0,0.0
2011-05-03,0.5411316298348903,0.45886837016510973,0.0,0.0,0.0,0.0,0.0
2011-05-04,0.5411316298348903,0.45886837016510973,0.0,0.0,0.0,0.0,0.0
2011-05-05,0.5411316298348903,0.45886837016510973,0.0,0.0,0.0,0.0,0.0
2011-05-06,0.5411316298348903,0.45886837016510973,0.0,0.0,0.0,0.0,0.0
2011-05-09,0.5411316298348903,0.45886837016510973,0.0,0.0,0.0,0.0,0.0
2011-05-10,0.5411316298348903,0.45886837016510973,0.0,0.0,0.0,0.0,0.0
2011-05-11,0.5411316298348903,0.45886837016510973,0.0,0.0,0.0,0.0,0.0
2011-05-12,0.5411316298348903,0.45886837016510973,0.0,0.0,0.0,0.0,0.0
2011-05-13,0.5411316298348903,0.45886837016510973,0.0,0.0,0.0,0.0,0.0
2011-05-16,0.5411316298348903,0.45886837016510973,0.0,0.0,0.0,0.0,0.0
2011-05-17,0.5411316298348903,0.45886837016510973,0.0,0.0,0.0,0.0,0.0
2011-05-18,0.5411316298348903,0.45886837016510973,0.0,0.0,0.0,0.0,0.0
2011-05-19,0.5411316298348903,0.45886837016510973,0.0,0.0,0.0,0.0,0.0
2011-05-20,0.5411316298348903,0.45886837016510973,0.0,0.0,0.0,0.0,0.0
2011-05-23,0.5411316298348903,0.45886837016510973,0.0,0.0,0.0,0.0,0.0
2011-05-24,0.5411316298348903,0.45886837016510973,0.0,0.0,0.0,0.0,0.0
2011-05-25,0.5411316298348903,0.45886837016510973,0.0,0.0,0.0,0.0,0.0
2011-05-26,0.5411316298348903,0.45886837016510973,0.0,0.0,0.0,0.0,0.0
2011-05-27,0.5411316298348903,0.45886837016510973,0.0,0.0,0.0,0.0,0.0
2011-05-31,0.5411316298348903,0.45886837016510973,0.0,0.0,0.0,0.0,0.0
2011-06-01,0.516986653652124,0.4830133463478759,0.0,0.0,0.0,0.0,0.0
2011-06-02,1.0,0.0,0.0,0.0,0.0,0.0,0.0
2011-06-03,1.0,0.0,0.0,0.0,0.0,0.0,0.0
2011-06-06,1.0,0.0,0.0,0.0,0.0,0.0,0.0
2011-06-07,1.0,0.0,0.0,0.0,0.0,0.0,0.0
2011-06-08,1.0,0.0,0.0,0.0,0.0,0.0,0.0
2011-06-09,1.0,0.0,0.0,0.0,0.0,0.0,0.0
2011-06-10,1.0,0.0,0.0,0.0,0.0,0.0,0.0
2011-06-13,1.0,0.0,0.0,0.0,0.0,0.0,0.0
2011-06-14,1.0,0.0,0.0,0.0,0.0,0.0,0.0
2011-06-15,1.0,0.0,0.0,0.0,0.0,0.0,0.0
2011-06-16,1.0,0.0,0.0,0.0,0.0,0.0,0.0
2011-06-17,1.0,0.0,0.0,0.0,0.0,0.0,0.0
2011-06-20,1.0,0.0,0.0,0.0,0.0,0.0,0.0
2011-06-21,1.0,0.0,0.0,0.0,0.0,0.0,0.0
2011-06-22,1.0,0.0,0.0,0.0,0.0,0.0,0.0
2011-06-23,1.0,0.0,0.0,0.0,0.0,0.0,0.0
2011-06-24,1.0,0.0,0.0,0.0,0.0,0.0,0.0
2011-06-27,1.0,0.0,0.0,0.0,0.0,0.0,0.0
2011-06-28,1.0,0.0,0.0,0.0,0.0,0.0,0.0
2011-06-29,1.0,0.0,0.0,0.0,0.0,0.0,0.0
2011-06-30,1.0,0.0,0.0,0.0,0.0,0.0,0.0
2011-07-01,1.0,0.0,0.0,0.0,0.0,0.0,0.0
2011-07-05,0.4934983773887849,0.5065016226112151,0.0,0.0,0.0,0.0,0.0
2011-07-06,0.4934983773887849,0.5065016226112151,0.0,0.0,0.0,0.0,0.0
2011-07-07,0.4934983773887849,0.5065016226112151,0.0,0.0,0.0,0.0,0.0
2011-07-08,0.4934983773887849,0.5065016226112151,0.0,0.0,0.0,0.0,0.0
2011-07-11,0.4934983773887849,0.5065016226112151,0.0,0.0,0.0,0.0,0.0
2011-07-12,1.0,0.0,0.0,0.0,0.0,0.0,0.0
2011-07-13,1.0,0.0,0.0,0.0,0.0,0.0,0.0
2011-07-14,1.0,0.0,0.0,0.0,0.0,0.0,0.0
2011-07-15,1.0,0.0,0.0,0.0,0.0,0.0,0.0
2011-07-18,1.0,0.0,0.0,0.0,0.0,0.0,0.0
2011-07-19,1.0,0.0,0.0,0.0,0.0,0.0,0.0
2011-07-20,1.0,0.0,0.0,0.0,0.0,0.0,0.0
2011-07-21,1.0,0.0,0.0,0.0,0.0,0.0,0.0
2011-07-22,1.0,0.0,0.0,0.0,0.0,0.0,0.0
2011-07-25,1.0,0.0,0.0,0.0,0.0,0.0,0.0
2011-07-26,1.0,0.0,0.0,0.0,0.0,0.0,0.0
2011-07-27,1.0,0.0,0.0,0.0,0.0,0.0,0.0
2011-07-28,1.0,0.0,0.0,0.0,0.0,0.0,0.0
2011-07-29,1.0,0.0,0.0,0.0,0.0,0.0,0.0
2011-08-01,0.0,0.0,1.0,0.0,0.0,0.0,0.0
2011-08-02,0.0,0.0,1.0,0.0,0.0,0.0,0.0
2011-08-03,0.0,0.0,1.0,0.0,0.0,0.0,0.0
2011-08-04,0.0,0.0,1.0,0.0,0.0,0.0,0.0
2011-08-05,0.0,0.0,1.0,0.0,0.0,0.0,0.0
2011-08-08,0.0,0.0,1.0,0.0,0.0,0.0,0.0
2011-08-09,0.0,0.0,1.0,0.0,0.0,0.0,0.0
2011-08-10,0.0,0.0,1.0,0.0,0.0,0.0,0.0
2011-08-11,0.0,0.0,1.0,0.0,0.0,0.0,0.0
2011-08-12,0.0,0.0,1.0,0.0,0.0,0.0,0.0
2011-08-15,0.0,0.0,1.0,0.0,0.0,0.0,0.0
2011-08-16,0.0,0.0,1.0,0.0,0.0,0.0,0.0
2011-08-17,0.0,0.0,1.0,0.0,0.0,0.0,0.0
2011-08-18,0.0,0.0,1.0,0.0,0.0,0.0,0.0
2011-08-19,0.0,0.0,1.0,0.0,0.0,0.0,0.0
2011-08-22,0.0,0.0,1.0,0.0,0.0,0.0,0.0
2011-08-23,0.0,0.0,1.0,0.0,0.0,0.0,0.0
2011-08-24,0.0,0.0,1.0,0.0,0.0,0.0,0.0
2011-08-25,0.0,0.0,1.0,0.0,0.0,0.0,0.0
2011-08-26,0.0,0.0,1.0,0.0,0.0,0.0,0.0
2011-08-29,0.0,0.0,1.0,0.0,0.0,0.0,0.0
2011-08-30,0.0,0.0,1.0,0.0,0.0,0.0,0.0
2011-08-31,0.0,0.0,1.0,0.0,0.0,0.0,0.0
2011-09-01,0.0,0.0,1.0,0.0,0.0,0.0,0.0
2011-09-02,0.0,0.0,1.0,0.0,0.0,0.0,0.0
2011-09-06,0.0,0.0,1.0,0.0,0.0,0.0,0.0
2011-09-07,1.0,0.0,0.0,0.0,0.0,0.0,0.0
2011-09-08,1.0,0.0,0.0,0.0,0.0,0.0,0.0
2011-09-09,1.0,0.0,0.0,0.0,0.0,0.0,0.0
2011-09-12,1.0,0.0,0.0,0.0,0.0,0.0,0.0
2011-09-13,1.0,0.0,0.0,0.0,0.0,0.0,0.0
2011-09-14,1.0,0.0,0.0,0.0,0.0,0.0,0.0
2011-09-15,1.0,0.0,0.0,0.0,0.0,0.0,0.0
2011-09-16,1.0,0.0,0.0,0.0,0.0,0.0,0.0
2011-09-19,1.0,0.0,0.0,0.0,0.0,0.0,0.0
2011-09-20,1.0,0.0,0.0,0.0,0.0,0.0,0.0
2011-09-21,1.0,0.0,0.0,0.0,0.0,0.0,0.0
2011-09-22,1.0,0.0,0.0,0.0,0.0,0.0,0.0
2011-09-23,1.0,0.0,0.0,0.0,0.0,0.0,0.0
2011-09-26,1.0,0.0,0.0,0.0,0.0,0.0,0.0
2011-09-27,1.0,0.0,0.0,0.0,0.0,0.0,0.0
2011-09-28,1.0,0.0,0.0,0.0,0.0,0.0,0.0
2011-09-29,1.0,0.0,0.0,0.0,0.0,0.0,0.0
2011-09-30,1.0,0.0,0.0,0.0,0.0,0.0,0.0
2011-10-03,1.0,0.0,0.0,0.0,0.0,0.0,0.0
2011-10-04,1.0,0.0,0.0,0.0,0.0,0.0,0.0
2011-10-05,1.0,0.0,0.0,0.0,0.0,0.0,0.0
2011-10-06,1.0,0.0,0.0,0.0,0.0,0.0,0.0
2011-10-07,1.0,0.0,0.0,0.0,0.0,0.0,0.0
2011-10-10,1.0,0.0,0.0,0.0,0.0,0.0,0.0
2011-10-11,1.0,0.0,0.0,0.0,0.0,0.0,0.0
2011-10-12,1.0,0.0,0.0,0.0,0.0,0.0,0.0
2011-10-13,1.0,0.0,0.0,0.0,0.0,0.0,0.0
2011-10-14,1.0,0.0,0.0,0.0,0.0,0.0,0.0
2011-10-17,1.0,0.0,0.0,0.0,0.0,0.0,0.0
2011-10-18,1.0,0.0,0.0,0.0,0.0,0.0,0.0
2011-10-19,1.0,0.0,0.0,0.0,0.0,0.0,0.0
2011-10-20,1.0,0.0,0.0,0.0,0.0,0.0,0.0
2011-10-21,1.0,0.0,0.0,0.0,0.0,0.0,0.0
2011-10-24,1.0,0.0,0.0,0.0,0.0,0.0,0.0
2011-10-25,1.0,0.0,0.0,0.0,0.0,0.0,0.0
2011-10-26,1.0,0.0,0.0,0.0,0.0,0.0,0.0
2011-10-27,1.0,0.0,0.0,0.0,0.0,0.0,0.0
2011-10-28,0.0,0.0,1.0,0.0,0.0,0.0,0.0
2011-10-31,0.0,0.0,1.0,0.0,0.0,0.0,0.0
2011-11-01,0.0,0.0,1.0,0.0,0.0,0.0,0.0
2011-11-02,0.0,0.0,1.0,0.0,0.0,0.0,0.0
2011-11-03,0.0,0.0,1.0,0.0,0.0,0.0,0.0
2011-11-04,0.0,0.0,1.0,0.0,0.0,0.0,0.0
2011-11-07,0.0,0.0,1.0,0.0,0.0,0.0,0.0
2011-11-08,0.0,0.0,1.0,0.0,0.0,0.0,0.0
2011-11-09,0.0,0.0,1.0,0.0,0.0,0.0,0.0
2011-11-10,1.0,0.0,0.0,0.0,0.0,0.0,0.0
2011-11-11,1.0,0.0,0.0,0.0,0.0,0.0,0.0
2011-11-14,1.0,0.0,0.0,0.0,0.0,0.0,0.0
2011-11-15,1.0,0.0,0.0,0.0,0.0,0.0,0.0
2011-11-16,1.0,0.0,0.0,0.0,0.0,0.0,0.0
2011-11-17,1.0,0.0,0.0,0.0,0.0,0.0,0.0
2011-11-18,1.0,0.0,0.0,0.0,0.0,0.0,0.0
2011-11-21,1.0,0.0,0.0,0.0,0.0,0.0,0.0
2011-11-22,1.0,0.0,0.0,0.0,0.0,0.0,0.0
2011-11-23,1.0,0.0,0.0,0.0,0.0,0.0,0.0
2011-11-25,1.0,0.0,0.0,0.0,0.0,0.0,0.0
2011-11-28,1.0,0.0,0.0,0.0,0.0,0.0,0.0
2011-11-29,1.0,0.0,0.0,0.0,0.0,0.0,0.0
2011-11-30,1.0,0.0,0.0,0.0,0.0,0.0,0.0
2011-12-01,1.0,0.0,0.0,0.0,0.0,0.0,0.0
2011-12-02,1.0,0.0,0.0,0.0,0.0,0.0,0.0
2011-12-05,1.0,0.0,0.0,0.0,0.0,0.0,0.0
2011-12-06,1.0,0.0,0.0,0.0,0.0,0.0,0.0
2011-12-07,1.0,0.0,0.0,0.0,0.0,0.0,0.0
2011-12-08,1.0,0.0,0.0,0.0,0.0,0.0,0.0
2011-12-09,1.0,0.0,0.0,0.0,0.0,0.0,0.0
2011-12-12,1.0,0.0,0.0,0.0,0.0,0.0,0.0
2011-12-13,1.0,0.0,0.0,0.0,0.0,0.0,0.0
2011-12-14,1.0,0.0,0.0,0.0,0.0,0.0,0.0
2011-12-15,1.0,0.0,0.0,0.0,0.0,0.0,0.0
2011-12-16,1.0,0.0,0.0,0.0,0.0,0.0,0.0
2011-12-19,1.0,0.0,0.0,0.0,0.0,0.0,0.0
2011-12-20,1.0,0.0,0.0,0.0,0.0,0.0,0.0
2011-12-21,1.0,0.0,0.0,0.0,0.0,0.0,0.0
2011-12-22,1.0,0.0,0.0,0.0,0.0,0.0,0.0
2011-12-23,1.0,0.0,0.0,0.0,0.0,0.0,0.0
2011-12-27,1.0,0.0,0.0,0.0,0.0,0.0,0.0
2011-12-28,1.0,0.0,0.0,0.0,0.0,0.0,0.0
2011-12-29,1.0,0.0,0.0,0.0,0.0,0.0,0.0
2011-12-30,1.0,0.0,0.0,0.0,0.0,0.0,0.0
2012-01-03,1.0,0.0,0.0,0.0,0.0,0.0,0.0
2012-01-04,1.0,0.0,0.0,0.0,0.0,0.0,0.0
2012-01-05,1.0,0.0,0.0,0.0,0.0,0.0,0.0
2012-01-06,1.0,0.0,0.0,0.0,0.0,0.0,0.0
2012-01-09,1.0,0.0,0.0,0.0,0.0,0.0,0.0
2012-01-10,1.0,0.0,0.0,0.0,0.0,0.0,0.0
2012-01-11,1.0,0.0,0.0,0.0,0.0,0.0,0.0
2012-01-12,1.0,0.0,0.0,0.0,0.0,0.0,0.0
2012-01-13,1.0,0.0,0.0,0.0,0.0,0.0,0.0
2012-01-17,1.0,0.0,0.0,0.0,0.0,0.0,0.0
2012-01-18,1.0,0.0,0.0,0.0,0.0,0.0,0.0
2012-01-19,1.0,0.0,0.0,0.0,0.0,0.0,0.0
2012-01-20,1.0,0.0,0.0,0.0,0.0,0.0,0.0
2012-01-23,1.0,0.0,0.0,0.0,0.0,0.0,0.0
2012-01-24,1.0,0.0,0.0,0.0,0.0,0.0,0.0
2012-01-25,1.0,0.0,0.0,0.0,0.0,0.0,0.0
2012-01-26,1.0,0.0,0.0,0.0,0.0,0.0,0.0
2012-01-27,1.0,0.0,0.0,0.0,0.0,0.0,0.0
2012-01-30,1.0,0.0,0.0,0.0,0.0,0.0,0.0
2012-01-31,1.0,0.0,0.0,0.0,0.0,0.0,0.0
2012-02-01,1.0,0.0,0.0,0.0,0.0,0.0,0.0
2012-02-02,1.0,0.0,0.0,0.0,0.0,0.0,0.0
2012-02-03,1.0,0.0,0.0,0.0,0.0,0.0,0.0
2012-02-06,1.0,0.0,0.0,0.0,0.0,0.0,0.0
2012-02-07,1.0,0.0,0.0,0.0,0.0,0.0,0.0
2012-02-08,1.0,0.0,0.0,0.0,0.0,0.0,0.0
2012-02-09,1.0,0.0,0.0,0.0,0.0,0.0,0.0
2012-02-10,1.0,0.0,0.0,0.0,0.0,0.0,0.0
2012-02-13,1.0,0.0,0.0,0.0,0.0,0.0,0.0
2012-02-14,1.0,0.0,0.0,0.0,0.0,0.0,0.0
2012-02-15,1.0,0.0,0.0,0.0,0.0,0.0,0.0
2012-02-16,1.0,0.0,0.0,0.0,0.0,0.0,0.0
2012-02-17,1.0,0.0,0.0,0.0,0.0,0.0,0.0
2012-02-21,1.0,0.0,0.0,0.0,0.0,0.0,0.0
2012-02-22,1.0,0.0,0.0,0.0,0.0,0.0,0.0
2012-02-23,1.0,0.0,0.0,0.0,0.0,0.0,0.0
2012-02-24,1.0,0.0,0.0,0.0,0.0,0.0,0.0
2012-02-27,1.0,0.0,0.0,0.0,0.0,0.0,0.0
2012-02-28,1.0,0.0,0.0,0.0,0.0,0.0,0.0
2012-02-29,1.0,0.0,0.0,0.0,0.0,0.0,0.0
2012-03-01,1.0,0.0,0.0,0.0,0.0,0.0,0.0
2012-03-02,1.0,0.0,0.0,0.0,0.0,0.0,0.0
2012-03-05,1.0,0.0,0.0,0.0,0.0,0.0,0.0
2012-03-06,1.0,0.0,0.0,0.0,0.0,0.0,0.0
2012-03-07,1.0,0.0,0.0,0.0,0.0,0.0,0.0
2012-03-08,1.0,0.0,0.0,0.0,0.0,0.0,0.0
2012-03-09,1.0,0.0,0.0,0.0,0.0,0.0,0.0
2012-03-12,1.0,0.0,0.0,0.0,0.0,0.0,0.0
2012-03-13,1.0,0.0,0.0,0.0,0.0,0.0,0.0
2012-03-14,1.0,0.0,0.0,0.0,0.0,0.0,0.0
2012-03-15,1.0,0.0,0.0,0.0,0.0,0.0,0.0
2012-03-16,1.0,0.0,0.0,0.0,0.0,0.0,0.0
2012-03-19,1.0,0.0,0.0,0.0,0.0,0.0,0.0
2012-03-20,1.0,0.0,0.0,0.0,0.0,0.0,0.0
2012-03-21,1.0,0.0,0.0,0.0,0.0,0.0,0.0
2012-03-22,1.0,0.0,0.0,0.0,0.0,0.0,0.0
2012-03-23,1.0,0.0,0.0,0.0,0.0,0.0,0.0
2012-03-26,1.0,0.0,0.0,0.0,0.0,0.0,0.0
2012-03-27,1.0,0.0,0.0,0.0,0.0,0.0,0.0
2012-03-28,1.0,0.0,0.0,0.0,0.0,0.0,0.0
2012-03-29,1.0,0.0,0.0,0.0,0.0,0.0,0.0
2012-03-30,1.0,0.0,0.0,0.0,0.0,0.0,0.0
2012-04-02,1.0,0.0,0.0,0.0,0.0,0.0,0.0
2012-04-03,1.0,0.0,0.0,0.0,0.0,0.0,0.0
2012-04-04,1.0,0.0,0.0,0.0,0.0,0.0,0.0
2012-04-05,1.0,0.0,0.0,0.0,0.0,0.0,0.0
2012-04-09,1.0,0.0,0.0,0.0,0.0,0.0,0.0
2012-04-10,1.0,0.0,0.0,0.0,0.0,0.0,0.0
2012-04-11,1.0,0.0,0.0,0.0,0.0,0.0,0.0
2012-04-12,1.0,0.0,0.0,0.0,0.0,0.0,0.0
2012-04-13,1.0,0.0,0.0,0.0,0.0,0.0,0.0
2012-04-16,1.0,0.0,0.0,0.0,0.0,0.0,0.0
2012-04-17,1.0,0.0,0.0,0.0,0.0,0.0,0.0
2012-04-18,1.0,0.0,0.0,0.0,0.0,0.0,0.0
2012-04-19,1.0,0.0,0.0,0.0,0.0,0.0,0.0
2012-04-20,1.0,0.0,0.0,0.0,0.0,0.0,0.0
2012-04-23,1.0,0.0,0.0,0.0,0.0,0.0,0.0
2012-04-24,1.0,0.0,0.0,0.0,0.0,0.0,0.0
2012-04-25,1.0,0.0,0.0,0.0,0.0,0.0,0.0
2012-04-26,1.0,0.0,0.0,0.0,0.0,0.0,0.0
2012-04-27,1.0,0.0,0.0,0.0,0.0,0.0,0.0
2012-04-30,1.0,0.0,0.0,0.0,0.0,0.0,0.0
2012-05-01,1.0,0.0,0.0,0.0,0.0,0.0,0.0
2012-05-02,1.0,0.0,0.0,0.0,0.0,0.0,0.0
2012-05-03,1.0,0.0,0.0,0.0,0.0,0.0,0.0
2012-05-04,1.0,0.0,0.0,0.0,0.0,0.0,0.0
2012-05-07,1.0,0.0,0.0,0.0,0.0,0.0,0.0
2012-05-08,1.0,0.0,0.0,0.0,0.0,0.0,0.0
2012-05-09,1.0,0.0,0.0,0.0,0.0,0.0,0.0
2012-05-10,1.0,0.0,0.0,0.0,0.0,0.0,0.0
2012-05-11,1.0,0.0,0.0,0.0,0.0,0.0,0.0
2012-05-14,1.0,0.0,0.0,0.0,0.0,0.0,0.0
2012-05-15,1.0,0.0,0.0,0.0,0.0,0.0,0.0
2012-05-16,1.0,0.0,0.0,0.0,0.0,0.0,0.0
2012-05-17,1.0,0.0,0.0,0.0,0.0,0.0,0.0
2012-05-18,1.0,0.0,0.0,0.0,0.0,0.0,0.0
2012-05-21,1.0,0.0,0.0,0.0,0.0,0.0,0.0
2012-05-22,1.0,0.0,0.0,0.0,0.0,0.0,0.0
2012-05-23,1.0,0.0,0.0,0.0,0.0,0.0,0.0
2012-05-24,1.0,0.0,0.0,0.0,0.0,0.0,0.0
2012-05-25,1.0,0.0,0.0,0.0,0.0,0.0,0.0
2012-05-29,1.0,0.0,0.0,0.0,0.0,0.0,0.0
2012-05-30,1.0,0.0,0.0,0.0,0.0,0.0,0.0
2012-05-31,1.0,0.0,0.0,0.0,0.0,0.0,0.0
2012-06-01,1.0,0.0,0.0,0.0,0.0,0.0,0.0
2012-06-04,1.0,0.0,0.0,0.0,0.0,0.0,0.0
2012-06-05,1.0,0.0,0.0,0.0,0.0,0.0,0.0
2012-06-06,1.0,0.0,0.0,0.0,0.0,0.0,0.0
2012-06-07,1.0,0.0,0.0,0.0,0.0,0.0,0.0
2012-06-08,1.0,0.0,0.0,0.0,0.0,0.0,0.0
2012-06-11,1.0,0.0,0.0,0.0,0.0,0.0,0.0
2012-06-12,1.0,0.0,0.0,0.0,0.0,0.0,0.0
2012-06-13,1.0,0.0,0.0,0.0,0.0,0.0,0.0
2012-06-14,1.0,0.0,0.0,0.0,0.0,0.0,0.0
2012-06-15,1.0,0.0,0.0,0.0,0.0,0.0,0.0
2012-06-18,1.0,0.0,0.0,0.0,0.0,0.0,0.0
2012-06-19,1.0,0.0,0.0,0.0,0.0,0.0,0.0
2012-06-20,1.0,0.0,0.0,0.0,0.0,0.0,0.0
2012-06-21,1.0,0.0,0.0,0.0,0.0,0.0,0.0
2012-06-22,1.0,0.0,0.0,0.0,0.0,0.0,0.0
2012-06-25,1.0,0.0,0.0,0.0,0.0,0.0,0.0
2012-06-26,1.0,0.0,0.0,0.0,0.0,0.0,0.0
2012-06-27,1.0,0.0,0.0,0.0,0.0,0.0,0.0
2012-06-28,1.0,0.0,0.0,0.0,0.0,0.0,0.0
2012-06-29,1.0,0.0,0.0,0.0,0.0,0.0,0.0
2012-07-02,1.0,0.0,0.0,0.0,0.0,0.0,0.0
2012-07-03,1.0,0.0,0.0,0.0,0.0,0.0,0.0
2012-07-05,1.0,0.0,0.0,0.0,0.0,0.0,0.0
2012-07-06,1.0,0.0,0.0,0.0,0.0,0.0,0.0
2012-07-09,1.0,0.0,0.0,0.0,0.0,0.0,0.0
2012-07-10,1.0,0.0,0.0,0.0,0.0,0.0,0.0
2012-07-11,1.0,0.0,0.0,0.0,0.0,0.0,0.0
2012-07-12,1.0,0.0,0.0,0.0,0.0,0.0,0.0
2012-07-13,1.0,0.0,0.0,0.0,0.0,0.0,0.0
2012-07-16,1.0,0.0,0.0,0.0,0.0,0.0,0.0
2012-07-17,1.0,0.0,0.0,0.0,0.0,0.0,0.0
2012-07-18,1.0,0.0,0.0,0.0,0.0,0.0,0.0
2012-07-19,1.0,0.0,0.0,0.0,0.0,0.0,0.0
2012-07-20,1.0,0.0,0.0,0.0,0.0,0.0,0.0
2012-07-23,1.0,0.0,0.0,0.0,0.0,0.0,0.0
2012-07-24,1.0,0.0,0.0,0.0,0.0,0.0,0.0
2012-07-25,1.0,0.0,0.0,0.0,0.0,0.0,0.0
2012-07-26,1.0,0.0,0.0,0.0,0.0,0.0,0.0
2012-07-27,1.0,0.0,0.0,0.0,0.0,0.0,0.0
2012-07-30,1.0,0.0,0.0,0.0,0.0,0.0,0.0
2012-07-31,1.0,0.0,0.0,0.0,0.0,0.0,0.0
2012-08-01,1.0,0.0,0.0,0.0,0.0,0.0,0.0
2012-08-02,1.0,0.0,0.0,0.0,0.0,0.0,0.0
2012-08-03,1.0,0.0,0.0,0.0,0.0,0.0,0.0
2012-08-06,1.0,0.0,0.0,0.0,0.0,0.0,0.0
2012-08-07,1.0,0.0,0.0,0.0,0.0,0.0,0.0
2012-08-08,1.0,0.0,0.0,0.0,0.0,0.0,0.0
2012-08-09,1.0,0.0,0.0,0.0,0.0,0.0,0.0
2012-08-10,1.0,0.0,0.0,0.0,0.0,0.0,0.0
2012-08-13,1.0,0.0,0.0,0.0,0.0,0.0,0.0
2012-08-14,1.0,0.0,0.0,0.0,0.0,0.0,0.0
2012-08-15,1.0,0.0,0.0,0.0,0.0,0.0,0.0
2012-08-16,1.0,0.0,0.0,0.0,0.0,0.0,0.0
2012-08-17,1.0,0.0,0.0,0.0,0.0,0.0,0.0
2012-08-20,1.0,0.0,0.0,0.0,0.0,0.0,0.0
2012-08-21,1.0,0.0,0.0,0.0,0.0,0.0,0.0
2012-08-22,1.0,0.0,0.0,0.0,0.0,0.0,0.0
2012-08-23,1.0,0.0,0.0,0.0,0.0,0.0,0.0
2012-08-24,1.0,0.0,0.0,0.0,0.0,0.0,0.0
2012-08-27,1.0,0.0,0.0,0.0,0.0,0.0,0.0
2012-08-28,1.0,0.0,0.0,0.0,0.0,0.0,0.0
2012-08-29,1.0,0.0,0.0,0.0,0.0,0.0,0.0
2012-08-30,1.0,0.0,0.0,0.0,0.0,0.0,0.0
2012-08-31,1.0,0.0,0.0,0.0,0.0,0.0,0.0
2012-09-04,1.0,0.0,0.0,0.0,0.0,0.0,0.0
2012-09-05,1.0,0.0,0.0,0.0,0.0,0.0,0.0
2012-09-06,1.0,0.0,0.0,0.0,0.0,0.0,0.0
2012-09-07,1.0,0.0,0.0,0.0,0.0,0.0,0.0
2012-09-10,1.0,0.0,0.0,0.0,0.0,0.0,0.0
2012-09-11,1.0,0.0,0.0,0.0,0.0,0.0,0.0
2012-09-12,1.0,0.0,0.0,0.0,0.0,0.0,0.0
2012-09-13,1.0,0.0,0.0,0.0,0.0,0.0,0.0
2012-09-14,1.0,0.0,0.0,0.0,0.0,0.0,0.0
2012-09-17,1.0,0.0,0.0,0.0,0.0,0.0,0.0
2012-09-18,1.0,0.0,0.0,0.0,0.0,0.0,0.0
2012-09-19,1.0,0.0,0.0,0.0,0.0,0.0,0.0
2012-09-20,1.0,0.0,0.0,0.0,0.0,0.0,0.0
2012-09-21,1.0,0.0,0.0,0.0,0.0,0.0,0.0
2012-09-24,1.0,0.0,0.0,0.0,0.0,0.0,0.0
2012-09-25,1.0,0.0,0.0,0.0,0.0,0.0,0.0
2012-09-26,1.0,0.0,0.0,0.0,0.0,0.0,0.0
2012-09-27,1.0,0.0,0.0,0.0,0.0,0.0,0.0
2012-09-28,1.0,0.0,0.0,0.0,0.0,0.0,0.0
2012-10-01,1.0,0.0,0.0,0.0,0.0,0.0,0.0
2012-10-02,1.0,0.0,0.0,0.0,0.0,0.0,0.0
2012-10-03,1.0,0.0,0.0,0.0,0.0,0.0,0.0
2012-10-04,1.0,0.0,0.0,0.0,0.0,0.0,0.0
2012-10-05,1.0,0.0,0.0,0.0,0.0,0.0,0.0
2012-10-08,1.0,0.0,0.0,0.0,0.0,0.0,0.0
2012-10-09,1.0,0.0,0.0,0.0,0.0,0.0,0.0
2012-10-10,1.0,0.0,0.0,0.0,0.0,0.0,0.0
2012-10-11,1.0,0.0,0.0,0.0,0.0,0.0,0.0
2012-10-12,1.0,0.0,0.0,0.0,0.0,0.0,0.0
2012-10-15,1.0,0.0,0.0,0.0,0.0,0.0,0.0
2012-10-16,1.0,0.0,0.0,0.0,0.0,0.0,0.0
2012-10-17,1.0,0.0,0.0,0.0,0.0,0.0,0.0
2012-10-18,1.0,0.0,0.0,0.0,0.0,0.0,0.0
2012-10-19,1.0,0.0,0.0,0.0,0.0,0.0,0.0
2012-10-22,1.0,0.0,0.0,0.0,0.0,0.0,0.0
2012-10-23,1.0,0.0,0.0,0.0,0.0,0.0,0.0
2012-10-24,1.0,0.0,0.0,0.0,0.0,0.0,0.0
2012-10-25,1.0,0.0,0.0,0.0,0.0,0.0,0.0
2012-10-26,1.0,0.0,0.0,0.0,0.0,0.0,0.0
2012-10-31,1.0,0.0,0.0,0.0,0.0,0.0,0.0
2012-11-01,1.0,0.0,0.0,0.0,0.0,0.0,0.0
2012-11-02,1.0,0.0,0.0,0.0,0.0,0.0,0.0
2012-11-05,1.0,0.0,0.0,0.0,0.0,0.0,0.0
2012-11-06,1.0,0.0,0.0,0.0,0.0,0.0,0.0
2012-11-07,1.0,0.0,0.0,0.0,0.0,0.0,0.0
2012-11-08,1.0,0.0,0.0,0.0,0.0,0.0,0.0
2012-11-09,1.0,0.0,0.0,0.0,0.0,0.0,0.0
2012-11-12,1.0,0.0,0.0,0.0,0.0,0.0,0.0
2012-11-13,1.0,0.0,0.0,0.0,0.0,0.0,0.0
2012-11-14,1.0,0.0,0.0,0.0,0.0,0.0,0.0
2012-11-15,1.0,0.0,0.0,0.0,0.0,0.0,0.0
2012-11-16,1.0,0.0,0.0,0.0,0.0,0.0,0.0
2012-11-19,1.0,0.0,0.0,0.0,0.0,0.0,0.0
2012-11-20,1.0,0.0,0.0,0.0,0.0,0.0,0.0
2012-11-21,1.0,0.0,0.0,0.0,0.0,0.0,0.0
2012-11-23,1.0,0.0,0.0,0.0,0.0,0.0,0.0
2012-11-26,1.0,0.0,0.0,0.0,0.0,0.0,0.0
2012-11-27,1.0,0.0,0.0,0.0,0.0,0.0,0.0
2012-11-28,1.0,0.0,0.0,0.0,0.0,0.0,0.0
2012-11-29,1.0,0.0,0.0,0.0,0.0,0.0,0.0
2012-11-30,1.0,0.0,0.0,0.0,0.0,0.0,0.0
2012-12-03,1.0,0.0,0.0,0.0,0.0,0.0,0.0
2012-12-04,1.0,0.0,0.0,0.0,0.0,0.0,0.0
2012-12-05,1.0,0.0,0.0,0.0,0.0,0.0,0.0
2012-12-06,1.0,0.0,0.0,0.0,0.0,0.0,0.0
2012-12-07,1.0,0.0,0.0,0.0,0.0,0.0,0.0
2012-12-10,1.0,0.0,0.0,0.0,0.0,0.0,0.0
2012-12-11,1.0,0.0,0.0,0.0,0.0,0.0,0.0
2012-12-12,1.0,0.0,0.0,0.0,0.0,0.0,0.0
2012-12-13,1.0,0.0,0.0,0.0,0.0,0.0,0.0
2012-12-14,1.0,0.0,0.0,0.0,0.0,0.0,0.0
2012-12-17,1.0,0.0,0.0,0.0,0.0,0.0,0.0
2012-12-18,1.0,0.0,0.0,0.0,0.0,0.0,0.0
2012-12-19,1.0,0.0,0.0,0.0,0.0,0.0,0.0
2012-12-20,1.0,0.0,0.0,0.0,0.0,0.0,0.0
2012-12-21,1.0,0.0,0.0,0.0,0.0,0.0,0.0
2012-12-24,1.0,0.0,0.0,0.0,0.0,0.0,0.0
2012-12-26,1.0,0.0,0.0,0.0,0.0,0.0,0.0
2012-12-27,1.0,0.0,0.0,0.0,0.0,0.0,0.0
2012-12-28,1.0,0.0,0.0,0.0,0.0,0.0,0.0
2012-12-31,1.0,0.0,0.0,0.0,0.0,0.0,0.0
2013-01-02,1.0,0.0,0.0,0.0,0.0,0.0,0.0
2013-01-03,1.0,0.0,0.0,0.0,0.0,0.0,0.0
2013-01-04,1.0,0.0,0.0,0.0,0.0,0.0,0.0
2013-01-07,1.0,0.0,0.0,0.0,0.0,0.0,0.0
2013-01-08,1.0,0.0,0.0,0.0,0.0,0.0,0.0
2013-01-09,1.0,0.0,0.0,0.0,0.0,0.0,0.0
2013-01-10,1.0,0.0,0.0,0.0,0.0,0.0,0.0
2013-01-11,1.0,0.0,0.0,0.0,0.0,0.0,0.0
2013-01-14,1.0,0.0,0.0,0.0,0.0,0.0,0.0
2013-01-15,1.0,0.0,0.0,0.0,0.0,0.0,0.0
2013-01-16,1.0,0.0,0.0,0.0,0.0,0.0,0.0
2013-01-17,1.0,0.0,0.0,0.0,0.0,0.0,0.0
2013-01-18,1.0,0.0,0.0,0.0,0.0,0.0,0.0
2013-01-22,1.0,0.0,0.0,0.0,0.0,0.0,0.0
2013-01-23,1.0,0.0,0.0,0.0,0.0,0.0,0.0
2013-01-24,1.0,0.0,0.0,0.0,0.0,0.0,0.0
2013-01-25,1.0,0.0,0.0,0.0,0.0,0.0,0.0
2013-01-28,1.0,0.0,0.0,0.0,0.0,0.0,0.0
2013-01-29,1.0,0.0,0.0,0.0,0.0,0.0,0.0
2013-01-30,1.0,0.0,0.0,0.0,0.0,0.0,0.0
2013-01-31,1.0,0.0,0.0,0.0,0.0,0.0,0.0
2013-02-01,1.0,0.0,0.0,0.0,0.0,0.0,0.0
2013-02-04,1.0,0.0,0.0,0.0,0.0,0.0,0.0
2013-02-05,1.0,0.0,0.0,0.0,0.0,0.0,0.0
2013-02-06,1.0,0.0,0.0,0.0,0.0,0.0,0.0
2013-02-07,1.0,0.0,0.0,0.0,0.0,0.0,0.0
2013-02-08,1.0,0.0,0.0,0.0,0.0,0.0,0.0
2013-02-11,1.0,0.0,0.0,0.0,0.0,0.0,0.0
2013-02-12,1.0,0.0,0.0,0.0,0.0,0.0,0.0
2013-02-13,1.0,0.0,0.0,0.0,0.0,0.0,0.0
2013-02-14,1.0,0.0,0.0,0.0,0.0,0.0,0.0
2013-02-15,1.0,0.0,0.0,0.0,0.0,0.0,0.0
2013-02-19,1.0,0.0,0.0,0.0,0.0,0.0,0.0
2013-02-20,1.0,0.0,0.0,0.0,0.0,0.0,0.0
2013-02-21,1.0,0.0,0.0,0.0,0.0,0.0,0.0
2013-02-22,1.0,0.0,0.0,0.0,0.0,0.0,0.0
2013-02-25,1.0,0.0,0.0,0.0,0.0,0.0,0.0
2013-02-26,1.0,0.0,0.0,0.0,0.0,0.0,0.0
2013-02-27,1.0,0.0,0.0,0.0,0.0,0.0,0.0
2013-02-28,1.0,0.0,0.0,0.0,0.0,0.0,0.0
2013-03-01,1.0,0.0,0.0,0.0,0.0,0.0,0.0
2013-03-04,1.0,0.0,0.0,0.0,0.0,0.0,0.0
2013-03-05,1.0,0.0,0.0,0.0,0.0,0.0,0.0
2013-03-06,1.0,0.0,0.0,0.0,0.0,0.0,0.0
2013-03-07,1.0,0.0,0.0,0.0,0.0,0.0,0.0
2013-03-08,1.0,0.0,0.0,0.0,0.0,0.0,0.0
2013-03-11,1.0,0.0,0.0,0.0,0.0,0.0,0.0
2013-03-12,1.0,0.0,0.0,0.0,0.0,0.0,0.0
2013-03-13,1.0,0.0,0.0,0.0,0.0,0.0,0.0
2013-03-14,1.0,0.0,0.0,0.0,0.0,0.0,0.0
2013-03-15,1.0,0.0,0.0,0.0,0.0,0.0,0.0
2013-03-18,1.0,0.0,0.0,0.0,0.0,0.0,0.0
2013-03-19,1.0,0.0,0.0,0.0,0.0,0.0,0.0
2013-03-20,1.0,0.0,0.0,0.0,0.0,0.0,0.0
2013-03-21,1.0,0.0,0.0,0.0,0.0,0.0,0.0
2013-03-22,1.0,0.0,0.0,0.0,0.0,0.0,0.0
2013-03-25,1.0,0.0,0.0,0.0,0.0,0.0,0.0
2013-03-26,1.0,0.0,0.0,0.0,0.0,0.0,0.0
2013-03-27,1.0,0.0,0.0,0.0,0.0,0.0,0.0
2013-03-28,1.0,0.0,0.0,0.0,0.0,0.0,0.0
2013-04-01,1.0,0.0,0.0,0.0,0.0,0.0,0.0
2013-04-02,1.0,0.0,0.0,0.0,0.0,0.0,0.0
2013-04-03,1.0,0.0,0.0,0.0,0.0,0.0,0.0
2013-04-04,1.0,0.0,0.0,0.0,0.0,0.0,0.0
2013-04-05,1.0,0.0,0.0,0.0,0.0,0.0,0.0
2013-04-08,1.0,0.0,0.0,0.0,0.0,0.0,0.0
2013-04-09,1.0,0.0,0.0,0.0,0.0,0.0,0.0
2013-04-10,1.0,0.0,0.0,0.0,0.0,0.0,0.0
2013-04-11,1.0,0.0,0.0,0.0,0.0,0.0,0.0
2013-04-12,1.0,0.0,0.0,0.0,0.0,0.0,0.0
2013-04-15,1.0,0.0,0.0,0.0,0.0,0.0,0.0
2013-04-16,1.0,0.0,0.0,0.0,0.0,0.0,0.0
2013-04-17,1.0,0.0,0.0,0.0,0.0,0.0,0.0
2013-04-18,1.0,0.0,0.0,0.0,0.0,0.0,0.0
2013-04-19,1.0,0.0,0.0,0.0,0.0,0.0,0.0
2013-04-22,1.0,0.0,0.0,0.0,0.0,0.0,0.0
2013-04-23,1.0,0.0,0.0,0.0,0.0,0.0,0.0
2013-04-24,1.0,0.0,0.0,0.0,0.0,0.0,0.0
2013-04-25,1.0,0.0,0.0,0.0,0.0,0.0,0.0
2013-04-26,1.0,0.0,0.0,0.0,0.0,0.0,0.0
2013-04-29,1.0,0.0,0.0,0.0,0.0,0.0,0.0
2013-04-30,1.0,0.0,0.0,0.0,0.0,0.0,0.0
2013-05-01,1.0,0.0,0.0,0.0,0.0,0.0,0.0
2013-05-02,1.0,0.0,0.0,0.0,0.0,0.0,0.0
2013-05-03,1.0,0.0,0.0,0.0,0.0,0.0,0.0
2013-05-06,1.0,0.0,0.0,0.0,0.0,0.0,0.0
2013-05-07,1.0,0.0,0.0,0.0,0.0,0.0,0.0
2013-05-08,1.0,0.0,0.0,0.0,0.0,0.0,0.0
2013-05-09,1.0,0.0,0.0,0.0,0.0,0.0,0.0
2013-05-10,1.0,0.0,0.0,0.0,0.0,0.0,0.0
2013-05-13,1.0,0.0,0.0,0.0,0.0,0.0,0.0
2013-05-14,1.0,0.0,0.0,0.0,0.0,0.0,0.0
2013-05-15,1.0,0.0,0.0,0.0,0.0,0.0,0.0
2013-05-16,1.0,0.0,0.0,0.0,0.0,0.0,0.0
2013-05-17,1.0,0.0,0.0,0.0,0.0,0.0,0.0
2013-05-20,1.0,0.0,0.0,0.0,0.0,0.0,0.0
2013-05-21,1.0,0.0,0.0,0.0,0.0,0.0,0.0
2013-05-22,1.0,0.0,0.0,0.0,0.0,0.0,0.0
2013-05-23,1.0,0.0,0.0,0.0,0.0,0.0,0.0
2013-05-24,1.0,0.0,0.0,0.0,0.0,0.0,0.0
2013-05-28,1.0,0.0,0.0,0.0,0.0,0.0,0.0
2013-05-29,1.0,0.0,0.0,0.0,0.0,0.0,0.0
2013-05-30,1.0,0.0,0.0,0.0,0.0,0.0,0.0
2013-05-31,1.0,0.0,0.0,0.0,0.0,0.0,0.0
2013-06-03,1.0,0.0,0.0,0.0,0.0,0.0,0.0
2013-06-04,1.0,0.0,0.0,0.0,0.0,0.0,0.0
2013-06-05,1.0,0.0,0.0,0.0,0.0,0.0,0.0
2013-06-06,1.0,0.0,0.0,0.0,0.0,0.0,0.0
2013-06-07,1.0,0.0,0.0,0.0,0.0,0.0,0.0
2013-06-10,1.0,0.0,0.0,0.0,0.0,0.0,0.0
2013-06-11,1.0,0.0,0.0,0.0,0.0,0.0,0.0
2013-06-12,1.0,0.0,0.0,0.0,0.0,0.0,0.0
2013-06-13,1.0,0.0,0.0,0.0,0.0,0.0,0.0
2013-06-14,1.0,0.0,0.0,0.0,0.0,0.0,0.0
2013-06-17,1.0,0.0,0.0,0.0,0.0,0.0,0.0
2013-06-18,1.0,0.0,0.0,0.0,0.0,0.0,0.0
2013-06-19,1.0,0.0,0.0,0.0,0.0,0.0,0.0
2013-06-20,1.0,0.0,0.0,0.0,0.0,0.0,0.0
2013-06-21,1.0,0.0,0.0,0.0,0.0,0.0,0.0
2013-06-24,1.0,0.0,0.0,0.0,0.0,0.0,0.0
2013-06-25,1.0,0.0,0.0,0.0,0.0,0.0,0.0
2013-06-26,0.0,0.0,1.0,0.0,0.0,0.0,0.0
2013-06-27,0.0,0.0,1.0,0.0,0.0,0.0,0.0
2013-06-28,0.0,0.0,1.0,0.0,0.0,0.0,0.0
2013-07-01,0.0,0.0,1.0,0.0,0.0,0.0,0.0
2013-07-02,0.0,0.0,1.0,0.0,0.0,0.0,0.0
2013-07-03,0.0,0.0,1.0,0.0,0.0,0.0,0.0
2013-07-05,0.0,0.0,1.0,0.0,0.0,0.0,0.0
2013-07-08,1.0,0.0,0.0,0.0,0.0,0.0,0.0
2013-07-09,1.0,0.0,0.0,0.0,0.0,0.0,0.0
2013-07-10,1.0,0.0,0.0,0.0,0.0,0.0,0.0
2013-07-11,1.0,0.0,0.0,0.0,0.0,0.0,0.0
2013-07-12,1.0,0.0,0.0,0.0,0.0,0.0,0.0
2013-07-15,1.0,0.0,0.0,0.0,0.0,0.0,0.0
2013-07-16,1.0,0.0,0.0,0.0,0.0,0.0,0.0
2013-07-17,1.0,0.0,0.0,0.0,0.0,0.0,0.0
2013-07-18,1.0,0.0,0.0,0.0,0.0,0.0,0.0
2013-07-19,1.0,0.0,0.0,0.0,0.0,0.0,0.0
2013-07-22,1.0,0.0,0.0,0.0,0.0,0.0,0.0
2013-07-23,1.0,0.0,0.0,0.0,0.0,0.0,0.0
2013-07-24,1.0,0.0,0.0,0.0,0.0,0.0,0.0
2013-07-25,1.0,0.0,0.0,0.0,0.0,0.0,0.0
2013-07-26,1.0,0.0,0.0,0.0,0.0,0.0,0.0
2013-07-29,1.0,0.0,0.0,0.0,0.0,0.0,0.0
2013-07-30,1.0,0.0,0.0,0.0,0.0,0.0,0.0
2013-07-31,1.0,0.0,0.0,0.0,0.0,0.0,0.0
2013-08-01,1.0,0.0,0.0,0.0,0.0,0.0,0.0
2013-08-02,1.0,0.0,0.0,0.0,0.0,0.0,0.0
2013-08-05,1.0,0.0,0.0,0.0,0.0,0.0,0.0
2013-08-06,1.0,0.0,0.0,0.0,0.0,0.0,0.0
2013-08-07,1.0,0.0,0.0,0.0,0.0,0.0,0.0
2013-08-08,1.0,0.0,0.0,0.0,0.0,0.0,0.0
2013-08-09,1.0,0.0,0.0,0.0,0.0,0.0,0.0
2013-08-12,1.0,0.0,0.0,0.0,0.0,0.0,0.0
2013-08-13,1.0,0.0,0.0,0.0,0.0,0.0,0.0
2013-08-14,1.0,0.0,0.0,0.0,0.0,0.0,0.0
2013-08-15,1.0,0.0,0.0,0.0,0.0,0.0,0.0
2013-08-16,1.0,0.0,0.0,0.0,0.0,0.0,0.0
2013-08-19,1.0,0.0,0.0,0.0,0.0,0.0,0.0
2013-08-20,1.0,0.0,0.0,0.0,0.0,0.0,0.0
2013-08-21,1.0,0.0,0.0,0.0,0.0,0.0,0.0
2013-08-22,1.0,0.0,0.0,0.0,0.0,0.0,0.0
2013-08-23,1.0,0.0,0.0,0.0,0.0,0.0,0.0
2013-08-26,1.0,0.0,0.0,0.0,0.0,0.0,0.0
2013-08-27,1.0,0.0,0.0,0.0,0.0,0.0,0.0
2013-08-28,1.0,0.0,0.0,0.0,0.0,0.0,0.0
2013-08-29,1.0,0.0,0.0,0.0,0.0,0.0,0.0
2013-08-30,1.0,0.0,0.0,0.0,0.0,0.0,0.0
2013-09-03,1.0,0.0,0.0,0.0,0.0,0.0,0.0
2013-09-04,1.0,0.0,0.0,0.0,0.0,0.0,0.0
2013-09-05,1.0,0.0,0.0,0.0,0.0,0.0,0.0
2013-09-06,1.0,0.0,0.0,0.0,0.0,0.0,0.0
2013-09-09,1.0,0.0,0.0,0.0,0.0,0.0,0.0
2013-09-10,1.0,0.0,0.0,0.0,0.0,0.0,0.0
2013-09-11,1.0,0.0,0.0,0.0,0.0,0.0,0.0
2013-09-12,1.0,0.0,0.0,0.0,0.0,0.0,0.0
2013-09-13,1.0,0.0,0.0,0.0,0.0,0.0,0.0
2013-09-16,1.0,0.0,0.0,0.0,0.0,0.0,0.0
2013-09-17,1.0,0.0,0.0,0.0,0.0,0.0,0.0
2013-09-18,1.0,0.0,0.0,0.0,0.0,0.0,0.0
2013-09-19,1.0,0.0,0.0,0.0,0.0,0.0,0.0
2013-09-20,1.0,0.0,0.0,0.0,0.0,0.0,0.0
2013-09-23,1.0,0.0,0.0,0.0,0.0,0.0,0.0
2013-09-24,1.0,0.0,0.0,0.0,0.0,0.0,0.0
2013-09-25,1.0,0.0,0.0,0.0,0.0,0.0,0.0
2013-09-26,1.0,0.0,0.0,0.0,0.0,0.0,0.0
2013-09-27,1.0,0.0,0.0,0.0,0.0,0.0,0.0
2013-09-30,1.0,0.0,0.0,0.0,0.0,0.0,0.0
2013-10-01,1.0,0.0,0.0,0.0,0.0,0.0,0.0
2013-10-02,1.0,0.0,0.0,0.0,0.0,0.0,0.0
2013-10-03,1.0,0.0,0.0,0.0,0.0,0.0,0.0
2013-10-04,1.0,0.0,0.0,0.0,0.0,0.0,0.0
2013-10-07,1.0,0.0,0.0,0.0,0.0,0.0,0.0
2013-10-08,1.0,0.0,0.0,0.0,0.0,0.0,0.0
2013-10-09,1.0,0.0,0.0,0.0,0.0,0.0,0.0
2013-10-10,1.0,0.0,0.0,0.0,0.0,0.0,0.0
2013-10-11,1.0,0.0,0.0,0.0,0.0,0.0,0.0
2013-10-14,1.0,0.0,0.0,0.0,0.0,0.0,0.0
2013-10-15,1.0,0.0,0.0,0.0,0.0,0.0,0.0
2013-10-16,1.0,0.0,0.0,0.0,0.0,0.0,0.0
2013-10-17,1.0,0.0,0.0,0.0,0.0,0.0,0.0
2013-10-18,1.0,0.0,0.0,0.0,0.0,0.0,0.0
2013-10-21,1.0,0.0,0.0,0.0,0.0,0.0,0.0
2013-10-22,1.0,0.0,0.0,0.0,0.0,0.0,0.0
2013-10-23,1.0,0.0,0.0,0.0,0.0,0.0,0.0
2013-10-24,1.0,0.0,0.0,0.0,0.0,0.0,0.0
2013-10-25,1.0,0.0,0.0,0.0,0.0,0.0,0.0
2013-10-28,1.0,0.0,0.0,0.0,0.0,0.0,0.0
2013-10-29,1.0,0.0,0.0,0.0,0.0,0.0,0.0
2013-10-30,1.0,0.0,0.0,0.0,0.0,0.0,0.0
2013-10-31,1.0,0.0,0.0,0.0,0.0,0.0,0.0
2013-11-01,1.0,0.0,0.0,0.0,0.0,0.0,0.0
2013-11-04,1.0,0.0,0.0,0.0,0.0,0.0,0.0
2013-11-05,1.0,0.0,0.0,0.0,0.0,0.0,0.0
2013-11-06,1.0,0.0,0.0,0.0,0.0,0.0,0.0
2013-11-07,1.0,0.0,0.0,0.0,0.0,0.0,0.0
2013-11-08,1.0,0.0,0.0,0.0,0.0,0.0,0.0
2013-11-11,1.0,0.0,0.0,0.0,0.0,0.0,0.0
2013-11-12,1.0,0.0,0.0,0.0,0.0,0.0,0.0
2013-11-13,1.0,0.0,0.0,0.0,0.0,0.0,0.0
2013-11-14,1.0,0.0,0.0,0.0,0.0,0.0,0.0
2013-11-15,1.0,0.0,0.0,0.0,0.0,0.0,0.0
2013-11-18,1.0,0.0,0.0,0.0,0.0,0.0,0.0
2013-11-19,1.0,0.0,0.0,0.0,0.0,0.0,0.0
2013-11-20,1.0,0.0,0.0,0.0,0.0,0.0,0.0
2013-11-21,1.0,0.0,0.0,0.0,0.0,0.0,0.0
2013-11-22,1.0,0.0,0.0,0.0,0.0,0.0,0.0
2013-11-25,1.0,0.0,0.0,0.0,0.0,0.0,0.0
2013-11-26,1.0,0.0,0.0,0.0,0.0,0.0,0.0
2013-11-27,1.0,0.0,0.0,0.0,0.0,0.0,0.0
2013-11-29,1.0,0.0,0.0,0.0,0.0,0.0,0.0
2013-12-02,1.0,0.0,0.0,0.0,0.0,0.0,0.0
2013-12-03,1.0,0.0,0.0,0.0,0.0,0.0,0.0
2013-12-04,1.0,0.0,0.0,0.0,0.0,0.0,0.0
2013-12-05,1.0,0.0,0.0,0.0,0.0,0.0,0.0
2013-12-06,1.0,0.0,0.0,0.0,0.0,0.0,0.0
2013-12-09,1.0,0.0,0.0,0.0,0.0,0.0,0.0
2013-12-10,1.0,0.0,0.0,0.0,0.0,0.0,0.0
2013-12-11,1.0,0.0,0.0,0.0,0.0,0.0,0.0
2013-12-12,1.0,0.0,0.0,0.0,0.0,0.0,0.0
2013-12-13,1.0,0.0,0.0,0.0,0.0,0.0,0.0
2013-12-16,1.0,0.0,0.0,0.0,0.0,0.0,0.0
2013-12-17,1.0,0.0,0.0,0.0,0.0,0.0,0.0
2013-12-18,1.0,0.0,0.0,0.0,0.0,0.0,0.0
2013-12-19,1.0,0.0,0.0,0.0,0.0,0.0,0.0
2013-12-20,1.0,0.0,0.0,0.0,0.0,0.0,0.0
2013-12-23,1.0,0.0,0.0,0.0,0.0,0.0,0.0
2013-12-24,1.0,0.0,0.0,0.0,0.0,0.0,0.0
2013-12-26,1.0,0.0,0.0,0.0,0.0,0.0,0.0
2013-12-27,1.0,0.0,0.0,0.0,0.0,0.0,0.0
2013-12-30,1.0,0.0,0.0,0.0,0.0,0.0,0.0
2013-12-31,1.0,0.0,0.0,0.0,0.0,0.0,0.0
2014-01-02,1.0,0.0,0.0,0.0,0.0,0.0,0.0
2014-01-03,1.0,0.0,0.0,0.0,0.0,0.0,0.0
2014-01-06,1.0,0.0,0.0,0.0,0.0,0.0,0.0
2014-01-07,1.0,0.0,0.0,0.0,0.0,0.0,0.0
2014-01-08,1.0,0.0,0.0,0.0,0.0,0.0,0.0
2014-01-09,1.0,0.0,0.0,0.0,0.0,0.0,0.0
2014-01-10,1.0,0.0,0.0,0.0,0.0,0.0,0.0
2014-01-13,1.0,0.0,0.0,0.0,0.0,0.0,0.0
2014-01-14,1.0,0.0,0.0,0.0,0.0,0.0,0.0
2014-01-15,1.0,0.0,0.0,0.0,0.0,0.0,0.0
2014-01-16,1.0,0.0,0.0,0.0,0.0,0.0,0.0
2014-01-17,1.0,0.0,0.0,0.0,0.0,0.0,0.0
2014-01-21,1.0,0.0,0.0,0.0,0.0,0.0,0.0
2014-01-22,1.0,0.0,0.0,0.0,0.0,0.0,0.0
2014-01-23,1.0,0.0,0.0,0.0,0.0,0.0,0.0
2014-01-24,1.0,0.0,0.0,0.0,0.0,0.0,0.0
2014-01-27,1.0,0.0,0.0,0.0,0.0,0.0,0.0
2014-01-28,1.0,0.0,0.0,0.0,0.0,0.0,0.0
2014-01-29,1.0,0.0,0.0,0.0,0.0,0.0,0.0
2014-01-30,1.0,0.0,0.0,0.0,0.0,0.0,0.0
2014-01-31,1.0,0.0,0.0,0.0,0.0,0.0,0.0
2014-02-03,1.0,0.0,0.0,0.0,0.0,0.0,0.0
2014-02-04,1.0,0.0,0.0,0.0,0.0,0.0,0.0
2014-02-05,1.0,0.0,0.0,0.0,0.0,0.0,0.0
2014-02-06,1.0,0.0,0.0,0.0,0.0,0.0,0.0
2014-02-07,1.0,0.0,0.0,0.0,0.0,0.0,0.0
2014-02-10,1.0,0.0,0.0,0.0,0.0,0.0,0.0
2014-02-11,1.0,0.0,0.0,0.0,0.0,0.0,0.0
2014-02-12,1.0,0.0,0.0,0.0,0.0,0.0,0.0
2014-02-13,1.0,0.0,0.0,0.0,0.0,0.0,0.0
2014-02-14,1.0,0.0,0.0,0.0,0.0,0.0,0.0
2014-02-18,1.0,0.0,0.0,0.0,0.0,0.0,0.0
2014-02-19,1.0,0.0,0.0,0.0,0.0,0.0,0.0
2014-02-20,1.0,0.0,0.0,0.0,0.0,0.0,0.0
2014-02-21,1.0,0.0,0.0,0.0,0.0,0.0,0.0
2014-02-24,1.0,0.0,0.0,0.0,0.0,0.0,0.0
2014-02-25,1.0,0.0,0.0,0.0,0.0,0.0,0.0
2014-02-26,1.0,0.0,0.0,0.0,0.0,0.0,0.0
2014-02-27,1.0,0.0,0.0,0.0,0.0,0.0,0.0
2014-02-28,1.0,0.0,0.0,0.0,0.0,0.0,0.0
2014-03-03,1.0,0.0,0.0,0.0,0.0,0.0,0.0
2014-03-04,1.0,0.0,0.0,0.0,0.0,0.0,0.0
2014-03-05,1.0,0.0,0.0,0.0,0.0,0.0,0.0
2014-03-06,1.0,0.0,0.0,0.0,0.0,0.0,0.0
2014-03-07,1.0,0.0,0.0,0.0,0.0,0.0,0.0
2014-03-10,1.0,0.0,0.0,0.0,0.0,0.0,0.0
2014-03-11,1.0,0.0,0.0,0.0,0.0,0.0,0.0
2014-03-12,1.0,0.0,0.0,0.0,0.0,0.0,0.0
2014-03-13,1.0,0.0,0.0,0.0,0.0,0.0,0.0
2014-03-14,1.0,0.0,0.0,0.0,0.0,0.0,0.0
2014-03-17,1.0,0.0,0.0,0.0,0.0,0.0,0.0
2014-03-18,1.0,0.0,0.0,0.0,0.0,0.0,0.0
2014-03-19,1.0,0.0,0.0,0.0,0.0,0.0,0.0
2014-03-20,1.0,0.0,0.0,0.0,0.0,0.0,0.0
2014-03-21,1.0,0.0,0.0,0.0,0.0,0.0,0.0
2014-03-24,1.0,0.0,0.0,0.0,0.0,0.0,0.0
2014-03-25,1.0,0.0,0.0,0.0,0.0,0.0,0.0
2014-03-26,1.0,0.0,0.0,0.0,0.0,0.0,0.0
2014-03-27,1.0,0.0,0.0,0.0,0.0,0.0,0.0
2014-03-28,1.0,0.0,0.0,0.0,0.0,0.0,0.0
2014-03-31,1.0,0.0,0.0,0.0,0.0,0.0,0.0
2014-04-01,1.0,0.0,0.0,0.0,0.0,0.0,0.0
2014-04-02,1.0,0.0,0.0,0.0,0.0,0.0,0.0
2014-04-03,1.0,0.0,0.0,0.0,0.0,0.0,0.0
2014-04-04,1.0,0.0,0.0,0.0,0.0,0.0,0.0
2014-04-07,1.0,0.0,0.0,0.0,0.0,0.0,0.0
2014-04-08,1.0,0.0,0.0,0.0,0.0,0.0,0.0
2014-04-09,1.0,0.0,0.0,0.0,0.0,0.0,0.0
2014-04-10,1.0,0.0,0.0,0.0,0.0,0.0,0.0
2014-04-11,1.0,0.0,0.0,0.0,0.0,0.0,0.0
2014-04-14,1.0,0.0,0.0,0.0,0.0,0.0,0.0
2014-04-15,1.0,0.0,0.0,0.0,0.0,0.0,0.0
2014-04-16,1.0,0.0,0.0,0.0,0.0,0.0,0.0
2014-04-17,1.0,0.0,0.0,0.0,0.0,0.0,0.0
2014-04-21,1.0,0.0,0.0,0.0,0.0,0.0,0.0
2014-04-22,1.0,0.0,0.0,0.0,0.0,0.0,0.0
2014-04-23,1.0,0.0,0.0,0.0,0.0,0.0,0.0
2014-04-24,1.0,0.0,0.0,0.0,0.0,0.0,0.0
2014-04-25,1.0,0.0,0.0,0.0,0.0,0.0,0.0
2014-04-28,1.0,0.0,0.0,0.0,0.0,0.0,0.0
2014-04-29,1.0,0.0,0.0,0.0,0.0,0.0,0.0
2014-04-30,1.0,0.0,0.0,0.0,0.0,0.0,0.0
2014-05-01,1.0,0.0,0.0,0.0,0.0,0.0,0.0
2014-05-02,1.0,0.0,0.0,0.0,0.0,0.0,0.0
2014-05-05,1.0,0.0,0.0,0.0,0.0,0.0,0.0
2014-05-06,1.0,0.0,0.0,0.0,0.0,0.0,0.0
2014-05-07,1.0,0.0,0.0,0.0,0.0,0.0,0.0
2014-05-08,1.0,0.0,0.0,0.0,0.0,0.0,0.0
2014-05-09,1.0,0.0,0.0,0.0,0.0,0.0,0.0
2014-05-12,1.0,0.0,0.0,0.0,0.0,0.0,0.0
2014-05-13,1.0,0.0,0.0,0.0,0.0,0.0,0.0
2014-05-14,1.0,0.0,0.0,0.0,0.0,0.0,0.0
2014-05-15,1.0,0.0,0.0,0.0,0.0,0.0,0.0
2014-05-16,1.0,0.0,0.0,0.0,0.0,0.0,0.0
2014-05-19,1.0,0.0,0.0,0.0,0.0,0.0,0.0
2014-05-20,1.0,0.0,0.0,0.0,0.0,0.0,0.0
2014-05-21,1.0,0.0,0.0,0.0,0.0,0.0,0.0
2014-05-22,1.0,0.0,0.0,0.0,0.0,0.0,0.0
2014-05-23,1.0,0.0,0.0,0.0,0.0,0.0,0.0
2014-05-27,1.0,0.0,0.0,0.0,0.0,0.0,0.0
2014-05-28,1.0,0.0,0.0,0.0,0.0,0.0,0.0
2014-05-29,1.0,0.0,0.0,0.0,0.0,0.0,0.0
2014-05-30,1.0,0.0,0.0,0.0,0.0,0.0,0.0
2014-06-02,1.0,0.0,0.0,0.0,0.0,0.0,0.0
2014-06-03,1.0,0.0,0.0,0.0,0.0,0.0,0.0
2014-06-04,1.0,0.0,0.0,0.0,0.0,0.0,0.0
2014-06-05,1.0,0.0,0.0,0.0,0.0,0.0,0.0
2014-06-06,1.0,0.0,0.0,0.0,0.0,0.0,0.0
2014-06-09,1.0,0.0,0.0,0.0,0.0,0.0,0.0
2014-06-10,1.0,0.0,0.0,0.0,0.0,0.0,0.0
2014-06-11,1.0,0.0,0.0,0.0,0.0,0.0,0.0
2014-06-12,1.0,0.0,0.0,0.0,0.0,0.0,0.0
2014-06-13,1.0,0.0,0.0,0.0,0.0,0.0,0.0
2014-06-16,1.0,0.0,0.0,0.0,0.0,0.0,0.0
2014-06-17,1.0,0.0,0.0,0.0,0.0,0.0,0.0
2014-06-18,1.0,0.0,0.0,0.0,0.0,0.0,0.0
2014-06-19,1.0,0.0,0.0,0.0,0.0,0.0,0.0
2014-06-20,1.0,0.0,0.0,0.0,0.0,0.0,0.0
2014-06-23,1.0,0.0,0.0,0.0,0.0,0.0,0.0
2014-06-24,1.0,0.0,0.0,0.0,0.0,0.0,0.0
2014-06-25,1.0,0.0,0.0,0.0,0.0,0.0,0.0
2014-06-26,1.0,0.0,0.0,0.0,0.0,0.0,0.0
2014-06-27,1.0,0.0,0.0,0.0,0.0,0.0,0.0
2014-06-30,1.0,0.0,0.0,0.0,0.0,0.0,0.0
2014-07-01,1.0,0.0,0.0,0.0,0.0,0.0,0.0
2014-07-02,1.0,0.0,0.0,0.0,0.0,0.0,0.0
2014-07-03,1.0,0.0,0.0,0.0,0.0,0.0,0.0
2014-07-07,1.0,0.0,0.0,0.0,0.0,0.0,0.0
2014-07-08,1.0,0.0,0.0,0.0,0.0,0.0,0.0
2014-07-09,1.0,0.0,0.0,0.0,0.0,0.0,0.0
2014-07-10,1.0,0.0,0.0,0.0,0.0,0.0,0.0
2014-07-11,1.0,0.0,0.0,0.0,0.0,0.0,0.0
2014-07-14,1.0,0.0,0.0,0.0,0.0,0.0,0.0
2014-07-15,1.0,0.0,0.0,0.0,0.0,0.0,0.0
2014-07-16,1.0,0.0,0.0,0.0,0.0,0.0,0.0
2014-07-17,1.0,0.0,0.0,0.0,0.0,0.0,0.0
2014-07-18,1.0,0.0,0.0,0.0,0.0,0.0,0.0
2014-07-21,1.0,0.0,0.0,0.0,0.0,0.0,0.0
2014-07-22,1.0,0.0,0.0,0.0,0.0,0.0,0.0
2014-07-23,1.0,0.0,0.0,0.0,0.0,0.0,0.0
2014-07-24,1.0,0.0,0.0,0.0,0.0,0.0,0.0
2014-07-25,1.0,0.0,0.0,0.0,0.0,0.0,0.0
2014-07-28,1.0,0.0,0.0,0.0,0.0,0.0,0.0
2014-07-29,1.0,0.0,0.0,0.0,0.0,0.0,0.0
2014-07-30,1.0,0.0,0.0,0.0,0.0,0.0,0.0
2014-07-31,1.0,0.0,0.0,0.0,0.0,0.0,0.0
2014-08-01,1.0,0.0,0.0,0.0,0.0,0.0,0.0
2014-08-04,1.0,0.0,0.0,0.0,0.0,0.0,0.0
2014-08-05,1.0,0.0,0.0,0.0,0.0,0.0,0.0
2014-08-06,1.0,0.0,0.0,0.0,0.0,0.0,0.0
2014-08-07,1.0,0.0,0.0,0.0,0.0,0.0,0.0
2014-08-08,1.0,0.0,0.0,0.0,0.0,0.0,0.0
2014-08-11,1.0,0.0,0.0,0.0,0.0,0.0,0.0
2014-08-12,1.0,0.0,0.0,0.0,0.0,0.0,0.0
2014-08-13,1.0,0.0,0.0,0.0,0.0,0.0,0.0
2014-08-14,1.0,0.0,0.0,0.0,0.0,0.0,0.0
2014-08-15,1.0,0.0,0.0,0.0,0.0,0.0,0.0
2014-08-18,1.0,0.0,0.0,0.0,0.0,0.0,0.0
2014-08-19,1.0,0.0,0.0,0.0,0.0,0.0,0.0
2014-08-20,1.0,0.0,0.0,0.0,0.0,0.0,0.0
2014-08-21,1.0,0.0,0.0,0.0,0.0,0.0,0.0
2014-08-22,1.0,0.0,0.0,0.0,0.0,0.0,0.0
2014-08-25,1.0,0.0,0.0,0.0,0.0,0.0,0.0
2014-08-26,1.0,0.0,0.0,0.0,0.0,0.0,0.0
2014-08-27,1.0,0.0,0.0,0.0,0.0,0.0,0.0
2014-08-28,1.0,0.0,0.0,0.0,0.0,0.0,0.0
2014-08-29,1.0,0.0,0.0,0.0,0.0,0.0,0.0
2014-09-02,1.0,0.0,0.0,0.0,0.0,0.0,0.0
2014-09-03,1.0,0.0,0.0,0.0,0.0,0.0,0.0
2014-09-04,1.0,0.0,0.0,0.0,0.0,0.0,0.0
2014-09-05,1.0,0.0,0.0,0.0,0.0,0.0,0.0
2014-09-08,1.0,0.0,0.0,0.0,0.0,0.0,0.0
2014-09-09,1.0,0.0,0.0,0.0,0.0,0.0,0.0
2014-09-10,1.0,0.0,0.0,0.0,0.0,0.0,0.0
2014-09-11,1.0,0.0,0.0,0.0,0.0,0.0,0.0
2014-09-12,1.0,0.0,0.0,0.0,0.0,0.0,0.0
2014-09-15,1.0,0.0,0.0,0.0,0.0,0.0,0.0
2014-09-16,1.0,0.0,0.0,0.0,0.0,0.0,0.0
2014-09-17,1.0,0.0,0.0,0.0,0.0,0.0,0.0
2014-09-18,1.0,0.0,0.0,0.0,0.0,0.0,0.0
2014-09-19,1.0,0.0,0.0,0.0,0.0,0.0,0.0
2014-09-22,1.0,0.0,0.0,0.0,0.0,0.0,0.0
2014-09-23,1.0,0.0,0.0,0.0,0.0,0.0,0.0
2014-09-24,1.0,0.0,0.0,0.0,0.0,0.0,0.0
2014-09-25,1.0,0.0,0.0,0.0,0.0,0.0,0.0
2014-09-26,1.0,0.0,0.0,0.0,0.0,0.0,0.0
2014-09-29,1.0,0.0,0.0,0.0,0.0,0.0,0.0
2014-09-30,1.0,0.0,0.0,0.0,0.0,0.0,0.0
2014-10-01,1.0,0.0,0.0,0.0,0.0,0.0,0.0
2014-10-02,0.0,0.0,1.0,0.0,0.0,0.0,0.0
2014-10-03,0.0,0.0,1.0,0.0,0.0,0.0,0.0
2014-10-06,0.0,0.0,1.0,0.0,0.0,0.0,0.0
2014-10-07,0.0,0.0,1.0,0.0,0.0,0.0,0.0
2014-10-08,0.0,0.0,1.0,0.0,0.0,0.0,0.0
2014-10-09,0.0,0.0,1.0,0.0,0.0,0.0,0.0
2014-10-10,0.0,0.0,1.0,0.0,0.0,0.0,0.0
2014-10-13,0.0,0.0,1.0,0.0,0.0,0.0,0.0
2014-10-14,0.0,0.0,1.0,0.0,0.0,0.0,0.0
2014-10-15,0.0,0.0,1.0,0.0,0.0,0.0,0.0
2014-10-16,0.0,0.0,1.0,0.0,0.0,0.0,0.0
2014-10-17,0.0,0.0,1.0,0.0,0.0,0.0,0.0
2014-10-20,0.0,0.0,1.0,0.0,0.0,0.0,0.0
2014-10-21,0.0,0.0,1.0,0.0,0.0,0.0,0.0
2014-10-22,0.0,0.0,1.0,0.0,0.0,0.0,0.0
2014-10-23,0.0,0.0,1.0,0.0,0.0,0.0,0.0
2014-10-24,0.0,0.0,1.0,0.0,0.0,0.0,0.0
2014-10-27,0.0,0.0,1.0,0.0,0.0,0.0,0.0
2014-10-28,0.0,0.0,1.0,0.0,0.0,0.0,0.0
2014-10-29,0.0,0.0,1.0,0.0,0.0,0.0,0.0
2014-10-30,0.0,0.0,1.0,0.0,0.0,0.0,0.0
2014-10-31,0.0,0.0,1.0,0.0,0.0,0.0,0.0
2014-11-03,0.0,0.0,1.0,0.0,0.0,0.0,0.0
2014-11-04,0.0,0.0,1.0,0.0,0.0,0.0,0.0
2014-11-05,0.0,0.0,1.0,0.0,0.0,0.0,0.0
2014-11-06,0.0,0.0,1.0,0.0,0.0,0.0,0.0
2014-11-07,0.0,0.0,1.0,0.0,0.0,0.0,0.0
2014-11-10,0.0,0.0,1.0,0.0,0.0,0.0,0.0
2014-11-11,0.0,0.0,1.0,0.0,0.0,0.0,0.0
2014-11-12,0.0,0.0,1.0,0.0,0.0,0.0,0.0
2014-11-13,0.0,0.0,1.0,0.0,0.0,0.0,0.0
2014-11-14,0.0,0.0,1.0,0.0,0.0,0.0,0.0
2014-11-17,0.0,0.0,1.0,0.0,0.0,0.0,0.0
2014-11-18,0.0,0.0,1.0,0.0,0.0,0.0,0.0
2014-11-19,0.0,0.0,1.0,0.0,0.0,0.0,0.0
2014-11-20,0.0,0.0,1.0,0.0,0.0,0.0,0.0
2014-11-21,0.0,0.0,1.0,0.0,0.0,0.0,0.0
2014-11-24,0.0,0.0,1.0,0.0,0.0,0.0,0.0
2014-11-25,0.0,0.0,1.0,0.0,0.0,0.0,0.0
2014-11-26,0.0,0.0,1.0,0.0,0.0,0.0,0.0
2014-11-28,0.0,0.0,1.0,0.0,0.0,0.0,0.0
2014-12-01,0.0,0.0,1.0,0.0,0.0,0.0,0.0
2014-12-02,0.0,0.0,1.0,0.0,0.0,0.0,0.0
2014-12-03,0.0,0.0,1.0,0.0,0.0,0.0,0.0
2014-12-04,0.0,0.0,1.0,0.0,0.0,0.0,0.0
2014-12-05,0.0,0.0,1.0,0.0,0.0,0.0,0.0
2014-12-08,0.0,0.0,1.0,0.0,0.0,0.0,0.0
2014-12-09,0.0,0.0,1.0,0.0,0.0,0.0,0.0
2014-12-10,0.0,0.0,1.0,0.0,0.0,0.0,0.0
2014-12-11,0.0,0.0,1.0,0.0,0.0,0.0,0.0
2014-12-12,0.0,0.0,1.0,0.0,0.0,0.0,0.0
2014-12-15,0.0,0.0,1.0,0.0,0.0,0.0,0.0
2014-12-16,0.0,0.0,1.0,0.0,0.0,0.0,0.0
2014-12-17,0.0,0.0,1.0,0.0,0.0,0.0,0.0
2014-12-18,0.0,0.0,1.0,0.0,0.0,0.0,0.0
2014-12-19,0.0,0.0,1.0,0.0,0.0,0.0,0.0
2014-12-22,0.0,0.0,1.0,0.0,0.0,0.0,0.0
2014-12-23,0.0,0.0,1.0,0.0,0.0,0.0,0.0
2014-12-24,0.0,0.0,1.0,0.0,0.0,0.0,0.0
2014-12-26,0.0,0.0,1.0,0.0,0.0,0.0,0.0
2014-12-29,0.0,0.0,1.0,0.0,0.0,0.0,0.0
2014-12-30,0.0,0.0,1.0,0.0,0.0,0.0,0.0
2014-12-31,0.0,0.0,1.0,0.0,0.0,0.0,0.0
2015-01-02,0.0,0.0,1.0,0.0,0.0,0.0,0.0
2015-01-05,0.0,0.0,1.0,0.0,0.0,0.0,0.0
2015-01-06,0.0,0.0,1.0,0.0,0.0,0.0,0.0
2015-01-07,1.0,0.0,0.0,0.0,0.0,0.0,0.0
2015-01-08,1.0,0.0,0.0,0.0,0.0,0.0,0.0
2015-01-09,1.0,0.0,0.0,0.0,0.0,0.0,0.0
2015-01-12,1.0,0.0,0.0,0.0,0.0,0.0,0.0
2015-01-13,1.0,0.0,0.0,0.0,0.0,0.0,0.0
2015-01-14,1.0,0.0,0.0,0.0,0.0,0.0,0.0
2015-01-15,1.0,0.0,0.0,0.0,0.0,0.0,0.0
2015-01-16,1.0,0.0,0.0,0.0,0.0,0.0,0.0
2015-01-20,1.0,0.0,0.0,0.0,0.0,0.0,0.0
2015-01-21,1.0,0.0,0.0,0.0,0.0,0.0,0.0
2015-01-22,1.0,0.0,0.0,0.0,0.0,0.0,0.0
2015-01-23,1.0,0.0,0.0,0.0,0.0,0.0,0.0
2015-01-26,1.0,0.0,0.0,0.0,0.0,0.0,0.0
2015-01-27,1.0,0.0,0.0,0.0,0.0,0.0,0.0
2015-01-28,1.0,0.0,0.0,0.0,0.0,0.0,0.0
2015-01-29,1.0,0.0,0.0,0.0,0.0,0.0,0.0
2015-01-30,1.0,0.0,0.0,0.0,0.0,0.0,0.0
2015-02-02,1.0,0.0,0.0,0.0,0.0,0.0,0.0
2015-02-03,1.0,0.0,0.0,0.0,0.0,0.0,0.0
2015-02-04,1.0,0.0,0.0,0.0,0.0,0.0,0.0
2015-02-05,1.0,0.0,0.0,0.0,0.0,0.0,0.0
2015-02-06,1.0,0.0,0.0,0.0,0.0,0.0,0.0
2015-02-09,1.0,0.0,0.0,0.0,0.0,0.0,0.0
2015-02-10,1.0,0.0,0.0,0.0,0.0,0.0,0.0
2015-02-11,1.0,0.0,0.0,0.0,0.0,0.0,0.0
2015-02-12,1.0,0.0,0.0,0.0,0.0,0.0,0.0
2015-02-13,1.0,0.0,0.0,0.0,0.0,0.0,0.0
2015-02-17,1.0,0.0,0.0,0.0,0.0,0.0,0.0
2015-02-18,1.0,0.0,0.0,0.0,0.0,0.0,0.0
2015-02-19,1.0,0.0,0.0,0.0,0.0,0.0,0.0
2015-02-20,1.0,0.0,0.0,0.0,0.0,0.0,0.0
2015-02-23,1.0,0.0,0.0,0.0,0.0,0.0,0.0
2015-02-24,1.0,0.0,0.0,0.0,0.0,0.0,0.0
2015-02-25,1.0,0.0,0.0,0.0,0.0,0.0,0.0
2015-02-26,1.0,0.0,0.0,0.0,0.0,0.0,0.0
2015-02-27,1.0,0.0,0.0,0.0,0.0,0.0,0.0
2015-03-02,1.0,0.0,0.0,0.0,0.0,0.0,0.0
2015-03-03,1.0,0.0,0.0,0.0,0.0,0.0,0.0
2015-03-04,1.0,0.0,0.0,0.0,0.0,0.0,0.0
2015-03-05,1.0,0.0,0.0,0.0,0.0,0.0,0.0
2015-03-06,1.0,0.0,0.0,0.0,0.0,0.0,0.0
2015-03-09,1.0,0.0,0.0,0.0,0.0,0.0,0.0
2015-03-10,1.0,0.0,0.0,0.0,0.0,0.0,0.0
2015-03-11,1.0,0.0,0.0,0.0,0.0,0.0,0.0
2015-03-12,1.0,0.0,0.0,0.0,0.0,0.0,0.0
2015-03-13,1.0,0.0,0.0,0.0,0.0,0.0,0.0
2015-03-16,1.0,0.0,0.0,0.0,0.0,0.0,0.0
2015-03-17,1.0,0.0,0.0,0.0,0.0,0.0,0.0
2015-03-18,1.0,0.0,0.0,0.0,0.0,0.0,0.0
2015-03-19,1.0,0.0,0.0,0.0,0.0,0.0,0.0
2015-03-20,1.0,0.0,0.0,0.0,0.0,0.0,0.0
2015-03-23,1.0,0.0,0.0,0.0,0.0,0.0,0.0
2015-03-24,1.0,0.0,0.0,0.0,0.0,0.0,0.0
2015-03-25,1.0,0.0,0.0,0.0,0.0,0.0,0.0
2015-03-26,1.0,0.0,0.0,0.0,0.0,0.0,0.0
2015-03-27,1.0,0.0,0.0,0.0,0.0,0.0,0.0
2015-03-30,1.0,0.0,0.0,0.0,0.0,0.0,0.0
2015-03-31,1.0,0.0,0.0,0.0,0.0,0.0,0.0
2015-04-01,1.0,0.0,0.0,0.0,0.0,0.0,0.0
2015-04-02,1.0,0.0,0.0,0.0,0.0,0.0,0.0
2015-04-06,1.0,0.0,0.0,0.0,0.0,0.0,0.0
2015-04-07,1.0,0.0,0.0,0.0,0.0,0.0,0.0
2015-04-08,1.0,0.0,0.0,0.0,0.0,0.0,0.0
2015-04-09,1.0,0.0,0.0,0.0,0.0,0.0,0.0
2015-04-10,1.0,0.0,0.0,0.0,0.0,0.0,0.0
2015-04-13,1.0,0.0,0.0,0.0,0.0,0.0,0.0
2015-04-14,1.0,0.0,0.0,0.0,0.0,0.0,0.0
2015-04-15,1.0,0.0,0.0,0.0,0.0,0.0,0.0
2015-04-16,1.0,0.0,0.0,0.0,0.0,0.0,0.0
2015-04-17,1.0,0.0,0.0,0.0,0.0,0.0,0.0
2015-04-20,1.0,0.0,0.0,0.0,0.0,0.0,0.0
2015-04-21,1.0,0.0,0.0,0.0,0.0,0.0,0.0
2015-04-22,1.0,0.0,0.0,0.0,0.0,0.0,0.0
2015-04-23,1.0,0.0,0.0,0.0,0.0,0.0,0.0
2015-04-24,1.0,0.0,0.0,0.0,0.0,0.0,0.0
2015-04-27,1.0,0.0,0.0,0.0,0.0,0.0,0.0
2015-04-28,1.0,0.0,0.0,0.0,0.0,0.0,0.0
2015-04-29,1.0,0.0,0.0,0.0,0.0,0.0,0.0
2015-04-30,1.0,0.0,0.0,0.0,0.0,0.0,0.0
2015-05-01,1.0,0.0,0.0,0.0,0.0,0.0,0.0
2015-05-04,1.0,0.0,0.0,0.0,0.0,0.0,0.0
2015-05-05,1.0,0.0,0.0,0.0,0.0,0.0,0.0
2015-05-06,1.0,0.0,0.0,0.0,0.0,0.0,0.0
2015-05-07,1.0,0.0,0.0,0.0,0.0,0.0,0.0
2015-05-08,1.0,0.0,0.0,0.0,0.0,0.0,0.0
2015-05-11,1.0,0.0,0.0,0.0,0.0,0.0,0.0
2015-05-12,1.0,0.0,0.0,0.0,0.0,0.0,0.0
2015-05-13,1.0,0.0,0.0,0.0,0.0,0.0,0.0
2015-05-14,1.0,0.0,0.0,0.0,0.0,0.0,0.0
2015-05-15,1.0,0.0,0.0,0.0,0.0,0.0,0.0
2015-05-18,1.0,0.0,0.0,0.0,0.0,0.0,0.0
2015-05-19,1.0,0.0,0.0,0.0,0.0,0.0,0.0
2015-05-20,1.0,0.0,0.0,0.0,0.0,0.0,0.0
2015-05-21,1.0,0.0,0.0,0.0,0.0,0.0,0.0
2015-05-22,1.0,0.0,0.0,0.0,0.0,0.0,0.0
2015-05-26,1.0,0.0,0.0,0.0,0.0,0.0,0.0
2015-05-27,1.0,0.0,0.0,0.0,0.0,0.0,0.0
2015-05-28,1.0,0.0,0.0,0.0,0.0,0.0,0.0
2015-05-29,1.0,0.0,0.0,0.0,0.0,0.0,0.0
2015-06-01,1.0,0.0,0.0,0.0,0.0,0.0,0.0
2015-06-02,1.0,0.0,0.0,0.0,0.0,0.0,0.0
2015-06-03,1.0,0.0,0.0,0.0,0.0,0.0,0.0
2015-06-04,1.0,0.0,0.0,0.0,0.0,0.0,0.0
2015-06-05,1.0,0.0,0.0,0.0,0.0,0.0,0.0
2015-06-08,1.0,0.0,0.0,0.0,0.0,0.0,0.0
2015-06-09,1.0,0.0,0.0,0.0,0.0,0.0,0.0
2015-06-10,1.0,0.0,0.0,0.0,0.0,0.0,0.0
2015-06-11,1.0,0.0,0.0,0.0,0.0,0.0,0.0
2015-06-12,1.0,0.0,0.0,0.0,0.0,0.0,0.0
2015-06-15,1.0,0.0,0.0,0.0,0.0,0.0,0.0
2015-06-16,1.0,0.0,0.0,0.0,0.0,0.0,0.0
2015-06-17,1.0,0.0,0.0,0.0,0.0,0.0,0.0
2015-06-18,1.0,0.0,0.0,0.0,0.0,0.0,0.0
2015-06-19,1.0,0.0,0.0,0.0,0.0,0.0,0.0
2015-06-22,1.0,0.0,0.0,0.0,0.0,0.0,0.0
2015-06-23,1.0,0.0,0.0,0.0,0.0,0.0,0.0
2015-06-24,1.0,0.0,0.0,0.0,0.0,0.0,0.0
2015-06-25,1.0,0.0,0.0,0.0,0.0,0.0,0.0
2015-06-26,1.0,0.0,0.0,0.0,0.0,0.0,0.0
2015-06-29,1.0,0.0,0.0,0.0,0.0,0.0,0.0
2015-06-30,1.0,0.0,0.0,0.0,0.0,0.0,0.0
2015-07-01,1.0,0.0,0.0,0.0,0.0,0.0,0.0
2015-07-02,1.0,0.0,0.0,0.0,0.0,0.0,0.0
2015-07-06,1.0,0.0,0.0,0.0,0.0,0.0,0.0
2015-07-07,1.0,0.0,0.0,0.0,0.0,0.0,0.0
2015-07-08,0.0,0.0,1.0,0.0,0.0,0.0,0.0
2015-07-09,0.0,0.0,1.0,0.0,0.0,0.0,0.0
2015-07-10,0.0,0.0,1.0,0.0,0.0,0.0,0.0
2015-07-13,0.0,0.0,1.0,0.0,0.0,0.0,0.0
2015-07-14,0.0,0.0,1.0,0.0,0.0,0.0,0.0
2015-07-15,0.0,0.0,1.0,0.0,0.0,0.0,0.0
2015-07-16,0.0,0.0,1.0,0.0,0.0,0.0,0.0
2015-07-17,0.0,0.0,1.0,0.0,0.0,0.0,0.0
2015-07-20,0.0,0.0,1.0,0.0,0.0,0.0,0.0
2015-07-21,0.0,0.0,1.0,0.0,0.0,0.0,0.0
2015-07-22,0.0,0.0,1.0,0.0,0.0,0.0,0.0
2015-07-23,0.0,0.0,1.0,0.0,0.0,0.0,0.0
2015-07-24,0.0,0.0,1.0,0.0,0.0,0.0,0.0
2015-07-27,0.0,0.0,1.0,0.0,0.0,0.0,0.0
2015-07-28,0.0,0.0,1.0,0.0,0.0,0.0,0.0
2015-07-29,0.0,0.0,1.0,0.0,0.0,0.0,0.0
2015-07-30,0.0,0.0,1.0,0.0,0.0,0.0,0.0
2015-07-31,0.0,0.0,1.0,0.0,0.0,0.0,0.0
2015-08-03,0.0,0.0,1.0,0.0,0.0,0.0,0.0
2015-08-04,0.0,0.0,1.0,0.0,0.0,0.0,0.0
2015-08-05,0.0,0.0,1.0,0.0,0.0,0.0,0.0
2015-08-06,0.0,0.0,1.0,0.0,0.0,0.0,0.0
2015-08-07,0.0,0.0,1.0,0.0,0.0,0.0,0.0
2015-08-10,0.0,0.0,1.0,0.0,0.0,0.0,0.0
2015-08-11,0.0,0.0,1.0,0.0,0.0,0.0,0.0
2015-08-12,0.0,0.0,1.0,0.0,0.0,0.0,0.0
2015-08-13,0.0,0.0,1.0,0.0,0.0,0.0,0.0
2015-08-14,0.0,0.0,1.0,0.0,0.0,0.0,0.0
2015-08-17,0.0,0.0,1.0,0.0,0.0,0.0,0.0
2015-08-18,0.0,0.0,1.0,0.0,0.0,0.0,0.0
2015-08-19,0.0,0.0,1.0,0.0,0.0,0.0,0.0
2015-08-20,0.0,0.0,1.0,0.0,0.0,0.0,0.0
2015-08-21,0.0,0.0,1.0,0.0,0.0,0.0,0.0
2015-08-24,0.0,0.0,1.0,0.0,0.0,0.0,0.0
2015-08-25,0.0,0.0,1.0,0.0,0.0,0.0,0.0
2015-08-26,0.0,0.0,1.0,0.0,0.0,0.0,0.0
2015-08-27,0.0,0.0,1.0,0.0,0.0,0.0,0.0
2015-08-28,0.0,0.0,1.0,0.0,0.0,0.0,0.0
2015-08-31,0.0,0.0,1.0,0.0,0.0,0.0,0.0
2015-09-01,0.0,0.0,1.0,0.0,0.0,0.0,0.0
2015-09-02,0.0,0.0,1.0,0.0,0.0,0.0,0.0
2015-09-03,0.0,0.0,1.0,0.0,0.0,0.0,0.0
2015-09-04,0.0,0.0,1.0,0.0,0.0,0.0,0.0
2015-09-08,0.0,0.0,1.0,0.0,0.0,0.0,0.0
2015-09-09,0.0,0.0,1.0,0.0,0.0,0.0,0.0
2015-09-10,0.0,0.0,1.0,0.0,0.0,0.0,0.0
2015-09-11,0.0,0.0,1.0,0.0,0.0,0.0,0.0
2015-09-14,0.0,0.0,1.0,0.0,0.0,0.0,0.0
2015-09-15,0.0,0.0,1.0,0.0,0.0,0.0,0.0
2015-09-16,0.0,0.0,1.0,0.0,0.0,0.0,0.0
2015-09-17,0.0,0.0,1.0,0.0,0.0,0.0,0.0
2015-09-18,0.0,0.0,1.0,0.0,0.0,0.0,0.0
2015-09-21,0.0,0.0,1.0,0.0,0.0,0.0,0.0
2015-09-22,0.0,0.0,1.0,0.0,0.0,0.0,0.0
2015-09-23,0.0,0.0,1.0,0.0,0.0,0.0,0.0
2015-09-24,0.0,0.0,1.0,0.0,0.0,0.0,0.0
2015-09-25,0.0,0.0,1.0,0.0,0.0,0.0,0.0
2015-09-28,0.0,0.0,1.0,0.0,0.0,0.0,0.0
2015-09-29,0.0,0.0,1.0,0.0,0.0,0.0,0.0
2015-09-30,0.0,0.0,1.0,0.0,0.0,0.0,0.0
2015-10-01,0.0,0.0,1.0,0.0,0.0,0.0,0.0
2015-10-02,0.0,0.0,1.0,0.0,0.0,0.0,0.0
2015-10-05,1.0,0.0,0.0,0.0,0.0,0.0,0.0
2015-10-06,1.0,0.0,0.0,0.0,0.0,0.0,0.0
2015-10-07,1.0,0.0,0.0,0.0,0.0,0.0,0.0
2015-10-08,1.0,0.0,0.0,0.0,0.0,0.0,0.0
2015-10-09,1.0,0.0,0.0,0.0,0.0,0.0,0.0
2015-10-12,1.0,0.0,0.0,0.0,0.0,0.0,0.0
2015-10-13,1.0,0.0,0.0,0.0,0.0,0.0,0.0
2015-10-14,1.0,0.0,0.0,0.0,0.0,0.0,0.0
2015-10-15,1.0,0.0,0.0,0.0,0.0,0.0,0.0
2015-10-16,1.0,0.0,0.0,0.0,0.0,0.0,0.0
2015-10-19,1.0,0.0,0.0,0.0,0.0,0.0,0.0
2015-10-20,1.0,0.0,0.0,0.0,0.0,0.0,0.0
2015-10-21,1.0,0.0,0.0,0.0,0.0,0.0,0.0
2015-10-22,1.0,0.0,0.0,0.0,0.0,0.0,0.0
2015-10-23,1.0,0.0,0.0,0.0,0.0,0.0,0.0
2015-10-26,1.0,0.0,0.0,0.0,0.0,0.0,0.0
2015-10-27,1.0,0.0,0.0,0.0,0.0,0.0,0.0
2015-10-28,1.0,0.0,0.0,0.0,0.0,0.0,0.0
2015-10-29,1.0,0.0,0.0,0.0,0.0,0.0,0.0
2015-10-30,1.0,0.0,0.0,0.0,0.0,0.0,0.0
2015-11-02,1.0,0.0,0.0,0.0,0.0,0.0,0.0
2015-11-03,1.0,0.0,0.0,0.0,0.0,0.0,0.0
2015-11-04,1.0,0.0,0.0,0.0,0.0,0.0,0.0
2015-11-05,1.0,0.0,0.0,0.0,0.0,0.0,0.0
2015-11-06,1.0,0.0,0.0,0.0,0.0,0.0,0.0
2015-11-09,0.0,0.0,1.0,0.0,0.0,0.0,0.0
2015-11-10,0.0,0.0,1.0,0.0,0.0,0.0,0.0
2015-11-11,0.0,0.0,1.0,0.0,0.0,0.0,0.0
2015-11-12,0.0,0.0,1.0,0.0,0.0,0.0,0.0
2015-11-13,0.0,0.0,1.0,0.0,0.0,0.0,0.0
2015-11-16,0.0,0.0,1.0,0.0,0.0,0.0,0.0
2015-11-17,0.0,0.0,1.0,0.0,0.0,0.0,0.0
2015-11-18,0.0,0.0,1.0,0.0,0.0,0.0,0.0
2015-11-19,0.0,0.0,1.0,0.0,0.0,0.0,0.0
2015-11-20,0.0,0.0,1.0,0.0,0.0,0.0,0.0
2015-11-23,0.0,0.0,1.0,0.0,0.0,0.0,0.0
2015-11-24,0.0,0.0,1.0,0.0,0.0,0.0,0.0
2015-11-25,0.0,0.0,1.0,0.0,0.0,0.0,0.0
2015-11-27,0.0,0.0,1.0,0.0,0.0,0.0,0.0
2015-11-30,0.0,0.0,1.0,0.0,0.0,0.0,0.0
2015-12-01,0.0,0.0,1.0,0.0,0.0,0.0,0.0
2015-12-02,0.0,0.0,1.0,0.0,0.0,0.0,0.0
2015-12-03,0.0,0.0,1.0,0.0,0.0,0.0,0.0
2015-12-04,0.0,0.0,1.0,0.0,0.0,0.0,0.0
2015-12-07,0.0,0.0,1.0,0.0,0.0,0.0,0.0
2015-12-08,0.0,0.0,1.0,0.0,0.0,0.0,0.0
2015-12-09,0.0,0.0,1.0,0.0,0.0,0.0,0.0
2015-12-10,0.0,0.0,1.0,0.0,0.0,0.0,0.0
2015-12-11,0.0,0.0,1.0,0.0,0.0,0.0,0.0
2015-12-14,0.0,0.0,1.0,0.0,0.0,0.0,0.0
2015-12-15,0.0,0.0,1.0,0.0,0.0,0.0,0.0
2015-12-16,0.0,0.0,1.0,0.0,0.0,0.0,0.0
2015-12-17,0.0,0.0,1.0,0.0,0.0,0.0,0.0
2015-12-18,0.0,0.0,1.0,0.0,0.0,0.0,0.0
2015-12-21,0.0,0.0,1.0,0.0,0.0,0.0,0.0
2015-12-22,0.0,0.0,1.0,0.0,0.0,0.0,0.0
2015-12-23,0.0,0.0,1.0,0.0,0.0,0.0,0.0
2015-12-24,0.0,0.0,1.0,0.0,0.0,0.0,0.0
2015-12-28,0.0,0.0,1.0,0.0,0.0,0.0,0.0
2015-12-29,0.0,0.0,1.0,0.0,0.0,0.0,0.0
2015-12-30,0.0,0.0,1.0,0.0,0.0,0.0,0.0
2015-12-31,0.0,0.0,1.0,0.0,0.0,0.0,0.0
2016-01-04,0.0,0.0,1.0,0.0,0.0,0.0,0.0
2016-01-05,0.0,0.0,1.0,0.0,0.0,0.0,0.0
2016-01-06,0.0,0.0,1.0,0.0,0.0,0.0,0.0
2016-01-07,0.0,0.0,1.0,0.0,0.0,0.0,0.0
2016-01-08,0.0,0.0,1.0,0.0,0.0,0.0,0.0
2016-01-11,0.0,0.0,1.0,0.0,0.0,0.0,0.0
2016-01-12,0.0,0.0,1.0,0.0,0.0,0.0,0.0
2016-01-13,0.0,0.0,1.0,0.0,0.0,0.0,0.0
2016-01-14,0.0,0.0,1.0,0.0,0.0,0.0,0.0
2016-01-15,0.0,0.0,1.0,0.0,0.0,0.0,0.0
2016-01-19,0.0,0.0,1.0,0.0,0.0,0.0,0.0
2016-01-20,0.0,0.0,1.0,0.0,0.0,0.0,0.0
2016-01-21,0.0,0.0,1.0,0.0,0.0,0.0,0.0
2016-01-22,0.0,0.0,1.0,0.0,0.0,0.0,0.0
2016-01-25,0.0,0.0,1.0,0.0,0.0,0.0,0.0
2016-01-26,0.0,0.0,1.0,0.0,0.0,0.0,0.0
2016-01-27,0.0,0.0,1.0,0.0,0.0,0.0,0.0
2016-01-28,0.0,0.0,1.0,0.0,0.0,0.0,0.0
2016-01-29,1.0,0.0,0.0,0.0,0.0,0.0,0.0
2016-02-01,1.0,0.0,0.0,0.0,0.0,0.0,0.0
2016-02-02,1.0,0.0,0.0,0.0,0.0,0.0,0.0
2016-02-03,1.0,0.0,0.0,0.0,0.0,0.0,0.0
2016-02-04,1.0,0.0,0.0,0.0,0.0,0.0,0.0
2016-02-05,1.0,0.0,0.0,0.0,0.0,0.0,0.0
2016-02-08,1.0,0.0,0.0,0.0,0.0,0.0,0.0
2016-02-09,1.0,0.0,0.0,0.0,0.0,0.0,0.0
2016-02-10,1.0,0.0,0.0,0.0,0.0,0.0,0.0
2016-02-11,1.0,0.0,0.0,0.0,0.0,0.0,0.0
2016-02-12,1.0,0.0,0.0,0.0,0.0,0.0,0.0
2016-02-16,1.0,0.0,0.0,0.0,0.0,0.0,0.0
2016-02-17,1.0,0.0,0.0,0.0,0.0,0.0,0.0
2016-02-18,1.0,0.0,0.0,0.0,0.0,0.0,0.0
2016-02-19,1.0,0.0,0.0,0.0,0.0,0.0,0.0
2016-02-22,1.0,0.0,0.0,0.0,0.0,0.0,0.0
2016-02-23,1.0,0.0,0.0,0.0,0.0,0.0,0.0
2016-02-24,1.0,0.0,0.0,0.0,0.0,0.0,0.0
2016-02-25,1.0,0.0,0.0,0.0,0.0,0.0,0.0
2016-02-26,1.0,0.0,0.0,0.0,0.0,0.0,0.0
2016-02-29,1.0,0.0,0.0,0.0,0.0,0.0,0.0
2016-03-01,1.0,0.0,0.0,0.0,0.0,0.0,0.0
2016-03-02,1.0,0.0,0.0,0.0,0.0,0.0,0.0
2016-03-03,1.0,0.0,0.0,0.0,0.0,0.0,0.0
2016-03-04,1.0,0.0,0.0,0.0,0.0,0.0,0.0
2016-03-07,1.0,0.0,0.0,0.0,0.0,0.0,0.0
2016-03-08,1.0,0.0,0.0,0.0,0.0,0.0,0.0
2016-03-09,1.0,0.0,0.0,0.0,0.0,0.0,0.0
2016-03-10,1.0,0.0,0.0,0.0,0.0,0.0,0.0
2016-03-11,1.0,0.0,0.0,0.0,0.0,0.0,0.0
2016-03-14,1.0,0.0,0.0,0.0,0.0,0.0,0.0
2016-03-15,1.0,0.0,0.0,0.0,0.0,0.0,0.0
2016-03-16,1.0,0.0,0.0,0.0,0.0,0.0,0.0
2016-03-17,1.0,0.0,0.0,0.0,0.0,0.0,0.0
2016-03-18,1.0,0.0,0.0,0.0,0.0,0.0,0.0
2016-03-21,1.0,0.0,0.0,0.0,0.0,0.0,0.0
2016-03-22,1.0,0.0,0.0,0.0,0.0,0.0,0.0
2016-03-23,1.0,0.0,0.0,0.0,0.0,0.0,0.0
2016-03-24,1.0,0.0,0.0,0.0,0.0,0.0,0.0
2016-03-28,1.0,0.0,0.0,0.0,0.0,0.0,0.0
2016-03-29,1.0,0.0,0.0,0.0,0.0,0.0,0.0
2016-03-30,1.0,0.0,0.0,0.0,0.0,0.0,0.0
2016-03-31,1.0,0.0,0.0,0.0,0.0,0.0,0.0
2016-04-01,1.0,0.0,0.0,0.0,0.0,0.0,0.0
2016-04-04,1.0,0.0,0.0,0.0,0.0,0.0,0.0
2016-04-05,1.0,0.0,0.0,0.0,0.0,0.0,0.0
2016-04-06,1.0,0.0,0.0,0.0,0.0,0.0,0.0
2016-04-07,1.0,0.0,0.0,0.0,0.0,0.0,0.0
2016-04-08,1.0,0.0,0.0,0.0,0.0,0.0,0.0
2016-04-11,1.0,0.0,0.0,0.0,0.0,0.0,0.0
2016-04-12,1.0,0.0,0.0,0.0,0.0,0.0,0.0
2016-04-13,1.0,0.0,0.0,0.0,0.0,0.0,0.0
2016-04-14,1.0,0.0,0.0,0.0,0.0,0.0,0.0
2016-04-15,1.0,0.0,0.0,0.0,0.0,0.0,0.0
2016-04-18,1.0,0.0,0.0,0.0,0.0,0.0,0.0
2016-04-19,1.0,0.0,0.0,0.0,0.0,0.0,0.0
2016-04-20,1.0,0.0,0.0,0.0,0.0,0.0,0.0
2016-04-21,1.0,0.0,0.0,0.0,0.0,0.0,0.0
2016-04-22,1.0,0.0,0.0,0.0,0.0,0.0,0.0
2016-04-25,1.0,0.0,0.0,0.0,0.0,0.0,0.0
2016-04-26,1.0,0.0,0.0,0.0,0.0,0.0,0.0
2016-04-27,1.0,0.0,0.0,0.0,0.0,0.0,0.0
2016-04-28,1.0,0.0,0.0,0.0,0.0,0.0,0.0
2016-04-29,1.0,0.0,0.0,0.0,0.0,0.0,0.0
2016-05-02,1.0,0.0,0.0,0.0,0.0,0.0,0.0
2016-05-03,1.0,0.0,0.0,0.0,0.0,0.0,0.0
2016-05-04,1.0,0.0,0.0,0.0,0.0,0.0,0.0
2016-05-05,1.0,0.0,0.0,0.0,0.0,0.0,0.0
2016-05-06,1.0,0.0,0.0,0.0,0.0,0.0,0.0
2016-05-09,1.0,0.0,0.0,0.0,0.0,0.0,0.0
2016-05-10,1.0,0.0,0.0,0.0,0.0,0.0,0.0
2016-05-11,1.0,0.0,0.0,0.0,0.0,0.0,0.0
2016-05-12,1.0,0.0,0.0,0.0,0.0,0.0,0.0
2016-05-13,1.0,0.0,0.0,0.0,0.0,0.0,0.0
2016-05-16,1.0,0.0,0.0,0.0,0.0,0.0,0.0
2016-05-17,1.0,0.0,0.0,0.0,0.0,0.0,0.0
2016-05-18,1.0,0.0,0.0,0.0,0.0,0.0,0.0
2016-05-19,1.0,0.0,0.0,0.0,0.0,0.0,0.0
2016-05-20,1.0,0.0,0.0,0.0,0.0,0.0,0.0
2016-05-23,1.0,0.0,0.0,0.0,0.0,0.0,0.0
2016-05-24,1.0,0.0,0.0,0.0,0.0,0.0,0.0
2016-05-25,1.0,0.0,0.0,0.0,0.0,0.0,0.0
2016-05-26,1.0,0.0,0.0,0.0,0.0,0.0,0.0
2016-05-27,1.0,0.0,0.0,0.0,0.0,0.0,0.0
2016-05-31,1.0,0.0,0.0,0.0,0.0,0.0,0.0
2016-06-01,1.0,0.0,0.0,0.0,0.0,0.0,0.0
2016-06-02,1.0,0.0,0.0,0.0,0.0,0.0,0.0
2016-06-03,1.0,0.0,0.0,0.0,0.0,0.0,0.0
2016-06-06,1.0,0.0,0.0,0.0,0.0,0.0,0.0
2016-06-07,1.0,0.0,0.0,0.0,0.0,0.0,0.0
2016-06-08,1.0,0.0,0.0,0.0,0.0,0.0,0.0
2016-06-09,1.0,0.0,0.0,0.0,0.0,0.0,0.0
2016-06-10,1.0,0.0,0.0,0.0,0.0,0.0,0.0
2016-06-13,1.0,0.0,0.0,0.0,0.0,0.0,0.0
2016-06-14,1.0,0.0,0.0,0.0,0.0,0.0,0.0
2016-06-15,1.0,0.0,0.0,0.0,0.0,0.0,0.0
2016-06-16,1.0,0.0,0.0,0.0,0.0,0.0,0.0
2016-06-17,1.0,0.0,0.0,0.0,0.0,0.0,0.0
2016-06-20,1.0,0.0,0.0,0.0,0.0,0.0,0.0
2016-06-21,1.0,0.0,0.0,0.0,0.0,0.0,0.0
2016-06-22,1.0,0.0,0.0,0.0,0.0,0.0,0.0
2016-06-23,1.0,0.0,0.0,0.0,0.0,0.0,0.0
2016-06-24,1.0,0.0,0.0,0.0,0.0,0.0,0.0
2016-06-27,1.0,0.0,0.0,0.0,0.0,0.0,0.0
2016-06-28,1.0,0.0,0.0,0.0,0.0,0.0,0.0
2016-06-29,1.0,0.0,0.0,0.0,0.0,0.0,0.0
2016-06-30,1.0,0.0,0.0,0.0,0.0,0.0,0.0
2016-07-01,1.0,0.0,0.0,0.0,0.0,0.0,0.0
2016-07-05,1.0,0.0,0.0,0.0,0.0,0.0,0.0
2016-07-06,0.5791478601189207,0.4208521398810793,0.0,0.0,0.0,0.0,0.0
2016-07-07,0.5791478601189207,0.4208521398810793,0.0,0.0,0.0,0.0,0.0
2016-07-08,0.5791478601189207,0.4208521398810793,0.0,0.0,0.0,0.0,0.0
2016-07-11,0.5791478601189207,0.4208521398810793,0.0,0.0,0.0,0.0,0.0
2016-07-12,0.5791478601189207,0.4208521398810793,0.0,0.0,0.0,0.0,0.0
2016-07-13,0.5791478601189207,0.4208521398810793,0.0,0.0,0.0,0.0,0.0
2016-07-14,0.5791478601189207,0.4208521398810793,0.0,0.0,0.0,0.0,0.0
2016-07-15,0.5791478601189207,0.4208521398810793,0.0,0.0,0.0,0.0,0.0
2016-07-18,0.5791478601189207,0.4208521398810793,0.0,0.0,0.0,0.0,0.0
2016-07-19,0.5791478601189207,0.4208521398810793,0.0,0.0,0.0,0.0,0.0
2016-07-20,0.5791478601189207,0.4208521398810793,0.0,0.0,0.0,0.0,0.0
2016-07-21,0.5791478601189207,0.4208521398810793,0.0,0.0,0.0,0.0,0.0
2016-07-22,0.5791478601189207,0.4208521398810793,0.0,0.0,0.0,0.0,0.0
2016-07-25,0.5791478601189207,0.4208521398810793,0.0,0.0,0.0,0.0,0.0
2016-07-26,0.5791478601189207,0.4208521398810793,0.0,0.0,0.0,0.0,0.0
2016-07-27,0.5791478601189207,0.4208521398810793,0.0,0.0,0.0,0.0,0.0
2016-07-28,0.5791478601189207,0.4208521398810793,0.0,0.0,0.0,0.0,0.0
2016-07-29,0.5791478601189207,0.4208521398810793,0.0,0.0,0.0,0.0,0.0
2016-08-01,0.5862552602161877,0.41374473978381227,0.0,0.0,0.0,0.0,0.0
2016-08-02,0.5862552602161877,0.41374473978381227,0.0,0.0,0.0,0.0,0.0
2016-08-03,0.5862552602161877,0.41374473978381227,0.0,0.0,0.0,0.0,0.0
2016-08-04,0.5862552602161877,0.41374473978381227,0.0,0.0,0.0,0.0,0.0
2016-08-05,0.5862552602161877,0.41374473978381227,0.0,0.0,0.0,0.0,0.0
2016-08-08,0.5862552602161877,0.41374473978381227,0.0,0.0,0.0,0.0,0.0
2016-08-09,0.5862552602161877,0.41374473978381227,0.0,0.0,0.0,0.0,0.0
2016-08-10,0.5862552602161877,0.41374473978381227,0.0,0.0,0.0,0.0,0.0
2016-08-11,0.5862552602161877,0.41374473978381227,0.0,0.0,0.0,0.0,0.0
2016-08-12,0.5862552602161877,0.41374473978381227,0.0,0.0,0.0,0.0,0.0
2016-08-15,0.5862552602161877,0.41374473978381227,0.0,0.0,0.0,0.0,0.0
2016-08-16,0.5862552602161877,0.41374473978381227,0.0,0.0,0.0,0.0,0.0
2016-08-17,0.5862552602161877,0.41374473978381227,0.0,0.0,0.0,0.0,0.0
2016-08-18,0.5862552602161877,0.41374473978381227,0.0,0.0,0.0,0.0,0.0
2016-08-19,0.5862552602161877,0.41374473978381227,0.0,0.0,0.0,0.0,0.0
2016-08-22,0.5862552602161877,0.41374473978381227,0.0,0.0,0.0,0.0,0.0
2016-08-23,0.5862552602161877,0.41374473978381227,0.0,0.0,0.0,0.0,0.0
2016-08-24,0.5862552602161877,0.41374473978381227,0.0,0.0,0.0,0.0,0.0
2016-08-25,0.5862552602161877,0.41374473978381227,0.0,0.0,0.0,0.0,0.0
2016-08-26,0.5862552602161877,0.41374473978381227,0.0,0.0,0.0,0.0,0.0
2016-08-29,0.5862552602161877,0.41374473978381227,0.0,0.0,0.0,0.0,0.0
2016-08-30,0.5862552602161877,0.41374473978381227,0.0,0.0,0.0,0.0,0.0
2016-08-31,0.5862552602161877,0.41374473978381227,0.0,0.0,0.0,0.0,0.0
2016-09-01,0.5858911453954777,0.41410885460452224,0.0,0.0,0.0,0.0,0.0
2016-09-02,0.5858911453954777,0.41410885460452224,0.0,0.0,0.0,0.0,0.0
2016-09-06,0.5858911453954777,0.41410885460452224,0.0,0.0,0.0,0.0,0.0
2016-09-07,0.5858911453954777,0.41410885460452224,0.0,0.0,0.0,0.0,0.0
2016-09-08,0.5858911453954777,0.41410885460452224,0.0,0.0,0.0,0.0,0.0
2016-09-09,0.5858911453954777,0.41410885460452224,0.0,0.0,0.0,0.0,0.0
2016-09-12,0.5858911453954777,0.41410885460452224,0.0,0.0,0.0,0.0,0.0
2016-09-13,0.5858911453954777,0.41410885460452224,0.0,0.0,0.0,0.0,0.0
2016-09-14,0.5858911453954777,0.41410885460452224,0.0,0.0,0.0,0.0,0.0
2016-09-15,0.5858911453954777,0.41410885460452224,0.0,0.0,0.0,0.0,0.0
2016-09-16,0.5858911453954777,0.41410885460452224,0.0,0.0,0.0,0.0,0.0
2016-09-19,0.5858911453954777,0.41410885460452224,0.0,0.0,0.0,0.0,0.0
2016-09-20,0.5858911453954777,0.41410885460452224,0.0,0.0,0.0,0.0,0.0
2016-09-21,0.5858911453954777,0.41410885460452224,0.0,0.0,0.0,0.0,0.0
2016-09-22,0.5858911453954777,0.41410885460452224,0.0,0.0,0.0,0.0,0.0
2016-09-23,0.5858911453954777,0.41410885460452224,0.0,0.0,0.0,0.0,0.0
2016-09-26,0.5858911453954777,0.41410885460452224,0.0,0.0,0.0,0.0,0.0
2016-09-27,0.5858911453954777,0.41410885460452224,0.0,0.0,0.0,0.0,0.0
2016-09-28,0.5858911453954777,0.41410885460452224,0.0,0.0,0.0,0.0,0.0
2016-09-29,0.5858911453954777,0.41410885460452224,0.0,0.0,0.0,0.0,0.0
2016-09-30,0.5858911453954777,0.41410885460452224,0.0,0.0,0.0,0.0,0.0
2016-10-03,0.5550487352881633,0.4449512647118366,0.0,0.0,0.0,0.0,0.0
2016-10-04,0.5550487352881633,0.4449512647118366,0.0,0.0,0.0,0.0,0.0
2016-10-05,0.5550487352881633,0.4449512647118366,0.0,0.0,0.0,0.0,0.0
2016-10-06,0.5550487352881633,0.4449512647118366,0.0,0.0,0.0,0.0,0.0
2016-10-07,0.5550487352881633,0.4449512647118366,0.0,0.0,0.0,0.0,0.0
2016-10-10,0.5550487352881633,0.4449512647118366,0.0,0.0,0.0,0.0,0.0
2016-10-11,0.5550487352881633,0.4449512647118366,0.0,0.0,0.0,0.0,0.0
2016-10-12,0.5550487352881633,0.4449512647118366,0.0,0.0,0.0,0.0,0.0
2016-10-13,0.5550487352881633,0.4449512647118366,0.0,0.0,0.0,0.0,0.0
2016-10-14,0.5550487352881633,0.4449512647118366,0.0,0.0,0.0,0.0,0.0
2016-10-17,0.5550487352881633,0.4449512647118366,0.0,0.0,0.0,0.0,0.0
2016-10-18,0.5550487352881633,0.4449512647118366,0.0,0.0,0.0,0.0,0.0
2016-10-19,0.5550487352881633,0.4449512647118366,0.0,0.0,0.0,0.0,0.0
2016-10-20,0.5550487352881633,0.4449512647118366,0.0,0.0,0.0,0.0,0.0
2016-10-21,0.5550487352881633,0.4449512647118366,0.0,0.0,0.0,0.0,0.0
2016-10-24,0.5550487352881633,0.4449512647118366,0.0,0.0,0.0,0.0,0.0
2016-10-25,0.5550487352881633,0.4449512647118366,0.0,0.0,0.0,0.0,0.0
2016-10-26,0.5550487352881633,0.4449512647118366,0.0,0.0,0.0,0.0,0.0
2016-10-27,0.5550487352881633,0.4449512647118366,0.0,0.0,0.0,0.0,0.0
2016-10-28,0.5550487352881633,0.4449512647118366,0.0,0.0,0.0,0.0,0.0
2016-10-31,1.0,0.0,0.0,0.0,0.0,0.0,0.0
2016-11-01,1.0,0.0,0.0,0.0,0.0,0.0,0.0
2016-11-02,1.0,0.0,0.0,0.0,0.0,0.0,0.0
2016-11-03,1.0,0.0,0.0,0.0,0.0,0.0,0.0
2016-11-04,1.0,0.0,0.0,0.0,0.0,0.0,0.0
2016-11-07,1.0,0.0,0.0,0.0,0.0,0.0,0.0
2016-11-08,1.0,0.0,0.0,0.0,0.0,0.0,0.0
2016-11-09,1.0,0.0,0.0,0.0,0.0,0.0,0.0
2016-11-10,1.0,0.0,0.0,0.0,0.0,0.0,0.0
2016-11-11,1.0,0.0,0.0,0.0,0.0,0.0,0.0
2016-11-14,1.0,0.0,0.0,0.0,0.0,0.0,0.0
2016-11-15,1.0,0.0,0.0,0.0,0.0,0.0,0.0
2016-11-16,1.0,0.0,0.0,0.0,0.0,0.0,0.0
2016-11-17,1.0,0.0,0.0,0.0,0.0,0.0,0.0
2016-11-18,1.0,0.0,0.0,0.0,0.0,0.0,0.0
2016-11-21,1.0,0.0,0.0,0.0,0.0,0.0,0.0
2016-11-22,1.0,0.0,0.0,0.0,0.0,0.0,0.0
2016-11-23,1.0,0.0,0.0,0.0,0.0,0.0,0.0
2016-11-25,1.0,0.0,0.0,0.0,0.0,0.0,0.0
2016-11-28,1.0,0.0,0.0,0.0,0.0,0.0,0.0
2016-11-29,1.0,0.0,0.0,0.0,0.0,0.0,0.0
2016-11-30,1.0,0.0,0.0,0.0,0.0,0.0,0.0
2016-12-01,1.0,0.0,0.0,0.0,0.0,0.0,0.0
2016-12-02,1.0,0.0,0.0,0.0,0.0,0.0,0.0
2016-12-05,1.0,0.0,0.0,0.0,0.0,0.0,0.0
2016-12-06,1.0,0.0,0.0,0.0,0.0,0.0,0.0
2016-12-07,1.0,0.0,0.0,0.0,0.0,0.0,0.0
2016-12-08,1.0,0.0,0.0,0.0,0.0,0.0,0.0
2016-12-09,1.0,0.0,0.0,0.0,0.0,0.0,0.0
2016-12-12,1.0,0.0,0.0,0.0,0.0,0.0,0.0
2016-12-13,1.0,0.0,0.0,0.0,0.0,0.0,0.0
2016-12-14,1.0,0.0,0.0,0.0,0.0,0.0,0.0
2016-12-15,1.0,0.0,0.0,0.0,0.0,0.0,0.0
2016-12-16,1.0,0.0,0.0,0.0,0.0,0.0,0.0
2016-12-19,1.0,0.0,0.0,0.0,0.0,0.0,0.0
2016-12-20,1.0,0.0,0.0,0.0,0.0,0.0,0.0
2016-12-21,1.0,0.0,0.0,0.0,0.0,0.0,0.0
2016-12-22,1.0,0.0,0.0,0.0,0.0,0.0,0.0
2016-12-23,1.0,0.0,0.0,0.0,0.0,0.0,0.0
2016-12-27,1.0,0.0,0.0,0.0,0.0,0.0,0.0
2016-12-28,1.0,0.0,0.0,0.0,0.0,0.0,0.0
2016-12-29,1.0,0.0,0.0,0.0,0.0,0.0,0.0
2016-12-30,1.0,0.0,0.0,0.0,0.0,0.0,0.0
2017-01-03,1.0,0.0,0.0,0.0,0.0,0.0,0.0
2017-01-04,1.0,0.0,0.0,0.0,0.0,0.0,0.0
2017-01-05,1.0,0.0,0.0,0.0,0.0,0.0,0.0
2017-01-06,1.0,0.0,0.0,0.0,0.0,0.0,0.0
2017-01-09,1.0,0.0,0.0,0.0,0.0,0.0,0.0
2017-01-10,1.0,0.0,0.0,0.0,0.0,0.0,0.0
2017-01-11,1.0,0.0,0.0,0.0,0.0,0.0,0.0
2017-01-12,1.0,0.0,0.0,0.0,0.0,0.0,0.0
2017-01-13,1.0,0.0,0.0,0.0,0.0,0.0,0.0
2017-01-17,1.0,0.0,0.0,0.0,0.0,0.0,0.0
2017-01-18,1.0,0.0,0.0,0.0,0.0,0.0,0.0
2017-01-19,1.0,0.0,0.0,0.0,0.0,0.0,0.0
2017-01-20,1.0,0.0,0.0,0.0,0.0,0.0,0.0
2017-01-23,1.0,0.0,0.0,0.0,0.0,0.0,0.0
2017-01-24,1.0,0.0,0.0,0.0,0.0,0.0,0.0
2017-01-25,1.0,0.0,0.0,0.0,0.0,0.0,0.0
2017-01-26,1.0,0.0,0.0,0.0,0.0,0.0,0.0
2017-01-27,1.0,0.0,0.0,0.0,0.0,0.0,0.0
2017-01-30,1.0,0.0,0.0,0.0,0.0,0.0,0.0
2017-01-31,1.0,0.0,0.0,0.0,0.0,0.0,0.0
2017-02-01,1.0,0.0,0.0,0.0,0.0,0.0,0.0
2017-02-02,1.0,0.0,0.0,0.0,0.0,0.0,0.0
2017-02-03,1.0,0.0,0.0,0.0,0.0,0.0,0.0
2017-02-06,1.0,0.0,0.0,0.0,0.0,0.0,0.0
2017-02-07,1.0,0.0,0.0,0.0,0.0,0.0,0.0
2017-02-08,1.0,0.0,0.0,0.0,0.0,0.0,0.0
2017-02-09,1.0,0.0,0.0,0.0,0.0,0.0,0.0
2017-02-10,1.0,0.0,0.0,0.0,0.0,0.0,0.0
2017-02-13,1.0,0.0,0.0,0.0,0.0,0.0,0.0
2017-02-14,1.0,0.0,0.0,0.0,0.0,0.0,0.0
2017-02-15,1.0,0.0,0.0,0.0,0.0,0.0,0.0
2017-02-16,1.0,0.0,0.0,0.0,0.0,0.0,0.0
2017-02-17,1.0,0.0,0.0,0.0,0.0,0.0,0.0
2017-02-21,1.0,0.0,0.0,0.0,0.0,0.0,0.0
2017-02-22,1.0,0.0,0.0,0.0,0.0,0.0,0.0
2017-02-23,1.0,0.0,0.0,0.0,0.0,0.0,0.0
2017-02-24,1.0,0.0,0.0,0.0,0.0,0.0,0.0
2017-02-27,1.0,0.0,0.0,0.0,0.0,0.0,0.0
2017-02-28,1.0,0.0,0.0,0.0,0.0,0.0,0.0
2017-03-01,1.0,0.0,0.0,0.0,0.0,0.0,0.0
2017-03-02,1.0,0.0,0.0,0.0,0.0,0.0,0.0
2017-03-03,1.0,0.0,0.0,0.0,0.0,0.0,0.0
2017-03-06,1.0,0.0,0.0,0.0,0.0,0.0,0.0
2017-03-07,1.0,0.0,0.0,0.0,0.0,0.0,0.0
2017-03-08,1.0,0.0,0.0,0.0,0.0,0.0,0.0
2017-03-09,1.0,0.0,0.0,0.0,0.0,0.0,0.0
2017-03-10,1.0,0.0,0.0,0.0,0.0,0.0,0.0
2017-03-13,1.0,0.0,0.0,0.0,0.0,0.0,0.0
2017-03-14,1.0,0.0,0.0,0.0,0.0,0.0,0.0
2017-03-15,1.0,0.0,0.0,0.0,0.0,0.0,0.0
2017-03-16,1.0,0.0,0.0,0.0,0.0,0.0,0.0
2017-03-17,1.0,0.0,0.0,0.0,0.0,0.0,0.0
2017-03-20,1.0,0.0,0.0,0.0,0.0,0.0,0.0
2017-03-21,1.0,0.0,0.0,0.0,0.0,0.0,0.0
2017-03-22,1.0,0.0,0.0,0.0,0.0,0.0,0.0
2017-03-23,1.0,0.0,0.0,0.0,0.0,0.0,0.0
2017-03-24,1.0,0.0,0.0,0.0,0.0,0.0,0.0
2017-03-27,1.0,0.0,0.0,0.0,0.0,0.0,0.0
2017-03-28,1.0,0.0,0.0,0.0,0.0,0.0,0.0
2017-03-29,1.0,0.0,0.0,0.0,0.0,0.0,0.0
2017-03-30,1.0,0.0,0.0,0.0,0.0,0.0,0.0
2017-03-31,1.0,0.0,0.0,0.0,0.0,0.0,0.0
2017-04-03,1.0,0.0,0.0,0.0,0.0,0.0,0.0
2017-04-04,1.0,0.0,0.0,0.0,0.0,0.0,0.0
2017-04-05,1.0,0.0,0.0,0.0,0.0,0.0,0.0
2017-04-06,1.0,0.0,0.0,0.0,0.0,0.0,0.0
2017-04-07,1.0,0.0,0.0,0.0,0.0,0.0,0.0
2017-04-10,1.0,0.0,0.0,0.0,0.0,0.0,0.0
2017-04-11,1.0,0.0,0.0,0.0,0.0,0.0,0.0
2017-04-12,1.0,0.0,0.0,0.0,0.0,0.0,0.0
2017-04-13,1.0,0.0,0.0,0.0,0.0,0.0,0.0
2017-04-17,1.0,0.0,0.0,0.0,0.0,0.0,0.0
2017-04-18,1.0,0.0,0.0,0.0,0.0,0.0,0.0
2017-04-19,1.0,0.0,0.0,0.0,0.0,0.0,0.0
2017-04-20,1.0,0.0,0.0,0.0,0.0,0.0,0.0
2017-04-21,1.0,0.0,0.0,0.0,0.0,0.0,0.0
2017-04-24,1.0,0.0,0.0,0.0,0.0,0.0,0.0
2017-04-25,1.0,0.0,0.0,0.0,0.0,0.0,0.0
2017-04-26,1.0,0.0,0.0,0.0,0.0,0.0,0.0
2017-04-27,1.0,0.0,0.0,0.0,0.0,0.0,0.0
2017-04-28,1.0,0.0,0.0,0.0,0.0,0.0,0.0
2017-05-01,1.0,0.0,0.0,0.0,0.0,0.0,0.0
2017-05-02,1.0,0.0,0.0,0.0,0.0,0.0,0.0
2017-05-03,1.0,0.0,0.0,0.0,0.0,0.0,0.0
2017-05-04,1.0,0.0,0.0,0.0,0.0,0.0,0.0
2017-05-05,1.0,0.0,0.0,0.0,0.0,0.0,0.0
2017-05-08,1.0,0.0,0.0,0.0,0.0,0.0,0.0
2017-05-09,1.0,0.0,0.0,0.0,0.0,0.0,0.0
2017-05-10,1.0,0.0,0.0,0.0,0.0,0.0,0.0
2017-05-11,1.0,0.0,0.0,0.0,0.0,0.0,0.0
2017-05-12,1.0,0.0,0.0,0.0,0.0,0.0,0.0
2017-05-15,1.0,0.0,0.0,0.0,0.0,0.0,0.0
2017-05-16,1.0,0.0,0.0,0.0,0.0,0.0,0.0
2017-05-17,1.0,0.0,0.0,0.0,0.0,0.0,0.0
2017-05-18,1.0,0.0,0.0,0.0,0.0,0.0,0.0
2017-05-19,1.0,0.0,0.0,0.0,0.0,0.0,0.0
2017-05-22,1.0,0.0,0.0,0.0,0.0,0.0,0.0
2017-05-23,1.0,0.0,0.0,0.0,0.0,0.0,0.0
2017-05-24,1.0,0.0,0.0,0.0,0.0,0.0,0.0
2017-05-25,1.0,0.0,0.0,0.0,0.0,0.0,0.0
2017-05-26,1.0,0.0,0.0,0.0,0.0,0.0,0.0
2017-05-30,1.0,0.0,0.0,0.0,0.0,0.0,0.0
2017-05-31,1.0,0.0,0.0,0.0,0.0,0.0,0.0
2017-06-01,1.0,0.0,0.0,0.0,0.0,0.0,0.0
2017-06-02,1.0,0.0,0.0,0.0,0.0,0.0,0.0
2017-06-05,0.5801334787542686,0.4198665212457314,0.0,0.0,0.0,0.0,0.0
2017-06-06,0.5801334787542686,0.4198665212457314,0.0,0.0,0.0,0.0,0.0
2017-06-07,0.5801334787542686,0.4198665212457314,0.0,0.0,0.0,0.0,0.0
2017-06-08,0.5801334787542686,0.4198665212457314,0.0,0.0,0.0,0.0,0.0
2017-06-09,0.5801334787542686,0.4198665212457314,0.0,0.0,0.0,0.0,0.0
2017-06-12,0.5801334787542686,0.4198665212457314,0.0,0.0,0.0,0.0,0.0
2017-06-13,0.5801334787542686,0.4198665212457314,0.0,0.0,0.0,0.0,0.0
2017-06-14,0.5801334787542686,0.4198665212457314,0.0,0.0,0.0,0.0,0.0
2017-06-15,0.5801334787542686,0.4198665212457314,0.0,0.0,0.0,0.0,0.0
2017-06-16,0.5801334787542686,0.4198665212457314,0.0,0.0,0.0,0.0,0.0
2017-06-19,0.5801334787542686,0.4198665212457314,0.0,0.0,0.0,0.0,0.0
2017-06-20,0.5801334787542686,0.4198665212457314,0.0,0.0,0.0,0.0,0.0
2017-06-21,0.5801334787542686,0.4198665212457314,0.0,0.0,0.0,0.0,0.0
2017-06-22,0.5801334787542686,0.4198665212457314,0.0,0.0,0.0,0.0,0.0
2017-06-23,0.5801334787542686,0.4198665212457314,0.0,0.0,0.0,0.0,0.0
2017-06-26,0.5801334787542686,0.4198665212457314,0.0,0.0,0.0,0.0,0.0
2017-06-27,0.5801334787542686,0.4198665212457314,0.0,0.0,0.0,0.0,0.0
2017-06-28,0.5801334787542686,0.4198665212457314,0.0,0.0,0.0,0.0,0.0
2017-06-29,0.5801334787542686,0.4198665212457314,0.0,0.0,0.0,0.0,0.0
2017-06-30,0.5801334787542686,0.4198665212457314,0.0,0.0,0.0,0.0,0.0
2017-07-03,0.5743580226906203,0.4256419773093797,0.0,0.0,0.0,0.0,0.0
2017-07-05,0.5743580226906203,0.4256419773093797,0.0,0.0,0.0,0.0,0.0
2017-07-06,0.5743580226906203,0.4256419773093797,0.0,0.0,0.0,0.0,0.0
2017-07-07,0.5743580226906203,0.4256419773093797,0.0,0.0,0.0,0.0,0.0
2017-07-10,0.5743580226906203,0.4256419773093797,0.0,0.0,0.0,0.0,0.0
2017-07-11,0.5743580226906203,0.4256419773093797,0.0,0.0,0.0,0.0,0.0
2017-07-12,0.5743580226906203,0.4256419773093797,0.0,0.0,0.0,0.0,0.0
2017-07-13,0.5743580226906203,0.4256419773093797,0.0,0.0,0.0,0.0,0.0
2017-07-14,0.5743580226906203,0.4256419773093797,0.0,0.0,0.0,0.0,0.0
2017-07-17,0.5743580226906203,0.4256419773093797,0.0,0.0,0.0,0.0,0.0
2017-07-18,0.5743580226906203,0.4256419773093797,0.0,0.0,0.0,0.0,0.0
2017-07-19,0.5743580226906203,0.4256419773093797,0.0,0.0,0.0,0.0,0.0
2017-07-20,0.5743580226906203,0.4256419773093797,0.0,0.0,0.0,0.0,0.0
2017-07-21,0.5743580226906203,0.4256419773093797,0.0,0.0,0.0,0.0,0.0
2017-07-24,0.5743580226906203,0.4256419773093797,0.0,0.0,0.0,0.0,0.0
2017-07-25,0.5743580226906203,0.4256419773093797,0.0,0.0,0.0,0.0,0.0
2017-07-26,0.5743580226906203,0.4256419773093797,0.0,0.0,0.0,0.0,0.0
2017-07-27,0.5743580226906203,0.4256419773093797,0.0,0.0,0.0,0.0,0.0
2017-07-28,0.5743580226906203,0.4256419773093797,0.0,0.0,0.0,0.0,0.0
2017-07-31,0.5743580226906203,0.4256419773093797,0.0,0.0,0.0,0.0,0.0
2017-08-01,0.5809215338182118,0.41907846618178823,0.0,0.0,0.0,0.0,0.0
2017-08-02,0.5809215338182118,0.41907846618178823,0.0,0.0,0.0,0.0,0.0
2017-08-03,0.5809215338182118,0.41907846618178823,0.0,0.0,0.0,0.0,0.0
2017-08-04,0.5809215338182118,0.41907846618178823,0.0,0.0,0.0,0.0,0.0
2017-08-07,0.5809215338182118,0.41907846618178823,0.0,0.0,0.0,0.0,0.0
2017-08-08,0.5809215338182118,0.41907846618178823,0.0,0.0,0.0,0.0,0.0
2017-08-09,0.5809215338182118,0.41907846618178823,0.0,0.0,0.0,0.0,0.0
2017-08-10,0.5809215338182118,0.41907846618178823,0.0,0.0,0.0,0.0,0.0
2017-08-11,0.0,0.0,0.0,0.0,0.0,0.0,1.0
2017-08-14,0.0,0.0,0.0,0.0,0.0,0.0,1.0
2017-08-15,0.0,0.0,0.0,0.0,0.0,0.0,1.0
2017-08-16,0.0,0.0,0.0,0.0,0.0,0.0,1.0
2017-08-17,0.5809215338182118,0.41907846618178823,0.0,0.0,0.0,0.0,0.0
2017-08-18,0.5809215338182118,0.41907846618178823,0.0,0.0,0.0,0.0,0.0
2017-08-21,0.5809215338182118,0.41907846618178823,0.0,0.0,0.0,0.0,0.0
2017-08-22,0.5809215338182118,0.41907846618178823,0.0,0.0,0.0,0.0,0.0
2017-08-23,0.5809215338182118,0.41907846618178823,0.0,0.0,0.0,0.0,0.0
2017-08-24,0.5809215338182118,0.41907846618178823,0.0,0.0,0.0,0.0,0.0
2017-08-25,0.5809215338182118,0.41907846618178823,0.0,0.0,0.0,0.0,0.0
2017-08-28,0.5809215338182118,0.41907846618178823,0.0,0.0,0.0,0.0,0.0
2017-08-29,0.5809215338182118,0.41907846618178823,0.0,0.0,0.0,0.0,0.0
2017-08-30,0.5809215338182118,0.41907846618178823,0.0,0.0,0.0,0.0,0.0
2017-08-31,0.5809215338182118,0.41907846618178823,0.0,0.0,0.0,0.0,0.0
2017-09-01,0.5681959592840012,0.43180404071599887,0.0,0.0,0.0,0.0,0.0
2017-09-05,0.5681959592840012,0.43180404071599887,0.0,0.0,0.0,0.0,0.0
2017-09-06,0.5681959592840012,0.43180404071599887,0.0,0.0,0.0,0.0,0.0
2017-09-07,0.5681959592840012,0.43180404071599887,0.0,0.0,0.0,0.0,0.0
2017-09-08,0.5681959592840012,0.43180404071599887,0.0,0.0,0.0,0.0,0.0
2017-09-11,0.5681959592840012,0.43180404071599887,0.0,0.0,0.0,0.0,0.0
2017-09-12,0.5681959592840012,0.43180404071599887,0.0,0.0,0.0,0.0,0.0
2017-09-13,0.5681959592840012,0.43180404071599887,0.0,0.0,0.0,0.0,0.0
2017-09-14,0.5681959592840012,0.43180404071599887,0.0,0.0,0.0,0.0,0.0
2017-09-15,0.5681959592840012,0.43180404071599887,0.0,0.0,0.0,0.0,0.0
2017-09-18,0.5681959592840012,0.43180404071599887,0.0,0.0,0.0,0.0,0.0
2017-09-19,0.5681959592840012,0.43180404071599887,0.0,0.0,0.0,0.0,0.0
2017-09-20,0.5681959592840012,0.43180404071599887,0.0,0.0,0.0,0.0,0.0
2017-09-21,0.5681959592840012,0.43180404071599887,0.0,0.0,0.0,0.0,0.0
2017-09-22,0.5681959592840012,0.43180404071599887,0.0,0.0,0.0,0.0,0.0
2017-09-25,0.5681959592840012,0.43180404071599887,0.0,0.0,0.0,0.0,0.0
2017-09-26,0.5681959592840012,0.43180404071599887,0.0,0.0,0.0,0.0,0.0
2017-09-27,0.5681959592840012,0.43180404071599887,0.0,0.0,0.0,0.0,0.0
2017-09-28,0.5681959592840012,0.43180404071599887,0.0,0.0,0.0,0.0,0.0
2017-09-29,0.5681959592840012,0.43180404071599887,0.0,0.0,0.0,0.0,0.0
2017-10-02,0.59169904772033,0.40830095227967,0.0,0.0,0.0,0.0,0.0
2017-10-03,0.59169904772033,0.40830095227967,0.0,0.0,0.0,0.0,0.0
2017-10-04,0.59169904772033,0.40830095227967,0.0,0.0,0.0,0.0,0.0
2017-10-05,0.59169904772033,0.40830095227967,0.0,0.0,0.0,0.0,0.0
2017-10-06,0.59169904772033,0.40830095227967,0.0,0.0,0.0,0.0,0.0
2017-10-09,0.59169904772033,0.40830095227967,0.0,0.0,0.0,0.0,0.0
2017-10-10,0.59169904772033,0.40830095227967,0.0,0.0,0.0,0.0,0.0
2017-10-11,0.59169904772033,0.40830095227967,0.0,0.0,0.0,0.0,0.0
2017-10-12,0.59169904772033,0.40830095227967,0.0,0.0,0.0,0.0,0.0
2017-10-13,0.59169904772033,0.40830095227967,0.0,0.0,0.0,0.0,0.0
2017-10-16,0.59169904772033,0.40830095227967,0.0,0.0,0.0,0.0,0.0
2017-10-17,0.59169904772033,0.40830095227967,0.0,0.0,0.0,0.0,0.0
2017-10-18,0.59169904772033,0.40830095227967,0.0,0.0,0.0,0.0,0.0
2017-10-19,0.59169904772033,0.40830095227967,0.0,0.0,0.0,0.0,0.0
2017-10-20,0.59169904772033,0.40830095227967,0.0,0.0,0.0,0.0,0.0
2017-10-23,0.59169904772033,0.40830095227967,0.0,0.0,0.0,0.0,0.0
2017-10-24,0.59169904772033,0.40830095227967,0.0,0.0,0.0,0.0,0.0
2017-10-25,0.59169904772033,0.40830095227967,0.0,0.0,0.0,0.0,0.0
2017-10-26,0.59169904772033,0.40830095227967,0.0,0.0,0.0,0.0,0.0
2017-10-27,0.59169904772033,0.40830095227967,0.0,0.0,0.0,0.0,0.0
2017-10-30,0.59169904772033,0.40830095227967,0.0,0.0,0.0,0.0,0.0
2017-10-31,0.59169904772033,0.40830095227967,0.0,0.0,0.0,0.0,0.0
2017-11-01,0.5899643396287721,0.4100356603712279,0.0,0.0,0.0,0.0,0.0
2017-11-02,0.5899643396287721,0.4100356603712279,0.0,0.0,0.0,0.0,0.0
2017-11-03,0.5899643396287721,0.4100356603712279,0.0,0.0,0.0,0.0,0.0
2017-11-06,0.5899643396287721,0.4100356603712279,0.0,0.0,0.0,0.0,0.0
2017-11-07,0.5899643396287721,0.4100356603712279,0.0,0.0,0.0,0.0,0.0
2017-11-08,0.5899643396287721,0.4100356603712279,0.0,0.0,0.0,0.0,0.0
2017-11-09,0.5899643396287721,0.4100356603712279,0.0,0.0,0.0,0.0,0.0
2017-11-10,0.5899643396287721,0.4100356603712279,0.0,0.0,0.0,0.0,0.0
2017-11-13,0.5899643396287721,0.4100356603712279,0.0,0.0,0.0,0.0,0.0
2017-11-14,0.5899643396287721,0.4100356603712279,0.0,0.0,0.0,0.0,0.0
2017-11-15,0.5899643396287721,0.4100356603712279,0.0,0.0,0.0,0.0,0.0
2017-11-16,0.5899643396287721,0.4100356603712279,0.0,0.0,0.0,0.0,0.0
2017-11-17,0.5899643396287721,0.4100356603712279,0.0,0.0,0.0,0.0,0.0
2017-11-20,0.5899643396287721,0.4100356603712279,0.0,0.0,0.0,0.0,0.0
2017-11-21,0.5899643396287721,0.4100356603712279,0.0,0.0,0.0,0.0,0.0
2017-11-22,0.5899643396287721,0.4100356603712279,0.0,0.0,0.0,0.0,0.0
2017-11-24,0.5899643396287721,0.4100356603712279,0.0,0.0,0.0,0.0,0.0
2017-11-27,0.5899643396287721,0.4100356603712279,0.0,0.0,0.0,0.0,0.0
2017-11-28,0.5899643396287721,0.4100356603712279,0.0,0.0,0.0,0.0,0.0
2017-11-29,0.5899643396287721,0.4100356603712279,0.0,0.0,0.0,0.0,0.0
2017-11-30,0.5899643396287721,0.4100356603712279,0.0,0.0,0.0,0.0,0.0
2017-12-01,0.5987489056457547,0.40125109435424544,0.0,0.0,0.0,0.0,0.0
2017-12-04,0.5987489056457547,0.40125109435424544,0.0,0.0,0.0,0.0,0.0
2017-12-05,0.5987489056457547,0.40125109435424544,0.0,0.0,0.0,0.0,0.0
2017-12-06,0.5987489056457547,0.40125109435424544,0.0,0.0,0.0,0.0,0.0
2017-12-07,0.5987489056457547,0.40125109435424544,0.0,0.0,0.0,0.0,0.0
2017-12-08,0.5987489056457547,0.40125109435424544,0.0,0.0,0.0,0.0,0.0
2017-12-11,0.5987489056457547,0.40125109435424544,0.0,0.0,0.0,0.0,0.0
2017-12-12,0.5987489056457547,0.40125109435424544,0.0,0.0,0.0,0.0,0.0
2017-12-13,0.5987489056457547,0.40125109435424544,0.0,0.0,0.0,0.0,0.0
2017-12-14,0.5987489056457547,0.40125109435424544,0.0,0.0,0.0,0.0,0.0
2017-12-15,0.5987489056457547,0.40125109435424544,0.0,0.0,0.0,0.0,0.0
2017-12-18,0.5987489056457547,0.40125109435424544,0.0,0.0,0.0,0.0,0.0
2017-12-19,0.5987489056457547,0.40125109435424544,0.0,0.0,0.0,0.0,0.0
2017-12-20,0.5987489056457547,0.40125109435424544,0.0,0.0,0.0,0.0,0.0
2017-12-21,0.5987489056457547,0.40125109435424544,0.0,0.0,0.0,0.0,0.0
2017-12-22,0.5987489056457547,0.40125109435424544,0.0,0.0,0.0,0.0,0.0
2017-12-26,0.5987489056457547,0.40125109435424544,0.0,0.0,0.0,0.0,0.0
2017-12-27,0.5987489056457547,0.40125109435424544,0.0,0.0,0.0,0.0,0.0
2017-12-28,0.5987489056457547,0.40125109435424544,0.0,0.0,0.0,0.0,0.0
2017-12-29,0.5987489056457547,0.40125109435424544,0.0,0.0,0.0,0.0,0.0
2018-01-02,0.6439012486111626,0.35609875138883745,0.0,0.0,0.0,0.0,0.0
2018-01-03,0.6439012486111626,0.35609875138883745,0.0,0.0,0.0,0.0,0.0
2018-01-04,0.6439012486111626,0.35609875138883745,0.0,0.0,0.0,0.0,0.0
2018-01-05,0.6439012486111626,0.35609875138883745,0.0,0.0,0.0,0.0,0.0
2018-01-08,0.6439012486111626,0.35609875138883745,0.0,0.0,0.0,0.0,0.0
2018-01-09,0.6439012486111626,0.35609875138883745,0.0,0.0,0.0,0.0,0.0
2018-01-10,0.6439012486111626,0.35609875138883745,0.0,0.0,0.0,0.0,0.0
2018-01-11,0.6439012486111626,0.35609875138883745,0.0,0.0,0.0,0.0,0.0
2018-01-12,0.6439012486111626,0.35609875138883745,0.0,0.0,0.0,0.0,0.0
2018-01-16,0.6439012486111626,0.35609875138883745,0.0,0.0,0.0,0.0,0.0
2018-01-17,1.0,0.0,0.0,0.0,0.0,0.0,0.0
2018-01-18,1.0,0.0,0.0,0.0,0.0,0.0,0.0
2018-01-19,1.0,0.0,0.0,0.0,0.0,0.0,0.0
2018-01-22,1.0,0.0,0.0,0.0,0.0,0.0,0.0
2018-01-23,1.0,0.0,0.0,0.0,0.0,0.0,0.0
2018-01-24,1.0,0.0,0.0,0.0,0.0,0.0,0.0
2018-01-25,1.0,0.0,0.0,0.0,0.0,0.0,0.0
2018-01-26,1.0,0.0,0.0,0.0,0.0,0.0,0.0
2018-01-29,1.0,0.0,0.0,0.0,0.0,0.0,0.0
2018-01-30,1.0,0.0,0.0,0.0,0.0,0.0,0.0
2018-01-31,0.0,0.0,0.0,0.0,0.0,0.0,1.0
2018-02-01,0.0,0.0,0.0,0.0,0.0,0.0,1.0
2018-02-02,0.0,0.0,0.0,0.0,0.0,0.0,1.0
2018-02-05,0.0,0.0,0.0,0.0,0.0,0.0,1.0
2018-02-06,0.0,0.0,0.0,0.0,0.0,0.0,1.0
2018-02-07,0.0,0.0,0.0,0.0,0.0,0.0,1.0
2018-02-08,0.0,0.0,0.0,0.0,0.0,0.0,1.0
2018-02-09,0.0,0.0,0.0,0.0,0.0,0.0,1.0
2018-02-12,0.0,0.0,0.0,0.0,0.0,0.0,1.0
2018-02-13,0.0,0.0,0.0,0.0,0.0,0.0,1.0
2018-02-14,0.0,0.0,0.0,0.0,0.0,0.0,1.0
2018-02-15,0.0,0.0,0.0,0.0,0.0,0.0,1.0
2018-02-16,0.0,0.0,0.0,0.0,0.0,0.0,1.0
2018-02-20,0.0,0.0,0.0,0.0,0.0,0.0,1.0
2018-02-21,0.0,0.0,0.0,0.0,0.0,0.0,1.0
2018-02-22,0.0,0.0,0.0,0.0,0.0,0.0,1.0
2018-02-23,0.0,0.0,0.0,0.0,0.0,0.0,1.0
2018-02-26,1.0,0.0,0.0,0.0,0.0,0.0,0.0
2018-02-27,1.0,0.0,0.0,0.0,0.0,0.0,0.0
2018-02-28,1.0,0.0,0.0,0.0,0.0,0.0,0.0
2018-03-01,1.0,0.0,0.0,0.0,0.0,0.0,0.0
2018-03-02,1.0,0.0,0.0,0.0,0.0,0.0,0.0
2018-03-05,1.0,0.0,0.0,0.0,0.0,0.0,0.0
2018-03-06,1.0,0.0,0.0,0.0,0.0,0.0,0.0
2018-03-07,1.0,0.0,0.0,0.0,0.0,0.0,0.0
2018-03-08,1.0,0.0,0.0,0.0,0.0,0.0,0.0
2018-03-09,1.0,0.0,0.0,0.0,0.0,0.0,0.0
2018-03-12,1.0,0.0,0.0,0.0,0.0,0.0,0.0
2018-03-13,1.0,0.0,0.0,0.0,0.0,0.0,0.0
2018-03-14,1.0,0.0,0.0,0.0,0.0,0.0,0.0
2018-03-15,1.0,0.0,0.0,0.0,0.0,0.0,0.0
2018-03-16,1.0,0.0,0.0,0.0,0.0,0.0,0.0
2018-03-19,1.0,0.0,0.0,0.0,0.0,0.0,0.0
2018-03-20,0.0,0.0,0.0,0.0,0.0,0.0,1.0
2018-03-21,0.0,0.0,0.0,0.0,0.0,0.0,1.0
2018-03-22,0.0,0.0,0.0,0.0,0.0,0.0,1.0
2018-03-23,0.0,0.0,0.0,0.0,0.0,0.0,1.0
2018-03-26,0.0,0.0,0.0,0.0,0.0,0.0,1.0
2018-03-27,0.0,0.0,0.0,0.0,0.0,0.0,1.0
2018-03-28,0.0,0.0,0.0,0.0,0.0,0.0,1.0
2018-03-29,0.0,0.0,0.0,0.0,0.0,0.0,1.0
2018-04-02,0.0,0.0,0.0,0.0,0.0,0.0,1.0
2018-04-03,0.0,0.0,0.0,0.0,0.0,0.0,1.0
2018-04-04,0.0,0.0,0.0,0.0,0.0,0.0,1.0
2018-04-05,0.0,0.0,0.0,0.0,0.0,0.0,1.0
2018-04-06,0.0,0.0,0.0,0.0,0.0,0.0,1.0
2018-04-09,0.0,0.0,0.0,0.0,0.0,0.0,1.0
2018-04-10,0.0,0.0,0.0,0.0,0.0,0.0,1.0
2018-04-11,0.0,0.0,0.0,0.0,0.0,0.0,1.0
2018-04-12,0.0,0.0,0.0,0.0,0.0,0.0,1.0
2018-04-13,0.0,0.0,0.0,0.0,0.0,0.0,1.0
2018-04-16,0.0,0.0,0.0,0.0,0.0,0.0,1.0
2018-04-17,0.0,0.0,0.0,0.0,0.0,0.0,1.0
2018-04-18,0.0,0.0,0.0,0.0,0.0,0.0,1.0
2018-04-19,0.0,0.0,0.0,0.0,0.0,0.0,1.0
2018-04-20,0.0,0.0,0.0,0.0,0.0,0.0,1.0
2018-04-23,0.0,0.0,0.0,0.0,0.0,0.0,1.0
2018-04-24,0.0,0.0,0.0,0.0,0.0,0.0,1.0
2018-04-25,0.0,0.0,0.0,0.0,0.0,0.0,1.0
2018-04-26,0.0,0.0,0.0,0.0,0.0,0.0,1.0
2018-04-27,0.0,0.0,0.0,0.0,0.0,0.0,1.0
2018-04-30,0.0,0.0,0.0,0.0,0.0,0.0,1.0
2018-05-01,0.0,0.0,0.0,0.0,0.0,0.0,1.0
2018-05-02,0.0,0.0,0.0,0.0,0.0,0.0,1.0
2018-05-03,0.0,0.0,0.0,0.0,0.0,0.0,1.0
2018-05-04,0.0,0.0,0.0,0.0,0.0,0.0,1.0
2018-05-07,0.0,0.0,0.0,0.0,0.0,0.0,1.0
2018-05-08,0.0,0.0,0.0,0.0,0.0,0.0,1.0
2018-05-09,0.0,0.0,0.0,0.0,0.0,0.0,1.0
2018-05-10,0.0,0.0,0.0,0.0,0.0,0.0,1.0
2018-05-11,0.0,0.0,0.0,0.0,0.0,0.0,1.0
2018-05-14,0.0,0.0,0.0,0.0,0.0,0.0,1.0
2018-05-15,0.0,0.0,0.0,0.0,0.0,0.0,1.0
2018-05-16,0.0,0.0,0.0,0.0,0.0,0.0,1.0
2018-05-17,0.0,0.0,0.0,0.0,0.0,0.0,1.0
2018-05-18,0.0,0.0,0.0,0.0,0.0,0.0,1.0
2018-05-21,0.0,0.0,0.0,0.0,0.0,0.0,1.0
2018-05-22,0.0,0.0,0.0,0.0,0.0,0.0,1.0
2018-05-23,0.0,0.0,0.0,0.0,0.0,0.0,1.0
2018-05-24,0.0,0.0,0.0,0.0,0.0,0.0,1.0
2018-05-25,0.0,0.0,0.0,0.0,0.0,0.0,1.0
2018-05-29,0.0,0.0,0.0,0.0,0.0,0.0,1.0
2018-05-30,0.0,0.0,0.0,0.0,0.0,0.0,1.0
2018-05-31,0.0,0.0,0.0,0.0,0.0,0.0,1.0
2018-06-01,0.0,0.0,0.0,0.0,0.0,0.0,1.0
2018-06-04,0.0,0.0,0.0,0.0,0.0,0.0,1.0
2018-06-05,0.0,0.0,0.0,0.0,0.0,0.0,1.0
2018-06-06,0.0,0.0,0.0,0.0,0.0,0.0,1.0
2018-06-07,0.0,0.0,0.0,0.0,0.0,0.0,1.0
2018-06-08,0.0,0.0,0.0,0.0,0.0,0.0,1.0
2018-06-11,0.0,0.0,0.0,0.0,0.0,0.0,1.0
2018-06-12,0.0,0.0,0.0,0.0,0.0,0.0,1.0
2018-06-13,0.0,0.0,0.0,0.0,0.0,0.0,1.0
2018-06-14,0.0,0.0,0.0,0.0,0.0,0.0,1.0
2018-06-15,0.0,0.0,0.0,0.0,0.0,0.0,1.0
2018-06-18,0.0,0.0,0.0,0.0,0.0,0.0,1.0
2018-06-19,0.0,0.0,0.0,0.0,0.0,0.0,1.0
2018-06-20,0.0,0.0,0.0,0.0,0.0,0.0,1.0
2018-06-21,0.0,0.0,0.0,0.0,0.0,0.0,1.0
2018-06-22,0.0,0.0,0.0,0.0,0.0,0.0,1.0
2018-06-25,0.0,0.0,0.0,0.0,0.0,0.0,1.0
2018-06-26,0.0,0.0,0.0,0.0,0.0,0.0,1.0
2018-06-27,0.0,0.0,0.0,0.0,0.0,0.0,1.0
2018-06-28,0.0,0.0,0.0,0.0,0.0,0.0,1.0
2018-06-29,0.0,0.0,0.0,0.0,0.0,0.0,1.0
2018-07-02,0.0,0.0,0.0,0.0,0.0,0.0,1.0
2018-07-03,0.0,0.0,0.0,0.0,0.0,0.0,1.0
2018-07-05,0.0,0.0,0.0,0.0,0.0,0.0,1.0
2018-07-06,0.0,0.0,0.0,0.0,0.0,0.0,1.0
2018-07-09,0.0,0.0,0.0,0.0,0.0,0.0,1.0
2018-07-10,0.0,0.0,0.0,0.0,0.0,0.0,1.0
2018-07-11,0.0,0.0,0.0,0.0,0.0,0.0,1.0
2018-07-12,0.0,0.0,0.0,0.0,0.0,0.0,1.0
2018-07-13,0.0,0.0,0.0,0.0,0.0,0.0,1.0
2018-07-16,0.0,0.0,0.0,0.0,0.0,0.0,1.0
2018-07-17,0.0,0.0,0.0,0.0,0.0,0.0,1.0
2018-07-18,0.0,0.0,0.0,0.0,0.0,0.0,1.0
2018-07-19,0.0,0.0,0.0,0.0,0.0,0.0,1.0
2018-07-20,0.0,0.0,0.0,0.0,0.0,0.0,1.0
2018-07-23,0.0,0.0,0.0,0.0,0.0,0.0,1.0
2018-07-24,0.0,0.0,0.0,0.0,0.0,0.0,1.0
2018-07-25,0.0,0.0,0.0,0.0,0.0,0.0,1.0
2018-07-26,0.0,0.0,0.0,0.0,0.0,0.0,1.0
2018-07-27,0.0,0.0,0.0,0.0,0.0,0.0,1.0
2018-07-30,0.0,0.0,0.0,0.0,0.0,0.0,1.0
2018-07-31,0.0,0.0,0.0,0.0,0.0,0.0,1.0
2018-08-01,0.0,0.0,0.0,0.0,0.0,0.0,1.0
2018-08-02,0.0,0.0,0.0,0.0,0.0,0.0,1.0
2018-08-03,0.0,0.0,0.0,0.0,0.0,0.0,1.0
2018-08-06,0.0,0.0,0.0,0.0,0.0,0.0,1.0
2018-08-07,0.0,0.0,0.0,0.0,0.0,0.0,1.0
2018-08-08,0.0,0.0,0.0,0.0,0.0,0.0,1.0
2018-08-09,0.0,0.0,0.0,0.0,0.0,0.0,1.0
2018-08-10,0.0,0.0,0.0,0.0,0.0,0.0,1.0
2018-08-13,0.0,0.0,0.0,0.0,0.0,0.0,1.0
2018-08-14,0.0,0.0,0.0,0.0,0.0,0.0,1.0
2018-08-15,0.0,0.0,0.0,0.0,0.0,0.0,1.0
2018-08-16,0.0,0.0,0.0,0.0,0.0,0.0,1.0
2018-08-17,0.0,0.0,0.0,0.0,0.0,0.0,1.0
2018-08-20,0.0,0.0,0.0,0.0,0.0,0.0,1.0
2018-08-21,0.0,0.0,0.0,0.0,0.0,0.0,1.0
2018-08-22,0.0,0.0,0.0,0.0,0.0,0.0,1.0
2018-08-23,0.0,0.0,0.0,0.0,0.0,0.0,1.0
2018-08-24,0.0,0.0,0.0,0.0,0.0,0.0,1.0
2018-08-27,0.0,0.0,0.0,0.0,0.0,0.0,1.0
2018-08-28,0.0,0.0,0.0,0.0,0.0,0.0,1.0
2018-08-29,0.0,0.0,0.0,0.0,0.0,0.0,1.0
2018-08-30,0.0,0.0,0.0,0.0,0.0,0.0,1.0
2018-08-31,0.0,0.0,0.0,0.0,0.0,0.0,1.0
2018-09-04,0.0,0.0,0.0,0.0,0.0,0.0,1.0
2018-09-05,0.0,0.0,0.0,0.0,0.0,0.0,1.0
2018-09-06,0.0,0.0,0.0,0.0,0.0,0.0,1.0
2018-09-07,0.0,0.0,0.0,0.0,0.0,0.0,1.0
2018-09-10,0.0,0.0,0.0,0.0,0.0,0.0,1.0
2018-09-11,0.0,0.0,0.0,0.0,0.0,0.0,1.0
2018-09-12,0.0,0.0,0.0,0.0,0.0,0.0,1.0
2018-09-13,0.0,0.0,0.0,0.0,0.0,0.0,1.0
2018-09-14,0.0,0.0,0.0,0.0,0.0,0.0,1.0
2018-09-17,0.0,0.0,0.0,0.0,0.0,0.0,1.0
2018-09-18,0.0,0.0,0.0,0.0,0.0,0.0,1.0
2018-09-19,0.0,0.0,0.0,0.0,0.0,0.0,1.0
2018-09-20,0.0,0.0,0.0,0.0,0.0,0.0,1.0
2018-09-21,0.0,0.0,0.0,0.0,0.0,0.0,1.0
2018-09-24,0.0,0.0,0.0,0.0,0.0,0.0,1.0
2018-09-25,0.0,0.0,0.0,0.0,0.0,0.0,1.0
2018-09-26,0.0,0.0,0.0,0.0,0.0,0.0,1.0
2018-09-27,0.0,0.0,0.0,0.0,0.0,0.0,1.0
2018-09-28,0.0,0.0,0.0,0.0,0.0,0.0,1.0
2018-10-01,0.0,0.0,0.0,0.0,0.0,0.0,1.0
2018-10-02,0.0,0.0,0.0,0.0,0.0,0.0,1.0
2018-10-03,0.0,0.0,0.0,0.0,0.0,0.0,1.0
2018-10-04,0.0,0.0,0.0,0.0,0.0,0.0,1.0
2018-10-05,0.0,0.0,0.0,0.0,0.0,0.0,1.0
2018-10-08,0.0,0.0,0.0,0.0,0.0,0.0,1.0
2018-10-09,0.0,0.0,0.0,0.0,0.0,0.0,1.0
2018-10-10,0.0,0.0,0.0,0.0,0.0,0.0,1.0
2018-10-11,0.0,0.0,0.0,0.0,0.0,0.0,1.0
2018-10-12,0.0,0.0,0.0,0.0,0.0,0.0,1.0
2018-10-15,0.0,0.0,0.0,0.0,0.0,0.0,1.0
2018-10-16,0.0,0.0,0.0,0.0,0.0,0.0,1.0
2018-10-17,0.0,0.0,0.0,0.0,0.0,0.0,1.0
2018-10-18,0.0,0.0,0.0,0.0,0.0,0.0,1.0
2018-10-19,0.0,0.0,0.0,0.0,0.0,0.0,1.0
2018-10-22,0.0,0.0,0.0,0.0,0.0,0.0,1.0
2018-10-23,0.0,0.0,0.0,0.0,0.0,0.0,1.0
2018-10-24,0.0,0.0,0.0,0.0,0.0,0.0,1.0
2018-10-25,0.0,0.0,0.0,0.0,0.0,0.0,1.0
2018-10-26,0.0,0.0,0.0,0.0,0.0,0.0,1.0
2018-10-29,0.0,0.0,0.0,0.0,0.0,0.0,1.0
2018-10-30,0.0,0.0,0.0,0.0,0.0,0.0,1.0
2018-10-31,0.0,0.0,0.0,0.0,0.0,0.0,1.0
2018-11-01,0.0,0.0,0.0,0.0,0.0,0.0,1.0
2018-11-02,0.0,0.0,0.0,0.0,0.0,0.0,1.0
2018-11-05,0.0,0.0,0.0,0.0,0.0,0.0,1.0
2018-11-06,0.0,0.0,0.0,0.0,0.0,0.0,1.0
2018-11-07,0.0,0.0,0.0,0.0,0.0,0.0,1.0
2018-11-08,0.0,0.0,0.0,0.0,0.0,0.0,1.0
2018-11-09,0.0,0.0,0.0,0.0,0.0,0.0,1.0
2018-11-12,0.0,0.0,0.0,0.0,0.0,0.0,1.0
2018-11-13,0.0,0.0,0.0,0.0,0.0,0.0,1.0
2018-11-14,0.0,0.0,0.0,0.0,0.0,0.0,1.0
2018-11-15,0.0,0.0,0.0,0.0,0.0,0.0,1.0
2018-11-16,0.0,0.0,0.0,0.0,0.0,0.0,1.0
2018-11-19,0.0,0.0,0.0,0.0,0.0,0.0,1.0
2018-11-20,0.0,0.0,0.0,0.0,0.0,0.0,1.0
2018-11-21,0.0,0.0,0.0,0.0,0.0,0.0,1.0
2018-11-23,0.0,0.0,0.0,0.0,0.0,0.0,1.0
2018-11-26,0.0,0.0,0.0,0.0,0.0,0.0,1.0
2018-11-27,0.0,0.0,0.0,0.0,0.0,0.0,1.0
2018-11-28,0.0,0.0,0.0,0.0,0.0,0.0,1.0
2018-11-29,0.0,0.0,0.0,0.0,0.0,0.0,1.0
2018-11-30,0.0,0.0,0.0,0.0,0.0,0.0,1.0
2018-12-03,0.0,0.0,0.0,0.0,0.0,0.0,1.0
2018-12-04,0.0,0.0,0.0,0.0,0.0,0.0,1.0
2018-12-06,0.0,0.0,0.0,0.0,0.0,0.0,1.0
2018-12-07,0.0,0.0,0.0,0.0,0.0,0.0,1.0
2018-12-10,0.0,0.0,0.0,0.0,0.0,0.0,1.0
2018-12-11,0.0,0.0,0.0,0.0,0.0,0.0,1.0
2018-12-12,0.0,0.0,0.0,0.0,0.0,0.0,1.0
2018-12-13,0.0,0.0,0.0,0.0,0.0,0.0,1.0
2018-12-14,0.0,0.0,0.0,0.0,0.0,0.0,1.0
2018-12-17,0.0,0.0,0.0,0.0,0.0,0.0,1.0
2018-12-18,0.0,0.0,0.0,0.0,0.0,0.0,1.0
2018-12-19,0.0,0.0,0.0,0.0,0.0,0.0,1.0
2018-12-20,0.0,0.0,0.0,0.0,0.0,0.0,1.0
2018-12-21,0.0,0.0,0.0,0.0,0.0,0.0,1.0
2018-12-24,0.0,0.0,0.0,0.0,0.0,0.0,1.0
2018-12-26,0.0,0.0,0.0,0.0,0.0,0.0,1.0
2018-12-27,0.0,0.0,0.0,0.0,0.0,0.0,1.0
2018-12-28,0.0,0.0,0.0,0.0,0.0,0.0,1.0
2018-12-31,0.0,0.0,0.0,0.0,0.0,0.0,1.0
2019-01-02,0.0,0.0,0.0,0.0,0.0,0.0,1.0
2019-01-03,0.0,0.0,0.0,0.0,0.0,0.0,1.0
2019-01-04,0.0,0.0,0.0,0.0,0.0,0.0,1.0
2019-01-07,0.0,0.0,0.0,0.0,0.0,0.0,1.0
2019-01-08,0.0,0.0,0.0,0.0,0.0,0.0,1.0
2019-01-09,0.0,0.0,0.0,0.0,0.0,0.0,1.0
2019-01-10,0.0,0.0,0.0,0.0,0.0,0.0,1.0
2019-01-11,0.0,0.0,0.0,0.0,0.0,0.0,1.0
2019-01-14,0.0,0.0,0.0,0.0,0.0,0.0,1.0
2019-01-15,0.0,0.0,0.0,0.0,0.0,0.0,1.0
2019-01-16,0.0,0.0,0.0,0.0,0.0,0.0,1.0
2019-01-17,0.0,0.0,0.0,0.0,0.0,0.0,1.0
2019-01-18,0.0,0.0,0.0,0.0,0.0,0.0,1.0
2019-01-22,0.0,0.0,0.0,0.0,0.0,0.0,1.0
2019-01-23,0.0,0.0,0.0,0.0,0.0,0.0,1.0
2019-01-24,0.0,0.0,0.0,0.0,0.0,0.0,1.0
2019-01-25,0.0,0.0,0.0,0.0,0.0,0.0,1.0
2019-01-28,0.0,0.0,0.0,0.0,0.0,0.0,1.0
2019-01-29,0.0,0.0,0.0,0.0,0.0,0.0,1.0
2019-01-30,0.0,0.0,0.0,0.0,0.0,0.0,1.0
2019-01-31,0.0,0.0,0.0,0.0,0.0,0.0,1.0
2019-02-01,0.0,0.0,0.0,0.0,0.0,0.0,1.0
2019-02-04,0.0,0.0,0.0,0.0,0.0,0.0,1.0
2019-02-05,0.0,0.0,0.0,0.0,0.0,0.0,1.0
2019-02-06,0.0,0.0,0.0,0.0,0.0,0.0,1.0
2019-02-07,0.0,0.0,0.0,0.0,0.0,0.0,1.0
2019-02-08,0.0,0.0,0.0,0.0,0.0,0.0,1.0
2019-02-11,0.0,0.0,0.0,0.0,0.0,0.0,1.0
2019-02-12,0.0,0.0,0.0,0.0,0.0,0.0,1.0
2019-02-13,0.0,0.0,0.0,0.0,0.0,0.0,1.0
2019-02-14,0.0,0.0,0.0,0.0,0.0,0.0,1.0
2019-02-15,0.0,0.0,0.0,0.0,0.0,0.0,1.0
2019-02-19,0.0,0.0,0.0,0.0,0.0,0.0,1.0
2019-02-20,0.0,0.0,0.0,0.0,0.0,0.0,1.0
2019-02-21,0.0,0.0,0.0,0.0,0.0,0.0,1.0
2019-02-22,0.0,0.0,0.0,0.0,0.0,0.0,1.0
2019-02-25,0.0,0.0,0.0,0.0,0.0,0.0,1.0
2019-02-26,0.0,0.0,0.0,0.0,0.0,0.0,1.0
2019-02-27,0.0,0.0,0.0,0.0,0.0,0.0,1.0
2019-02-28,0.0,0.0,0.0,0.0,0.0,0.0,1.0
2019-03-01,0.0,0.0,0.0,0.0,0.0,0.0,1.0
2019-03-04,0.0,0.0,0.0,0.0,0.0,0.0,1.0
2019-03-05,0.0,0.0,0.0,0.0,0.0,0.0,1.0
2019-03-06,0.0,0.0,0.0,0.0,0.0,0.0,1.0
2019-03-07,0.0,0.0,0.0,0.0,0.0,0.0,1.0
2019-03-08,0.3088886064124699,0.69111139358753,0.0,0.0,0.0,0.0,0.0
2019-03-11,0.3088886064124699,0.69111139358753,0.0,0.0,0.0,0.0,0.0
2019-03-12,0.3088886064124699,0.69111139358753,0.0,0.0,0.0,0.0,0.0
2019-03-13,0.3088886064124699,0.69111139358753,0.0,0.0,0.0,0.0,0.0
2019-03-14,0.3088886064124699,0.69111139358753,0.0,0.0,0.0,0.0,0.0
2019-03-15,0.3088886064124699,0.69111139358753,0.0,0.0,0.0,0.0,0.0
2019-03-18,0.3088886064124699,0.69111139358753,0.0,0.0,0.0,0.0,0.0
2019-03-19,0.3088886064124699,0.69111139358753,0.0,0.0,0.0,0.0,0.0
2019-03-20,0.3088886064124699,0.69111139358753,0.0,0.0,0.0,0.0,0.0
2019-03-21,0.3088886064124699,0.69111139358753,0.0,0.0,0.0,0.0,0.0
2019-03-22,0.3088886064124699,0.69111139358753,0.0,0.0,0.0,0.0,0.0
2019-03-25,0.3088886064124699,0.69111139358753,0.0,0.0,0.0,0.0,0.0
2019-03-26,0.3088886064124699,0.69111139358753,0.0,0.0,0.0,0.0,0.0
2019-03-27,0.3088886064124699,0.69111139358753,0.0,0.0,0.0,0.0,0.0
2019-03-28,0.3088886064124699,0.69111139358753,0.0,0.0,0.0,0.0,0.0
2019-03-29,0.3088886064124699,0.69111139358753,0.0,0.0,0.0,0.0,0.0
2019-04-01,0.33115745806592817,0.6688425419340719,0.0,0.0,0.0,0.0,0.0
2019-04-02,0.33115745806592817,0.6688425419340719,0.0,0.0,0.0,0.0,0.0
2019-04-03,0.33115745806592817,0.6688425419340719,0.0,0.0,0.0,0.0,0.0
2019-04-04,0.33115745806592817,0.6688425419340719,0.0,0.0,0.0,0.0,0.0
2019-04-05,0.33115745806592817,0.6688425419340719,0.0,0.0,0.0,0.0,0.0
2019-04-08,0.33115745806592817,0.6688425419340719,0.0,0.0,0.0,0.0,0.0
2019-04-09,0.33115745806592817,0.6688425419340719,0.0,0.0,0.0,0.0,0.0
2019-04-10,0.33115745806592817,0.6688425419340719,0.0,0.0,0.0,0.0,0.0
2019-04-11,0.33115745806592817,0.6688425419340719,0.0,0.0,0.0,0.0,0.0
2019-04-12,0.33115745806592817,0.6688425419340719,0.0,0.0,0.0,0.0,0.0
2019-04-15,0.33115745806592817,0.6688425419340719,0.0,0.0,0.0,0.0,0.0
2019-04-16,0.33115745806592817,0.6688425419340719,0.0,0.0,0.0,0.0,0.0
2019-04-17,0.33115745806592817,0.6688425419340719,0.0,0.0,0.0,0.0,0.0
2019-04-18,0.33115745806592817,0.6688425419340719,0.0,0.0,0.0,0.0,0.0
2019-04-22,0.33115745806592817,0.6688425419340719,0.0,0.0,0.0,0.0,0.0
2019-04-23,0.33115745806592817,0.6688425419340719,0.0,0.0,0.0,0.0,0.0
2019-04-24,0.33115745806592817,0.6688425419340719,0.0,0.0,0.0,0.0,0.0
2019-04-25,0.33115745806592817,0.6688425419340719,0.0,0.0,0.0,0.0,0.0
2019-04-26,0.33115745806592817,0.6688425419340719,0.0,0.0,0.0,0.0,0.0
2019-04-29,0.33115745806592817,0.6688425419340719,0.0,0.0,0.0,0.0,0.0
2019-04-30,0.33115745806592817,0.6688425419340719,0.0,0.0,0.0,0.0,0.0
2019-05-01,0.380736541517431,0.619263458482569,0.0,0.0,0.0,0.0,0.0
2019-05-02,0.380736541517431,0.619263458482569,0.0,0.0,0.0,0.0,0.0
2019-05-03,0.380736541517431,0.619263458482569,0.0,0.0,0.0,0.0,0.0
2019-05-06,0.380736541517431,0.619263458482569,0.0,0.0,0.0,0.0,0.0
2019-05-07,0.380736541517431,0.619263458482569,0.0,0.0,0.0,0.0,0.0
2019-05-08,0.380736541517431,0.619263458482569,0.0,0.0,0.0,0.0,0.0
2019-05-09,0.380736541517431,0.619263458482569,0.0,0.0,0.0,0.0,0.0
2019-05-10,0.380736541517431,0.619263458482569,0.0,0.0,0.0,0.0,0.0
2019-05-13,0.380736541517431,0.619263458482569,0.0,0.0,0.0,0.0,0.0
2019-05-14,0.380736541517431,0.619263458482569,0.0,0.0,0.0,0.0,0.0
2019-05-15,0.380736541517431,0.619263458482569,0.0,0.0,0.0,0.0,0.0
2019-05-16,0.380736541517431,0.619263458482569,0.0,0.0,0.0,0.0,0.0
2019-05-17,0.380736541517431,0.619263458482569,0.0,0.0,0.0,0.0,0.0
2019-05-20,0.380736541517431,0.619263458482569,0.0,0.0,0.0,0.0,0.0
2019-05-21,0.380736541517431,0.619263458482569,0.0,0.0,0.0,0.0,0.0
2019-05-22,0.380736541517431,0.619263458482569,0.0,0.0,0.0,0.0,0.0
2019-05-23,0.380736541517431,0.619263458482569,0.0,0.0,0.0,0.0,0.0
2019-05-24,0.380736541517431,0.619263458482569,0.0,0.0,0.0,0.0,0.0
2019-05-28,0.380736541517431,0.619263458482569,0.0,0.0,0.0,0.0,0.0
2019-05-29,0.380736541517431,0.619263458482569,0.0,0.0,0.0,0.0,0.0
2019-05-30,0.380736541517431,0.619263458482569,0.0,0.0,0.0,0.0,0.0
2019-05-31,0.380736541517431,0.619263458482569,0.0,0.0,0.0,0.0,0.0
2019-06-03,0.4630591114786522,0.5369408885213478,0.0,0.0,0.0,0.0,0.0
2019-06-04,0.4630591114786522,0.5369408885213478,0.0,0.0,0.0,0.0,0.0
2019-06-05,0.4630591114786522,0.5369408885213478,0.0,0.0,0.0,0.0,0.0
2019-06-06,0.4630591114786522,0.5369408885213478,0.0,0.0,0.0,0.0,0.0
2019-06-07,0.4630591114786522,0.5369408885213478,0.0,0.0,0.0,0.0,0.0
2019-06-10,0.4630591114786522,0.5369408885213478,0.0,0.0,0.0,0.0,0.0
2019-06-11,0.4630591114786522,0.5369408885213478,0.0,0.0,0.0,0.0,0.0
2019-06-12,0.4630591114786522,0.5369408885213478,0.0,0.0,0.0,0.0,0.0
2019-06-13,0.4630591114786522,0.5369408885213478,0.0,0.0,0.0,0.0,0.0
2019-06-14,0.4630591114786522,0.5369408885213478,0.0,0.0,0.0,0.0,0.0
2019-06-17,0.4630591114786522,0.5369408885213478,0.0,0.0,0.0,0.0,0.0
2019-06-18,0.4630591114786522,0.5369408885213478,0.0,0.0,0.0,0.0,0.0
2019-06-19,0.4630591114786522,0.5369408885213478,0.0,0.0,0.0,0.0,0.0
2019-06-20,0.4630591114786522,0.5369408885213478,0.0,0.0,0.0,0.0,0.0
2019-06-21,0.4630591114786522,0.5369408885213478,0.0,0.0,0.0,0.0,0.0
2019-06-24,0.4630591114786522,0.5369408885213478,0.0,0.0,0.0,0.0,0.0
2019-06-25,0.4630591114786522,0.5369408885213478,0.0,0.0,0.0,0.0,0.0
2019-06-26,0.4630591114786522,0.5369408885213478,0.0,0.0,0.0,0.0,0.0
2019-06-27,0.4630591114786522,0.5369408885213478,0.0,0.0,0.0,0.0,0.0
2019-06-28,0.4630591114786522,0.5369408885213478,0.0,0.0,0.0,0.0,0.0
2019-07-01,0.4842968840090429,0.5157031159909571,0.0,0.0,0.0,0.0,0.0
2019-07-02,0.4842968840090429,0.5157031159909571,0.0,0.0,0.0,0.0,0.0
2019-07-03,0.4842968840090429,0.5157031159909571,0.0,0.0,0.0,0.0,0.0
2019-07-05,0.4842968840090429,0.5157031159909571,0.0,0.0,0.0,0.0,0.0
2019-07-08,0.4842968840090429,0.5157031159909571,0.0,0.0,0.0,0.0,0.0
2019-07-09,0.4842968840090429,0.5157031159909571,0.0,0.0,0.0,0.0,0.0
2019-07-10,0.4842968840090429,0.5157031159909571,0.0,0.0,0.0,0.0,0.0
2019-07-11,0.4842968840090429,0.5157031159909571,0.0,0.0,0.0,0.0,0.0
2019-07-12,0.4842968840090429,0.5157031159909571,0.0,0.0,0.0,0.0,0.0
2019-07-15,0.4842968840090429,0.5157031159909571,0.0,0.0,0.0,0.0,0.0
2019-07-16,0.4842968840090429,0.5157031159909571,0.0,0.0,0.0,0.0,0.0
2019-07-17,0.4842968840090429,0.5157031159909571,0.0,0.0,0.0,0.0,0.0
2019-07-18,0.4842968840090429,0.5157031159909571,0.0,0.0,0.0,0.0,0.0
2019-07-19,0.4842968840090429,0.5157031159909571,0.0,0.0,0.0,0.0,0.0
2019-07-22,0.4842968840090429,0.5157031159909571,0.0,0.0,0.0,0.0,0.0
2019-07-23,0.4842968840090429,0.5157031159909571,0.0,0.0,0.0,0.0,0.0
2019-07-24,0.4842968840090429,0.5157031159909571,0.0,0.0,0.0,0.0,0.0
2019-07-25,0.4842968840090429,0.5157031159909571,0.0,0.0,0.0,0.0,0.0
2019-07-26,0.4842968840090429,0.5157031159909571,0.0,0.0,0.0,0.0,0.0
2019-07-29,0.4842968840090429,0.5157031159909571,0.0,0.0,0.0,0.0,0.0
2019-07-30,0.4842968840090429,0.5157031159909571,0.0,0.0,0.0,0.0,0.0
2019-07-31,0.4842968840090429,0.5157031159909571,0.0,0.0,0.0,0.0,0.0
2019-08-01,0.538870429532563,0.461129570467437,0.0,0.0,0.0,0.0,0.0
2019-08-02,0.538870429532563,0.461129570467437,0.0,0.0,0.0,0.0,0.0
2019-08-05,0.538870429532563,0.461129570467437,0.0,0.0,0.0,0.0,0.0
2019-08-06,0.0,0.0,0.0,0.0,0.0,0.0,1.0
2019-08-07,0.0,0.0,0.0,0.0,0.0,0.0,1.0
2019-08-08,0.0,0.0,0.0,0.0,0.0,0.0,1.0
2019-08-09,0.0,0.0,0.0,0.0,0.0,0.0,1.0
2019-08-12,0.0,0.0,0.0,0.0,0.0,0.0,1.0
2019-08-13,0.1,0.0,0.0,0.0,0.0,0.0,0.9
2019-08-14,0.1,0.0,0.0,0.0,0.0,0.0,0.9
2019-08-15,0.1,0.0,0.0,0.0,0.0,0.0,0.9
2019-08-16,0.1,0.0,0.0,0.0,0.0,0.0,0.9
2019-08-19,0.1,0.0,0.0,0.0,0.0,0.0,0.9
2019-08-20,0.1,0.0,0.0,0.0,0.0,0.0,0.9
2019-08-21,0.1,0.0,0.0,0.0,0.0,0.0,0.9
2019-08-22,0.538870429532563,0.461129570467437,0.0,0.0,0.0,0.0,0.0
2019-08-23,0.538870429532563,0.461129570467437,0.0,0.0,0.0,0.0,0.0
2019-08-26,0.538870429532563,0.461129570467437,0.0,0.0,0.0,0.0,0.0
2019-08-27,0.538870429532563,0.461129570467437,0.0,0.0,0.0,0.0,0.0
2019-08-28,0.538870429532563,0.461129570467437,0.0,0.0,0.0,0.0,0.0
2019-08-29,0.538870429532563,0.461129570467437,0.0,0.0,0.0,0.0,0.0
2019-08-30,0.538870429532563,0.461129570467437,0.0,0.0,0.0,0.0,0.0
2019-09-03,0.47306855306626067,0.5269314469337393,0.0,0.0,0.0,0.0,0.0
2019-09-04,0.47306855306626067,0.5269314469337393,0.0,0.0,0.0,0.0,0.0
2019-09-05,0.47306855306626067,0.5269314469337393,0.0,0.0,0.0,0.0,0.0
2019-09-06,0.47306855306626067,0.5269314469337393,0.0,0.0,0.0,0.0,0.0
2019-09-09,0.47306855306626067,0.5269314469337393,0.0,0.0,0.0,0.0,0.0
2019-09-10,0.47306855306626067,0.5269314469337393,0.0,0.0,0.0,0.0,0.0
2019-09-11,0.47306855306626067,0.5269314469337393,0.0,0.0,0.0,0.0,0.0
2019-09-12,0.47306855306626067,0.5269314469337393,0.0,0.0,0.0,0.0,0.0
2019-09-13,0.47306855306626067,0.5269314469337393,0.0,0.0,0.0,0.0,0.0
2019-09-16,0.47306855306626067,0.5269314469337393,0.0,0.0,0.0,0.0,0.0
2019-09-17,0.47306855306626067,0.5269314469337393,0.0,0.0,0.0,0.0,0.0
2019-09-18,0.47306855306626067,0.5269314469337393,0.0,0.0,0.0,0.0,0.0
2019-09-19,0.47306855306626067,0.5269314469337393,0.0,0.0,0.0,0.0,0.0
2019-09-20,0.47306855306626067,0.5269314469337393,0.0,0.0,0.0,0.0,0.0
2019-09-23,0.47306855306626067,0.5269314469337393,0.0,0.0,0.0,0.0,0.0
2019-09-24,0.47306855306626067,0.5269314469337393,0.0,0.0,0.0,0.0,0.0
2019-09-25,0.47306855306626067,0.5269314469337393,0.0,0.0,0.0,0.0,0.0
2019-09-26,0.47306855306626067,0.5269314469337393,0.0,0.0,0.0,0.0,0.0
2019-09-27,0.47306855306626067,0.5269314469337393,0.0,0.0,0.0,0.0,0.0
2019-09-30,0.47306855306626067,0.5269314469337393,0.0,0.0,0.0,0.0,0.0
2019-10-01,0.5162175936072563,0.4837824063927438,0.0,0.0,0.0,0.0,0.0
2019-10-02,0.5162175936072563,0.4837824063927438,0.0,0.0,0.0,0.0,0.0
2019-10-03,0.5162175936072563,0.4837824063927438,0.0,0.0,0.0,0.0,0.0
2019-10-04,0.5162175936072563,0.4837824063927438,0.0,0.0,0.0,0.0,0.0
2019-10-07,0.5162175936072563,0.4837824063927438,0.0,0.0,0.0,0.0,0.0
2019-10-08,0.5162175936072563,0.4837824063927438,0.0,0.0,0.0,0.0,0.0
2019-10-09,0.5162175936072563,0.4837824063927438,0.0,0.0,0.0,0.0,0.0
2019-10-10,0.5162175936072563,0.4837824063927438,0.0,0.0,0.0,0.0,0.0
2019-10-11,0.5162175936072563,0.4837824063927438,0.0,0.0,0.0,0.0,0.0
2019-10-14,0.5162175936072563,0.4837824063927438,0.0,0.0,0.0,0.0,0.0
2019-10-15,0.5162175936072563,0.4837824063927438,0.0,0.0,0.0,0.0,0.0
2019-10-16,0.5162175936072563,0.4837824063927438,0.0,0.0,0.0,0.0,0.0
2019-10-17,0.5162175936072563,0.4837824063927438,0.0,0.0,0.0,0.0,0.0
2019-10-18,0.5162175936072563,0.4837824063927438,0.0,0.0,0.0,0.0,0.0
2019-10-21,0.5162175936072563,0.4837824063927438,0.0,0.0,0.0,0.0,0.0
2019-10-22,0.5162175936072563,0.4837824063927438,0.0,0.0,0.0,0.0,0.0
2019-10-23,0.5162175936072563,0.4837824063927438,0.0,0.0,0.0,0.0,0.0
2019-10-24,0.5162175936072563,0.4837824063927438,0.0,0.0,0.0,0.0,0.0
2019-10-25,0.5162175936072563,0.4837824063927438,0.0,0.0,0.0,0.0,0.0
2019-10-28,0.5162175936072563,0.4837824063927438,0.0,0.0,0.0,0.0,0.0
2019-10-29,0.5162175936072563,0.4837824063927438,0.0,0.0,0.0,0.0,0.0
2019-10-30,0.5162175936072563,0.4837824063927438,0.0,0.0,0.0,0.0,0.0
2019-10-31,0.5162175936072563,0.4837824063927438,0.0,0.0,0.0,0.0,0.0
2019-11-01,0.5041130630846259,0.4958869369153741,0.0,0.0,0.0,0.0,0.0
2019-11-04,0.5041130630846259,0.4958869369153741,0.0,0.0,0.0,0.0,0.0
2019-11-05,0.5041130630846259,0.4958869369153741,0.0,0.0,0.0,0.0,0.0
2019-11-06,0.5041130630846259,0.4958869369153741,0.0,0.0,0.0,0.0,0.0
2019-11-07,0.5041130630846259,0.4958869369153741,0.0,0.0,0.0,0.0,0.0
2019-11-08,0.5041130630846259,0.4958869369153741,0.0,0.0,0.0,0.0,0.0
2019-11-11,0.5041130630846259,0.4958869369153741,0.0,0.0,0.0,0.0,0.0
2019-11-12,0.5041130630846259,0.4958869369153741,0.0,0.0,0.0,0.0,0.0
2019-11-13,0.5041130630846259,0.4958869369153741,0.0,0.0,0.0,0.0,0.0
2019-11-14,0.5041130630846259,0.4958869369153741,0.0,0.0,0.0,0.0,0.0
2019-11-15,0.5041130630846259,0.4958869369153741,0.0,0.0,0.0,0.0,0.0
2019-11-18,0.5041130630846259,0.4958869369153741,0.0,0.0,0.0,0.0,0.0
2019-11-19,0.5041130630846259,0.4958869369153741,0.0,0.0,0.0,0.0,0.0
2019-11-20,0.5041130630846259,0.4958869369153741,0.0,0.0,0.0,0.0,0.0
2019-11-21,0.5041130630846259,0.4958869369153741,0.0,0.0,0.0,0.0,0.0
2019-11-22,0.5041130630846259,0.4958869369153741,0.0,0.0,0.0,0.0,0.0
2019-11-25,0.5041130630846259,0.4958869369153741,0.0,0.0,0.0,0.0,0.0
2019-11-26,0.5041130630846259,0.4958869369153741,0.0,0.0,0.0,0.0,0.0
2019-11-27,0.5041130630846259,0.4958869369153741,0.0,0.0,0.0,0.0,0.0
2019-11-29,0.5041130630846259,0.4958869369153741,0.0,0.0,0.0,0.0,0.0
2019-12-02,0.4804952666700066,0.5195047333299935,0.0,0.0,0.0,0.0,0.0
2019-12-03,0.4804952666700066,0.5195047333299935,0.0,0.0,0.0,0.0,0.0
2019-12-04,0.4804952666700066,0.5195047333299935,0.0,0.0,0.0,0.0,0.0
2019-12-05,0.4804952666700066,0.5195047333299935,0.0,0.0,0.0,0.0,0.0
2019-12-06,0.4804952666700066,0.5195047333299935,0.0,0.0,0.0,0.0,0.0
2019-12-09,0.4804952666700066,0.5195047333299935,0.0,0.0,0.0,0.0,0.0
2019-12-10,0.4804952666700066,0.5195047333299935,0.0,0.0,0.0,0.0,0.0
2019-12-11,0.4804952666700066,0.5195047333299935,0.0,0.0,0.0,0.0,0.0
2019-12-12,0.4804952666700066,0.5195047333299935,0.0,0.0,0.0,0.0,0.0
2019-12-13,0.4804952666700066,0.5195047333299935,0.0,0.0,0.0,0.0,0.0
2019-12-16,0.4804952666700066,0.5195047333299935,0.0,0.0,0.0,0.0,0.0
2019-12-17,0.4804952666700066,0.5195047333299935,0.0,0.0,0.0,0.0,0.0
2019-12-18,0.4804952666700066,0.5195047333299935,0.0,0.0,0.0,0.0,0.0
2019-12-19,0.4804952666700066,0.5195047333299935,0.0,0.0,0.0,0.0,0.0
2019-12-20,0.4804952666700066,0.5195047333299935,0.0,0.0,0.0,0.0,0.0
2019-12-23,0.4804952666700066,0.5195047333299935,0.0,0.0,0.0,0.0,0.0
2019-12-24,0.4804952666700066,0.5195047333299935,0.0,0.0,0.0,0.0,0.0
2019-12-26,0.4804952666700066,0.5195047333299935,0.0,0.0,0.0,0.0,0.0
2019-12-27,0.4804952666700066,0.5195047333299935,0.0,0.0,0.0,0.0,0.0
2019-12-30,0.4804952666700066,0.5195047333299935,0.0,0.0,0.0,0.0,0.0
2019-12-31,0.4804952666700066,0.5195047333299935,0.0,0.0,0.0,0.0,0.0
2020-01-02,0.5430544165726959,0.45694558342730407,0.0,0.0,0.0,0.0,0.0
2020-01-03,0.5430544165726959,0.45694558342730407,0.0,0.0,0.0,0.0,0.0
2020-01-06,0.5430544165726959,0.45694558342730407,0.0,0.0,0.0,0.0,0.0
2020-01-07,0.5430544165726959,0.45694558342730407,0.0,0.0,0.0,0.0,0.0
2020-01-08,0.5430544165726959,0.45694558342730407,0.0,0.0,0.0,0.0,0.0
2020-01-09,0.5430544165726959,0.45694558342730407,0.0,0.0,0.0,0.0,0.0
2020-01-10,0.5430544165726959,0.45694558342730407,0.0,0.0,0.0,0.0,0.0
2020-01-13,0.5430544165726959,0.45694558342730407,0.0,0.0,0.0,0.0,0.0
2020-01-14,0.5430544165726959,0.45694558342730407,0.0,0.0,0.0,0.0,0.0
2020-01-15,0.5430544165726959,0.45694558342730407,0.0,0.0,0.0,0.0,0.0
2020-01-16,0.5430544165726959,0.45694558342730407,0.0,0.0,0.0,0.0,0.0
2020-01-17,0.5430544165726959,0.45694558342730407,0.0,0.0,0.0,0.0,0.0
2020-01-21,0.5430544165726959,0.45694558342730407,0.0,0.0,0.0,0.0,0.0
2020-01-22,0.5430544165726959,0.45694558342730407,0.0,0.0,0.0,0.0,0.0
2020-01-23,0.5430544165726959,0.45694558342730407,0.0,0.0,0.0,0.0,0.0
2020-01-24,0.5430544165726959,0.45694558342730407,0.0,0.0,0.0,0.0,0.0
2020-01-27,0.5430544165726959,0.45694558342730407,0.0,0.0,0.0,0.0,0.0
2020-01-28,0.5430544165726959,0.45694558342730407,0.0,0.0,0.0,0.0,0.0
2020-01-29,0.5430544165726959,0.45694558342730407,0.0,0.0,0.0,0.0,0.0
2020-01-30,0.5430544165726959,0.45694558342730407,0.0,0.0,0.0,0.0,0.0
2020-01-31,0.5430544165726959,0.45694558342730407,0.0,0.0,0.0,0.0,0.0
2020-02-03,0.5021859993247633,0.49781400067523673,0.0,0.0,0.0,0.0,0.0
2020-02-04,0.5021859993247633,0.49781400067523673,0.0,0.0,0.0,0.0,0.0
2020-02-05,0.5021859993247633,0.49781400067523673,0.0,0.0,0.0,0.0,0.0
2020-02-06,0.5021859993247633,0.49781400067523673,0.0,0.0,0.0,0.0,0.0
2020-02-07,0.5021859993247633,0.49781400067523673,0.0,0.0,0.0,0.0,0.0
2020-02-10,0.5021859993247633,0.49781400067523673,0.0,0.0,0.0,0.0,0.0
2020-02-11,0.5021859993247633,0.49781400067523673,0.0,0.0,0.0,0.0,0.0
2020-02-12,0.5021859993247633,0.49781400067523673,0.0,0.0,0.0,0.0,0.0
2020-02-13,0.5021859993247633,0.49781400067523673,0.0,0.0,0.0,0.0,0.0
2020-02-14,0.5021859993247633,0.49781400067523673,0.0,0.0,0.0,0.0,0.0
2020-02-18,0.5021859993247633,0.49781400067523673,0.0,0.0,0.0,0.0,0.0
2020-02-19,0.5021859993247633,0.49781400067523673,0.0,0.0,0.0,0.0,0.0
2020-02-20,0.5021859993247633,0.49781400067523673,0.0,0.0,0.0,0.0,0.0
2020-02-21,0.5021859993247633,0.49781400067523673,0.0,0.0,0.0,0.0,0.0
2020-02-24,0.5021859993247633,0.49781400067523673,0.0,0.0,0.0,0.0,0.0
2020-02-25,0.0,0.0,0.0,0.0,0.0,0.0,1.0
2020-02-26,0.0,0.0,0.0,0.0,0.0,0.0,1.0
2020-02-27,0.0,0.0,0.0,0.0,0.0,0.0,1.0
2020-02-28,0.0,0.0,0.0,0.0,0.0,0.0,1.0
2020-03-02,0.0,0.0,0.0,0.0,0.0,0.0,1.0
2020-03-03,0.0,0.0,0.0,0.0,0.0,0.0,1.0
2020-03-04,0.0,0.0,0.0,0.0,0.0,0.0,1.0
2020-03-05,0.0,0.0,0.0,0.0,0.0,0.0,1.0
2020-03-06,0.0,0.0,0.0,0.0,0.0,0.0,1.0
2020-03-09,0.0,0.0,0.0,0.0,0.0,0.0,1.0
2020-03-10,0.0,0.0,0.0,0.0,0.0,0.0,1.0
2020-03-11,0.0,0.0,0.0,0.0,0.0,0.0,1.0
2020-03-12,0.0,0.0,0.0,0.0,0.0,0.0,1.0
2020-03-13,0.0,0.0,0.0,0.0,0.0,0.0,1.0
2020-03-16,0.0,0.0,0.0,0.0,0.0,0.0,1.0
2020-03-17,0.0,0.0,0.0,0.0,0.0,0.0,1.0
2020-03-18,0.0,0.0,0.0,0.0,0.0,0.0,1.0
2020-03-19,0.0,0.0,0.0,0.0,0.0,0.0,1.0
2020-03-20,0.0,0.0,0.0,0.0,0.0,0.0,1.0
2020-03-23,0.0,0.0,0.0,0.0,0.0,0.0,1.0
2020-03-24,0.0,0.0,0.0,0.0,0.0,0.0,1.0
2020-03-25,0.0,0.0,0.0,0.0,0.0,0.0,1.0
2020-03-26,0.0,0.0,0.0,0.0,0.0,0.0,1.0
2020-03-27,0.0,0.0,0.0,0.0,0.0,0.0,1.0
2020-03-30,0.0,0.0,0.0,0.0,0.0,0.0,1.0
2020-03-31,0.0,0.0,0.0,0.0,0.0,0.0,1.0
2020-04-01,0.0,0.0,0.0,0.0,0.0,0.0,1.0
2020-04-02,0.0,0.0,0.0,0.0,0.0,0.0,1.0
2020-04-03,0.0,0.0,0.0,0.0,0.0,0.0,1.0
2020-04-06,0.0,0.0,0.0,0.0,0.0,0.0,1.0
2020-04-07,0.17784405575240284,0.0,0.0,0.3274270468326715,0.49472889741492565,0.0,0.0
2020-04-08,0.17784405575240284,0.0,0.0,0.3274270468326715,0.49472889741492565,0.0,0.0
2020-04-09,0.17784405575240284,0.0,0.0,0.3274270468326715,0.49472889741492565,0.0,0.0
2020-04-13,0.17784405575240284,0.0,0.0,0.3274270468326715,0.49472889741492565,0.0,0.0
2020-04-14,0.17784405575240284,0.0,0.0,0.3274270468326715,0.49472889741492565,0.0,0.0
2020-04-15,0.17784405575240284,0.0,0.0,0.3274270468326715,0.49472889741492565,0.0,0.0
2020-04-16,0.17784405575240284,0.0,0.0,0.3274270468326715,0.49472889741492565,0.0,0.0
2020-04-17,0.17784405575240284,0.0,0.0,0.3274270468326715,0.49472889741492565,0.0,0.0
2020-04-20,0.17784405575240284,0.0,0.0,0.3274270468326715,0.49472889741492565,0.0,0.0
2020-04-21,0.17784405575240284,0.0,0.0,0.3274270468326715,0.49472889741492565,0.0,0.0
2020-04-22,0.17784405575240284,0.0,0.0,0.3274270468326715,0.49472889741492565,0.0,0.0
2020-04-23,0.17784405575240284,0.0,0.0,0.3274270468326715,0.49472889741492565,0.0,0.0
2020-04-24,0.17784405575240284,0.0,0.0,0.3274270468326715,0.49472889741492565,0.0,0.0
2020-04-27,0.17784405575240284,0.0,0.0,0.3274270468326715,0.49472889741492565,0.0,0.0
2020-04-28,0.17784405575240284,0.0,0.0,0.3274270468326715,0.49472889741492565,0.0,0.0
2020-04-29,0.17784405575240284,0.0,0.0,0.3274270468326715,0.49472889741492565,0.0,0.0
2020-04-30,0.17784405575240284,0.0,0.0,0.3274270468326715,0.49472889741492565,0.0,0.0
2020-05-01,0.17663746167802286,0.0,0.0,0.319677392604556,0.5036851457174211,0.0,0.0
2020-05-04,0.17663746167802286,0.0,0.0,0.319677392604556,0.5036851457174211,0.0,0.0
2020-05-05,0.17663746167802286,0.0,0.0,0.319677392604556,0.5036851457174211,0.0,0.0
2020-05-06,0.17663746167802286,0.0,0.0,0.319677392604556,0.5036851457174211,0.0,0.0
2020-05-07,0.17663746167802286,0.0,0.0,0.319677392604556,0.5036851457174211,0.0,0.0
2020-05-08,0.17663746167802286,0.0,0.0,0.319677392604556,0.5036851457174211,0.0,0.0
2020-05-11,0.17663746167802286,0.0,0.0,0.319677392604556,0.5036851457174211,0.0,0.0
2020-05-12,0.17663746167802286,0.0,0.0,0.319677392604556,0.5036851457174211,0.0,0.0
2020-05-13,0.17663746167802286,0.0,0.0,0.319677392604556,0.5036851457174211,0.0,0.0
2020-05-14,0.17663746167802286,0.0,0.0,0.319677392604556,0.5036851457174211,0.0,0.0
2020-05-15,0.17663746167802286,0.0,0.0,0.319677392604556,0.5036851457174211,0.0,0.0
2020-05-18,0.17663746167802286,0.0,0.0,0.319677392604556,0.5036851457174211,0.0,0.0
2020-05-19,0.17663746167802286,0.0,0.0,0.319677392604556,0.5036851457174211,0.0,0.0
2020-05-20,0.17663746167802286,0.0,0.0,0.319677392604556,0.5036851457174211,0.0,0.0
2020-05-21,0.17663746167802286,0.0,0.0,0.319677392604556,0.5036851457174211,0.0,0.0
2020-05-22,0.17663746167802286,0.0,0.0,0.319677392604556,0.5036851457174211,0.0,0.0
2020-05-26,0.17663746167802286,0.0,0.0,0.319677392604556,0.5036851457174211,0.0,0.0
2020-05-27,0.17663746167802286,0.0,0.0,0.319677392604556,0.5036851457174211,0.0,0.0
2020-05-28,0.17663746167802286,0.0,0.0,0.319677392604556,0.5036851457174211,0.0,0.0
2020-05-29,0.17663746167802286,0.0,0.0,0.319677392604556,0.5036851457174211,0.0,0.0
2020-06-01,0.1888219150574628,0.0,0.0,0.32243085422153955,0.4887472307209976,0.0,0.0
2020-06-02,0.1888219150574628,0.0,0.0,0.32243085422153955,0.4887472307209976,0.0,0.0
2020-06-03,0.1888219150574628,0.0,0.0,0.32243085422153955,0.4887472307209976,0.0,0.0
2020-06-04,0.1888219150574628,0.0,0.0,0.32243085422153955,0.4887472307209976,0.0,0.0
2020-06-05,0.1888219150574628,0.0,0.0,0.32243085422153955,0.4887472307209976,0.0,0.0
2020-06-08,0.1888219150574628,0.0,0.0,0.32243085422153955,0.4887472307209976,0.0,0.0
2020-06-09,0.1888219150574628,0.0,0.0,0.32243085422153955,0.4887472307209976,0.0,0.0
2020-06-10,0.1888219150574628,0.0,0.0,0.32243085422153955,0.4887472307209976,0.0,0.0
2020-06-11,0.1888219150574628,0.0,0.0,0.32243085422153955,0.4887472307209976,0.0,0.0
2020-06-12,0.1888219150574628,0.0,0.0,0.32243085422153955,0.4887472307209976,0.0,0.0
2020-06-15,0.1888219150574628,0.0,0.0,0.32243085422153955,0.4887472307209976,0.0,0.0
2020-06-16,0.1888219150574628,0.0,0.0,0.32243085422153955,0.4887472307209976,0.0,0.0
2020-06-17,0.1888219150574628,0.0,0.0,0.32243085422153955,0.4887472307209976,0.0,0.0
2020-06-18,0.1888219150574628,0.0,0.0,0.32243085422153955,0.4887472307209976,0.0,0.0
2020-06-19,0.1888219150574628,0.0,0.0,0.32243085422153955,0.4887472307209976,0.0,0.0
2020-06-22,0.1888219150574628,0.0,0.0,0.32243085422153955,0.4887472307209976,0.0,0.0
2020-06-23,0.1888219150574628,0.0,0.0,0.32243085422153955,0.4887472307209976,0.0,0.0
2020-06-24,0.1888219150574628,0.0,0.0,0.32243085422153955,0.4887472307209976,0.0,0.0
2020-06-25,0.1888219150574628,0.0,0.0,0.32243085422153955,0.4887472307209976,0.0,0.0
2020-06-26,0.1888219150574628,0.0,0.0,0.32243085422153955,0.4887472307209976,0.0,0.0
2020-06-29,0.1888219150574628,0.0,0.0,0.32243085422153955,0.4887472307209976,0.0,0.0
2020-06-30,0.1888219150574628,0.0,0.0,0.32243085422153955,0.4887472307209976,0.0,0.0
2020-07-01,0.1892965110982323,0.0,0.0,0.32275847249234435,0.4879450164094233,0.0,0.0
2020-07-02,0.1892965110982323,0.0,0.0,0.32275847249234435,0.4879450164094233,0.0,0.0
2020-07-06,0.1892965110982323,0.0,0.0,0.32275847249234435,0.4879450164094233,0.0,0.0
2020-07-07,0.1892965110982323,0.0,0.0,0.32275847249234435,0.4879450164094233,0.0,0.0
2020-07-08,0.1892965110982323,0.0,0.0,0.32275847249234435,0.4879450164094233,0.0,0.0
2020-07-09,0.1892965110982323,0.0,0.0,0.32275847249234435,0.4879450164094233,0.0,0.0
2020-07-10,0.1892965110982323,0.0,0.0,0.32275847249234435,0.4879450164094233,0.0,0.0
2020-07-13,0.1892965110982323,0.0,0.0,0.32275847249234435,0.4879450164094233,0.0,0.0
2020-07-14,0.1892965110982323,0.0,0.0,0.32275847249234435,0.4879450164094233,0.0,0.0
2020-07-15,0.1892965110982323,0.0,0.0,0.32275847249234435,0.4879450164094233,0.0,0.0
2020-07-16,0.1892965110982323,0.0,0.0,0.32275847249234435,0.4879450164094233,0.0,0.0
2020-07-17,0.1892965110982323,0.0,0.0,0.32275847249234435,0.4879450164094233,0.0,0.0
2020-07-20,0.1892965110982323,0.0,0.0,0.32275847249234435,0.4879450164094233,0.0,0.0
2020-07-21,0.1892965110982323,0.0,0.0,0.32275847249234435,0.4879450164094233,0.0,0.0
2020-07-22,0.1892965110982323,0.0,0.0,0.32275847249234435,0.4879450164094233,0.0,0.0
2020-07-23,0.1892965110982323,0.0,0.0,0.32275847249234435,0.4879450164094233,0.0,0.0
2020-07-24,0.1892965110982323,0.0,0.0,0.32275847249234435,0.4879450164094233,0.0,0.0
2020-07-27,0.1892965110982323,0.0,0.0,0.32275847249234435,0.4879450164094233,0.0,0.0
2020-07-28,0.1892965110982323,0.0,0.0,0.32275847249234435,0.4879450164094233,0.0,0.0
2020-07-29,0.1892965110982323,0.0,0.0,0.32275847249234435,0.4879450164094233,0.0,0.0
2020-07-30,0.1892965110982323,0.0,0.0,0.32275847249234435,0.4879450164094233,0.0,0.0
2020-07-31,0.1892965110982323,0.0,0.0,0.32275847249234435,0.4879450164094233,0.0,0.0
2020-08-03,0.24600576651819706,0.0,0.0,0.34270234801151467,0.41129188547028833,0.0,0.0
2020-08-04,0.24600576651819706,0.0,0.0,0.34270234801151467,0.41129188547028833,0.0,0.0
2020-08-05,0.24600576651819706,0.0,0.0,0.34270234801151467,0.41129188547028833,0.0,0.0
2020-08-06,0.24600576651819706,0.0,0.0,0.34270234801151467,0.41129188547028833,0.0,0.0
2020-08-07,0.24600576651819706,0.0,0.0,0.34270234801151467,0.41129188547028833,0.0,0.0
2020-08-10,0.24600576651819706,0.0,0.0,0.34270234801151467,0.41129188547028833,0.0,0.0
2020-08-11,0.24600576651819706,0.0,0.0,0.34270234801151467,0.41129188547028833,0.0,0.0
2020-08-12,0.24600576651819706,0.0,0.0,0.34270234801151467,0.41129188547028833,0.0,0.0
2020-08-13,0.24600576651819706,0.0,0.0,0.34270234801151467,0.41129188547028833,0.0,0.0
2020-08-14,0.24600576651819706,0.0,0.0,0.34270234801151467,0.41129188547028833,0.0,0.0
2020-08-17,0.24600576651819706,0.0,0.0,0.34270234801151467,0.41129188547028833,0.0,0.0
2020-08-18,0.24600576651819706,0.0,0.0,0.34270234801151467,0.41129188547028833,0.0,0.0
2020-08-19,0.24600576651819706,0.0,0.0,0.34270234801151467,0.41129188547028833,0.0,0.0
2020-08-20,0.24600576651819706,0.0,0.0,0.34270234801151467,0.41129188547028833,0.0,0.0
2020-08-21,0.24600576651819706,0.0,0.0,0.34270234801151467,0.41129188547028833,0.0,0.0
2020-08-24,0.24600576651819706,0.0,0.0,0.34270234801151467,0.41129188547028833,0.0,0.0
2020-08-25,0.24600576651819706,0.0,0.0,0.34270234801151467,0.41129188547028833,0.0,0.0
2020-08-26,0.24600576651819706,0.0,0.0,0.34270234801151467,0.41129188547028833,0.0,0.0
2020-08-27,0.24600576651819706,0.0,0.0,0.34270234801151467,0.41129188547028833,0.0,0.0
2020-08-28,0.24600576651819706,0.0,0.0,0.34270234801151467,0.41129188547028833,0.0,0.0
2020-08-31,0.24600576651819706,0.0,0.0,0.34270234801151467,0.41129188547028833,0.0,0.0
2020-09-01,0.3063728137613002,0.0,0.0,0.34262175254238386,0.35100543369631587,0.0,0.0
2020-09-02,0.3063728137613002,0.0,0.0,0.34262175254238386,0.35100543369631587,0.0,0.0
2020-09-03,0.3063728137613002,0.0,0.0,0.34262175254238386,0.35100543369631587,0.0,0.0
2020-09-04,0.3063728137613002,0.0,0.0,0.34262175254238386,0.35100543369631587,0.0,0.0
2020-09-08,0.3063728137613002,0.0,0.0,0.34262175254238386,0.35100543369631587,0.0,0.0
2020-09-09,0.3063728137613002,0.0,0.0,0.34262175254238386,0.35100543369631587,0.0,0.0
2020-09-10,0.3063728137613002,0.0,0.0,0.34262175254238386,0.35100543369631587,0.0,0.0
2020-09-11,0.3063728137613002,0.0,0.0,0.34262175254238386,0.35100543369631587,0.0,0.0
2020-09-14,0.3063728137613002,0.0,0.0,0.34262175254238386,0.35100543369631587,0.0,0.0
2020-09-15,0.3063728137613002,0.0,0.0,0.34262175254238386,0.35100543369631587,0.0,0.0
2020-09-16,0.3063728137613002,0.0,0.0,0.34262175254238386,0.35100543369631587,0.0,0.0
2020-09-17,0.3063728137613002,0.0,0.0,0.34262175254238386,0.35100543369631587,0.0,0.0
2020-09-18,0.3063728137613002,0.0,0.0,0.34262175254238386,0.35100543369631587,0.0,0.0
2020-09-21,0.3063728137613002,0.0,0.0,0.34262175254238386,0.35100543369631587,0.0,0.0
2020-09-22,0.3063728137613002,0.0,0.0,0.34262175254238386,0.35100543369631587,0.0,0.0
2020-09-23,0.3063728137613002,0.0,0.0,0.34262175254238386,0.35100543369631587,0.0,0.0
2020-09-24,0.3063728137613002,0.0,0.0,0.34262175254238386,0.35100543369631587,0.0,0.0
2020-09-25,0.3063728137613002,0.0,0.0,0.34262175254238386,0.35100543369631587,0.0,0.0
2020-09-28,0.3063728137613002,0.0,0.0,0.34262175254238386,0.35100543369631587,0.0,0.0
2020-09-29,0.3063728137613002,0.0,0.0,0.34262175254238386,0.35100543369631587,0.0,0.0
2020-09-30,0.3063728137613002,0.0,0.0,0.34262175254238386,0.35100543369631587,0.0,0.0
2020-10-01,0.3031080047581849,0.0,0.0,0.37023138100283576,0.3266606142389794,0.0,0.0
2020-10-02,0.3031080047581849,0.0,0.0,0.37023138100283576,0.3266606142389794,0.0,0.0
2020-10-05,0.3031080047581849,0.0,0.0,0.37023138100283576,0.3266606142389794,0.0,0.0
2020-10-06,0.3031080047581849,0.0,0.0,0.37023138100283576,0.3266606142389794,0.0,0.0
2020-10-07,0.3031080047581849,0.0,0.0,0.37023138100283576,0.3266606142389794,0.0,0.0
2020-10-08,0.3031080047581849,0.0,0.0,0.37023138100283576,0.3266606142389794,0.0,0.0
2020-10-09,0.3031080047581849,0.0,0.0,0.37023138100283576,0.3266606142389794,0.0,0.0
2020-10-12,0.3031080047581849,0.0,0.0,0.37023138100283576,0.3266606142389794,0.0,0.0
2020-10-13,0.3031080047581849,0.0,0.0,0.37023138100283576,0.3266606142389794,0.0,0.0
2020-10-14,0.3031080047581849,0.0,0.0,0.37023138100283576,0.3266606142389794,0.0,0.0
2020-10-15,0.3031080047581849,0.0,0.0,0.37023138100283576,0.3266606142389794,0.0,0.0
2020-10-16,0.3031080047581849,0.0,0.0,0.37023138100283576,0.3266606142389794,0.0,0.0
2020-10-19,0.3031080047581849,0.0,0.0,0.37023138100283576,0.3266606142389794,0.0,0.0
2020-10-20,0.3031080047581849,0.0,0.0,0.37023138100283576,0.3266606142389794,0.0,0.0
2020-10-21,0.3031080047581849,0.0,0.0,0.37023138100283576,0.3266606142389794,0.0,0.0
2020-10-22,0.3031080047581849,0.0,0.0,0.37023138100283576,0.3266606142389794,0.0,0.0
2020-10-23,0.3031080047581849,0.0,0.0,0.37023138100283576,0.3266606142389794,0.0,0.0
2020-10-26,0.3031080047581849,0.0,0.0,0.37023138100283576,0.3266606142389794,0.0,0.0
2020-10-27,0.3031080047581849,0.0,0.0,0.37023138100283576,0.3266606142389794,0.0,0.0
2020-10-28,0.3031080047581849,0.0,0.0,0.37023138100283576,0.3266606142389794,0.0,0.0
2020-10-29,0.0,0.0,0.0,0.0,0.0,0.0,1.0
2020-10-30,0.0,0.0,0.0,0.0,0.0,0.0,1.0
2020-11-02,0.0,0.0,0.0,0.0,0.0,0.0,1.0
2020-11-03,0.0,0.0,0.0,0.0,0.0,0.0,1.0
2020-11-04,0.0,0.0,0.0,0.0,0.0,0.0,1.0
2020-11-05,0.31072002995909104,0.0,0.0,0.352007901939173,0.33727206810173604,0.0,0.0
2020-11-06,0.31072002995909104,0.0,0.0,0.352007901939173,0.33727206810173604,0.0,0.0
2020-11-09,0.31072002995909104,0.0,0.0,0.352007901939173,0.33727206810173604,0.0,0.0
2020-11-10,0.31072002995909104,0.0,0.0,0.352007901939173,0.33727206810173604,0.0,0.0
2020-11-11,0.31072002995909104,0.0,0.0,0.352007901939173,0.33727206810173604,0.0,0.0
2020-11-12,0.31072002995909104,0.0,0.0,0.352007901939173,0.33727206810173604,0.0,0.0
2020-11-13,0.31072002995909104,0.0,0.0,0.352007901939173,0.33727206810173604,0.0,0.0
2020-11-16,0.31072002995909104,0.0,0.0,0.352007901939173,0.33727206810173604,0.0,0.0
2020-11-17,0.31072002995909104,0.0,0.0,0.352007901939173,0.33727206810173604,0.0,0.0
2020-11-18,0.31072002995909104,0.0,0.0,0.352007901939173,0.33727206810173604,0.0,0.0
2020-11-19,0.31072002995909104,0.0,0.0,0.352007901939173,0.33727206810173604,0.0,0.0
2020-11-20,0.31072002995909104,0.0,0.0,0.352007901939173,0.33727206810173604,0.0,0.0
2020-11-23,0.31072002995909104,0.0,0.0,0.352007901939173,0.33727206810173604,0.0,0.0
2020-11-24,0.31072002995909104,0.0,0.0,0.352007901939173,0.33727206810173604,0.0,0.0
2020-11-25,0.31072002995909104,0.0,0.0,0.352007901939173,0.33727206810173604,0.0,0.0
2020-11-27,0.31072002995909104,0.0,0.0,0.352007901939173,0.33727206810173604,0.0,0.0
2020-11-30,0.31072002995909104,0.0,0.0,0.352007901939173,0.33727206810173604,0.0,0.0
2020-12-01,0.3075927648863458,0.0,0.0,0.3521457954028913,0.3402614397107629,0.0,0.0
2020-12-02,0.3075927648863458,0.0,0.0,0.3521457954028913,0.3402614397107629,0.0,0.0
2020-12-03,0.3075927648863458,0.0,0.0,0.3521457954028913,0.3402614397107629,0.0,0.0
2020-12-04,0.3075927648863458,0.0,0.0,0.3521457954028913,0.3402614397107629,0.0,0.0
2020-12-07,0.3075927648863458,0.0,0.0,0.3521457954028913,0.3402614397107629,0.0,0.0
2020-12-08,0.3075927648863458,0.0,0.0,0.3521457954028913,0.3402614397107629,0.0,0.0
2020-12-09,0.3075927648863458,0.0,0.0,0.3521457954028913,0.3402614397107629,0.0,0.0
2020-12-10,0.3075927648863458,0.0,0.0,0.3521457954028913,0.3402614397107629,0.0,0.0
2020-12-11,0.3075927648863458,0.0,0.0,0.3521457954028913,0.3402614397107629,0.0,0.0
2020-12-14,0.3075927648863458,0.0,0.0,0.3521457954028913,0.3402614397107629,0.0,0.0
2020-12-15,0.3075927648863458,0.0,0.0,0.3521457954028913,0.3402614397107629,0.0,0.0
2020-12-16,0.3075927648863458,0.0,0.0,0.3521457954028913,0.3402614397107629,0.0,0.0
2020-12-17,0.3075927648863458,0.0,0.0,0.3521457954028913,0.3402614397107629,0.0,0.0
2020-12-18,0.3075927648863458,0.0,0.0,0.3521457954028913,0.3402614397107629,0.0,0.0
2020-12-21,0.3075927648863458,0.0,0.0,0.3521457954028913,0.3402614397107629,0.0,0.0
2020-12-22,0.3075927648863458,0.0,0.0,0.3521457954028913,0.3402614397107629,0.0,0.0
2020-12-23,0.3075927648863458,0.0,0.0,0.3521457954028913,0.3402614397107629,0.0,0.0
2020-12-24,0.3075927648863458,0.0,0.0,0.3521457954028913,0.3402614397107629,0.0,0.0
2020-12-28,0.3075927648863458,0.0,0.0,0.3521457954028913,0.3402614397107629,0.0,0.0
2020-12-29,0.3075927648863458,0.0,0.0,0.3521457954028913,0.3402614397107629,0.0,0.0
2020-12-30,0.3075927648863458,0.0,0.0,0.3521457954028913,0.3402614397107629,0.0,0.0
2020-12-31,0.3075927648863458,0.0,0.0,0.3521457954028913,0.3402614397107629,0.0,0.0
2021-01-04,0.3066364205448875,0.0,0.0,0.3635782920971554,0.3297852873579572,0.0,0.0
2021-01-05,0.3066364205448875,0.0,0.0,0.3635782920971554,0.3297852873579572,0.0,0.0
2021-01-06,0.3066364205448875,0.0,0.0,0.3635782920971554,0.3297852873579572,0.0,0.0
2021-01-07,0.4575196795309086,0.0,0.0,0.5424803204690913,0.0,0.0,0.0
2021-01-08,0.4575196795309086,0.0,0.0,0.5424803204690913,0.0,0.0,0.0
2021-01-11,0.4575196795309086,0.0,0.0,0.5424803204690913,0.0,0.0,0.0
2021-01-12,0.4575196795309086,0.0,0.0,0.5424803204690913,0.0,0.0,0.0
2021-01-13,0.4575196795309086,0.0,0.0,0.5424803204690913,0.0,0.0,0.0
2021-01-14,0.4575196795309086,0.0,0.0,0.5424803204690913,0.0,0.0,0.0
2021-01-15,0.4575196795309086,0.0,0.0,0.5424803204690913,0.0,0.0,0.0
2021-01-19,0.4575196795309086,0.0,0.0,0.5424803204690913,0.0,0.0,0.0
2021-01-20,0.4575196795309086,0.0,0.0,0.5424803204690913,0.0,0.0,0.0
2021-01-21,0.4575196795309086,0.0,0.0,0.5424803204690913,0.0,0.0,0.0
2021-01-22,0.4575196795309086,0.0,0.0,0.5424803204690913,0.0,0.0,0.0
2021-01-25,0.4575196795309086,0.0,0.0,0.5424803204690913,0.0,0.0,0.0
2021-01-26,0.4575196795309086,0.0,0.0,0.5424803204690913,0.0,0.0,0.0
2021-01-27,0.4575196795309086,0.0,0.0,0.5424803204690913,0.0,0.0,0.0
2021-01-28,0.4575196795309086,0.0,0.0,0.5424803204690913,0.0,0.0,0.0
2021-01-29,0.4575196795309086,0.0,0.0,0.5424803204690913,0.0,0.0,0.0
2021-02-01,0.474996164419997,0.0,0.0,0.5250038355800031,0.0,0.0,0.0
2021-02-02,0.474996164419997,0.0,0.0,0.5250038355800031,0.0,0.0,0.0
2021-02-03,0.474996164419997,0.0,0.0,0.5250038355800031,0.0,0.0,0.0
2021-02-04,0.474996164419997,0.0,0.0,0.5250038355800031,0.0,0.0,0.0
2021-02-05,0.474996164419997,0.0,0.0,0.5250038355800031,0.0,0.0,0.0
2021-02-08,0.474996164419997,0.0,0.0,0.5250038355800031,0.0,0.0,0.0
2021-02-09,0.474996164419997,0.0,0.0,0.5250038355800031,0.0,0.0,0.0
2021-02-10,0.474996164419997,0.0,0.0,0.5250038355800031,0.0,0.0,0.0
2021-02-11,0.474996164419997,0.0,0.0,0.5250038355800031,0.0,0.0,0.0
2021-02-12,0.474996164419997,0.0,0.0,0.5250038355800031,0.0,0.0,0.0
2021-02-16,0.474996164419997,0.0,0.0,0.5250038355800031,0.0,0.0,0.0
2021-02-17,1.0,0.0,0.0,0.0,0.0,0.0,0.0
2021-02-18,1.0,0.0,0.0,0.0,0.0,0.0,0.0
2021-02-19,1.0,0.0,0.0,0.0,0.0,0.0,0.0
2021-02-22,1.0,0.0,0.0,0.0,0.0,0.0,0.0
2021-02-23,1.0,0.0,0.0,0.0,0.0,0.0,0.0
2021-02-24,1.0,0.0,0.0,0.0,0.0,0.0,0.0
2021-02-25,1.0,0.0,0.0,0.0,0.0,0.0,0.0
2021-02-26,1.0,0.0,0.0,0.0,0.0,0.0,0.0
2021-03-01,1.0,0.0,0.0,0.0,0.0,0.0,0.0
2021-03-02,1.0,0.0,0.0,0.0,0.0,0.0,0.0
2021-03-03,1.0,0.0,0.0,0.0,0.0,0.0,0.0
2021-03-04,1.0,0.0,0.0,0.0,0.0,0.0,0.0
2021-03-05,1.0,0.0,0.0,0.0,0.0,0.0,0.0
2021-03-08,1.0,0.0,0.0,0.0,0.0,0.0,0.0
2021-03-09,1.0,0.0,0.0,0.0,0.0,0.0,0.0
2021-03-10,1.0,0.0,0.0,0.0,0.0,0.0,0.0
2021-03-11,1.0,0.0,0.0,0.0,0.0,0.0,0.0
2021-03-12,1.0,0.0,0.0,0.0,0.0,0.0,0.0
2021-03-15,1.0,0.0,0.0,0.0,0.0,0.0,0.0
2021-03-16,1.0,0.0,0.0,0.0,0.0,0.0,0.0
2021-03-17,1.0,0.0,0.0,0.0,0.0,0.0,0.0
2021-03-18,1.0,0.0,0.0,0.0,0.0,0.0,0.0
2021-03-19,1.0,0.0,0.0,0.0,0.0,0.0,0.0
2021-03-22,1.0,0.0,0.0,0.0,0.0,0.0,0.0
2021-03-23,1.0,0.0,0.0,0.0,0.0,0.0,0.0
2021-03-24,1.0,0.0,0.0,0.0,0.0,0.0,0.0
2021-03-25,1.0,0.0,0.0,0.0,0.0,0.0,0.0
2021-03-26,1.0,0.0,0.0,0.0,0.0,0.0,0.0
2021-03-29,1.0,0.0,0.0,0.0,0.0,0.0,0.0
2021-03-30,1.0,0.0,0.0,0.0,0.0,0.0,0.0
2021-03-31,1.0,0.0,0.0,0.0,0.0,0.0,0.0
2021-04-01,1.0,0.0,0.0,0.0,0.0,0.0,0.0
2021-04-05,1.0,0.0,0.0,0.0,0.0,0.0,0.0
2021-04-06,1.0,0.0,0.0,0.0,0.0,0.0,0.0
2021-04-07,1.0,0.0,0.0,0.0,0.0,0.0,0.0
2021-04-08,1.0,0.0,0.0,0.0,0.0,0.0,0.0
2021-04-09,1.0,0.0,0.0,0.0,0.0,0.0,0.0
2021-04-12,1.0,0.0,0.0,0.0,0.0,0.0,0.0
2021-04-13,1.0,0.0,0.0,0.0,0.0,0.0,0.0
2021-04-14,1.0,0.0,0.0,0.0,0.0,0.0,0.0
2021-04-15,1.0,0.0,0.0,0.0,0.0,0.0,0.0
2021-04-16,1.0,0.0,0.0,0.0,0.0,0.0,0.0
2021-04-19,1.0,0.0,0.0,0.0,0.0,0.0,0.0
2021-04-20,1.0,0.0,0.0,0.0,0.0,0.0,0.0
2021-04-21,1.0,0.0,0.0,0.0,0.0,0.0,0.0
2021-04-22,1.0,0.0,0.0,0.0,0.0,0.0,0.0
2021-04-23,1.0,0.0,0.0,0.0,0.0,0.0,0.0
2021-04-26,1.0,0.0,0.0,0.0,0.0,0.0,0.0
2021-04-27,1.0,0.0,0.0,0.0,0.0,0.0,0.0
2021-04-28,1.0,0.0,0.0,0.0,0.0,0.0,0.0
2021-04-29,1.0,0.0,0.0,0.0,0.0,0.0,0.0
2021-04-30,1.0,0.0,0.0,0.0,0.0,0.0,0.0
2021-05-03,1.0,0.0,0.0,0.0,0.0,0.0,0.0
2021-05-04,1.0,0.0,0.0,0.0,0.0,0.0,0.0
2021-05-05,1.0,0.0,0.0,0.0,0.0,0.0,0.0
2021-05-06,1.0,0.0,0.0,0.0,0.0,0.0,0.0
2021-05-07,1.0,0.0,0.0,0.0,0.0,0.0,0.0
2021-05-10,1.0,0.0,0.0,0.0,0.0,0.0,0.0
2021-05-11,1.0,0.0,0.0,0.0,0.0,0.0,0.0
2021-05-12,1.0,0.0,0.0,0.0,0.0,0.0,0.0
2021-05-13,1.0,0.0,0.0,0.0,0.0,0.0,0.0
2021-05-14,1.0,0.0,0.0,0.0,0.0,0.0,0.0
2021-05-17,1.0,0.0,0.0,0.0,0.0,0.0,0.0
2021-05-18,1.0,0.0,0.0,0.0,0.0,0.0,0.0
2021-05-19,1.0,0.0,0.0,0.0,0.0,0.0,0.0
2021-05-20,1.0,0.0,0.0,0.0,0.0,0.0,0.0
2021-05-21,1.0,0.0,0.0,0.0,0.0,0.0,0.0
2021-05-24,1.0,0.0,0.0,0.0,0.0,0.0,0.0
2021-05-25,1.0,0.0,0.0,0.0,0.0,0.0,0.0
2021-05-26,1.0,0.0,0.0,0.0,0.0,0.0,0.0
2021-05-27,1.0,0.0,0.0,0.0,0.0,0.0,0.0
2021-05-28,1.0,0.0,0.0,0.0,0.0,0.0,0.0
2021-06-01,1.0,0.0,0.0,0.0,0.0,0.0,0.0
2021-06-02,1.0,0.0,0.0,0.0,0.0,0.0,0.0
2021-06-03,1.0,0.0,0.0,0.0,0.0,0.0,0.0
2021-06-04,1.0,0.0,0.0,0.0,0.0,0.0,0.0
2021-06-07,1.0,0.0,0.0,0.0,0.0,0.0,0.0
2021-06-08,1.0,0.0,0.0,0.0,0.0,0.0,0.0
2021-06-09,1.0,0.0,0.0,0.0,0.0,0.0,0.0
2021-06-10,1.0,0.0,0.0,0.0,0.0,0.0,0.0
2021-06-11,1.0,0.0,0.0,0.0,0.0,0.0,0.0
2021-06-14,1.0,0.0,0.0,0.0,0.0,0.0,0.0
2021-06-15,1.0,0.0,0.0,0.0,0.0,0.0,0.0
2021-06-16,1.0,0.0,0.0,0.0,0.0,0.0,0.0
2021-06-17,1.0,0.0,0.0,0.0,0.0,0.0,0.0
2021-06-18,1.0,0.0,0.0,0.0,0.0,0.0,0.0
2021-06-21,1.0,0.0,0.0,0.0,0.0,0.0,0.0
2021-06-22,1.0,0.0,0.0,0.0,0.0,0.0,0.0
2021-06-23,1.0,0.0,0.0,0.0,0.0,0.0,0.0
2021-06-24,1.0,0.0,0.0,0.0,0.0,0.0,0.0
2021-06-25,1.0,0.0,0.0,0.0,0.0,0.0,0.0
2021-06-28,1.0,0.0,0.0,0.0,0.0,0.0,0.0
2021-06-29,1.0,0.0,0.0,0.0,0.0,0.0,0.0
2021-06-30,1.0,0.0,0.0,0.0,0.0,0.0,0.0
2021-07-01,1.0,0.0,0.0,0.0,0.0,0.0,0.0
2021-07-02,1.0,0.0,0.0,0.0,0.0,0.0,0.0
2021-07-06,1.0,0.0,0.0,0.0,0.0,0.0,0.0
2021-07-07,1.0,0.0,0.0,0.0,0.0,0.0,0.0
2021-07-08,1.0,0.0,0.0,0.0,0.0,0.0,0.0
2021-07-09,1.0,0.0,0.0,0.0,0.0,0.0,0.0
2021-07-12,1.0,0.0,0.0,0.0,0.0,0.0,0.0
2021-07-13,1.0,0.0,0.0,0.0,0.0,0.0,0.0
2021-07-14,1.0,0.0,0.0,0.0,0.0,0.0,0.0
2021-07-15,1.0,0.0,0.0,0.0,0.0,0.0,0.0
2021-07-16,1.0,0.0,0.0,0.0,0.0,0.0,0.0
2021-07-19,1.0,0.0,0.0,0.0,0.0,0.0,0.0
2021-07-20,1.0,0.0,0.0,0.0,0.0,0.0,0.0
2021-07-21,1.0,0.0,0.0,0.0,0.0,0.0,0.0
2021-07-22,1.0,0.0,0.0,0.0,0.0,0.0,0.0
2021-07-23,1.0,0.0,0.0,0.0,0.0,0.0,0.0
2021-07-26,1.0,0.0,0.0,0.0,0.0,0.0,0.0
2021-07-27,1.0,0.0,0.0,0.0,0.0,0.0,0.0
2021-07-28,1.0,0.0,0.0,0.0,0.0,0.0,0.0
2021-07-29,1.0,0.0,0.0,0.0,0.0,0.0,0.0
2021-07-30,1.0,0.0,0.0,0.0,0.0,0.0,0.0
2021-08-02,1.0,0.0,0.0,0.0,0.0,0.0,0.0
2021-08-03,1.0,0.0,0.0,0.0,0.0,0.0,0.0
2021-08-04,1.0,0.0,0.0,0.0,0.0,0.0,0.0
2021-08-05,1.0,0.0,0.0,0.0,0.0,0.0,0.0
2021-08-06,1.0,0.0,0.0,0.0,0.0,0.0,0.0
2021-08-09,1.0,0.0,0.0,0.0,0.0,0.0,0.0
2021-08-10,1.0,0.0,0.0,0.0,0.0,0.0,0.0
2021-08-11,1.0,0.0,0.0,0.0,0.0,0.0,0.0
2021-08-12,1.0,0.0,0.0,0.0,0.0,0.0,0.0
2021-08-13,1.0,0.0,0.0,0.0,0.0,0.0,0.0
2021-08-16,1.0,0.0,0.0,0.0,0.0,0.0,0.0
2021-08-17,1.0,0.0,0.0,0.0,0.0,0.0,0.0
2021-08-18,1.0,0.0,0.0,0.0,0.0,0.0,0.0
2021-08-19,1.0,0.0,0.0,0.0,0.0,0.0,0.0
2021-08-20,1.0,0.0,0.0,0.0,0.0,0.0,0.0
2021-08-23,1.0,0.0,0.0,0.0,0.0,0.0,0.0
2021-08-24,1.0,0.0,0.0,0.0,0.0,0.0,0.0
2021-08-25,1.0,0.0,0.0,0.0,0.0,0.0,0.0
2021-08-26,1.0,0.0,0.0,0.0,0.0,0.0,0.0
2021-08-27,1.0,0.0,0.0,0.0,0.0,0.0,0.0
2021-08-30,1.0,0.0,0.0,0.0,0.0,0.0,0.0
2021-08-31,1.0,0.0,0.0,0.0,0.0,0.0,0.0
2021-09-01,1.0,0.0,0.0,0.0,0.0,0.0,0.0
2021-09-02,1.0,0.0,0.0,0.0,0.0,0.0,0.0
2021-09-03,1.0,0.0,0.0,0.0,0.0,0.0,0.0
2021-09-07,1.0,0.0,0.0,0.0,0.0,0.0,0.0
2021-09-08,1.0,0.0,0.0,0.0,0.0,0.0,0.0
2021-09-09,1.0,0.0,0.0,0.0,0.0,0.0,0.0
2021-09-10,1.0,0.0,0.0,0.0,0.0,0.0,0.0
2021-09-13,1.0,0.0,0.0,0.0,0.0,0.0,0.0
2021-09-14,1.0,0.0,0.0,0.0,0.0,0.0,0.0
2021-09-15,1.0,0.0,0.0,0.0,0.0,0.0,0.0
2021-09-16,1.0,0.0,0.0,0.0,0.0,0.0,0.0
2021-09-17,1.0,0.0,0.0,0.0,0.0,0.0,0.0
2021-09-20,1.0,0.0,0.0,0.0,0.0,0.0,0.0
2021-09-21,1.0,0.0,0.0,0.0,0.0,0.0,0.0
2021-09-22,1.0,0.0,0.0,0.0,0.0,0.0,0.0
2021-09-23,1.0,0.0,0.0,0.0,0.0,0.0,0.0
2021-09-24,1.0,0.0,0.0,0.0,0.0,0.0,0.0
2021-09-27,1.0,0.0,0.0,0.0,0.0,0.0,0.0
2021-09-28,1.0,0.0,0.0,0.0,0.0,0.0,0.0
2021-09-29,1.0,0.0,0.0,0.0,0.0,0.0,0.0
2021-09-30,1.0,0.0,0.0,0.0,0.0,0.0,0.0
2021-10-01,1.0,0.0,0.0,0.0,0.0,0.0,0.0
2021-10-04,1.0,0.0,0.0,0.0,0.0,0.0,0.0
2021-10-05,1.0,0.0,0.0,0.0,0.0,0.0,0.0
2021-10-06,1.0,0.0,0.0,0.0,0.0,0.0,0.0
2021-10-07,1.0,0.0,0.0,0.0,0.0,0.0,0.0
2021-10-08,1.0,0.0,0.0,0.0,0.0,0.0,0.0
2021-10-11,1.0,0.0,0.0,0.0,0.0,0.0,0.0
2021-10-12,1.0,0.0,0.0,0.0,0.0,0.0,0.0
2021-10-13,1.0,0.0,0.0,0.0,0.0,0.0,0.0
2021-10-14,1.0,0.0,0.0,0.0,0.0,0.0,0.0
2021-10-15,1.0,0.0,0.0,0.0,0.0,0.0,0.0
2021-10-18,1.0,0.0,0.0,0.0,0.0,0.0,0.0
2021-10-19,1.0,0.0,0.0,0.0,0.0,0.0,0.0
2021-10-20,1.0,0.0,0.0,0.0,0.0,0.0,0.0
2021-10-21,1.0,0.0,0.0,0.0,0.0,0.0,0.0
2021-10-22,1.0,0.0,0.0,0.0,0.0,0.0,0.0
2021-10-25,1.0,0.0,0.0,0.0,0.0,0.0,0.0
2021-10-26,1.0,0.0,0.0,0.0,0.0,0.0,0.0
2021-10-27,1.0,0.0,0.0,0.0,0.0,0.0,0.0
2021-10-28,1.0,0.0,0.0,0.0,0.0,0.0,0.0
2021-10-29,1.0,0.0,0.0,0.0,0.0,0.0,0.0
2021-11-01,1.0,0.0,0.0,0.0,0.0,0.0,0.0
2021-11-02,1.0,0.0,0.0,0.0,0.0,0.0,0.0
2021-11-03,1.0,0.0,0.0,0.0,0.0,0.0,0.0
2021-11-04,1.0,0.0,0.0,0.0,0.0,0.0,0.0
2021-11-05,1.0,0.0,0.0,0.0,0.0,0.0,0.0
2021-11-08,1.0,0.0,0.0,0.0,0.0,0.0,0.0
2021-11-09,1.0,0.0,0.0,0.0,0.0,0.0,0.0
2021-11-10,1.0,0.0,0.0,0.0,0.0,0.0,0.0
2021-11-11,1.0,0.0,0.0,0.0,0.0,0.0,0.0
2021-11-12,1.0,0.0,0.0,0.0,0.0,0.0,0.0
2021-11-15,1.0,0.0,0.0,0.0,0.0,0.0,0.0
2021-11-16,1.0,0.0,0.0,0.0,0.0,0.0,0.0
2021-11-17,1.0,0.0,0.0,0.0,0.0,0.0,0.0
2021-11-18,1.0,0.0,0.0,0.0,0.0,0.0,0.0
2021-11-19,1.0,0.0,0.0,0.0,0.0,0.0,0.0
2021-11-22,1.0,0.0,0.0,0.0,0.0,0.0,0.0
2021-11-23,1.0,0.0,0.0,0.0,0.0,0.0,0.0
2021-11-24,1.0,0.0,0.0,0.0,0.0,0.0,0.0
2021-11-26,1.0,0.0,0.0,0.0,0.0,0.0,0.0
2021-11-29,1.0,0.0,0.0,0.0,0.0,0.0,0.0
2021-11-30,1.0,0.0,0.0,0.0,0.0,0.0,0.0
2021-12-01,1.0,0.0,0.0,0.0,0.0,0.0,0.0
2021-12-02,1.0,0.0,0.0,0.0,0.0,0.0,0.0
2021-12-03,1.0,0.0,0.0,0.0,0.0,0.0,0.0
2021-12-06,1.0,0.0,0.0,0.0,0.0,0.0,0.0
2021-12-07,1.0,0.0,0.0,0.0,0.0,0.0,0.0
2021-12-08,1.0,0.0,0.0,0.0,0.0,0.0,0.0
2021-12-09,1.0,0.0,0.0,0.0,0.0,0.0,0.0
2021-12-10,1.0,0.0,0.0,0.0,0.0,0.0,0.0
2021-12-13,1.0,0.0,0.0,0.0,0.0,0.0,0.0
2021-12-14,1.0,0.0,0.0,0.0,0.0,0.0,0.0
2021-12-15,1.0,0.0,0.0,0.0,0.0,0.0,0.0
2021-12-16,1.0,0.0,0.0,0.0,0.0,0.0,0.0
2021-12-17,1.0,0.0,0.0,0.0,0.0,0.0,0.0
2021-12-20,1.0,0.0,0.0,0.0,0.0,0.0,0.0
2021-12-21,1.0,0.0,0.0,0.0,0.0,0.0,0.0
2021-12-22,1.0,0.0,0.0,0.0,0.0,0.0,0.0
2021-12-23,1.0,0.0,0.0,0.0,0.0,0.0,0.0
2021-12-27,1.0,0.0,0.0,0.0,0.0,0.0,0.0
2021-12-28,1.0,0.0,0.0,0.0,0.0,0.0,0.0
2021-12-29,1.0,0.0,0.0,0.0,0.0,0.0,0.0
2021-12-30,1.0,0.0,0.0,0.0,0.0,0.0,0.0
2021-12-31,1.0,0.0,0.0,0.0,0.0,0.0,0.0
2022-01-03,1.0,0.0,0.0,0.0,0.0,0.0,0.0
2022-01-04,1.0,0.0,0.0,0.0,0.0,0.0,0.0
2022-01-05,1.0,0.0,0.0,0.0,0.0,0.0,0.0
2022-01-06,1.0,0.0,0.0,0.0,0.0,0.0,0.0
2022-01-07,1.0,0.0,0.0,0.0,0.0,0.0,0.0
2022-01-10,1.0,0.0,0.0,0.0,0.0,0.0,0.0
2022-01-11,1.0,0.0,0.0,0.0,0.0,0.0,0.0
2022-01-12,1.0,0.0,0.0,0.0,0.0,0.0,0.0
2022-01-13,1.0,0.0,0.0,0.0,0.0,0.0,0.0
2022-01-14,1.0,0.0,0.0,0.0,0.0,0.0,0.0
2022-01-18,1.0,0.0,0.0,0.0,0.0,0.0,0.0
2022-01-19,1.0,0.0,0.0,0.0,0.0,0.0,0.0
2022-01-20,1.0,0.0,0.0,0.0,0.0,0.0,0.0
2022-01-21,1.0,0.0,0.0,0.0,0.0,0.0,0.0
2022-01-24,1.0,0.0,0.0,0.0,0.0,0.0,0.0
2022-01-25,1.0,0.0,0.0,0.0,0.0,0.0,0.0
2022-01-26,1.0,0.0,0.0,0.0,0.0,0.0,0.0
2022-01-27,1.0,0.0,0.0,0.0,0.0,0.0,0.0
2022-01-28,1.0,0.0,0.0,0.0,0.0,0.0,0.0
2022-01-31,1.0,0.0,0.0,0.0,0.0,0.0,0.0
2022-02-01,1.0,0.0,0.0,0.0,0.0,0.0,0.0
2022-02-02,1.0,0.0,0.0,0.0,0.0,0.0,0.0
2022-02-03,1.0,0.0,0.0,0.0,0.0,0.0,0.0
2022-02-04,1.0,0.0,0.0,0.0,0.0,0.0,0.0
2022-02-07,1.0,0.0,0.0,0.0,0.0,0.0,0.0
2022-02-08,1.0,0.0,0.0,0.0,0.0,0.0,0.0
2022-02-09,1.0,0.0,0.0,0.0,0.0,0.0,0.0
2022-02-10,1.0,0.0,0.0,0.0,0.0,0.0,0.0
2022-02-11,1.0,0.0,0.0,0.0,0.0,0.0,0.0
2022-02-14,1.0,0.0,0.0,0.0,0.0,0.0,0.0
2022-02-15,0.0,0.0,0.0,0.0,0.0,0.0,1.0
2022-02-16,0.0,0.0,0.0,0.0,0.0,0.0,1.0
2022-02-17,0.0,0.0,0.0,0.0,0.0,0.0,1.0
2022-02-18,0.0,0.0,0.0,0.0,0.0,0.0,1.0
2022-02-22,0.0,0.0,0.0,0.0,0.0,0.0,1.0
2022-02-23,0.0,0.0,0.0,0.0,0.0,0.0,1.0
2022-02-24,0.0,0.0,0.0,0.0,0.0,0.0,1.0
2022-02-25,0.0,0.0,0.0,0.0,0.0,0.0,1.0
2022-02-28,0.0,0.0,0.0,0.0,0.0,0.0,1.0
2022-03-01,0.0,0.0,0.0,0.0,0.0,0.0,1.0
2022-03-02,0.0,0.0,0.0,0.0,0.0,0.0,1.0
2022-03-03,0.0,0.0,0.0,0.0,0.0,0.0,1.0
2022-03-04,0.0,0.0,0.0,0.0,0.0,0.0,1.0
2022-03-07,0.0,0.0,0.0,0.0,0.0,0.0,1.0
2022-03-08,0.0,0.0,0.0,0.0,0.0,0.0,1.0
2022-03-09,0.0,0.0,0.0,0.0,0.0,0.0,1.0
2022-03-10,0.0,0.0,0.0,0.0,0.0,0.0,1.0
2022-03-11,0.0,0.0,0.0,0.0,0.0,0.0,1.0
2022-03-14,0.0,0.0,0.0,0.0,0.0,0.0,1.0
2022-03-15,0.0,0.0,0.0,0.0,0.0,0.0,1.0
2022-03-16,0.0,0.0,0.0,0.0,0.0,0.0,1.0
2022-03-17,0.0,0.0,0.0,0.0,0.0,0.0,1.0
2022-03-18,0.0,0.0,0.0,0.0,0.0,0.0,1.0
2022-03-21,0.0,0.0,0.0,0.0,0.0,0.0,1.0
2022-03-22,0.0,0.0,0.0,0.0,0.0,0.0,1.0
2022-03-23,0.0,0.0,0.0,0.0,0.0,0.0,1.0
2022-03-24,0.0,0.0,0.0,0.0,0.0,0.0,1.0
2022-03-25,0.0,0.0,0.0,0.0,0.0,0.0,1.0
2022-03-28,0.0,0.0,0.0,0.0,0.0,0.0,1.0
2022-03-29,0.0,0.0,0.0,0.0,0.0,0.0,1.0
2022-03-30,0.0,0.0,0.0,0.0,0.0,0.0,1.0
2022-03-31,0.0,0.0,0.0,0.0,0.0,0.0,1.0
2022-04-01,0.0,0.0,0.0,0.0,0.0,0.0,1.0
2022-04-04,0.0,0.0,0.0,0.0,0.0,0.0,1.0
2022-04-05,0.0,0.0,0.0,0.0,0.0,0.0,1.0
2022-04-06,0.0,0.0,0.0,0.0,0.0,0.0,1.0
2022-04-07,0.0,0.0,0.0,0.0,0.0,0.0,1.0
2022-04-08,0.0,0.0,0.0,0.0,0.0,0.0,1.0
2022-04-11,0.0,0.0,0.0,0.0,0.0,0.0,1.0
2022-04-12,0.0,0.0,0.0,0.0,0.0,0.0,1.0
2022-04-13,0.0,0.0,0.0,0.0,0.0,0.0,1.0
2022-04-14,0.0,0.0,0.0,0.0,0.0,0.0,1.0
2022-04-18,0.0,0.0,0.0,0.0,0.0,0.0,1.0
2022-04-19,0.0,0.0,0.0,0.0,0.0,0.0,1.0
2022-04-20,0.0,0.0,0.0,0.0,0.0,0.0,1.0
2022-04-21,0.0,0.0,0.0,0.0,0.0,0.0,1.0
2022-04-22,0.0,0.0,0.0,0.0,0.0,0.0,1.0
2022-04-25,0.0,0.0,0.0,0.0,0.0,0.0,1.0
2022-04-26,0.0,0.0,0.0,0.0,0.0,0.0,1.0
2022-04-27,0.0,0.0,0.0,0.0,0.0,0.0,1.0
2022-04-28,0.0,0.0,0.0,0.0,0.0,0.0,1.0
2022-04-29,0.0,0.0,0.0,0.0,0.0,0.0,1.0
2022-05-02,0.0,0.0,0.0,0.0,0.0,0.0,1.0
2022-05-03,0.0,0.0,0.0,0.0,0.0,0.0,1.0
2022-05-04,0.0,0.0,0.0,0.0,0.0,0.0,1.0
2022-05-05,0.0,0.0,0.0,0.0,0.0,0.0,1.0
2022-05-06,0.0,0.0,0.0,0.0,0.0,0.0,1.0
2022-05-09,0.0,0.0,0.0,0.0,0.0,0.0,1.0
2022-05-10,0.0,0.0,0.0,0.0,0.0,0.0,1.0
2022-05-11,0.0,0.0,0.0,0.0,0.0,0.0,1.0
2022-05-12,0.0,0.0,0.0,0.0,0.0,0.0,1.0
2022-05-13,0.0,0.0,0.0,0.0,0.0,0.0,1.0
2022-05-16,0.0,0.0,0.0,0.0,0.0,0.0,1.0
2022-05-17,0.0,0.0,0.0,0.0,0.0,0.0,1.0
2022-05-18,0.0,0.0,0.0,0.0,0.0,0.0,1.0
2022-05-19,0.0,0.0,0.0,0.0,0.0,0.0,1.0
2022-05-20,0.0,0.0,0.0,0.0,0.0,0.0,1.0
2022-05-23,0.0,0.0,0.0,0.0,0.0,0.0,1.0
2022-05-24,0.0,0.0,0.0,0.0,0.0,0.0,1.0
2022-05-25,0.0,0.0,0.0,0.0,0.0,0.0,1.0
2022-05-26,0.0,0.0,0.0,0.0,0.0,0.0,1.0
2022-05-27,0.0,0.0,0.0,0.0,0.0,0.0,1.0
2022-05-31,0.0,0.0,0.0,0.0,0.0,0.0,1.0
2022-06-01,0.0,0.0,0.0,0.0,0.0,0.0,1.0
2022-06-02,0.0,0.0,0.0,0.0,0.0,0.0,1.0
2022-06-03,0.0,0.0,0.0,0.0,0.0,0.0,1.0
2022-06-06,0.0,0.0,0.0,0.0,0.0,0.0,1.0
2022-06-07,0.0,0.0,0.0,0.0,0.0,0.0,1.0
2022-06-08,0.0,0.0,0.0,0.0,0.0,0.0,1.0
2022-06-09,0.0,0.0,0.0,0.0,0.0,0.0,1.0
2022-06-10,0.0,0.0,0.0,0.0,0.0,0.0,1.0
2022-06-13,0.0,0.0,0.0,0.0,0.0,0.0,1.0
2022-06-14,0.0,0.0,0.0,0.0,0.0,0.0,1.0
2022-06-15,0.0,0.0,0.0,0.0,0.0,0.0,1.0
2022-06-16,0.0,0.0,0.0,0.0,0.0,0.0,1.0
2022-06-17,0.0,0.0,0.0,0.0,0.0,0.0,1.0
2022-06-21,0.0,0.0,0.0,0.0,0.0,0.0,1.0
2022-06-22,0.0,0.0,0.0,0.0,0.0,0.0,1.0
2022-06-23,0.0,0.0,0.0,0.0,0.0,0.0,1.0
2022-06-24,0.0,0.0,0.0,0.0,0.0,0.0,1.0
2022-06-27,0.0,0.0,0.0,0.0,0.0,0.0,1.0
2022-06-28,0.0,0.0,0.0,0.0,0.0,0.0,1.0
2022-06-29,0.0,0.0,0.0,0.0,0.0,0.0,1.0
2022-06-30,0.0,0.0,0.0,0.0,0.0,0.0,1.0
2022-07-01,0.0,0.0,0.0,0.0,0.0,0.0,1.0
2022-07-05,0.0,0.0,0.0,0.0,0.0,0.0,1.0
2022-07-06,0.0,0.0,0.0,0.0,0.0,0.0,1.0
2022-07-07,0.0,0.0,0.0,0.0,0.0,0.0,1.0
2022-07-08,0.0,0.0,0.0,0.0,0.0,0.0,1.0
2022-07-11,0.0,0.0,0.0,0.0,0.0,0.0,1.0
2022-07-12,0.0,0.0,0.0,0.0,0.0,0.0,1.0
2022-07-13,0.1,0.0,0.0,0.0,0.0,0.0,0.9
2022-07-14,0.1,0.0,0.0,0.0,0.0,0.0,0.9
2022-07-15,0.1,0.0,0.0,0.0,0.0,0.0,0.9
2022-07-18,0.1,0.0,0.0,0.0,0.0,0.0,0.9
2022-07-19,0.1,0.0,0.0,0.0,0.0,0.0,0.9
2022-07-20,0.1,0.0,0.0,0.0,0.0,0.0,0.9
2022-07-21,0.1,0.0,0.0,0.0,0.0,0.0,0.9
2022-07-22,0.1,0.0,0.0,0.0,0.0,0.0,0.9
2022-07-25,0.1,0.0,0.0,0.0,0.0,0.0,0.9
2022-07-26,0.1,0.0,0.0,0.0,0.0,0.0,0.9
2022-07-27,0.1,0.0,0.0,0.0,0.0,0.0,0.9
2022-07-28,0.1,0.0,0.0,0.0,0.0,0.0,0.9
2022-07-29,0.1,0.0,0.0,0.0,0.0,0.0,0.9
2022-08-01,0.1,0.0,0.0,0.0,0.0,0.0,0.9
2022-08-02,0.1,0.0,0.0,0.0,0.0,0.0,0.9
2022-08-03,0.1,0.0,0.0,0.0,0.0,0.0,0.9
2022-08-04,0.1,0.0,0.0,0.0,0.0,0.0,0.9
2022-08-05,0.1,0.0,0.0,0.0,0.0,0.0,0.9
2022-08-08,0.1,0.0,0.0,0.0,0.0,0.0,0.9
2022-08-09,0.1,0.0,0.0,0.0,0.0,0.0,0.9
2022-08-10,0.1,0.0,0.0,0.0,0.0,0.0,0.9
2022-08-11,0.1,0.0,0.0,0.0,0.0,0.0,0.9
2022-08-12,0.1,0.0,0.0,0.0,0.0,0.0,0.9
2022-08-15,0.1,0.0,0.0,0.0,0.0,0.0,0.9
2022-08-16,0.1,0.0,0.0,0.0,0.0,0.0,0.9
2022-08-17,0.1,0.0,0.0,0.0,0.0,0.0,0.9
2022-08-18,0.1,0.0,0.0,0.0,0.0,0.0,0.9
2022-08-19,0.1,0.0,0.0,0.0,0.0,0.0,0.9
2022-08-22,0.1,0.0,0.0,0.0,0.0,0.0,0.9
2022-08-23,0.1,0.0,0.0,0.0,0.0,0.0,0.9
2022-08-24,0.1,0.0,0.0,0.0,0.0,0.0,0.9
2022-08-25,0.1,0.0,0.0,0.0,0.0,0.0,0.9
2022-08-26,0.1,0.0,0.0,0.0,0.0,0.0,0.9
2022-08-29,0.1,0.0,0.0,0.0,0.0,0.0,0.9
2022-08-30,0.1,0.0,0.0,0.0,0.0,0.0,0.9
2022-08-31,0.1,0.0,0.0,0.0,0.0,0.0,0.9
2022-09-01,0.1,0.0,0.0,0.0,0.0,0.0,0.9
2022-09-02,0.1,0.0,0.0,0.0,0.0,0.0,0.9
2022-09-06,0.1,0.0,0.0,0.0,0.0,0.0,0.9
2022-09-07,0.1,0.0,0.0,0.0,0.0,0.0,0.9
2022-09-08,0.1,0.0,0.0,0.0,0.0,0.0,0.9
2022-09-09,0.1,0.0,0.0,0.0,0.0,0.0,0.9
2022-09-12,0.1,0.0,0.0,0.0,0.0,0.0,0.9
2022-09-13,0.1,0.0,0.0,0.0,0.0,0.0,0.9
2022-09-14,0.1,0.0,0.0,0.0,0.0,0.0,0.9
2022-09-15,0.1,0.0,0.0,0.0,0.0,0.0,0.9
2022-09-16,0.1,0.0,0.0,0.0,0.0,0.0,0.9
2022-09-19,0.1,0.0,0.0,0.0,0.0,0.0,0.9
2022-09-20,0.1,0.0,0.0,0.0,0.0,0.0,0.9
2022-09-21,0.1,0.0,0.0,0.0,0.0,0.0,0.9
2022-09-22,0.1,0.0,0.0,0.0,0.0,0.0,0.9
2022-09-23,0.1,0.0,0.0,0.0,0.0,0.0,0.9
2022-09-26,0.1,0.0,0.0,0.0,0.0,0.0,0.9
2022-09-27,0.1,0.0,0.0,0.0,0.0,0.0,0.9
2022-09-28,0.1,0.0,0.0,0.0,0.0,0.0,0.9
2022-09-29,0.1,0.0,0.0,0.0,0.0,0.0,0.9
2022-09-30,0.1,0.0,0.0,0.0,0.0,0.0,0.9
2022-10-03,0.1,0.0,0.0,0.0,0.0,0.0,0.9
2022-10-04,0.1,0.0,0.0,0.0,0.0,0.0,0.9
2022-10-05,0.1,0.0,0.0,0.0,0.0,0.0,0.9
2022-10-06,0.1,0.0,0.0,0.0,0.0,0.0,0.9
2022-10-07,0.1,0.0,0.0,0.0,0.0,0.0,0.9
2022-10-10,0.1,0.0,0.0,0.0,0.0,0.0,0.9
2022-10-11,0.1,0.0,0.0,0.0,0.0,0.0,0.9
2022-10-12,0.1,0.0,0.0,0.0,0.0,0.0,0.9
2022-10-13,0.1,0.0,0.0,0.0,0.0,0.0,0.9
2022-10-14,0.1,0.0,0.0,0.0,0.0,0.0,0.9
2022-10-17,0.1,0.0,0.0,0.0,0.0,0.0,0.9
2022-10-18,0.1,0.0,0.0,0.0,0.0,0.0,0.9
2022-10-19,0.1,0.0,0.0,0.0,0.0,0.0,0.9
2022-10-20,0.1,0.0,0.0,0.0,0.0,0.0,0.9
2022-10-21,0.1,0.0,0.0,0.0,0.0,0.0,0.9
2022-10-24,0.1,0.0,0.0,0.0,0.0,0.0,0.9
2022-10-25,0.1,0.0,0.0,0.0,0.0,0.0,0.9
2022-10-26,0.1,0.0,0.0,0.0,0.0,0.0,0.9
2022-10-27,0.1,0.0,0.0,0.0,0.0,0.0,0.9
2022-10-28,0.1,0.0,0.0,0.0,0.0,0.0,0.9
2022-10-31,0.1,0.0,0.0,0.0,0.0,0.0,0.9
2022-11-01,0.1,0.0,0.0,0.0,0.0,0.0,0.9
2022-11-02,0.1,0.0,0.0,0.0,0.0,0.0,0.9
2022-11-03,0.1,0.0,0.0,0.0,0.0,0.0,0.9
2022-11-04,0.1,0.0,0.0,0.0,0.0,0.0,0.9
2022-11-07,0.1,0.0,0.0,0.0,0.0,0.0,0.9
2022-11-08,0.1,0.0,0.0,0.0,0.0,0.0,0.9
2022-11-09,0.1,0.0,0.0,0.0,0.0,0.0,0.9
2022-11-10,0.1,0.0,0.0,0.0,0.0,0.0,0.9
2022-11-11,0.1,0.0,0.0,0.0,0.0,0.0,0.9
2022-11-14,0.1,0.0,0.0,0.0,0.0,0.0,0.9
2022-11-15,0.1,0.0,0.0,0.0,0.0,0.0,0.9
2022-11-16,0.1,0.0,0.0,0.0,0.0,0.0,0.9
2022-11-17,0.1,0.0,0.0,0.0,0.0,0.0,0.9
2022-11-18,0.1,0.0,0.0,0.0,0.0,0.0,0.9
2022-11-21,0.1,0.0,0.0,0.0,0.0,0.0,0.9
2022-11-22,0.1,0.0,0.0,0.0,0.0,0.0,0.9
2022-11-23,0.1,0.0,0.0,0.0,0.0,0.0,0.9
2022-11-25,0.1,0.0,0.0,0.0,0.0,0.0,0.9
2022-11-28,0.1,0.0,0.0,0.0,0.0,0.0,0.9
2022-11-29,0.1,0.0,0.0,0.0,0.0,0.0,0.9
2022-11-30,0.1,0.0,0.0,0.0,0.0,0.0,0.9
2022-12-01,0.1,0.0,0.0,0.0,0.0,0.0,0.9
2022-12-02,0.1,0.0,0.0,0.0,0.0,0.0,0.9
2022-12-05,0.1,0.0,0.0,0.0,0.0,0.0,0.9
2022-12-06,0.1,0.0,0.0,0.0,0.0,0.0,0.9
2022-12-07,0.1,0.0,0.0,0.0,0.0,0.0,0.9
2022-12-08,0.1,0.0,0.0,0.0,0.0,0.0,0.9
2022-12-09,0.1,0.0,0.0,0.0,0.0,0.0,0.9
2022-12-12,0.1,0.0,0.0,0.0,0.0,0.0,0.9
2022-12-13,0.1,0.0,0.0,0.0,0.0,0.0,0.9
2022-12-14,0.1,0.0,0.0,0.0,0.0,0.0,0.9
2022-12-15,0.1,0.0,0.0,0.0,0.0,0.0,0.9
2022-12-16,0.1,0.0,0.0,0.0,0.0,0.0,0.9
2022-12-19,0.1,0.0,0.0,0.0,0.0,0.0,0.9
2022-12-20,0.1,0.0,0.0,0.0,0.0,0.0,0.9
2022-12-21,0.1,0.0,0.0,0.0,0.0,0.0,0.9
2022-12-22,0.3895283870143103,0.6104716129856897,0.0,0.0,0.0,0.0,0.0
2022-12-23,0.3895283870143103,0.6104716129856897,0.0,0.0,0.0,0.0,0.0
2022-12-27,0.3895283870143103,0.6104716129856897,0.0,0.0,0.0,0.0,0.0
2022-12-28,0.3895283870143103,0.6104716129856897,0.0,0.0,0.0,0.0,0.0
2022-12-29,0.3895283870143103,0.6104716129856897,0.0,0.0,0.0,0.0,0.0
2022-12-30,0.3895283870143103,0.6104716129856897,0.0,0.0,0.0,0.0,0.0
2023-01-03,0.39616142813905825,0.6038385718609418,0.0,0.0,0.0,0.0,0.0
2023-01-04,0.39616142813905825,0.6038385718609418,0.0,0.0,0.0,0.0,0.0
2023-01-05,0.39616142813905825,0.6038385718609418,0.0,0.0,0.0,0.0,0.0
2023-01-06,0.39616142813905825,0.6038385718609418,0.0,0.0,0.0,0.0,0.0
2023-01-09,0.39616142813905825,0.6038385718609418,0.0,0.0,0.0,0.0,0.0
2023-01-10,0.39616142813905825,0.6038385718609418,0.0,0.0,0.0,0.0,0.0
2023-01-11,0.39616142813905825,0.6038385718609418,0.0,0.0,0.0,0.0,0.0
2023-01-12,0.39616142813905825,0.6038385718609418,0.0,0.0,0.0,0.0,0.0
2023-01-13,0.39616142813905825,0.6038385718609418,0.0,0.0,0.0,0.0,0.0
2023-01-17,0.39616142813905825,0.6038385718609418,0.0,0.0,0.0,0.0,0.0
2023-01-18,0.39616142813905825,0.6038385718609418,0.0,0.0,0.0,0.0,0.0
2023-01-19,0.39616142813905825,0.6038385718609418,0.0,0.0,0.0,0.0,0.0
2023-01-20,0.39616142813905825,0.6038385718609418,0.0,0.0,0.0,0.0,0.0
2023-01-23,0.39616142813905825,0.6038385718609418,0.0,0.0,0.0,0.0,0.0
2023-01-24,0.39616142813905825,0.6038385718609418,0.0,0.0,0.0,0.0,0.0
2023-01-25,0.39616142813905825,0.6038385718609418,0.0,0.0,0.0,0.0,0.0
2023-01-26,0.39616142813905825,0.6038385718609418,0.0,0.0,0.0,0.0,0.0
2023-01-27,0.39616142813905825,0.6038385718609418,0.0,0.0,0.0,0.0,0.0
2023-01-30,0.39616142813905825,0.6038385718609418,0.0,0.0,0.0,0.0,0.0
2023-01-31,0.39616142813905825,0.6038385718609418,0.0,0.0,0.0,0.0,0.0
2023-02-01,0.4120862178008763,0.5879137821991238,0.0,0.0,0.0,0.0,0.0
2023-02-02,0.4120862178008763,0.5879137821991238,0.0,0.0,0.0,0.0,0.0
2023-02-03,0.4120862178008763,0.5879137821991238,0.0,0.0,0.0,0.0,0.0
2023-02-06,0.4120862178008763,0.5879137821991238,0.0,0.0,0.0,0.0,0.0
2023-02-07,0.4120862178008763,0.5879137821991238,0.0,0.0,0.0,0.0,0.0
2023-02-08,0.4120862178008763,0.5879137821991238,0.0,0.0,0.0,0.0,0.0
2023-02-09,0.4120862178008763,0.5879137821991238,0.0,0.0,0.0,0.0,0.0
2023-02-10,0.4120862178008763,0.5879137821991238,0.0,0.0,0.0,0.0,0.0
2023-02-13,0.4120862178008763,0.5879137821991238,0.0,0.0,0.0,0.0,0.0
2023-02-14,0.4120862178008763,0.5879137821991238,0.0,0.0,0.0,0.0,0.0
2023-02-15,0.4120862178008763,0.5879137821991238,0.0,0.0,0.0,0.0,0.0
2023-02-16,0.4120862178008763,0.5879137821991238,0.0,0.0,0.0,0.0,0.0
2023-02-17,0.4120862178008763,0.5879137821991238,0.0,0.0,0.0,0.0,0.0
2023-02-21,0.4120862178008763,0.5879137821991238,0.0,0.0,0.0,0.0,0.0
2023-02-22,0.4120862178008763,0.5879137821991238,0.0,0.0,0.0,0.0,0.0
2023-02-23,0.4120862178008763,0.5879137821991238,0.0,0.0,0.0,0.0,0.0
2023-02-24,0.4120862178008763,0.5879137821991238,0.0,0.0,0.0,0.0,0.0
2023-02-27,0.4120862178008763,0.5879137821991238,0.0,0.0,0.0,0.0,0.0
2023-02-28,0.4120862178008763,0.5879137821991238,0.0,0.0,0.0,0.0,0.0
2023-03-01,0.4314766060588053,0.5685233939411947,0.0,0.0,0.0,0.0,0.0
2023-03-02,0.4314766060588053,0.5685233939411947,0.0,0.0,0.0,0.0,0.0
2023-03-03,0.4314766060588053,0.5685233939411947,0.0,0.0,0.0,0.0,0.0
2023-03-06,0.4314766060588053,0.5685233939411947,0.0,0.0,0.0,0.0,0.0
2023-03-07,0.4314766060588053,0.5685233939411947,0.0,0.0,0.0,0.0,0.0
2023-03-08,0.4314766060588053,0.5685233939411947,0.0,0.0,0.0,0.0,0.0
2023-03-09,0.4314766060588053,0.5685233939411947,0.0,0.0,0.0,0.0,0.0
2023-03-10,0.4314766060588053,0.5685233939411947,0.0,0.0,0.0,0.0,0.0
2023-03-13,0.4314766060588053,0.5685233939411947,0.0,0.0,0.0,0.0,0.0
2023-03-14,0.4314766060588053,0.5685233939411947,0.0,0.0,0.0,0.0,0.0
2023-03-15,0.4314766060588053,0.5685233939411947,0.0,0.0,0.0,0.0,0.0
2023-03-16,0.4314766060588053,0.5685233939411947,0.0,0.0,0.0,0.0,0.0
2023-03-17,0.4314766060588053,0.5685233939411947,0.0,0.0,0.0,0.0,0.0
2023-03-20,0.4314766060588053,0.5685233939411947,0.0,0.0,0.0,0.0,0.0
2023-03-21,0.4314766060588053,0.5685233939411947,0.0,0.0,0.0,0.0,0.0
2023-03-22,0.4314766060588053,0.5685233939411947,0.0,0.0,0.0,0.0,0.0
2023-03-23,0.4314766060588053,0.5685233939411947,0.0,0.0,0.0,0.0,0.0
2023-03-24,0.4314766060588053,0.5685233939411947,0.0,0.0,0.0,0.0,0.0
2023-03-27,0.4314766060588053,0.5685233939411947,0.0,0.0,0.0,0.0,0.0
2023-03-28,0.4314766060588053,0.5685233939411947,0.0,0.0,0.0,0.0,0.0
2023-03-29,0.4314766060588053,0.5685233939411947,0.0,0.0,0.0,0.0,0.0
2023-03-30,0.4314766060588053,0.5685233939411947,0.0,0.0,0.0,0.0,0.0
2023-03-31,0.4314766060588053,0.5685233939411947,0.0,0.0,0.0,0.0,0.0
2023-04-03,0.471646814337699,0.528353185662301,0.0,0.0,0.0,0.0,0.0
2023-04-04,0.471646814337699,0.528353185662301,0.0,0.0,0.0,0.0,0.0
2023-04-05,0.471646814337699,0.528353185662301,0.0,0.0,0.0,0.0,0.0
2023-04-06,0.471646814337699,0.528353185662301,0.0,0.0,0.0,0.0,0.0
2023-04-10,0.471646814337699,0.528353185662301,0.0,0.0,0.0,0.0,0.0
2023-04-11,0.471646814337699,0.528353185662301,0.0,0.0,0.0,0.0,0.0
2023-04-12,0.471646814337699,0.528353185662301,0.0,0.0,0.0,0.0,0.0
2023-04-13,0.471646814337699,0.528353185662301,0.0,0.0,0.0,0.0,0.0
2023-04-14,0.471646814337699,0.528353185662301,0.0,0.0,0.0,0.0,0.0
2023-04-17,0.471646814337699,0.528353185662301,0.0,0.0,0.0,0.0,0.0
2023-04-18,0.471646814337699,0.528353185662301,0.0,0.0,0.0,0.0,0.0
2023-04-19,0.471646814337699,0.528353185662301,0.0,0.0,0.0,0.0,0.0
2023-04-20,0.471646814337699,0.528353185662301,0.0,0.0,0.0,0.0,0.0
2023-04-21,0.471646814337699,0.528353185662301,0.0,0.0,0.0,0.0,0.0
2023-04-24,0.471646814337699,0.528353185662301,0.0,0.0,0.0,0.0,0.0
2023-04-25,0.471646814337699,0.528353185662301,0.0,0.0,0.0,0.0,0.0
2023-04-26,0.471646814337699,0.528353185662301,0.0,0.0,0.0,0.0,0.0
2023-04-27,0.471646814337699,0.528353185662301,0.0,0.0,0.0,0.0,0.0
2023-04-28,0.471646814337699,0.528353185662301,0.0,0.0,0.0,0.0,0.0
2023-05-01,0.4943087271799109,0.5056912728200892,0.0,0.0,0.0,0.0,0.0
2023-05-02,0.4943087271799109,0.5056912728200892,0.0,0.0,0.0,0.0,0.0
2023-05-03,0.4943087271799109,0.5056912728200892,0.0,0.0,0.0,0.0,0.0
2023-05-04,0.4943087271799109,0.5056912728200892,0.0,0.0,0.0,0.0,0.0
2023-05-05,0.4943087271799109,0.5056912728200892,0.0,0.0,0.0,0.0,0.0
2023-05-08,0.4943087271799109,0.5056912728200892,0.0,0.0,0.0,0.0,0.0
2023-05-09,0.4943087271799109,0.5056912728200892,0.0,0.0,0.0,0.0,0.0
2023-05-10,0.4943087271799109,0.5056912728200892,0.0,0.0,0.0,0.0,0.0
2023-05-11,0.4943087271799109,0.5056912728200892,0.0,0.0,0.0,0.0,0.0
2023-05-12,0.4943087271799109,0.5056912728200892,0.0,0.0,0.0,0.0,0.0
2023-05-15,0.4943087271799109,0.5056912728200892,0.0,0.0,0.0,0.0,0.0
2023-05-16,0.4943087271799109,0.5056912728200892,0.0,0.0,0.0,0.0,0.0
2023-05-17,0.4943087271799109,0.5056912728200892,0.0,0.0,0.0,0.0,0.0
2023-05-18,0.4943087271799109,0.5056912728200892,0.0,0.0,0.0,0.0,0.0
2023-05-19,0.4943087271799109,0.5056912728200892,0.0,0.0,0.0,0.0,0.0
2023-05-22,0.4943087271799109,0.5056912728200892,0.0,0.0,0.0,0.0,0.0
2023-05-23,0.4943087271799109,0.5056912728200892,0.0,0.0,0.0,0.0,0.0
2023-05-24,0.4943087271799109,0.5056912728200892,0.0,0.0,0.0,0.0,0.0
2023-05-25,0.4943087271799109,0.5056912728200892,0.0,0.0,0.0,0.0,0.0
2023-05-26,0.4943087271799109,0.5056912728200892,0.0,0.0,0.0,0.0,0.0
2023-05-30,0.4943087271799109,0.5056912728200892,0.0,0.0,0.0,0.0,0.0
2023-05-31,0.4943087271799109,0.5056912728200892,0.0,0.0,0.0,0.0,0.0
2023-06-01,0.5104071482710011,0.4895928517289989,0.0,0.0,0.0,0.0,0.0
2023-06-02,0.5104071482710011,0.4895928517289989,0.0,0.0,0.0,0.0,0.0
2023-06-05,0.5104071482710011,0.4895928517289989,0.0,0.0,0.0,0.0,0.0
2023-06-06,0.5104071482710011,0.4895928517289989,0.0,0.0,0.0,0.0,0.0
2023-06-07,0.5104071482710011,0.4895928517289989,0.0,0.0,0.0,0.0,0.0
2023-06-08,0.5104071482710011,0.4895928517289989,0.0,0.0,0.0,0.0,0.0
2023-06-09,0.5104071482710011,0.4895928517289989,0.0,0.0,0.0,0.0,0.0
2023-06-12,0.5104071482710011,0.4895928517289989,0.0,0.0,0.0,0.0,0.0
2023-06-13,0.5104071482710011,0.4895928517289989,0.0,0.0,0.0,0.0,0.0
2023-06-14,0.5104071482710011,0.4895928517289989,0.0,0.0,0.0,0.0,0.0
2023-06-15,0.5104071482710011,0.4895928517289989,0.0,0.0,0.0,0.0,0.0
2023-06-16,0.5104071482710011,0.4895928517289989,0.0,0.0,0.0,0.0,0.0
2023-06-20,0.5104071482710011,0.4895928517289989,0.0,0.0,0.0,0.0,0.0
2023-06-21,0.5104071482710011,0.4895928517289989,0.0,0.0,0.0,0.0,0.0
2023-06-22,0.5104071482710011,0.4895928517289989,0.0,0.0,0.0,0.0,0.0
2023-06-23,0.5104071482710011,0.4895928517289989,0.0,0.0,0.0,0.0,0.0
2023-06-26,0.5104071482710011,0.4895928517289989,0.0,0.0,0.0,0.0,0.0
2023-06-27,0.5104071482710011,0.4895928517289989,0.0,0.0,0.0,0.0,0.0
2023-06-28,0.5104071482710011,0.4895928517289989,0.0,0.0,0.0,0.0,0.0
2023-06-29,0.5104071482710011,0.4895928517289989,0.0,0.0,0.0,0.0,0.0
2023-06-30,0.5104071482710011,0.4895928517289989,0.0,0.0,0.0,0.0,0.0
2023-07-03,0.5221193039477021,0.4778806960522978,0.0,0.0,0.0,0.0,0.0
2023-07-05,0.5221193039477021,0.4778806960522978,0.0,0.0,0.0,0.0,0.0
2023-07-06,0.5221193039477021,0.4778806960522978,0.0,0.0,0.0,0.0,0.0
2023-07-07,0.5221193039477021,0.4778806960522978,0.0,0.0,0.0,0.0,0.0
2023-07-10,0.5221193039477021,0.4778806960522978,0.0,0.0,0.0,0.0,0.0
2023-07-11,0.5221193039477021,0.4778806960522978,0.0,0.0,0.0,0.0,0.0
2023-07-12,0.5221193039477021,0.4778806960522978,0.0,0.0,0.0,0.0,0.0
2023-07-13,0.5221193039477021,0.4778806960522978,0.0,0.0,0.0,0.0,0.0
2023-07-14,0.5221193039477021,0.4778806960522978,0.0,0.0,0.0,0.0,0.0
2023-07-17,0.5221193039477021,0.4778806960522978,0.0,0.0,0.0,0.0,0.0
2023-07-18,0.5221193039477021,0.4778806960522978,0.0,0.0,0.0,0.0,0.0
2023-07-19,0.5221193039477021,0.4778806960522978,0.0,0.0,0.0,0.0,0.0
2023-07-20,0.5221193039477021,0.4778806960522978,0.0,0.0,0.0,0.0,0.0
2023-07-21,0.5221193039477021,0.4778806960522978,0.0,0.0,0.0,0.0,0.0
2023-07-24,0.5221193039477021,0.4778806960522978,0.0,0.0,0.0,0.0,0.0
2023-07-25,0.5221193039477021,0.4778806960522978,0.0,0.0,0.0,0.0,0.0
2023-07-26,0.5221193039477021,0.4778806960522978,0.0,0.0,0.0,0.0,0.0
2023-07-27,0.5221193039477021,0.4778806960522978,0.0,0.0,0.0,0.0,0.0
2023-07-28,0.5221193039477021,0.4778806960522978,0.0,0.0,0.0,0.0,0.0
2023-07-31,0.5221193039477021,0.4778806960522978,0.0,0.0,0.0,0.0,0.0
2023-08-01,0.5301695883768098,0.4698304116231902,0.0,0.0,0.0,0.0,0.0
2023-08-02,0.5301695883768098,0.4698304116231902,0.0,0.0,0.0,0.0,0.0
2023-08-03,0.5301695883768098,0.4698304116231902,0.0,0.0,0.0,0.0,0.0
2023-08-04,0.5301695883768098,0.4698304116231902,0.0,0.0,0.0,0.0,0.0
2023-08-07,0.5301695883768098,0.4698304116231902,0.0,0.0,0.0,0.0,0.0
2023-08-08,0.5301695883768098,0.4698304116231902,0.0,0.0,0.0,0.0,0.0
2023-08-09,0.5301695883768098,0.4698304116231902,0.0,0.0,0.0,0.0,0.0
2023-08-10,0.5301695883768098,0.4698304116231902,0.0,0.0,0.0,0.0,0.0
2023-08-11,0.5301695883768098,0.4698304116231902,0.0,0.0,0.0,0.0,0.0
2023-08-14,0.5301695883768098,0.4698304116231902,0.0,0.0,0.0,0.0,0.0
2023-08-15,0.5301695883768098,0.4698304116231902,0.0,0.0,0.0,0.0,0.0
2023-08-16,0.5301695883768098,0.4698304116231902,0.0,0.0,0.0,0.0,0.0
2023-08-17,0.5301695883768098,0.4698304116231902,0.0,0.0,0.0,0.0,0.0
2023-08-18,0.5301695883768098,0.4698304116231902,0.0,0.0,0.0,0.0,0.0
2023-08-21,0.5301695883768098,0.4698304116231902,0.0,0.0,0.0,0.0,0.0
2023-08-22,0.5301695883768098,0.4698304116231902,0.0,0.0,0.0,0.0,0.0
2023-08-23,0.5301695883768098,0.4698304116231902,0.0,0.0,0.0,0.0,0.0
2023-08-24,0.5301695883768098,0.4698304116231902,0.0,0.0,0.0,0.0,0.0
2023-08-25,0.5301695883768098,0.4698304116231902,0.0,0.0,0.0,0.0,0.0
2023-08-28,0.5301695883768098,0.4698304116231902,0.0,0.0,0.0,0.0,0.0
2023-08-29,0.5301695883768098,0.4698304116231902,0.0,0.0,0.0,0.0,0.0
2023-08-30,0.5301695883768098,0.4698304116231902,0.0,0.0,0.0,0.0,0.0
2023-08-31,0.5301695883768098,0.4698304116231902,0.0,0.0,0.0,0.0,0.0
2023-09-01,0.4795612768588103,0.5204387231411898,0.0,0.0,0.0,0.0,0.0
2023-09-05,0.4795612768588103,0.5204387231411898,0.0,0.0,0.0,0.0,0.0
2023-09-06,0.4795612768588103,0.5204387231411898,0.0,0.0,0.0,0.0,0.0
2023-09-07,0.4795612768588103,0.5204387231411898,0.0,0.0,0.0,0.0,0.0
2023-09-08,0.4795612768588103,0.5204387231411898,0.0,0.0,0.0,0.0,0.0
2023-09-11,0.4795612768588103,0.5204387231411898,0.0,0.0,0.0,0.0,0.0
2023-09-12,0.4795612768588103,0.5204387231411898,0.0,0.0,0.0,0.0,0.0
2023-09-13,0.4795612768588103,0.5204387231411898,0.0,0.0,0.0,0.0,0.0
2023-09-14,0.4795612768588103,0.5204387231411898,0.0,0.0,0.0,0.0,0.0
2023-09-15,0.4795612768588103,0.5204387231411898,0.0,0.0,0.0,0.0,0.0
2023-09-18,0.4795612768588103,0.5204387231411898,0.0,0.0,0.0,0.0,0.0
2023-09-19,0.4795612768588103,0.5204387231411898,0.0,0.0,0.0,0.0,0.0
2023-09-20,0.4795612768588103,0.5204387231411898,0.0,0.0,0.0,0.0,0.0
2023-09-21,0.4795612768588103,0.5204387231411898,0.0,0.0,0.0,0.0,0.0
2023-09-22,0.4795612768588103,0.5204387231411898,0.0,0.0,0.0,0.0,0.0
2023-09-25,0.4795612768588103,0.5204387231411898,0.0,0.0,0.0,0.0,0.0
2023-09-26,0.4795612768588103,0.5204387231411898,0.0,0.0,0.0,0.0,0.0
2023-09-27,0.4795612768588103,0.5204387231411898,0.0,0.0,0.0,0.0,0.0
2023-09-28,0.4795612768588103,0.5204387231411898,0.0,0.0,0.0,0.0,0.0
2023-09-29,0.4795612768588103,0.5204387231411898,0.0,0.0,0.0,0.0,0.0
2023-10-02,0.46746594677499825,0.5325340532250018,0.0,0.0,0.0,0.0,0.0
2023-10-03,0.46746594677499825,0.5325340532250018,0.0,0.0,0.0,0.0,0.0
2023-10-04,0.46746594677499825,0.5325340532250018,0.0,0.0,0.0,0.0,0.0
2023-10-05,0.46746594677499825,0.5325340532250018,0.0,0.0,0.0,0.0,0.0
2023-10-06,0.46746594677499825,0.5325340532250018,0.0,0.0,0.0,0.0,0.0
2023-10-09,0.46746594677499825,0.5325340532250018,0.0,0.0,0.0,0.0,0.0
2023-10-10,0.46746594677499825,0.5325340532250018,0.0,0.0,0.0,0.0,0.0
2023-10-11,0.46746594677499825,0.5325340532250018,0.0,0.0,0.0,0.0,0.0
2023-10-12,0.46746594677499825,0.5325340532250018,0.0,0.0,0.0,0.0,0.0
2023-10-13,0.46746594677499825,0.5325340532250018,0.0,0.0,0.0,0.0,0.0
2023-10-16,0.46746594677499825,0.5325340532250018,0.0,0.0,0.0,0.0,0.0
2023-10-17,0.46746594677499825,0.5325340532250018,0.0,0.0,0.0,0.0,0.0
2023-10-18,0.46746594677499825,0.5325340532250018,0.0,0.0,0.0,0.0,0.0
2023-10-19,0.46746594677499825,0.5325340532250018,0.0,0.0,0.0,0.0,0.0
2023-10-20,0.46746594677499825,0.5325340532250018,0.0,0.0,0.0,0.0,0.0
2023-10-23,0.46746594677499825,0.5325340532250018,0.0,0.0,0.0,0.0,0.0
2023-10-24,0.46746594677499825,0.5325340532250018,0.0,0.0,0.0,0.0,0.0
2023-10-25,0.46746594677499825,0.5325340532250018,0.0,0.0,0.0,0.0,0.0
2023-10-26,0.46746594677499825,0.5325340532250018,0.0,0.0,0.0,0.0,0.0
2023-10-27,0.46746594677499825,0.5325340532250018,0.0,0.0,0.0,0.0,0.0
2023-10-30,0.46746594677499825,0.5325340532250018,0.0,0.0,0.0,0.0,0.0
2023-10-31,0.46746594677499825,0.5325340532250018,0.0,0.0,0.0,0.0,0.0
2023-11-01,0.4820926139117849,0.5179073860882151,0.0,0.0,0.0,0.0,0.0
2023-11-02,0.4820926139117849,0.5179073860882151,0.0,0.0,0.0,0.0,0.0
2023-11-03,0.4820926139117849,0.5179073860882151,0.0,0.0,0.0,0.0,0.0
2023-11-06,0.4820926139117849,0.5179073860882151,0.0,0.0,0.0,0.0,0.0
2023-11-07,0.4820926139117849,0.5179073860882151,0.0,0.0,0.0,0.0,0.0
2023-11-08,0.4820926139117849,0.5179073860882151,0.0,0.0,0.0,0.0,0.0
2023-11-09,0.4820926139117849,0.5179073860882151,0.0,0.0,0.0,0.0,0.0
2023-11-10,0.4820926139117849,0.5179073860882151,0.0,0.0,0.0,0.0,0.0
2023-11-13,0.4820926139117849,0.5179073860882151,0.0,0.0,0.0,0.0,0.0
2023-11-14,0.4820926139117849,0.5179073860882151,0.0,0.0,0.0,0.0,0.0
2023-11-15,0.4820926139117849,0.5179073860882151,0.0,0.0,0.0,0.0,0.0
2023-11-16,0.4820926139117849,0.5179073860882151,0.0,0.0,0.0,0.0,0.0
2023-11-17,0.4820926139117849,0.5179073860882151,0.0,0.0,0.0,0.0,0.0
2023-11-20,0.4820926139117849,0.5179073860882151,0.0,0.0,0.0,0.0,0.0
2023-11-21,0.4820926139117849,0.5179073860882151,0.0,0.0,0.0,0.0,0.0
2023-11-22,0.4820926139117849,0.5179073860882151,0.0,0.0,0.0,0.0,0.0
2023-11-24,0.4820926139117849,0.5179073860882151,0.0,0.0,0.0,0.0,0.0
2023-11-27,0.4820926139117849,0.5179073860882151,0.0,0.0,0.0,0.0,0.0
2023-11-28,0.4820926139117849,0.5179073860882151,0.0,0.0,0.0,0.0,0.0
2023-11-29,0.4820926139117849,0.5179073860882151,0.0,0.0,0.0,0.0,0.0
2023-11-30,0.4820926139117849,0.5179073860882151,0.0,0.0,0.0,0.0,0.0
2023-12-01,0.48545043476115884,0.5145495652388411,0.0,0.0,0.0,0.0,0.0
2023-12-04,0.48545043476115884,0.5145495652388411,0.0,0.0,0.0,0.0,0.0
2023-12-05,0.48545043476115884,0.5145495652388411,0.0,0.0,0.0,0.0,0.0
2023-12-06,0.48545043476115884,0.5145495652388411,0.0,0.0,0.0,0.0,0.0
2023-12-07,0.48545043476115884,0.5145495652388411,0.0,0.0,0.0,0.0,0.0
2023-12-08,0.48545043476115884,0.5145495652388411,0.0,0.0,0.0,0.0,0.0
2023-12-11,0.48545043476115884,0.5145495652388411,0.0,0.0,0.0,0.0,0.0
2023-12-12,0.48545043476115884,0.5145495652388411,0.0,0.0,0.0,0.0,0.0
2023-12-13,0.48545043476115884,0.5145495652388411,0.0,0.0,0.0,0.0,0.0
2023-12-14,0.48545043476115884,0.5145495652388411,0.0,0.0,0.0,0.0,0.0
2023-12-15,0.48545043476115884,0.5145495652388411,0.0,0.0,0.0,0.0,0.0
2023-12-18,0.48545043476115884,0.5145495652388411,0.0,0.0,0.0,0.0,0.0
2023-12-19,0.48545043476115884,0.5145495652388411,0.0,0.0,0.0,0.0,0.0
2023-12-20,0.48545043476115884,0.5145495652388411,0.0,0.0,0.0,0.0,0.0
2023-12-21,0.48545043476115884,0.5145495652388411,0.0,0.0,0.0,0.0,0.0
2023-12-22,0.48545043476115884,0.5145495652388411,0.0,0.0,0.0,0.0,0.0
2023-12-26,0.48545043476115884,0.5145495652388411,0.0,0.0,0.0,0.0,0.0
2023-12-27,0.48545043476115884,0.5145495652388411,0.0,0.0,0.0,0.0,0.0
2023-12-28,0.48545043476115884,0.5145495652388411,0.0,0.0,0.0,0.0,0.0
2023-12-29,0.48545043476115884,0.5145495652388411,0.0,0.0,0.0,0.0,0.0
2024-01-02,0.5139970743188423,0.4860029256811576,0.0,0.0,0.0,0.0,0.0
2024-01-03,0.5139970743188423,0.4860029256811576,0.0,0.0,0.0,0.0,0.0
2024-01-04,0.5139970743188423,0.4860029256811576,0.0,0.0,0.0,0.0,0.0
2024-01-05,0.5139970743188423,0.4860029256811576,0.0,0.0,0.0,0.0,0.0
2024-01-08,0.5139970743188423,0.4860029256811576,0.0,0.0,0.0,0.0,0.0
2024-01-09,0.5139970743188423,0.4860029256811576,0.0,0.0,0.0,0.0,0.0
2024-01-10,0.5139970743188423,0.4860029256811576,0.0,0.0,0.0,0.0,0.0
2024-01-11,0.5139970743188423,0.4860029256811576,0.0,0.0,0.0,0.0,0.0
2024-01-12,0.5139970743188423,0.4860029256811576,0.0,0.0,0.0,0.0,0.0
2024-01-16,0.5139970743188423,0.4860029256811576,0.0,0.0,0.0,0.0,0.0
2024-01-17,0.5139970743188423,0.4860029256811576,0.0,0.0,0.0,0.0,0.0
2024-01-18,0.5139970743188423,0.4860029256811576,0.0,0.0,0.0,0.0,0.0
2024-01-19,0.5139970743188423,0.4860029256811576,0.0,0.0,0.0,0.0,0.0
2024-01-22,0.5139970743188423,0.4860029256811576,0.0,0.0,0.0,0.0,0.0
2024-01-23,0.5139970743188423,0.4860029256811576,0.0,0.0,0.0,0.0,0.0
2024-01-24,0.5139970743188423,0.4860029256811576,0.0,0.0,0.0,0.0,0.0
2024-01-25,0.5139970743188423,0.4860029256811576,0.0,0.0,0.0,0.0,0.0
2024-01-26,0.5139970743188423,0.4860029256811576,0.0,0.0,0.0,0.0,0.0
2024-01-29,0.5139970743188423,0.4860029256811576,0.0,0.0,0.0,0.0,0.0
2024-01-30,0.5139970743188423,0.4860029256811576,0.0,0.0,0.0,0.0,0.0
2024-01-31,0.5139970743188423,0.4860029256811576,0.0,0.0,0.0,0.0,0.0
2024-02-01,0.5286517654469799,0.47134823455302016,0.0,0.0,0.0,0.0,0.0
2024-02-02,0.5286517654469799,0.47134823455302016,0.0,0.0,0.0,0.0,0.0
2024-02-05,0.5286517654469799,0.47134823455302016,0.0,0.0,0.0,0.0,0.0
2024-02-06,0.5286517654469799,0.47134823455302016,0.0,0.0,0.0,0.0,0.0
2024-02-07,0.5286517654469799,0.47134823455302016,0.0,0.0,0.0,0.0,0.0
2024-02-08,0.5286517654469799,0.47134823455302016,0.0,0.0,0.0,0.0,0.0
2024-02-09,0.5286517654469799,0.47134823455302016,0.0,0.0,0.0,0.0,0.0
2024-02-12,0.5286517654469799,0.47134823455302016,0.0,0.0,0.0,0.0,0.0
2024-02-13,0.5286517654469799,0.47134823455302016,0.0,0.0,0.0,0.0,0.0
2024-02-14,0.5286517654469799,0.47134823455302016,0.0,0.0,0.0,0.0,0.0
2024-02-15,0.5286517654469799,0.47134823455302016,0.0,0.0,0.0,0.0,0.0
2024-02-16,0.5286517654469799,0.47134823455302016,0.0,0.0,0.0,0.0,0.0
2024-02-20,0.5286517654469799,0.47134823455302016,0.0,0.0,0.0,0.0,0.0
2024-02-21,0.5286517654469799,0.47134823455302016,0.0,0.0,0.0,0.0,0.0
2024-02-22,0.5286517654469799,0.47134823455302016,0.0,0.0,0.0,0.0,0.0
2024-02-23,0.5286517654469799,0.47134823455302016,0.0,0.0,0.0,0.0,0.0
2024-02-26,0.5286517654469799,0.47134823455302016,0.0,0.0,0.0,0.0,0.0
2024-02-27,0.5286517654469799,0.47134823455302016,0.0,0.0,0.0,0.0,0.0
2024-02-28,0.5286517654469799,0.47134823455302016,0.0,0.0,0.0,0.0,0.0
2024-02-29,0.5286517654469799,0.47134823455302016,0.0,0.0,0.0,0.0,0.0
2024-03-01,0.5067208811148863,0.49327911888511367,0.0,0.0,0.0,0.0,0.0
2024-03-04,0.5067208811148863,0.49327911888511367,0.0,0.0,0.0,0.0,0.0
2024-03-05,0.5067208811148863,0.49327911888511367,0.0,0.0,0.0,0.0,0.0
2024-03-06,0.5067208811148863,0.49327911888511367,0.0,0.0,0.0,0.0,0.0
2024-03-07,0.5067208811148863,0.49327911888511367,0.0,0.0,0.0,0.0,0.0
2024-03-08,0.5067208811148863,0.49327911888511367,0.0,0.0,0.0,0.0,0.0
2024-03-11,0.5067208811148863,0.49327911888511367,0.0,0.0,0.0,0.0,0.0
2024-03-12,0.5067208811148863,0.49327911888511367,0.0,0.0,0.0,0.0,0.0
2024-03-13,0.5067208811148863,0.49327911888511367,0.0,0.0,0.0,0.0,0.0
2024-03-14,0.5067208811148863,0.49327911888511367,0.0,0.0,0.0,0.0,0.0
2024-03-15,0.5067208811148863,0.49327911888511367,0.0,0.0,0.0,0.0,0.0
2024-03-18,0.5067208811148863,0.49327911888511367,0.0,0.0,0.0,0.0,0.0
2024-03-19,0.5067208811148863,0.49327911888511367,0.0,0.0,0.0,0.0,0.0
2024-03-20,0.5067208811148863,0.49327911888511367,0.0,0.0,0.0,0.0,0.0
2024-03-21,0.5067208811148863,0.49327911888511367,0.0,0.0,0.0,0.0,0.0
2024-03-22,0.5067208811148863,0.49327911888511367,0.0,0.0,0.0,0.0,0.0
2024-03-25,0.5067208811148863,0.49327911888511367,0.0,0.0,0.0,0.0,0.0
2024-03-26,0.5067208811148863,0.49327911888511367,0.0,0.0,0.0,0.0,0.0
2024-03-27,0.5067208811148863,0.49327911888511367,0.0,0.0,0.0,0.0,0.0
2024-03-28,0.5067208811148863,0.49327911888511367,0.0,0.0,0.0,0.0,0.0
2024-04-01,0.543684947076936,0.456315052923064,0.0,0.0,0.0,0.0,0.0
2024-04-02,0.543684947076936,0.456315052923064,0.0,0.0,0.0,0.0,0.0
2024-04-03,0.543684947076936,0.456315052923064,0.0,0.0,0.0,0.0,0.0
2024-04-04,0.543684947076936,0.456315052923064,0.0,0.0,0.0,0.0,0.0
2024-04-05,0.543684947076936,0.456315052923064,0.0,0.0,0.0,0.0,0.0
2024-04-08,0.543684947076936,0.456315052923064,0.0,0.0,0.0,0.0,0.0
2024-04-09,0.543684947076936,0.456315052923064,0.0,0.0,0.0,0.0,0.0
2024-04-10,0.543684947076936,0.456315052923064,0.0,0.0,0.0,0.0,0.0
2024-04-11,0.543684947076936,0.456315052923064,0.0,0.0,0.0,0.0,0.0
2024-04-12,0.543684947076936,0.456315052923064,0.0,0.0,0.0,0.0,0.0
2024-04-15,0.543684947076936,0.456315052923064,0.0,0.0,0.0,0.0,0.0
2024-04-16,0.543684947076936,0.456315052923064,0.0,0.0,0.0,0.0,0.0
2024-04-17,0.543684947076936,0.456315052923064,0.0,0.0,0.0,0.0,0.0
2024-04-18,0.543684947076936,0.456315052923064,0.0,0.0,0.0,0.0,0.0
2024-04-19,0.543684947076936,0.456315052923064,0.0,0.0,0.0,0.0,0.0
2024-04-22,0.543684947076936,0.456315052923064,0.0,0.0,0.0,0.0,0.0
2024-04-23,0.543684947076936,0.456315052923064,0.0,0.0,0.0,0.0,0.0
2024-04-24,0.543684947076936,0.456315052923064,0.0,0.0,0.0,0.0,0.0
2024-04-25,0.543684947076936,0.456315052923064,0.0,0.0,0.0,0.0,0.0
2024-04-26,0.543684947076936,0.456315052923064,0.0,0.0,0.0,0.0,0.0
2024-04-29,0.543684947076936,0.456315052923064,0.0,0.0,0.0,0.0,0.0
2024-04-30,0.543684947076936,0.456315052923064,0.0,0.0,0.0,0.0,0.0
2024-05-01,0.5289065112716349,0.4710934887283651,0.0,0.0,0.0,0.0,0.0
2024-05-02,0.5289065112716349,0.4710934887283651,0.0,0.0,0.0,0.0,0.0
2024-05-03,0.5289065112716349,0.4710934887283651,0.0,0.0,0.0,0.0,0.0
2024-05-06,0.5289065112716349,0.4710934887283651,0.0,0.0,0.0,0.0,0.0
2024-05-07,0.5289065112716349,0.4710934887283651,0.0,0.0,0.0,0.0,0.0
2024-05-08,0.5289065112716349,0.4710934887283651,0.0,0.0,0.0,0.0,0.0
2024-05-09,0.5289065112716349,0.4710934887283651,0.0,0.0,0.0,0.0,0.0
2024-05-10,0.5289065112716349,0.4710934887283651,0.0,0.0,0.0,0.0,0.0
2024-05-13,0.5289065112716349,0.4710934887283651,0.0,0.0,0.0,0.0,0.0
2024-05-14,0.5289065112716349,0.4710934887283651,0.0,0.0,0.0,0.0,0.0
2024-05-15,0.5289065112716349,0.4710934887283651,0.0,0.0,0.0,0.0,0.0
2024-05-16,0.5289065112716349,0.4710934887283651,0.0,0.0,0.0,0.0,0.0
2024-05-17,0.5289065112716349,0.4710934887283651,0.0,0.0,0.0,0.0,0.0
2024-05-20,0.5289065112716349,0.4710934887283651,0.0,0.0,0.0,0.0,0.0
2024-05-21,0.5289065112716349,0.4710934887283651,0.0,0.0,0.0,0.0,0.0
2024-05-22,0.5289065112716349,0.4710934887283651,0.0,0.0,0.0,0.0,0.0
2024-05-23,0.5289065112716349,0.4710934887283651,0.0,0.0,0.0,0.0,0.0
2024-05-24,0.5289065112716349,0.4710934887283651,0.0,0.0,0.0,0.0,0.0
2024-05-28,0.5289065112716349,0.4710934887283651,0.0,0.0,0.0,0.0,0.0
2024-05-29,0.5289065112716349,0.4710934887283651,0.0,0.0,0.0,0.0,0.0
2024-05-30,0.5289065112716349,0.4710934887283651,0.0,0.0,0.0,0.0,0.0
2024-05-31,0.5289065112716349,0.4710934887283651,0.0,0.0,0.0,0.0,0.0
2024-06-03,0.552236666438269,0.4477633335617311,0.0,0.0,0.0,0.0,0.0
2024-06-04,0.552236666438269,0.4477633335617311,0.0,0.0,0.0,0.0,0.0
2024-06-05,0.552236666438269,0.4477633335617311,0.0,0.0,0.0,0.0,0.0
2024-06-06,0.552236666438269,0.4477633335617311,0.0,0.0,0.0,0.0,0.0
2024-06-07,0.552236666438269,0.4477633335617311,0.0,0.0,0.0,0.0,0.0
2024-06-10,0.552236666438269,0.4477633335617311,0.0,0.0,0.0,0.0,0.0
2024-06-11,0.552236666438269,0.4477633335617311,0.0,0.0,0.0,0.0,0.0
2024-06-12,0.552236666438269,0.4477633335617311,0.0,0.0,0.0,0.0,0.0
2024-06-13,0.552236666438269,0.4477633335617311,0.0,0.0,0.0,0.0,0.0
2024-06-14,0.552236666438269,0.4477633335617311,0.0,0.0,0.0,0.0,0.0
2024-06-17,0.552236666438269,0.4477633335617311,0.0,0.0,0.0,0.0,0.0
2024-06-18,0.552236666438269,0.4477633335617311,0.0,0.0,0.0,0.0,0.0
2024-06-20,0.552236666438269,0.4477633335617311,0.0,0.0,0.0,0.0,0.0
2024-06-21,0.552236666438269,0.4477633335617311,0.0,0.0,0.0,0.0,0.0
2024-06-24,0.552236666438269,0.4477633335617311,0.0,0.0,0.0,0.0,0.0
2024-06-25,0.552236666438269,0.4477633335617311,0.0,0.0,0.0,0.0,0.0
2024-06-26,0.552236666438269,0.4477633335617311,0.0,0.0,0.0,0.0,0.0
2024-06-27,0.552236666438269,0.4477633335617311,0.0,0.0,0.0,0.0,0.0
2024-06-28,0.552236666438269,0.4477633335617311,0.0,0.0,0.0,0.0,0.0
2024-07-01,0.6054825070990203,0.39451749290097965,0.0,0.0,0.0,0.0,0.0
2024-07-02,0.6054825070990203,0.39451749290097965,0.0,0.0,0.0,0.0,0.0
2024-07-03,0.6054825070990203,0.39451749290097965,0.0,0.0,0.0,0.0,0.0
2024-07-05,0.6054825070990203,0.39451749290097965,0.0,0.0,0.0,0.0,0.0
2024-07-08,0.6054825070990203,0.39451749290097965,0.0,0.0,0.0,0.0,0.0
2024-07-09,0.6054825070990203,0.39451749290097965,0.0,0.0,0.0,0.0,0.0
2024-07-10,0.6054825070990203,0.39451749290097965,0.0,0.0,0.0,0.0,0.0
2024-07-11,0.6054825070990203,0.39451749290097965,0.0,0.0,0.0,0.0,0.0
2024-07-12,0.6054825070990203,0.39451749290097965,0.0,0.0,0.0,0.0,0.0
2024-07-15,0.6054825070990203,0.39451749290097965,0.0,0.0,0.0,0.0,0.0
2024-07-16,0.6054825070990203,0.39451749290097965,0.0,0.0,0.0,0.0,0.0
2024-07-17,0.6054825070990203,0.39451749290097965,0.0,0.0,0.0,0.0,0.0
2024-07-18,0.6054825070990203,0.39451749290097965,0.0,0.0,0.0,0.0,0.0
2024-07-19,0.6054825070990203,0.39451749290097965,0.0,0.0,0.0,0.0,0.0
2024-07-22,0.6054825070990203,0.39451749290097965,0.0,0.0,0.0,0.0,0.0
2024-07-23,0.6054825070990203,0.39451749290097965,0.0,0.0,0.0,0.0,0.0
2024-07-24,0.6054825070990203,0.39451749290097965,0.0,0.0,0.0,0.0,0.0
2024-07-25,0.6054825070990203,0.39451749290097965,0.0,0.0,0.0,0.0,0.0
2024-07-26,0.6054825070990203,0.39451749290097965,0.0,0.0,0.0,0.0,0.0
2024-07-29,0.6054825070990203,0.39451749290097965,0.0,0.0,0.0,0.0,0.0
2024-07-30,0.6054825070990203,0.39451749290097965,0.0,0.0,0.0,0.0,0.0
2024-07-31,0.6054825070990203,0.39451749290097965,0.0,0.0,0.0,0.0,0.0
2024-08-01,0.5956754397609901,0.40432456023900987,0.0,0.0,0.0,0.0,0.0
2024-08-02,0.5956754397609901,0.40432456023900987,0.0,0.0,0.0,0.0,0.0
2024-08-05,0.1,0.0,0.0,0.0,0.0,0.0,0.9
2024-08-06,0.1,0.0,0.0,0.0,0.0,0.0,0.9
2024-08-07,0.1,0.0,0.0,0.0,0.0,0.0,0.9
2024-08-08,0.1,0.0,0.0,0.0,0.0,0.0,0.9
2024-08-09,0.1,0.0,0.0,0.0,0.0,0.0,0.9
2024-08-12,0.1,0.0,0.0,0.0,0.0,0.0,0.9
2024-08-13,0.1,0.0,0.0,0.0,0.0,0.0,0.9
2024-08-14,0.5956754397609901,0.40432456023900987,0.0,0.0,0.0,0.0,0.0
2024-08-15,0.5956754397609901,0.40432456023900987,0.0,0.0,0.0,0.0,0.0
2024-08-16,0.5956754397609901,0.40432456023900987,0.0,0.0,0.0,0.0,0.0
2024-08-19,0.5956754397609901,0.40432456023900987,0.0,0.0,0.0,0.0,0.0
2024-08-20,0.5956754397609901,0.40432456023900987,0.0,0.0,0.0,0.0,0.0
2024-08-21,0.5956754397609901,0.40432456023900987,0.0,0.0,0.0,0.0,0.0
2024-08-22,0.5956754397609901,0.40432456023900987,0.0,0.0,0.0,0.0,0.0
2024-08-23,0.5956754397609901,0.40432456023900987,0.0,0.0,0.0,0.0,0.0
2024-08-26,0.5956754397609901,0.40432456023900987,0.0,0.0,0.0,0.0,0.0
2024-08-27,0.5956754397609901,0.40432456023900987,0.0,0.0,0.0,0.0,0.0
2024-08-28,0.5956754397609901,0.40432456023900987,0.0,0.0,0.0,0.0,0.0
2024-08-29,0.5956754397609901,0.40432456023900987,0.0,0.0,0.0,0.0,0.0
2024-08-30,0.5956754397609901,0.40432456023900987,0.0,0.0,0.0,0.0,0.0
2024-09-03,0.5428030730503224,0.4571969269496776,0.0,0.0,0.0,0.0,0.0
2024-09-04,0.5428030730503224,0.4571969269496776,0.0,0.0,0.0,0.0,0.0
2024-09-05,0.5428030730503224,0.4571969269496776,0.0,0.0,0.0,0.0,0.0
2024-09-06,0.5428030730503224,0.4571969269496776,0.0,0.0,0.0,0.0,0.0
2024-09-09,0.5428030730503224,0.4571969269496776,0.0,0.0,0.0,0.0,0.0
2024-09-10,0.5428030730503224,0.4571969269496776,0.0,0.0,0.0,0.0,0.0
2024-09-11,0.5428030730503224,0.4571969269496776,0.0,0.0,0.0,0.0,0.0
2024-09-12,0.5428030730503224,0.4571969269496776,0.0,0.0,0.0,0.0,0.0
2024-09-13,0.5428030730503224,0.4571969269496776,0.0,0.0,0.0,0.0,0.0
2024-09-16,0.5428030730503224,0.4571969269496776,0.0,0.0,0.0,0.0,0.0
2024-09-17,0.5428030730503224,0.4571969269496776,0.0,0.0,0.0,0.0,0.0
2024-09-18,0.5428030730503224,0.4571969269496776,0.0,0.0,0.0,0.0,0.0
2024-09-19,0.5428030730503224,0.4571969269496776,0.0,0.0,0.0,0.0,0.0
2024-09-20,0.5428030730503224,0.4571969269496776,0.0,0.0,0.0,0.0,0.0
2024-09-23,0.5428030730503224,0.4571969269496776,0.0,0.0,0.0,0.0,0.0
2024-09-24,0.5428030730503224,0.4571969269496776,0.0,0.0,0.0,0.0,0.0
2024-09-25,0.5428030730503224,0.4571969269496776,0.0,0.0,0.0,0.0,0.0
2024-09-26,0.5428030730503224,0.4571969269496776,0.0,0.0,0.0,0.0,0.0
2024-09-27,0.5428030730503224,0.4571969269496776,0.0,0.0,0.0,0.0,0.0
2024-09-30,0.5428030730503224,0.4571969269496776,0.0,0.0,0.0,0.0,0.0
2024-10-01,0.5325532217681954,0.46744677823180464,0.0,0.0,0.0,0.0,0.0
2024-10-02,0.5325532217681954,0.46744677823180464,0.0,0.0,0.0,0.0,0.0
2024-10-03,0.5325532217681954,0.46744677823180464,0.0,0.0,0.0,0.0,0.0
2024-10-04,0.5325532217681954,0.46744677823180464,0.0,0.0,0.0,0.0,0.0
2024-10-07,0.5325532217681954,0.46744677823180464,0.0,0.0,0.0,0.0,0.0
2024-10-08,0.5325532217681954,0.46744677823180464,0.0,0.0,0.0,0.0,0.0
2024-10-09,0.5325532217681954,0.46744677823180464,0.0,0.0,0.0,0.0,0.0
2024-10-10,0.5325532217681954,0.46744677823180464,0.0,0.0,0.0,0.0,0.0
2024-10-11,0.5325532217681954,0.46744677823180464,0.0,0.0,0.0,0.0,0.0
2024-10-14,0.5325532217681954,0.46744677823180464,0.0,0.0,0.0,0.0,0.0
2024-10-15,0.5325532217681954,0.46744677823180464,0.0,0.0,0.0,0.0,0.0
2024-10-16,0.5325532217681954,0.46744677823180464,0.0,0.0,0.0,0.0,0.0
2024-10-17,0.5325532217681954,0.46744677823180464,0.0,0.0,0.0,0.0,0.0
2024-10-18,0.5325532217681954,0.46744677823180464,0.0,0.0,0.0,0.0,0.0
2024-10-21,0.5325532217681954,0.46744677823180464,0.0,0.0,0.0,0.0,0.0
2024-10-22,0.5325532217681954,0.46744677823180464,0.0,0.0,0.0,0.0,0.0
2024-10-23,0.5325532217681954,0.46744677823180464,0.0,0.0,0.0,0.0,0.0
2024-10-24,0.5325532217681954,0.46744677823180464,0.0,0.0,0.0,0.0,0.0
2024-10-25,0.5325532217681954,0.46744677823180464,0.0,0.0,0.0,0.0,0.0
2024-10-28,0.5325532217681954,0.46744677823180464,0.0,0.0,0.0,0.0,0.0
2024-10-29,0.5325532217681954,0.46744677823180464,0.0,0.0,0.0,0.0,0.0
2024-10-30,0.5325532217681954,0.46744677823180464,0.0,0.0,0.0,0.0,0.0
2024-10-31,0.5325532217681954,0.46744677823180464,0.0,0.0,0.0,0.0,0.0
2024-11-01,0.489814064760043,0.510185935239957,0.0,0.0,0.0,0.0,0.0
2024-11-04,0.489814064760043,0.510185935239957,0.0,0.0,0.0,0.0,0.0
2024-11-05,0.489814064760043,0.510185935239957,0.0,0.0,0.0,0.0,0.0
2024-11-06,0.489814064760043,0.510185935239957,0.0,0.0,0.0,0.0,0.0
2024-11-07,0.0,0.3278099161836944,0.4,0.2721900838163055,0.0,0.0,0.0
2024-11-08,0.0,0.3278099161836944,0.4,0.2721900838163055,0.0,0.0,0.0
2024-11-11,0.0,0.3278099161836944,0.4,0.2721900838163055,0.0,0.0,0.0
2024-11-12,0.0,0.3278099161836944,0.4,0.2721900838163055,0.0,0.0,0.0
2024-11-13,0.0,0.3278099161836944,0.4,0.2721900838163055,0.0,0.0,0.0
2024-11-14,0.0,0.3278099161836944,0.4,0.2721900838163055,0.0,0.0,0.0
2024-11-15,0.0,0.3278099161836944,0.4,0.2721900838163055,0.0,0.0,0.0
2024-11-18,0.0,0.3278099161836944,0.4,0.2721900838163055,0.0,0.0,0.0
2024-11-19,0.0,0.3278099161836944,0.4,0.2721900838163055,0.0,0.0,0.0
2024-11-20,0.0,0.3278099161836944,0.4,0.2721900838163055,0.0,0.0,0.0
2024-11-21,0.0,0.3278099161836944,0.4,0.2721900838163055,0.0,0.0,0.0
2024-11-22,0.0,0.3278099161836944,0.4,0.2721900838163055,0.0,0.0,0.0
2024-11-25,0.0,0.3278099161836944,0.4,0.2721900838163055,0.0,0.0,0.0
2024-11-26,0.489814064760043,0.510185935239957,0.0,0.0,0.0,0.0,0.0
2024-11-27,0.489814064760043,0.510185935239957,0.0,0.0,0.0,0.0,0.0
2024-11-29,0.489814064760043,0.510185935239957,0.0,0.0,0.0,0.0,0.0
2024-12-02,0.5252367982973101,0.47476320170269,0.0,0.0,0.0,0.0,0.0
2024-12-03,0.5252367982973101,0.47476320170269,0.0,0.0,0.0,0.0,0.0
2024-12-04,0.5252367982973101,0.47476320170269,0.0,0.0,0.0,0.0,0.0
2024-12-05,0.5252367982973101,0.47476320170269,0.0,0.0,0.0,0.0,0.0
2024-12-06,0.5252367982973101,0.47476320170269,0.0,0.0,0.0,0.0,0.0
2024-12-09,0.5252367982973101,0.47476320170269,0.0,0.0,0.0,0.0,0.0
2024-12-10,0.5252367982973101,0.47476320170269,0.0,0.0,0.0,0.0,0.0
2024-12-11,0.5252367982973101,0.47476320170269,0.0,0.0,0.0,0.0,0.0
2024-12-12,0.5252367982973101,0.47476320170269,0.0,0.0,0.0,0.0,0.0
2024-12-13,0.0,0.31691685910266537,0.4,0.28308314089733466,0.0,0.0,0.0
2024-12-16,0.0,0.31691685910266537,0.4,0.28308314089733466,0.0,0.0,0.0
2024-12-17,0.0,0.31691685910266537,0.4,0.28308314089733466,0.0,0.0,0.0
2024-12-18,0.0,0.31691685910266537,0.4,0.28308314089733466,0.0,0.0,0.0
2024-12-19,0.0,0.31691685910266537,0.4,0.28308314089733466,0.0,0.0,0.0
2024-12-20,0.0,0.31691685910266537,0.4,0.28308314089733466,0.0,0.0,0.0
2024-12-23,0.0,0.31691685910266537,0.4,0.28308314089733466,0.0,0.0,0.0
2024-12-24,0.0,0.31691685910266537,0.4,0.28308314089733466,0.0,0.0,0.0
2024-12-26,0.0,0.31691685910266537,0.4,0.28308314089733466,0.0,0.0,0.0
2024-12-27,0.0,0.31691685910266537,0.4,0.28308314089733466,0.0,0.0,0.0
2024-12-30,0.0,0.31691685910266537,0.4,0.28308314089733466,0.0,0.0,0.0
2024-12-31,0.0,0.31691685910266537,0.4,0.28308314089733466,0.0,0.0,0.0
2025-01-02,0.0,0.31152442257889235,0.4,0.28847557742110763,0.0,0.0,0.0
2025-01-03,0.0,0.31152442257889235,0.4,0.28847557742110763,0.0,0.0,0.0
2025-01-06,0.0,0.31152442257889235,0.4,0.28847557742110763,0.0,0.0,0.0
2025-01-07,0.0,0.31152442257889235,0.4,0.28847557742110763,0.0,0.0,0.0
2025-01-08,0.0,0.31152442257889235,0.4,0.28847557742110763,0.0,0.0,0.0
2025-01-13,0.0,0.31152442257889235,0.4,0.28847557742110763,0.0,0.0,0.0
2025-01-14,0.0,0.31152442257889235,0.4,0.28847557742110763,0.0,0.0,0.0
2025-01-15,0.0,0.31152442257889235,0.4,0.28847557742110763,0.0,0.0,0.0
2025-01-16,0.0,0.31152442257889235,0.4,0.28847557742110763,0.0,0.0,0.0
2025-01-17,0.0,0.31152442257889235,0.4,0.28847557742110763,0.0,0.0,0.0
2025-01-21,0.0,0.31152442257889235,0.4,0.28847557742110763,0.0,0.0,0.0
2025-01-22,0.0,0.31152442257889235,0.4,0.28847557742110763,0.0,0.0,0.0
2025-01-23,0.0,0.31152442257889235,0.4,0.28847557742110763,0.0,0.0,0.0
2025-01-24,0.0,0.31152442257889235,0.4,0.28847557742110763,0.0,0.0,0.0
2025-01-27,0.0,0.31152442257889235,0.4,0.28847557742110763,0.0,0.0,0.0
2025-01-28,0.0,0.31152442257889235,0.4,0.28847557742110763,0.0,0.0,0.0
2025-01-29,0.0,0.31152442257889235,0.4,0.28847557742110763,0.0,0.0,0.0
2025-01-30,0.0,0.31152442257889235,0.4,0.28847557742110763,0.0,0.0,0.0
2025-01-31,0.0,0.31152442257889235,0.4,0.28847557742110763,0.0,0.0,0.0
2025-02-03,0.0,0.2989609071561553,0.4,0.30103909284384467,0.0,0.0,0.0
2025-02-04,0.0,0.2989609071561553,0.4,0.30103909284384467,0.0,0.0,0.0
2025-02-05,0.0,0.2989609071561553,0.4,0.30103909284384467,0.0,0.0,0.0
2025-02-06,0.0,0.2989609071561553,0.4,0.30103909284384467,0.0,0.0,0.0
2025-02-07,0.0,0.2989609071561553,0.4,0.30103909284384467,0.0,0.0,0.0
2025-02-10,0.0,0.2989609071561553,0.4,0.30103909284384467,0.0,0.0,0.0
2025-02-11,0.0,0.2989609071561553,0.4,0.30103909284384467,0.0,0.0,0.0
2025-02-12,0.0,0.2989609071561553,0.4,0.30103909284384467,0.0,0.0,0.0
2025-02-13,0.0,0.2989609071561553,0.4,0.30103909284384467,0.0,0.0,0.0
2025-02-14,0.0,0.2989609071561553,0.4,0.30103909284384467,0.0,0.0,0.0
2025-02-18,0.0,0.2989609071561553,0.4,0.30103909284384467,0.0,0.0,0.0
2025-02-19,0.0,0.2989609071561553,0.4,0.30103909284384467,0.0,0.0,0.0
2025-02-20,0.0,0.2989609071561553,0.4,0.30103909284384467,0.0,0.0,0.0
2025-02-21,0.0,0.2989609071561553,0.4,0.30103909284384467,0.0,0.0,0.0
2025-02-24,0.0,0.2989609071561553,0.4,0.30103909284384467,0.0,0.0,0.0
2025-02-25,0.0,0.2989609071561553,0.4,0.30103909284384467,0.0,0.0,0.0
2025-02-26,0.0,0.2989609071561553,0.4,0.30103909284384467,0.0,0.0,0.0
2025-02-27,0.0,0.2989609071561553,0.4,0.30103909284384467,0.0,0.0,0.0
2025-02-28,0.0,0.2989609071561553,0.4,0.30103909284384467,0.0,0.0,0.0
2025-03-03,0.0,0.27440372535244995,0.4,0.32559627464755003,0.0,0.0,0.0
2025-03-04,0.0,0.27440372535244995,0.4,0.32559627464755003,0.0,0.0,0.0
2025-03-05,0.0,0.27440372535244995,0.4,0.32559627464755003,0.0,0.0,0.0
2025-03-06,0.0,0.27440372535244995,0.4,0.32559627464755003,0.0,0.0,0.0
2025-03-07,0.0,0.27440372535244995,0.4,0.32559627464755003,0.0,0.0,0.0
2025-03-10,0.0,0.27440372535244995,0.4,0.32559627464755003,0.0,0.0,0.0
2025-03-11,0.0,0.9,0.0,0.0,0.0,0.1,0.0
2025-03-12,0.0,0.9,0.0,0.0,0.0,0.1,0.0
2025-03-13,0.0,0.9,0.0,0.0,0.0,0.1,0.0
2025-03-14,0.0,0.9,0.0,0.0,0.0,0.1,0.0
2025-03-17,0.0,0.9,0.0,0.0,0.0,0.1,0.0
2025-03-18,0.0,0.9,0.0,0.0,0.0,0.1,0.0
2025-03-19,0.0,0.9,0.0,0.0,0.0,0.1,0.0
2025-03-20,0.0,0.9,0.0,0.0,0.0,0.1,0.0
2025-03-21,0.0,0.9,0.0,0.0,0.0,0.1,0.0
2025-03-24,0.0,0.9,0.0,0.0,0.0,0.1,0.0
2025-03-25,0.0,0.27440372535244995,0.4,0.32559627464755003,0.0,0.0,0.0
2025-03-26,0.0,0.27440372535244995,0.4,0.32559627464755003,0.0,0.0,0.0
2025-03-27,0.0,0.27440372535244995,0.4,0.32559627464755003,0.0,0.0,0.0
2025-03-28,0.0,0.27440372535244995,0.4,0.32559627464755003,0.0,0.0,0.0
2025-03-31,0.0,0.27440372535244995,0.4,0.32559627464755003,0.0,0.0,0.0
2025-04-01,0.0,0.26268524987798636,0.4,0.3373147501220136,0.0,0.0,0.0
2025-04-02,0.0,0.26268524987798636,0.4,0.3373147501220136,0.0,0.0,0.0
2025-04-03,0.0,0.26268524987798636,0.4,0.3373147501220136,0.0,0.0,0.0
2025-04-04,0.0,0.9,0.0,0.0,0.0,0.1,0.0
2025-04-07,0.0,0.9,0.0,0.0,0.0,0.1,0.0
2025-04-08,0.0,0.9,0.0,0.0,0.0,0.1,0.0
2025-04-09,0.0,0.9,0.0,0.0,0.0,0.1,0.0
2025-04-10,0.0,0.9,0.0,0.0,0.0,0.1,0.0
2025-04-11,0.0,0.9,0.0,0.0,0.0,0.1,0.0
2025-04-14,0.0,0.9,0.0,0.0,0.0,0.1,0.0
2025-04-15,0.0,0.9,0.0,0.0,0.0,0.1,0.0
2025-04-16,0.0,0.9,0.0,0.0,0.0,0.1,0.0
2025-04-17,0.0,0.9,0.0,0.0,0.0,0.1,0.0
2025-04-21,0.0,0.9,0.0,0.0,0.0,0.1,0.0
2025-04-22,0.0,0.9,0.0,0.0,0.0,0.1,0.0
2025-04-23,0.0,0.9,0.0,0.0,0.0,0.1,0.0
2025-04-24,0.0,0.9,0.0,0.0,0.0,0.1,0.0
2025-04-25,0.0,0.26268524987798636,0.4,0.3373147501220136,0.0,0.0,0.0
2025-04-28,0.0,0.26268524987798636,0.4,0.3373147501220136,0.0,0.0,0.0
2025-04-29,0.0,0.26268524987798636,0.4,0.3373147501220136,0.0,0.0,0.0
2025-04-30,0.0,0.26268524987798636,0.4,0.3373147501220136,0.0,0.0,0.0
2025-05-01,0.0,0.2816810651150106,0.4,0.31831893488498947,0.0,0.0,0.0
2025-05-02,0.0,0.2816810651150106,0.4,0.31831893488498947,0.0,0.0,0.0
2025-05-05,0.0,0.2816810651150106,0.4,0.31831893488498947,0.0,0.0,0.0
2025-05-06,0.0,0.2816810651150106,0.4,0.31831893488498947,0.0,0.0,0.0
2025-05-07,0.0,0.2816810651150106,0.4,0.31831893488498947,0.0,0.0,0.0
2025-05-08,0.0,0.2816810651150106,0.4,0.31831893488498947,0.0,0.0,0.0
2025-05-09,0.0,0.2816810651150106,0.4,0.31831893488498947,0.0,0.0,0.0
2025-05-12,0.0,0.2816810651150106,0.4,0.31831893488498947,0.0,0.0,0.0
2025-05-13,0.0,0.2816810651150106,0.4,0.31831893488498947,0.0,0.0,0.0
2025-05-14,0.0,0.2816810651150106,0.4,0.31831893488498947,0.0,0.0,0.0
2025-05-15,0.0,0.2816810651150106,0.4,0.31831893488498947,0.0,0.0,0.0
2025-05-16,0.0,0.2816810651150106,0.4,0.31831893488498947,0.0,0.0,0.0
2025-05-19,0.0,0.2816810651150106,0.4,0.31831893488498947,0.0,0.0,0.0
2025-05-20,0.0,0.2816810651150106,0.4,0.31831893488498947,0.0,0.0,0.0
2025-05-21,0.0,0.2816810651150106,0.4,0.31831893488498947,0.0,0.0,0.0
2025-05-22,0.0,0.2816810651150106,0.4,0.31831893488498947,0.0,0.0,0.0
2025-05-23,0.0,0.2816810651150106,0.4,0.31831893488498947,0.0,0.0,0.0
2025-05-27,0.0,0.2816810651150106,0.4,0.31831893488498947,0.0,0.0,0.0
2025-05-28,0.0,0.2816810651150106,0.4,0.31831893488498947,0.0,0.0,0.0
2025-05-29,0.0,0.2816810651150106,0.4,0.31831893488498947,0.0,0.0,0.0
2025-05-30,0.0,0.2816810651150106,0.4,0.31831893488498947,0.0,0.0,0.0
2025-06-02,0.0,0.26555901348615407,0.4,0.33444098651384585,0.0,0.0,0.0
2025-06-03,0.0,0.26555901348615407,0.4,0.33444098651384585,0.0,0.0,0.0
2025-06-04,0.0,0.26555901348615407,0.4,0.33444098651384585,0.0,0.0,0.0
2025-06-05,0.0,0.26555901348615407,0.4,0.33444098651384585,0.0,0.0,0.0
2025-06-06,0.0,0.26555901348615407,0.4,0.33444098651384585,0.0,0.0,0.0
2025-06-09,0.0,0.26555901348615407,0.4,0.33444098651384585,0.0,0.0,0.0
2025-06-10,0.0,0.26555901348615407,0.4,0.33444098651384585,0.0,0.0,0.0
2025-06-11,0.0,0.26555901348615407,0.4,0.33444098651384585,0.0,0.0,0.0
2025-06-12,0.0,0.26555901348615407,0.4,0.33444098651384585,0.0,0.0,0.0
2025-06-13,0.0,0.26555901348615407,0.4,0.33444098651384585,0.0,0.0,0.0
2025-06-16,0.0,0.26555901348615407,0.4,0.33444098651384585,0.0,0.0,0.0
2025-06-17,0.0,0.26555901348615407,0.4,0.33444098651384585,0.0,0.0,0.0
2025-06-18,0.0,0.26555901348615407,0.4,0.33444098651384585,0.0,0.0,0.0
2025-06-20,0.0,0.26555901348615407,0.4,0.33444098651384585,0.0,0.0,0.0
2025-06-23,0.0,0.26555901348615407,0.4,0.33444098651384585,0.0,0.0,0.0
2025-06-24,0.0,0.26555901348615407,0.4,0.33444098651384585,0.0,0.0,0.0
2025-06-25,0.0,0.26555901348615407,0.4,0.33444098651384585,0.0,0.0,0.0
2025-06-26,0.0,0.26555901348615407,0.4,0.33444098651384585,0.0,0.0,0.0
2025-06-27,0.0,0.26555901348615407,0.4,0.33444098651384585,0.0,0.0,0.0
2025-06-30,0.0,0.26555901348615407,0.4,0.33444098651384585,0.0,0.0,0.0
2025-07-01,0.0,0.2810028663592695,0.4,0.3189971336407305,0.0,0.0,0.0
2025-07-02,0.0,0.2810028663592695,0.4,0.3189971336407305,0.0,0.0,0.0
2025-07-03,0.0,0.2810028663592695,0.4,0.3189971336407305,0.0,0.0,0.0
2025-07-07,0.0,0.2810028663592695,0.4,0.3189971336407305,0.0,0.0,0.0
2025-07-08,0.0,0.2810028663592695,0.4,0.3189971336407305,0.0,0.0,0.0
2025-07-09,0.0,0.2810028663592695,0.4,0.3189971336407305,0.0,0.0,0.0
2025-07-10,0.0,0.2810028663592695,0.4,0.3189971336407305,0.0,0.0,0.0
2025-07-11,0.0,0.2810028663592695,0.4,0.3189971336407305,0.0,0.0,0.0
2025-07-14,0.0,0.2810028663592695,0.4,0.3189971336407305,0.0,0.0,0.0
2025-07-15,0.0,0.2810028663592695,0.4,0.3189971336407305,0.0,0.0,0.0
2025-07-16,0.0,0.2810028663592695,0.4,0.3189971336407305,0.0,0.0,0.0
2025-07-17,0.0,0.2810028663592695,0.4,0.3189971336407305,0.0,0.0,0.0
2025-07-18,0.0,0.2810028663592695,0.4,0.3189971336407305,0.0,0.0,0.0
2025-07-21,0.0,0.2810028663592695,0.4,0.3189971336407305,0.0,0.0,0.0
2025-07-22,0.0,0.2810028663592695,0.4,0.3189971336407305,0.0,0.0,0.0
2025-07-23,0.0,0.2810028663592695,0.4,0.3189971336407305,0.0,0.0,0.0
2025-07-24,0.0,0.2810028663592695,0.4,0.3189971336407305,0.0,0.0,0.0
2025-07-25,0.0,0.2810028663592695,0.4,0.3189971336407305,0.0,0.0,0.0
2025-07-28,0.0,0.2810028663592695,0.4,0.3189971336407305,0.0,0.0,0.0
2025-07-29,0.0,0.2810028663592695,0.4,0.3189971336407305,0.0,0.0,0.0
2025-07-30,0.0,0.2810028663592695,0.4,0.3189971336407305,0.0,0.0,0.0
2025-07-31,0.0,0.2810028663592695,0.4,0.3189971336407305,0.0,0.0,0.0
2025-08-01,0.0,0.2825366963379646,0.4,0.3174633036620354,0.0,0.0,0.0
2025-08-04,0.0,0.2825366963379646,0.4,0.3174633036620354,0.0,0.0,0.0
2025-08-05,0.0,0.2825366963379646,0.4,0.3174633036620354,0.0,0.0,0.0
2025-08-06,0.0,0.2825366963379646,0.4,0.3174633036620354,0.0,0.0,0.0
2025-08-07,0.0,0.2825366963379646,0.4,0.3174633036620354,0.0,0.0,0.0
2025-08-08,0.0,0.2825366963379646,0.4,0.3174633036620354,0.0,0.0,0.0
2025-08-11,0.0,0.2825366963379646,0.4,0.3174633036620354,0.0,0.0,0.0
2025-08-12,0.0,0.2825366963379646,0.4,0.3174633036620354,0.0,0.0,0.0
2025-08-13,0.0,0.2825366963379646,0.4,0.3174633036620354,0.0,0.0,0.0
2025-08-14,0.0,0.2825366963379646,0.4,0.3174633036620354,0.0,0.0,0.0
2025-08-15,0.0,0.2825366963379646,0.4,0.3174633036620354,0.0,0.0,0.0
2025-08-18,0.0,0.2825366963379646,0.4,0.3174633036620354,0.0,0.0,0.0
2025-08-19,0.0,0.2825366963379646,0.4,0.3174633036620354,0.0,0.0,0.0
2025-08-20,0.0,0.2825366963379646,0.4,0.3174633036620354,0.0,0.0,0.0
2025-08-21,0.0,0.2825366963379646,0.4,0.3174633036620354,0.0,0.0,0.0
2025-08-22,0.0,0.2825366963379646,0.4,0.3174633036620354,0.0,0.0,0.0
2025-08-25,0.0,0.2825366963379646,0.4,0.3174633036620354,0.0,0.0,0.0
2025-08-26,0.0,0.2825366963379646,0.4,0.3174633036620354,0.0,0.0,0.0
2025-08-27,0.0,0.2825366963379646,0.4,0.3174633036620354,0.0,0.0,0.0
2025-08-28,0.0,0.2825366963379646,0.4,0.3174633036620354,0.0,0.0,0.0
2025-08-29,0.0,0.2825366963379646,0.4,0.3174633036620354,0.0,0.0,0.0
2025-09-02,0.0,0.2731172403844711,0.4,0.32688275961552893,0.0,0.0,0.0
2025-09-03,0.0,0.2731172403844711,0.4,0.32688275961552893,0.0,0.0,0.0
2025-09-04,0.0,0.2731172403844711,0.4,0.32688275961552893,0.0,0.0,0.0
2025-09-05,0.0,0.2731172403844711,0.4,0.32688275961552893,0.0,0.0,0.0
2025-09-08,0.0,0.2731172403844711,0.4,0.32688275961552893,0.0,0.0,0.0
2025-09-09,0.0,0.2731172403844711,0.4,0.32688275961552893,0.0,0.0,0.0
2025-09-10,0.0,0.2731172403844711,0.4,0.32688275961552893,0.0,0.0,0.0
2025-09-11,0.0,0.2731172403844711,0.4,0.32688275961552893,0.0,0.0,0.0
2025-09-12,0.0,0.2731172403844711,0.4,0.32688275961552893,0.0,0.0,0.0
2025-09-15,0.0,0.2731172403844711,0.4,0.32688275961552893,0.0,0.0,0.0
2025-09-16,0.0,0.2731172403844711,0.4,0.32688275961552893,0.0,0.0,0.0
2025-09-17,0.0,0.2731172403844711,0.4,0.32688275961552893,0.0,0.0,0.0
2025-09-18,0.0,0.2731172403844711,0.4,0.32688275961552893,0.0,0.0,0.0
2025-09-19,0.0,0.2731172403844711,0.4,0.32688275961552893,0.0,0.0,0.0
2025-09-22,0.0,0.2731172403844711,0.4,0.32688275961552893,0.0,0.0,0.0
2025-09-23,0.0,0.2731172403844711,0.4,0.32688275961552893,0.0,0.0,0.0
2025-09-24,0.0,0.2731172403844711,0.4,0.32688275961552893,0.0,0.0,0.0
2025-09-25,0.0,0.2731172403844711,0.4,0.32688275961552893,0.0,0.0,0.0
2025-09-26,0.0,0.2731172403844711,0.4,0.32688275961552893,0.0,0.0,0.0
2025-09-29,0.0,0.2731172403844711,0.4,0.32688275961552893,0.0,0.0,0.0
2025-09-30,0.0,0.2731172403844711,0.4,0.32688275961552893,0.0,0.0,0.0
2025-10-01,0.0,0.2996385626807622,0.4,0.30036143731923776,0.0,0.0,0.0
2025-10-02,0.0,0.2996385626807622,0.4,0.30036143731923776,0.0,0.0,0.0
2025-10-03,0.0,0.2996385626807622,0.4,0.30036143731923776,0.0,0.0,0.0
2025-10-06,0.0,0.2996385626807622,0.4,0.30036143731923776,0.0,0.0,0.0
2025-10-07,0.0,0.2996385626807622,0.4,0.30036143731923776,0.0,0.0,0.0
2025-10-08,0.0,0.2996385626807622,0.4,0.30036143731923776,0.0,0.0,0.0
2025-10-09,0.0,0.2996385626807622,0.4,0.30036143731923776,0.0,0.0,0.0
2025-10-10,0.0,0.2996385626807622,0.4,0.30036143731923776,0.0,0.0,0.0
2025-10-13,0.0,0.2996385626807622,0.4,0.30036143731923776,0.0,0.0,0.0
2025-10-14,0.0,0.2996385626807622,0.4,0.30036143731923776,0.0,0.0,0.0
2025-10-15,0.0,0.2996385626807622,0.4,0.30036143731923776,0.0,0.0,0.0
2025-10-16,0.0,0.2996385626807622,0.4,0.30036143731923776,0.0,0.0,0.0
2025-10-17,0.0,0.2996385626807622,0.4,0.30036143731923776,0.0,0.0,0.0
2025-10-20,0.0,0.2996385626807622,0.4,0.30036143731923776,0.0,0.0,0.0
2025-10-21,0.0,0.2996385626807622,0.4,0.30036143731923776,0.0,0.0,0.0
2025-10-22,0.0,0.2996385626807622,0.4,0.30036143731923776,0.0,0.0,0.0
2025-10-23,0.0,0.2996385626807622,0.4,0.30036143731923776,0.0,0.0,0.0
2025-10-24,0.0,0.2996385626807622,0.4,0.30036143731923776,0.0,0.0,0.0
2025-10-27,0.0,0.2996385626807622,0.4,0.30036143731923776,0.0,0.0,0.0
2025-10-28,0.0,0.2996385626807622,0.4,0.30036143731923776,0.0,0.0,0.0
2025-10-29,0.0,0.2996385626807622,0.4,0.30036143731923776,0.0,0.0,0.0
2025-10-30,0.0,0.2996385626807622,0.4,0.30036143731923776,0.0,0.0,0.0
2025-10-31,0.0,0.2996385626807622,0.4,0.30036143731923776,0.0,0.0,0.0
2025-11-03,0.0,0.2240047836538171,0.4,0.3759952163461829,0.0,0.0,0.0
2025-11-04,0.0,0.2240047836538171,0.4,0.3759952163461829,0.0,0.0,0.0
2025-11-05,0.0,0.2240047836538171,0.4,0.3759952163461829,0.0,0.0,0.0
2025-11-06,0.0,0.2240047836538171,0.4,0.3759952163461829,0.0,0.0,0.0
2025-11-07,0.0,0.2240047836538171,0.4,0.3759952163461829,0.0,0.0,0.0
2025-11-10,0.0,0.2240047836538171,0.4,0.3759952163461829,0.0,0.0,0.0
2025-11-11,0.0,0.2240047836538171,0.4,0.3759952163461829,0.0,0.0,0.0
2025-11-12,0.0,0.2240047836538171,0.4,0.3759952163461829,0.0,0.0,0.0
2025-11-13,0.0,0.2240047836538171,0.4,0.3759952163461829,0.0,0.0,0.0
2025-11-14,0.0,0.2240047836538171,0.4,0.3759952163461829,0.0,0.0,0.0
2025-11-17,0.0,0.2240047836538171,0.4,0.3759952163461829,0.0,0.0,0.0
2025-11-18,0.0,0.2240047836538171,0.4,0.3759952163461829,0.0,0.0,0.0
2025-11-19,0.0,0.9,0.0,0.0,0.0,0.1,0.0
2025-11-20,0.0,0.9,0.0,0.0,0.0,0.1,0.0
2025-11-21,0.0,0.9,0.0,0.0,0.0,0.1,0.0
2025-11-24,0.0,0.9,0.0,0.0,0.0,0.1,0.0
2025-11-25,0.0,0.9,0.0,0.0,0.0,0.1,0.0
2025-11-26,0.0,0.2240047836538171,0.4,0.3759952163461829,0.0,0.0,0.0
2025-11-28,0.0,0.2240047836538171,0.4,0.3759952163461829,0.0,0.0,0.0
2025-12-01,0.0,0.22455744406092507,0.4,0.37544255593907494,0.0,0.0,0.0
2025-12-02,0.0,0.22455744406092507,0.4,0.37544255593907494,0.0,0.0,0.0
2025-12-03,0.0,0.22455744406092507,0.4,0.37544255593907494,0.0,0.0,0.0
2025-12-04,0.0,0.22455744406092507,0.4,0.37544255593907494,0.0,0.0,0.0
2025-12-05,0.0,0.22455744406092507,0.4,0.37544255593907494,0.0,0.0,0.0
2025-12-08,0.0,0.22455744406092507,0.4,0.37544255593907494,0.0,0.0,0.0
2025-12-09,0.0,0.22455744406092507,0.4,0.37544255593907494,0.0,0.0,0.0
2025-12-10,0.0,0.22455744406092507,0.4,0.37544255593907494,0.0,0.0,0.0
2025-12-11,0.0,0.22455744406092507,0.4,0.37544255593907494,0.0,0.0,0.0
2025-12-12,0.0,0.22455744406092507,0.4,0.37544255593907494,0.0,0.0,0.0
2025-12-15,0.0,0.22455744406092507,0.4,0.37544255593907494,0.0,0.0,0.0
2025-12-16,0.0,0.22455744406092507,0.4,0.37544255593907494,0.0,0.0,0.0
2025-12-17,0.0,0.22455744406092507,0.4,0.37544255593907494,0.0,0.0,0.0
2025-12-18,0.0,0.22455744406092507,0.4,0.37544255593907494,0.0,0.0,0.0
2025-12-19,0.0,0.22455744406092507,0.4,0.37544255593907494,0.0,0.0,0.0
2025-12-22,0.0,0.22455744406092507,0.4,0.37544255593907494,0.0,0.0,0.0
2025-12-23,0.0,0.22455744406092507,0.4,0.37544255593907494,0.0,0.0,0.0
2025-12-24,0.0,0.22455744406092507,0.4,0.37544255593907494,0.0,0.0,0.0
2025-12-26,0.0,0.22455744406092507,0.4,0.37544255593907494,0.0,0.0,0.0
2025-12-29,0.0,0.22455744406092507,0.4,0.37544255593907494,0.0,0.0,0.0
2025-12-30,0.0,0.22455744406092507,0.4,0.37544255593907494,0.0,0.0,0.0
2025-12-31,0.0,0.22455744406092507,0.4,0.37544255593907494,0.0,0.0,0.0
2026-01-02,0.0,0.22017932246007116,0.4,0.3798206775399288,0.0,0.0,0.0
2026-01-05,0.0,0.22017932246007116,0.4,0.3798206775399288,0.0,0.0,0.0
2026-01-06,0.0,0.22017932246007116,0.4,0.3798206775399288,0.0,0.0,0.0
2026-01-07,0.0,0.22017932246007116,0.4,0.3798206775399288,0.0,0.0,0.0
2026-01-08,0.0,0.22017932246007116,0.4,0.3798206775399288,0.0,0.0,0.0
2026-01-09,0.0,0.22017932246007116,0.4,0.3798206775399288,0.0,0.0,0.0
2026-01-12,0.0,0.22017932246007116,0.4,0.3798206775399288,0.0,0.0,0.0
2026-01-13,0.0,0.22017932246007116,0.4,0.3798206775399288,0.0,0.0,0.0
2026-01-14,0.0,0.22017932246007116,0.4,0.3798206775399288,0.0,0.0,0.0
2026-01-15,0.0,0.22017932246007116,0.4,0.3798206775399288,0.0,0.0,0.0
2026-01-16,0.0,0.22017932246007116,0.4,0.3798206775399288,0.0,0.0,0.0
2026-01-20,0.0,0.22017932246007116,0.4,0.3798206775399288,0.0,0.0,0.0
2026-01-21,0.0,0.22017932246007116,0.4,0.3798206775399288,0.0,0.0,0.0
2026-01-22,0.0,0.22017932246007116,0.4,0.3798206775399288,0.0,0.0,0.0
2026-01-23,0.0,0.22017932246007116,0.4,0.3798206775399288,0.0,0.0,0.0
2026-01-26,0.0,0.22017932246007116,0.4,0.3798206775399288,0.0,0.0,0.0
2026-01-27,0.0,0.22017932246007116,0.4,0.3798206775399288,0.0,0.0,0.0
2026-01-28,0.0,0.22017932246007116,0.4,0.3798206775399288,0.0,0.0,0.0
2026-01-29,0.0,0.22017932246007116,0.4,0.3798206775399288,0.0,0.0,0.0
2026-01-30,0.0,0.22017932246007116,0.4,0.3798206775399288,0.0,0.0,0.0
2026-02-02,0.0,0.20527737032067075,0.4,0.39472262967932925,0.0,0.0,0.0
2026-02-03,0.0,0.20527737032067075,0.4,0.39472262967932925,0.0,0.0,0.0
2026-02-04,0.0,0.20527737032067075,0.4,0.39472262967932925,0.0,0.0,0.0
2026-02-05,0.0,0.20527737032067075,0.4,0.39472262967932925,0.0,0.0,0.0
2026-02-06,0.0,0.20527737032067075,0.4,0.39472262967932925,0.0,0.0,0.0
2026-02-09,0.0,0.20527737032067075,0.4,0.39472262967932925,0.0,0.0,0.0
2026-02-10,0.0,0.20527737032067075,0.4,0.39472262967932925,0.0,0.0,0.0
2026-02-11,0.0,0.20527737032067075,0.4,0.39472262967932925,0.0,0.0,0.0
2026-02-12,0.0,0.20527737032067075,0.4,0.39472262967932925,0.0,0.0,0.0
2026-02-13,0.0,0.20527737032067075,0.4,0.39472262967932925,0.0,0.0,0.0
2026-02-17,0.0,0.20527737032067075,0.4,0.39472262967932925,0.0,0.0,0.0
2026-02-18,0.0,0.20527737032067075,0.4,0.39472262967932925,0.0,0.0,0.0
2026-02-19,0.0,0.20527737032067075,0.4,0.39472262967932925,0.0,0.0,0.0
2026-02-20,0.0,0.20527737032067075,0.4,0.39472262967932925,0.0,0.0,0.0
2026-02-23,0.0,0.20527737032067075,0.4,0.39472262967932925,0.0,0.0,0.0
2026-02-24,0.0,0.20527737032067075,0.4,0.39472262967932925,0.0,0.0,0.0
2026-02-25,0.0,0.20527737032067075,0.4,0.39472262967932925,0.0,0.0,0.0
2026-02-26,0.0,0.20527737032067075,0.4,0.39472262967932925,0.0,0.0,0.0
2026-02-27,0.0,0.20527737032067075,0.4,0.39472262967932925,0.0,0.0,0.0
2026-03-02,0.0,0.20784189033271938,0.4,0.39215810966728065,0.0,0.0,0.0
2026-03-03,0.0,0.20784189033271938,0.4,0.39215810966728065,0.0,0.0,0.0
2026-03-04,0.0,0.20784189033271938,0.4,0.39215810966728065,0.0,0.0,0.0
2026-03-05,0.0,0.20784189033271938,0.4,0.39215810966728065,0.0,0.0,0.0
2026-03-06,0.0,0.20784189033271938,0.4,0.39215810966728065,0.0,0.0,0.0
2026-03-09,0.0,0.9,0.0,0.0,0.0,0.1,0.0
2026-03-10,0.0,0.9,0.0,0.0,0.0,0.1,0.0
2026-03-11,0.0,0.9,0.0,0.0,0.0,0.1,0.0
2026-03-12,0.0,0.9,0.0,0.0,0.0,0.1,0.0
2026-03-13,0.0,0.9,0.0,0.0,0.0,0.1,0.0
2026-03-16,0.0,0.9,0.0,0.0,0.0,0.1,0.0
2026-03-17,0.0,0.9,0.0,0.0,0.0,0.1,0.0
2026-03-18,0.0,0.0,0.0,0.0,0.0,1.0,0.0
2026-03-19,0.0,0.0,0.0,0.0,0.0,1.0,0.0
2026-03-20,0.0,0.0,0.0,0.0,0.0,1.0,0.0
2026-03-23,0.0,0.0,0.0,0.0,0.0,1.0,0.0
2026-03-24,0.0,0.0,0.0,0.0,0.0,1.0,0.0
2026-03-25,0.0,0.0,0.0,0.0,0.0,1.0,0.0
2026-03-26,0.0,0.0,0.0,0.0,0.0,1.0,0.0
2026-03-27,0.0,0.0,0.0,0.0,0.0,1.0,0.0
2026-03-30,0.0,0.0,0.0,0.0,0.0,1.0,0.0
2026-03-31,0.0,0.0,0.0,0.0,0.0,1.0,0.0
2026-04-01,0.0,0.0,0.0,0.0,0.0,1.0,0.0
2026-04-02,0.0,0.0,0.0,0.0,0.0,1.0,0.0
2026-04-06,0.0,0.0,0.0,0.0,0.0,1.0,0.0
2026-04-07,0.0,0.0,0.4,0.6,0.0,0.0,0.0
2026-04-08,0.0,0.0,0.4,0.6,0.0,0.0,0.0
2026-04-09,0.0,0.0,0.4,0.6,0.0,0.0,0.0
2026-04-10,0.0,0.0,0.4,0.6,0.0,0.0,0.0
2026-04-13,0.0,0.0,0.4,0.6,0.0,0.0,0.0
2026-04-14,0.0,0.0,0.4,0.6,0.0,0.0,0.0
2026-04-15,0.0,0.0,0.4,0.6,0.0,0.0,0.0
2026-04-16,0.0,0.0,0.4,0.6,0.0,0.0,0.0
2026-04-17,0.0,0.0,0.4,0.6,0.0,0.0,0.0
2026-04-20,0.0,0.0,0.4,0.6,0.0,0.0,0.0
2026-04-21,0.0,0.0,0.4,0.6,0.0,0.0,0.0
2026-04-22,0.0,0.0,0.4,0.6,0.0,0.0,0.0
2026-04-23,0.0,0.0,0.4,0.6,0.0,0.0,0.0
2026-04-24,0.0,0.0,0.4,0.6,0.0,0.0,0.0
2026-04-27,0.0,0.0,0.4,0.6,0.0,0.0,0.0
2026-04-28,0.0,0.0,0.4,0.6,0.0,0.0,0.0
2026-04-29,0.0,0.0,0.4,0.6,0.0,0.0,0.0
2026-04-30,0.0,0.0,0.4,0.6,0.0,0.0,0.0
2026-05-01,0.0,0.0,0.4,0.6,0.0,0.0,0.0
2026-05-04,0.0,0.0,0.4,0.6,0.0,0.0,0.0
2026-05-05,0.0,0.0,0.4,0.6,0.0,0.0,0.0
2026-05-06,0.0,0.0,0.4,0.6,0.0,0.0,0.0
2026-05-07,0.0,0.0,0.4,0.6,0.0,0.0,0.0
2026-05-08,0.0,0.0,0.4,0.6,0.0,0.0,0.0
2026-05-11,0.0,0.0,0.4,0.6,0.0,0.0,0.0
2026-05-12,0.0,0.0,0.4,0.6,0.0,0.0,0.0
2026-05-13,0.0,0.0,0.4,0.6,0.0,0.0,0.0
2026-05-18,0.0,0.0,0.4,0.6,0.0,0.0,0.0
2026-05-19,0.0,0.0,0.4,0.6,0.0,0.0,0.0
2026-05-20,0.0,0.0,0.4,0.6,0.0,0.0,0.0
2026-05-21,0.0,0.0,0.4,0.6,0.0,0.0,0.0
2026-05-22,0.0,0.0,0.4,0.6,0.0,0.0,0.0
2026-05-26,0.0,0.0,0.4,0.6,0.0,0.0,0.0
2026-05-27,0.0,0.0,0.4,0.6,0.0,0.0,0.0
2026-05-28,0.0,0.0,0.4,0.6,0.0,0.0,0.0
2026-05-29,0.0,0.0,0.4,0.6,0.0,0.0,0.0
2026-06-01,0.0,0.0,0.4,0.6,0.0,0.0,0.0
2026-06-02,0.0,0.0,0.4,0.6,0.0,0.0,0.0
2026-06-03,0.0,0.0,0.4,0.6,0.0,0.0,0.0
2026-06-04,0.0,0.0,0.4,0.6,0.0,0.0,0.0
2026-06-05,0.0,0.0,0.4,0.6,0.0,0.0,0.0
2026-06-08,0.0,0.0,0.4,0.6,0.0,0.0,0.0
2026-06-09,0.0,0.0,0.4,0.6,0.0,0.0,0.0
2026-06-10,0.0,0.0,0.4,0.6,0.0,0.0,0.0
2026-06-11,0.0,0.0,0.4,0.6,0.0,0.0,0.0
2026-06-12,0.0,0.0,0.4,0.6,0.0,0.0,0.0
