date,FINAL_REGIME_HEDGE_TRIGGER_LOCK_return,FINAL_REGIME_HEDGE_TRIGGER_LOCK_nav,FINAL_REGIME_HEDGE_TRIGGER_LOCK_drawdown,FINAL_REGIME_HEDGE_TRIGGER_LOCK_turnover,FINAL_REGIME_HEDGE_TRIGGER_LOCK_transaction_cost,final_state,final_allocation_state,trigger_lock_active_locks,final_regime_confirmed,heatmap_cross_state,pure_cross_state
2007-01-08,0.0043884643587169,1.0043884643587169,0.0,1.0,0.0005,NON_RISK,INVERTED_NORMAL,,INVERTED,INVERTED_NORMAL,INVERTED_NORMAL
2007-01-09,0.00263375679116345,1.0070337792976878,0.0,0.0,0.0,NON_RISK,INVERTED_NORMAL,,INVERTED,INVERTED_NORMAL,INVERTED_NORMAL
2007-01-10,-0.00047049639763005013,1.0065599735322364,-0.00047049639763008244,0.0,0.0,NON_RISK,INVERTED_NORMAL,,INVERTED,INVERTED_NORMAL,INVERTED_NORMAL
2007-01-11,0.0025204342109914,1.0090969417249416,0.0,0.0,0.0,NON_RISK,INVERTED_NORMAL,,INVERTED,INVERTED_NORMAL,INVERTED_NORMAL
2007-01-12,0.0164985772861071,1.0257456056071648,0.0,0.0,0.0,NON_RISK,INVERTED_NORMAL,,INVERTED,INVERTED_NORMAL,INVERTED_NORMAL
2007-01-16,-0.00258596250758725,1.0230930659287423,-0.002585962507587247,0.0,0.0,NON_RISK,INVERTED_NORMAL,,INVERTED,INVERTED_NORMAL,INVERTED_NORMAL
2007-01-17,0.00561559125919015,1.0288383384071098,0.0,0.0,0.0,NON_RISK,INVERTED_NORMAL,,INVERTED,INVERTED_NORMAL,INVERTED_NORMAL
2007-01-18,-0.0047115402370270995,1.0239909251783086,-0.004711540237027134,0.0,0.0,NON_RISK,INVERTED_NORMAL,,INVERTED,INVERTED_NORMAL,INVERTED_NORMAL
2007-01-19,0.00692535847926305,1.0310824294146805,0.0,0.0,0.0,NON_RISK,INVERTED_NORMAL,,INVERTED,INVERTED_NORMAL,INVERTED_NORMAL
2007-01-22,-0.0037625147403664997,1.027202966575475,-0.003762514740366485,0.0,0.0,NON_RISK,INVERTED_NORMAL,,INVERTED,INVERTED_NORMAL,INVERTED_NORMAL
2007-01-23,0.0135122069758438,1.0410827456660434,0.0,0.0,0.0,NON_RISK,INVERTED_NORMAL,,INVERTED,INVERTED_NORMAL,INVERTED_NORMAL
2007-01-24,0.0048051245044489505,1.0460852778784022,0.0,0.0,0.0,NON_RISK,INVERTED_NORMAL,,INVERTED,INVERTED_NORMAL,INVERTED_NORMAL
2007-01-25,-0.00796871863888925,1.037749318626705,-0.00796871863888915,0.0,0.0,NON_RISK,INVERTED_NORMAL,,INVERTED,INVERTED_NORMAL,INVERTED_NORMAL
2007-01-26,0.00040168265231565006,1.0381661645254499,-0.007570236882611825,0.0,0.0,NON_RISK,INVERTED_NORMAL,,INVERTED,INVERTED_NORMAL,INVERTED_NORMAL
2007-01-29,-0.0033978188492034002,1.03463866396302,-0.01094233343824258,0.0,0.0,NON_RISK,INVERTED_NORMAL,,INVERTED,INVERTED_NORMAL,INVERTED_NORMAL
2007-01-30,0.00613292509742535,1.0409840253920055,-0.004876516852185042,0.0,0.0,NON_RISK,INVERTED_NORMAL,,INVERTED,INVERTED_NORMAL,INVERTED_NORMAL
2007-01-31,0.008110828679994849,1.0494272684805714,0.0,0.0,0.0,NON_RISK,INVERTED_NORMAL,,INVERTED,INVERTED_NORMAL,INVERTED_NORMAL
2007-02-01,0.005999163216675,1.0557229539482158,0.0,0.0,0.0,NON_RISK,INVERTED_NORMAL,,INVERTED,INVERTED_NORMAL,INVERTED_NORMAL
2007-02-02,-0.0065151345669724,1.0488447768378015,-0.0065151345669723915,0.0,0.0,NON_RISK,INVERTED_NORMAL,,INVERTED,INVERTED_NORMAL,INVERTED_NORMAL
2007-02-05,0.0003718645487409,1.0492348050274396,-0.006145692765807231,0.0,0.0,NON_RISK,INVERTED_NORMAL,,INVERTED,INVERTED_NORMAL,INVERTED_NORMAL
2007-02-06,0.00386990550358455,1.0532952445739676,-0.002299570512480531,0.0,0.0,NON_RISK,INVERTED_NORMAL,,INVERTED,INVERTED_NORMAL,INVERTED_NORMAL
2007-02-07,-0.00013050625866974997,1.0531577829523238,-0.0024297766628060824,0.0,0.0,NON_RISK,INVERTED_NORMAL,,INVERTED,INVERTED_NORMAL,INVERTED_NORMAL
2007-02-08,0.00623110609154255,1.0597201208290334,0.0,0.0,0.0,NON_RISK,INVERTED_NORMAL,,INVERTED,INVERTED_NORMAL,INVERTED_NORMAL
2007-02-09,0.0008552097979631999,1.0606264038594653,0.0,0.0,0.0,NON_RISK,INVERTED_NORMAL,,INVERTED,INVERTED_NORMAL,INVERTED_NORMAL
2007-02-12,-0.0051051210486332,1.0552117776803862,-0.005105121048633143,0.0,0.0,NON_RISK,INVERTED_NORMAL,,INVERTED,INVERTED_NORMAL,INVERTED_NORMAL
2007-02-13,0.00551182161360805,1.0610279167635388,0.0,0.0,0.0,NON_RISK,INVERTED_NORMAL,,INVERTED,INVERTED_NORMAL,INVERTED_NORMAL
2007-02-14,0.00730839152758795,1.0687823242009478,0.0,0.0,0.0,NON_RISK,INVERTED_NORMAL,,INVERTED,INVERTED_NORMAL,INVERTED_NORMAL
2007-02-15,0.0009538624543493,1.0698017955318753,0.0,0.0,0.0,NON_RISK,INVERTED_NORMAL,,INVERTED,INVERTED_NORMAL,INVERTED_NORMAL
2007-02-16,-0.0006164058954649,1.0691423633981305,-0.0006164058954648555,0.0,0.0,NON_RISK,INVERTED_NORMAL,,INVERTED,INVERTED_NORMAL,INVERTED_NORMAL
2007-02-20,-0.006847808740478749,1.0618210809772366,-0.007459993606265036,0.0,0.0,NON_RISK,INVERTED_NORMAL,,INVERTED,INVERTED_NORMAL,INVERTED_NORMAL
2007-02-21,0.015412415132994649,1.078186308274223,0.0,0.0,0.0,NON_RISK,INVERTED_NORMAL,,INVERTED,INVERTED_NORMAL,INVERTED_NORMAL
2007-02-22,-0.0018615821346431001,1.0761791759049228,-0.0018615821346430472,0.0,0.0,NON_RISK,INVERTED_NORMAL,,INVERTED,INVERTED_NORMAL,INVERTED_NORMAL
2007-02-23,0.002290396680157,1.0786440531166697,0.0,0.0,0.0,NON_RISK,INVERTED_NORMAL,,INVERTED,INVERTED_NORMAL,INVERTED_NORMAL
2007-02-26,0.00235835459813955,1.0811878782790934,0.0,0.0,0.0,NON_RISK,INVERTED_NORMAL,,INVERTED,INVERTED_NORMAL,INVERTED_NORMAL
2007-02-27,-0.0392791835886583,1.0387197011143368,-0.03927918358865845,0.0,0.0,NON_RISK,INVERTED_NORMAL,,INVERTED,INVERTED_NORMAL,INVERTED_NORMAL
2007-02-28,0.0002996729489358114,1.0390309773102873,-0.03899128154850051,1.8,0.0009,FULL_RISK,INVERTED_STRESS,VIX,INVERTED,INVERTED_STRESS,INVERTED_STRESS
2007-03-01,-0.00012370270586497376,1.0389024463669165,-0.03911016092733277,0.0,0.0,FULL_RISK,INVERTED_STRESS,VIX,INVERTED,INVERTED_STRESS,INVERTED_STRESS
2007-03-02,-0.0011359157567397958,1.0377223407083729,-0.04020165083602656,0.0,0.0,FULL_RISK,INVERTED_STRESS,VIX,INVERTED,INVERTED_STRESS,INVERTED_STRESS
2007-03-05,-0.0007786945355402724,1.0369142719922553,-0.040949040565741,0.0,0.0,FULL_RISK,INVERTED_STRESS,VIX,INVERTED,INVERTED_STRESS,INVERTED_STRESS
2007-03-06,0.0018848973148940659,1.038868748919309,-0.03914132798745673,0.0,0.0,FULL_RISK,INVERTED_STRESS,VIX,INVERTED,INVERTED_STRESS,INVERTED_STRESS
2007-03-07,7.302029196332749e-05,1.0389446074186668,-0.03907116580669068,0.0,0.0,FULL_RISK,INVERTED_STRESS,VIX,INVERTED,INVERTED_STRESS,INVERTED_STRESS
2007-03-08,0.001018063215228077,1.0400023187061394,-0.03809287950814644,0.0,0.0,FULL_RISK,INVERTED_STRESS,VIX,INVERTED,INVERTED_STRESS,INVERTED_STRESS
2007-03-09,0.00020134968512373013,1.0402117228455388,-0.03789919981231715,0.0,0.0,FULL_RISK,INVERTED_STRESS,VIX,INVERTED,INVERTED_STRESS,INVERTED_STRESS
2007-03-12,0.0003220617661771901,1.0405467352701967,-0.03758934392936808,0.0,0.0,FULL_RISK,INVERTED_STRESS,VIX,INVERTED,INVERTED_STRESS,INVERTED_STRESS
2007-03-13,-0.0017711917470662971,1.0387037274802493,-0.03929395774068911,0.0,0.0,FULL_RISK,INVERTED_STRESS,VIX,INVERTED,INVERTED_STRESS,INVERTED_STRESS
2007-03-14,0.0009165982346980924,1.039655801483232,-0.038413376278290445,0.0,0.0,FULL_RISK,INVERTED_STRESS,VIX,INVERTED,INVERTED_STRESS,INVERTED_STRESS
2007-03-15,0.00030763831346868525,1.0399756394405881,-0.03811755539111483,0.0,0.0,FULL_RISK,INVERTED_STRESS,VIX,INVERTED,INVERTED_STRESS,INVERTED_STRESS
2007-03-16,-0.00010921557374276287,1.0398620579044482,-0.038222607934175756,0.0,0.0,FULL_RISK,INVERTED_STRESS,VIX,INVERTED,INVERTED_STRESS,INVERTED_STRESS
2007-03-19,0.0013774421118310331,1.0412944076935011,-0.0368978152521372,0.0,0.0,FULL_RISK,INVERTED_STRESS,CREDIT+VIX,INVERTED,INVERTED_STRESS,INVERTED_STRESS
2007-03-20,0.0007208187050464523,1.042044992180027,-0.03620359318249977,0.0,0.0,FULL_RISK,INVERTED_STRESS,CREDIT+VIX,INVERTED,INVERTED_STRESS,INVERTED_STRESS
2007-03-21,0.0115416810899754,1.0540719431611747,-0.02507976241934806,1.8,0.0009,NON_RISK,INVERTED_NORMAL,,INVERTED,INVERTED_NORMAL,INVERTED_NORMAL
2007-03-22,-0.00083958840577415,1.0531869565788448,-0.025898294147375323,0.0,0.0,NON_RISK,INVERTED_NORMAL,,INVERTED,INVERTED_NORMAL,INVERTED_NORMAL
2007-03-23,-0.0039047889118382995,1.049074483828703,-0.029701955687391424,0.0,0.0,NON_RISK,INVERTED_NORMAL,,INVERTED,INVERTED_NORMAL,INVERTED_NORMAL
2007-03-26,0.0046329764658331,1.0539348212231874,-0.02520658768324724,0.0,0.0,NON_RISK,INVERTED_NORMAL,,INVERTED,INVERTED_NORMAL,INVERTED_NORMAL
2007-03-27,-0.0022505131128068004,1.051562927087981,-0.027400373039943693,0.0,0.0,NON_RISK,INVERTED_NORMAL,,INVERTED,INVERTED_NORMAL,INVERTED_NORMAL
2007-03-28,-0.0009761902289712999,1.0505364016334091,-0.02834981529248337,0.0,0.0,NON_RISK,INVERTED_NORMAL,,INVERTED,INVERTED_NORMAL,INVERTED_NORMAL
2007-03-29,-0.00249918921753205,1.0479109123858221,-0.03077815295731723,0.0,0.0,NON_RISK,INVERTED_NORMAL,,INVERTED,INVERTED_NORMAL,INVERTED_NORMAL
2007-03-30,0.000791003422334,1.0487398135038204,-0.03001149515930568,0.0,0.0,NON_RISK,INVERTED_NORMAL,,INVERTED,INVERTED_NORMAL,INVERTED_NORMAL
2007-04-02,0.00140020909820965,1.0502082685323433,-0.028653308429668845,0.0,0.0,NON_RISK,INVERTED_NORMAL,,INVERTED,INVERTED_NORMAL,INVERTED_NORMAL
2007-04-03,0.00522941843110945,1.0557002470083099,-0.023573730137773752,0.0,0.0,NON_RISK,INVERTED_NORMAL,,INVERTED,INVERTED_NORMAL,INVERTED_NORMAL
2007-04-04,0.0080001779695242,1.0641460368668472,-0.015762146204757133,0.0,0.0,NON_RISK,INVERTED_NORMAL,,INVERTED,INVERTED_NORMAL,INVERTED_NORMAL
2007-04-05,0.0017295122210795998,1.065986490442622,-0.014059894808168938,0.0,0.0,NON_RISK,INVERTED_NORMAL,,INVERTED,INVERTED_NORMAL,INVERTED_NORMAL
2007-04-09,-0.0017742152111840498,1.064095200996362,-0.01580916474011662,0.0,0.0,NON_RISK,INVERTED_NORMAL,,INVERTED,INVERTED_NORMAL,INVERTED_NORMAL
2007-04-10,0.00532301322629155,1.069759393825299,-0.010570303906833445,0.0,0.0,NON_RISK,INVERTED_NORMAL,,INVERTED,INVERTED_NORMAL,INVERTED_NORMAL
2007-04-11,-0.0026354945831937497,1.0669400487375518,-0.013177940511337916,0.0,0.0,NON_RISK,INVERTED_NORMAL,,INVERTED,INVERTED_NORMAL,INVERTED_NORMAL
2007-04-12,0.0015510590631047498,1.0685949357699356,-0.011647321212296391,0.0,0.0,NON_RISK,INVERTED_NORMAL,,INVERTED,INVERTED_NORMAL,INVERTED_NORMAL
2007-04-13,0.00862532011274935,1.0778119091618141,-0.0031224629734590836,0.0,0.0,NON_RISK,INVERTED_NORMAL,,INVERTED,INVERTED_NORMAL,INVERTED_NORMAL
2007-04-16,0.00887569012808635,1.0873782336838955,0.0,0.0,0.0,NON_RISK,INVERTED_NORMAL,,INVERTED,INVERTED_NORMAL,INVERTED_NORMAL
2007-04-17,-0.0015946173069260501,1.0856442815332885,-0.001594617306926005,0.0,0.0,NON_RISK,INVERTED_NORMAL,,INVERTED,INVERTED_NORMAL,INVERTED_NORMAL
2007-04-18,0.00340558962882805,1.0893415404390747,0.0,0.0,0.0,NON_RISK,INVERTED_NORMAL,,INVERTED,INVERTED_NORMAL,INVERTED_NORMAL
2007-04-19,-0.0063509247298074,1.0824232143106938,-0.006350924729807361,0.0,0.0,NON_RISK,INVERTED_NORMAL,,INVERTED,INVERTED_NORMAL,INVERTED_NORMAL
2007-04-20,0.013383285022795049,1.0969095927031038,0.0,0.0,0.0,NON_RISK,INVERTED_NORMAL,,INVERTED,INVERTED_NORMAL,INVERTED_NORMAL
2007-04-23,-0.0050861404202889,1.0913305564862539,-0.005086140420288987,0.0,0.0,NON_RISK,INVERTED_NORMAL,,INVERTED,INVERTED_NORMAL,INVERTED_NORMAL
2007-04-24,-0.00367973500173765,1.0873147492390856,-0.008747159773098367,0.0,0.0,NON_RISK,INVERTED_NORMAL,,INVERTED,INVERTED_NORMAL,INVERTED_NORMAL
2007-04-25,0.005772274552942651,1.0935910284971577,-0.0030253762279243146,0.0,0.0,NON_RISK,INVERTED_NORMAL,,INVERTED,INVERTED_NORMAL,INVERTED_NORMAL
2007-04-26,-0.006943474257129,1.0859977073429605,-0.00994784386309655,0.0,0.0,NON_RISK,INVERTED_NORMAL,,INVERTED,INVERTED_NORMAL,INVERTED_NORMAL
2007-04-27,0.004758042615441,1.0911649307147695,-0.005237133512687953,0.0,0.0,NON_RISK,INVERTED_NORMAL,,INVERTED,INVERTED_NORMAL,INVERTED_NORMAL
2007-04-30,-0.007624853360663549,1.0828449581257709,-0.012822054498286994,0.0,0.0,NON_RISK,INVERTED_NORMAL,,INVERTED,INVERTED_NORMAL,INVERTED_NORMAL
2007-05-01,-0.00169945437486155,1.0810047125243873,-0.01449971837653663,0.0,0.0,NON_RISK,INVERTED_NORMAL,,INVERTED,INVERTED_NORMAL,INVERTED_NORMAL
2007-05-02,0.00270069364724115,1.0839241750841397,-0.01183818402660175,0.0,0.0,NON_RISK,INVERTED_NORMAL,,INVERTED,INVERTED_NORMAL,INVERTED_NORMAL
2007-05-03,0.0089340971007023,1.0936080589141401,-0.0030098504114890456,0.0,0.0,NON_RISK,INVERTED_NORMAL,,INVERTED,INVERTED_NORMAL,INVERTED_NORMAL
2007-05-04,0.0070814270790513995,1.1013523646364036,0.0,0.0,0.0,NON_RISK,INVERTED_NORMAL,,INVERTED,INVERTED_NORMAL,INVERTED_NORMAL
2007-05-07,0.00053935409022085,1.1019463835390446,0.0,0.0,0.0,NON_RISK,INVERTED_NORMAL,,INVERTED,INVERTED_NORMAL,INVERTED_NORMAL
2007-05-08,-0.00337294817019255,1.0982295755010363,-0.0033729481701925135,0.0,0.0,NON_RISK,INVERTED_NORMAL,,INVERTED,INVERTED_NORMAL,INVERTED_NORMAL
2007-05-09,-0.00180752239793895,1.0962445009452393,-0.005174373888766737,0.0,0.0,NON_RISK,INVERTED_NORMAL,,INVERTED,INVERTED_NORMAL,INVERTED_NORMAL
2007-05-10,-0.015975088744931698,1.0787318977564957,-0.02106680155162588,0.0,0.0,NON_RISK,INVERTED_NORMAL,,INVERTED,INVERTED_NORMAL,INVERTED_NORMAL
2007-05-11,0.00768785485699295,1.0870250320160562,-0.013540905207263032,0.0,0.0,NON_RISK,INVERTED_NORMAL,,INVERTED,INVERTED_NORMAL,INVERTED_NORMAL
2007-05-14,-0.00237296364357485,1.0844455611354262,-0.01588173677507998,0.0,0.0,NON_RISK,INVERTED_NORMAL,,INVERTED,INVERTED_NORMAL,INVERTED_NORMAL
2007-05-15,0.00209433797722205,1.086716756658342,-0.01382066052233022,0.0,0.0,NON_RISK,INVERTED_NORMAL,,INVERTED,INVERTED_NORMAL,INVERTED_NORMAL
2007-05-16,-0.0036430356565584003,1.082757808765256,-0.017413347019808678,0.0,0.0,NON_RISK,INVERTED_NORMAL,,INVERTED,INVERTED_NORMAL,INVERTED_NORMAL
2007-05-17,-0.005105326943934899,1.077229976150411,-0.02242977313401917,0.0,0.0,NON_RISK,INVERTED_NORMAL,,INVERTED,INVERTED_NORMAL,INVERTED_NORMAL
2007-05-18,0.00789721033137275,1.0857370878473305,-0.014709695438770654,0.0,0.0,NON_RISK,INVERTED_NORMAL,,INVERTED,INVERTED_NORMAL,INVERTED_NORMAL
2007-05-21,0.0008826273241769,1.0866953890679367,-0.013840051293718458,0.0,0.0,NON_RISK,INVERTED_NORMAL,,INVERTED,INVERTED_NORMAL,INVERTED_NORMAL
2007-05-22,-0.00397177034995285,1.0823792845422062,-0.017756852138301027,0.0,0.0,NON_RISK,INVERTED_NORMAL,,INVERTED,INVERTED_NORMAL,INVERTED_NORMAL
2007-05-23,0.0026729522822899502,1.0852724327211267,-0.015131363074460391,0.0,0.0,NON_RISK,INVERTED_NORMAL,,INVERTED,INVERTED_NORMAL,INVERTED_NORMAL
2007-05-24,-0.0105532335615228,1.0738192992607387,-0.02552491182735417,0.0,0.0,NON_RISK,INVERTED_NORMAL,,INVERTED,INVERTED_NORMAL,INVERTED_NORMAL
2007-05-25,0.0035526477751016,1.0776342010051185,-0.022062945073465734,0.0,0.0,NON_RISK,INVERTED_NORMAL,,INVERTED,INVERTED_NORMAL,INVERTED_NORMAL
2007-05-29,0.0028136869750271,1.0806663263203302,-0.019311336319622674,0.0,0.0,NON_RISK,INVERTED_NORMAL,,INVERTED,INVERTED_NORMAL,INVERTED_NORMAL
2007-05-30,0.0013831020309186502,1.0821609981110094,-0.01795494383718732,0.0,0.0,NON_RISK,INVERTED_NORMAL,,INVERTED,INVERTED_NORMAL,INVERTED_NORMAL
2007-05-31,0.005813628761343201,1.0884522804140315,-0.012245698453744236,0.0,0.0,NON_RISK,INVERTED_NORMAL,,INVERTED,INVERTED_NORMAL,INVERTED_NORMAL
2007-06-01,0.00849204568940978,1.0976954669100498,-0.003857643795102228,0.17442834284328634,8.721417142164317e-05,NON_RISK,INVERTED_NORMAL,,INVERTED,INVERTED_NORMAL,INVERTED_NORMAL
2007-06-04,0.0006976125968670226,1.09846123309529,-0.0031627223391409442,0.0,0.0,NON_RISK,INVERTED_NORMAL,,INVERTED,INVERTED_NORMAL,INVERTED_NORMAL
2007-06-05,-0.003379125513338392,1.0947493947171247,-0.006531160616731424,0.0,0.0,NON_RISK,INVERTED_NORMAL,,INVERTED,INVERTED_NORMAL,INVERTED_NORMAL
2007-06-06,-0.00606385305575526,1.088110995254683,-0.012555409674223417,0.0,0.0,NON_RISK,INVERTED_NORMAL,,INVERTED,INVERTED_NORMAL,INVERTED_NORMAL
2007-06-07,-0.017744317286534566,1.068803208511917,-0.0300769397878361,0.0,0.0,NON_RISK,INVERTED_NORMAL,,INVERTED,INVERTED_NORMAL,INVERTED_NORMAL
2007-06-08,-0.010031409034069181,1.0580816063504084,-0.03980663473640045,1.386090791015509,0.0006930453955077545,NON_RISK,FLAT_HIGH_RATE_NORMAL,,FLAT_HIGH_RATE,FLAT_HIGH_RATE_NORMAL,FLAT_HIGH_RATE_NORMAL
2007-06-11,0.006882141424178663,1.065363473603634,-0.033198448202098496,0.0,0.0,NON_RISK,FLAT_HIGH_RATE_NORMAL,,FLAT_HIGH_RATE,FLAT_HIGH_RATE_NORMAL,FLAT_HIGH_RATE_NORMAL
2007-06-12,-0.006480444113865987,1.0584594451519915,-0.03946375162772353,0.0,0.0,NON_RISK,FLAT_HIGH_RATE_NORMAL,,FLAT_HIGH_RATE,FLAT_HIGH_RATE_NORMAL,FLAT_HIGH_RATE_NORMAL
2007-06-13,0.007098389216548279,1.0659728022636121,-0.03264549148017404,0.0,0.0,NON_RISK,FLAT_HIGH_RATE_NORMAL,,FLAT_HIGH_RATE,FLAT_HIGH_RATE_NORMAL,FLAT_HIGH_RATE_NORMAL
2007-06-14,0.0032251793651602587,1.069410755749295,-0.029525599680501058,0.0,0.0,NON_RISK,FLAT_HIGH_RATE_NORMAL,,FLAT_HIGH_RATE,FLAT_HIGH_RATE_NORMAL,FLAT_HIGH_RATE_NORMAL
2007-06-15,0.004710678338684699,1.0744484058315595,-0.024954006944667984,0.0,0.0,NON_RISK,FLAT_HIGH_RATE_NORMAL,,FLAT_HIGH_RATE,FLAT_HIGH_RATE_NORMAL,FLAT_HIGH_RATE_NORMAL
2007-06-18,0.0002739986973152622,1.0747428032950899,-0.024686845612748365,0.0,0.0,NON_RISK,FLAT_HIGH_RATE_NORMAL,,FLAT_HIGH_RATE,FLAT_HIGH_RATE_NORMAL,FLAT_HIGH_RATE_NORMAL
2007-06-19,0.001591421575918166,1.0764531721808164,-0.02313471121557975,0.0,0.0,NON_RISK,FLAT_HIGH_RATE_NORMAL,,FLAT_HIGH_RATE,FLAT_HIGH_RATE_NORMAL,FLAT_HIGH_RATE_NORMAL
2007-06-20,-0.004567599954489546,1.0715363647205531,-0.02759664106417381,0.0,0.0,NON_RISK,FLAT_HIGH_RATE_NORMAL,,FLAT_HIGH_RATE,FLAT_HIGH_RATE_NORMAL,FLAT_HIGH_RATE_NORMAL
2007-06-21,-0.002540644138816665,1.0688139721359968,-0.030067171958619965,0.0,0.0,NON_RISK,FLAT_HIGH_RATE_NORMAL,,FLAT_HIGH_RATE,FLAT_HIGH_RATE_NORMAL,FLAT_HIGH_RATE_NORMAL
2007-06-22,0.0015742614025087824,1.0704965647187925,-0.028540244144408256,0.0,0.0,NON_RISK,FLAT_HIGH_RATE_NORMAL,,FLAT_HIGH_RATE,FLAT_HIGH_RATE_NORMAL,FLAT_HIGH_RATE_NORMAL
2007-06-25,-0.0014824884969103043,1.068909565875615,-0.029980422057675482,0.0,0.0,NON_RISK,FLAT_HIGH_RATE_NORMAL,,FLAT_HIGH_RATE,FLAT_HIGH_RATE_NORMAL,FLAT_HIGH_RATE_NORMAL
2007-06-26,-0.007122725308268114,1.0612960166585028,-0.03688960505500083,0.0,0.0,NON_RISK,FLAT_HIGH_RATE_NORMAL,,FLAT_HIGH_RATE,FLAT_HIGH_RATE_NORMAL,FLAT_HIGH_RATE_NORMAL
2007-06-27,-0.0002622449888871148,1.0610176970964083,-0.037142175929820276,0.0,0.0,NON_RISK,FLAT_HIGH_RATE_NORMAL,,FLAT_HIGH_RATE,FLAT_HIGH_RATE_NORMAL,FLAT_HIGH_RATE_NORMAL
2007-06-28,0.0016884420280021558,1.06280916396864,-0.03551644631266948,0.0,0.0,NON_RISK,FLAT_HIGH_RATE_NORMAL,,FLAT_HIGH_RATE,FLAT_HIGH_RATE_NORMAL,FLAT_HIGH_RATE_NORMAL
2007-06-29,0.0019021526885408067,1.0648307892772886,-0.03368185132796975,0.0,0.0,NON_RISK,FLAT_HIGH_RATE_NORMAL,,FLAT_HIGH_RATE,FLAT_HIGH_RATE_NORMAL,FLAT_HIGH_RATE_NORMAL
2007-07-02,0.005894292870787905,1.0711072138071212,-0.027986089153339222,0.03760724363334228,1.880362181667114e-05,NON_RISK,FLAT_HIGH_RATE_NORMAL,,FLAT_HIGH_RATE,FLAT_HIGH_RATE_NORMAL,FLAT_HIGH_RATE_NORMAL
2007-07-03,-0.002065467675134511,1.0688948764803992,-0.029993752465974133,0.0,0.0,NON_RISK,FLAT_HIGH_RATE_NORMAL,,FLAT_HIGH_RATE,FLAT_HIGH_RATE_NORMAL,FLAT_HIGH_RATE_NORMAL
2007-07-05,-0.0007652814847306151,1.0680768710223052,-0.030736080287285028,0.0,0.0,NON_RISK,FLAT_HIGH_RATE_NORMAL,,FLAT_HIGH_RATE,FLAT_HIGH_RATE_NORMAL,FLAT_HIGH_RATE_NORMAL
2007-07-06,0.004093593021537864,1.072449143047988,-0.02676830826952059,0.0,0.0,NON_RISK,FLAT_HIGH_RATE_NORMAL,,FLAT_HIGH_RATE,FLAT_HIGH_RATE_NORMAL,FLAT_HIGH_RATE_NORMAL
2007-07-09,0.0026023285384678112,1.0752400080589972,-0.024235639663589104,0.0,0.0,NON_RISK,FLAT_HIGH_RATE_NORMAL,,FLAT_HIGH_RATE,FLAT_HIGH_RATE_NORMAL,FLAT_HIGH_RATE_NORMAL
2007-07-10,0.006007010864483752,1.0816989864693354,-0.018374212549872038,0.0,0.0,NON_RISK,FLAT_HIGH_RATE_NORMAL,,FLAT_HIGH_RATE,FLAT_HIGH_RATE_NORMAL,FLAT_HIGH_RATE_NORMAL
2007-07-11,-0.0014248856798367983,1.0801576890736213,-0.01977291707736817,0.0,0.0,NON_RISK,FLAT_HIGH_RATE_NORMAL,,FLAT_HIGH_RATE,FLAT_HIGH_RATE_NORMAL,FLAT_HIGH_RATE_NORMAL
2007-07-12,0.002234610353060587,1.0825714206285633,-0.017582491489518848,0.0,0.0,NON_RISK,FLAT_HIGH_RATE_NORMAL,,FLAT_HIGH_RATE,FLAT_HIGH_RATE_NORMAL,FLAT_HIGH_RATE_NORMAL
2007-07-13,0.0014080488915941781,1.0840957341174509,-0.01619919960557792,0.0,0.0,NON_RISK,FLAT_HIGH_RATE_NORMAL,,FLAT_HIGH_RATE,FLAT_HIGH_RATE_NORMAL,FLAT_HIGH_RATE_NORMAL
2007-07-16,-0.0048264584692492545,1.0788633910800427,-0.020947473310695797,0.0,0.0,NON_RISK,FLAT_HIGH_RATE_NORMAL,,FLAT_HIGH_RATE,FLAT_HIGH_RATE_NORMAL,FLAT_HIGH_RATE_NORMAL
2007-07-17,-0.003053511074562411,1.0755690697674398,-0.023937021043519913,0.0,0.0,NON_RISK,FLAT_HIGH_RATE_NORMAL,,FLAT_HIGH_RATE,FLAT_HIGH_RATE_NORMAL,FLAT_HIGH_RATE_NORMAL
2007-07-18,0.008846372789866322,1.0850839547198523,-0.015302404065283493,0.0,0.0,NON_RISK,FLAT_HIGH_RATE_NORMAL,,FLAT_HIGH_RATE,FLAT_HIGH_RATE_NORMAL,FLAT_HIGH_RATE_NORMAL
2007-07-19,0.0027037190796086723,1.0880177169112055,-0.012640058387510034,0.0,0.0,NON_RISK,FLAT_HIGH_RATE_NORMAL,,FLAT_HIGH_RATE,FLAT_HIGH_RATE_NORMAL,FLAT_HIGH_RATE_NORMAL
2007-07-20,0.004309413489549421,1.0927064351373315,-0.008385116136084503,0.0,0.0,NON_RISK,FLAT_HIGH_RATE_NORMAL,,FLAT_HIGH_RATE,FLAT_HIGH_RATE_NORMAL,FLAT_HIGH_RATE_NORMAL
2007-07-23,-0.002034127380644102,1.0904837310586126,-0.010402187122406259,0.0,0.0,NON_RISK,FLAT_HIGH_RATE_NORMAL,,FLAT_HIGH_RATE,FLAT_HIGH_RATE_NORMAL,FLAT_HIGH_RATE_NORMAL
2007-07-24,-0.0012914794740315936,1.089075393703185,-0.011680232385284262,0.0,0.0,NON_RISK,FLAT_HIGH_RATE_NORMAL,,FLAT_HIGH_RATE,FLAT_HIGH_RATE_NORMAL,FLAT_HIGH_RATE_NORMAL
2007-07-25,0.0008556806038651239,1.0900072943937236,-0.010834546329719918,0.0,0.0,NON_RISK,FLAT_HIGH_RATE_NORMAL,,FLAT_HIGH_RATE,FLAT_HIGH_RATE_NORMAL,FLAT_HIGH_RATE_NORMAL
2007-07-26,-0.005519035170767399,1.0839915057995717,-0.016293785258234106,0.0,0.0,NON_RISK,FLAT_HIGH_RATE_NORMAL,,FLAT_HIGH_RATE,FLAT_HIGH_RATE_NORMAL,FLAT_HIGH_RATE_NORMAL
2007-07-27,-0.004461425791303355,1.0791553581380438,-0.020682517535748457,1.4236980346488513,0.0007118490173244256,FULL_RISK,FLAT_HIGH_RATE_STRESS,CREDIT+VIX,FLAT_HIGH_RATE,FLAT_HIGH_RATE_STRESS,FLAT_HIGH_RATE_STRESS
2007-07-30,0.00429942650542913,1.0837951072882983,-0.01647201399441156,0.0,0.0,FULL_RISK,FLAT_HIGH_RATE_STRESS,CREDIT+VIX,FLAT_HIGH_RATE,FLAT_HIGH_RATE_STRESS,FLAT_HIGH_RATE_STRESS
2007-07-31,0.00174489268801776,1.085686213446315,-0.014755863203169572,0.0,0.0,FULL_RISK,FLAT_HIGH_RATE_STRESS,CREDIT+VIX,FLAT_HIGH_RATE,FLAT_HIGH_RATE_STRESS,FLAT_HIGH_RATE_STRESS
2007-08-01,0.0007705732891947201,1.0865228142428436,-0.01399666038801839,0.0,0.0,FULL_RISK,FLAT_HIGH_RATE_STRESS,CREDIT+VIX,FLAT_HIGH_RATE,FLAT_HIGH_RATE_STRESS,FLAT_HIGH_RATE_STRESS
2007-08-02,0.0003802367555132399,1.0869359501525224,-0.013621745677239061,0.0,0.0,FULL_RISK,FLAT_HIGH_RATE_STRESS,CREDIT+VIX,FLAT_HIGH_RATE,FLAT_HIGH_RATE_STRESS,FLAT_HIGH_RATE_STRESS
2007-08-03,0.010468475957324658,1.0983145130138459,-0.003295868637033461,0.0,0.0,FULL_RISK,FLAT_HIGH_RATE_STRESS,CREDIT+VIX,FLAT_HIGH_RATE,FLAT_HIGH_RATE_STRESS,FLAT_HIGH_RATE_STRESS
2007-08-06,-0.00206378749121984,1.0960478252604626,-0.0053528541557874565,0.0,0.0,FULL_RISK,FLAT_HIGH_RATE_STRESS,CREDIT+VIX,FLAT_HIGH_RATE,FLAT_HIGH_RATE_STRESS,FLAT_HIGH_RATE_STRESS
2007-08-07,7.216755580586004e-05,1.096126924353058,-0.005281072902382666,0.0,0.0,FULL_RISK,FLAT_HIGH_RATE_STRESS,CREDIT+VIX,FLAT_HIGH_RATE,FLAT_HIGH_RATE_STRESS,FLAT_HIGH_RATE_STRESS
2007-08-08,0.004954478050799061,1.1015576611406552,-0.0003527598113629571,0.0,0.0,FULL_RISK,FLAT_HIGH_RATE_STRESS,CREDIT+VIX,FLAT_HIGH_RATE,FLAT_HIGH_RATE_STRESS,FLAT_HIGH_RATE_STRESS
2007-08-09,-0.01848717735472279,1.0811929692926943,-0.01883341563288954,0.0,0.0,FULL_RISK,FLAT_HIGH_RATE_STRESS,CREDIT+VIX,FLAT_HIGH_RATE,FLAT_HIGH_RATE_STRESS,FLAT_HIGH_RATE_STRESS
2007-08-10,0.01556542213063152,1.0980221942644062,-0.003561143566745417,0.0,0.0,FULL_RISK,FLAT_HIGH_RATE_STRESS,CREDIT+VIX,FLAT_HIGH_RATE,FLAT_HIGH_RATE_STRESS,FLAT_HIGH_RATE_STRESS
2007-08-13,-0.00400149177535614,1.0936284674848986,-0.0075483854554083685,0.0,0.0,FULL_RISK,FLAT_HIGH_RATE_STRESS,CREDIT+VIX,FLAT_HIGH_RATE,FLAT_HIGH_RATE_STRESS,FLAT_HIGH_RATE_STRESS
2007-08-14,0.00014261180309655,1.0937844318125642,-0.007406850141172261,0.0,0.0,FULL_RISK,FLAT_HIGH_RATE_STRESS,CREDIT+VIX,FLAT_HIGH_RATE,FLAT_HIGH_RATE_STRESS,FLAT_HIGH_RATE_STRESS
2007-08-15,-0.0030448607211387,1.090454010558745,-0.010429158035248798,0.0,0.0,FULL_RISK,FLAT_HIGH_RATE_STRESS,CREDIT+VIX,FLAT_HIGH_RATE,FLAT_HIGH_RATE_STRESS,FLAT_HIGH_RATE_STRESS
2007-08-16,-0.02176214203854369,1.066723395494466,-0.03196433925528708,0.0,0.0,FULL_RISK,FLAT_HIGH_RATE_STRESS,CREDIT+VIX,FLAT_HIGH_RATE,FLAT_HIGH_RATE_STRESS,FLAT_HIGH_RATE_STRESS
2007-08-17,0.005295002574681361,1.072371698620082,-0.026838587939260417,0.0,0.0,FULL_RISK,FLAT_HIGH_RATE_STRESS,CREDIT+VIX,FLAT_HIGH_RATE,FLAT_HIGH_RATE_STRESS,FLAT_HIGH_RATE_STRESS
2007-08-20,0.0019883323355127202,1.074503929944137,-0.024903619635986862,0.0,0.0,FULL_RISK,FLAT_HIGH_RATE_STRESS,CREDIT+VIX,FLAT_HIGH_RATE,FLAT_HIGH_RATE_STRESS,FLAT_HIGH_RATE_STRESS
2007-08-21,-7.332565581142996e-05,1.074425141238802,-0.024975119217556352,0.0,0.0,FULL_RISK,FLAT_HIGH_RATE_STRESS,CREDIT+VIX,FLAT_HIGH_RATE,FLAT_HIGH_RATE_STRESS,FLAT_HIGH_RATE_STRESS
2007-08-22,0.006981821093017721,1.0819265853527715,-0.018167669938692343,0.0,0.0,FULL_RISK,FLAT_HIGH_RATE_STRESS,CREDIT+VIX,FLAT_HIGH_RATE,FLAT_HIGH_RATE_STRESS,FLAT_HIGH_RATE_STRESS
2007-08-23,-0.00157577325604117,1.0802217143745727,-0.019714815066319558,0.0,0.0,FULL_RISK,FLAT_HIGH_RATE_STRESS,CREDIT+VIX,FLAT_HIGH_RATE,FLAT_HIGH_RATE_STRESS,FLAT_HIGH_RATE_STRESS
2007-08-24,0.011513101192532021,1.0926584162825377,-0.008428692534638071,0.0,0.0,FULL_RISK,FLAT_HIGH_RATE_STRESS,CREDIT,FLAT_HIGH_RATE,FLAT_HIGH_RATE_STRESS,FLAT_HIGH_RATE_STRESS
2007-08-27,-0.0022186781202238703,1.090234158961453,-0.010628670099153359,0.0,0.0,FULL_RISK,FLAT_HIGH_RATE_STRESS,CREDIT,FLAT_HIGH_RATE,FLAT_HIGH_RATE_STRESS,FLAT_HIGH_RATE_STRESS
2007-08-28,-0.005770834538339951,1.0839425980220403,-0.016338168340988446,0.0,0.0,FULL_RISK,FLAT_HIGH_RATE_STRESS,CREDIT,FLAT_HIGH_RATE,FLAT_HIGH_RATE_STRESS,FLAT_HIGH_RATE_STRESS
2007-08-29,0.006775164154520359,1.091286487057717,-0.009673697958962335,0.0,0.0,FULL_RISK,FLAT_HIGH_RATE_STRESS,CREDIT,FLAT_HIGH_RATE,FLAT_HIGH_RATE_STRESS,FLAT_HIGH_RATE_STRESS
2007-08-30,-0.00235909987511874,1.0887120332423803,-0.012009976614434259,0.0,0.0,FULL_RISK,FLAT_HIGH_RATE_STRESS,CREDIT,FLAT_HIGH_RATE,FLAT_HIGH_RATE_STRESS,FLAT_HIGH_RATE_STRESS
2007-08-31,0.008918209924766999,1.0984213957024558,-0.003198874182306244,0.0,0.0,FULL_RISK,FLAT_HIGH_RATE_STRESS,CREDIT,FLAT_HIGH_RATE,FLAT_HIGH_RATE_STRESS,FLAT_HIGH_RATE_STRESS
2007-09-04,0.015075089102910172,1.1149801961152133,0.0,0.0,0.0,FULL_RISK,FLAT_HIGH_RATE_STRESS,CREDIT,FLAT_HIGH_RATE,FLAT_HIGH_RATE_STRESS,FLAT_HIGH_RATE_STRESS
2007-09-05,0.002894175102506169,1.1182071440385974,0.0,1.4081844097112357,0.0007040922048556178,NON_RISK,FLAT_HIGH_RATE_NORMAL,,FLAT_HIGH_RATE,FLAT_HIGH_RATE_NORMAL,FLAT_HIGH_RATE_NORMAL
2007-09-06,0.003670195538772499,1.1223111829100716,0.0,0.0,0.0,NON_RISK,FLAT_HIGH_RATE_NORMAL,,FLAT_HIGH_RATE,FLAT_HIGH_RATE_NORMAL,FLAT_HIGH_RATE_NORMAL
2007-09-07,0.008557520057910288,1.1319153833690414,0.0,0.0,0.0,NON_RISK,FLAT_HIGH_RATE_NORMAL,,FLAT_HIGH_RATE,FLAT_HIGH_RATE_NORMAL,FLAT_HIGH_RATE_NORMAL
2007-09-10,0.0039731061191935965,1.1364126033051143,0.0,0.0,0.0,NON_RISK,FLAT_HIGH_RATE_NORMAL,,FLAT_HIGH_RATE,FLAT_HIGH_RATE_NORMAL,FLAT_HIGH_RATE_NORMAL
2007-09-11,0.0036735161847726836,1.1405872333959353,0.0,0.0,0.0,NON_RISK,FLAT_HIGH_RATE_NORMAL,,FLAT_HIGH_RATE,FLAT_HIGH_RATE_NORMAL,FLAT_HIGH_RATE_NORMAL
2007-09-12,0.0019911827563341977,1.1428583510271682,0.0,0.0,0.0,NON_RISK,FLAT_HIGH_RATE_NORMAL,,FLAT_HIGH_RATE,FLAT_HIGH_RATE_NORMAL,FLAT_HIGH_RATE_NORMAL
2007-09-13,-0.006241884385804021,1.135724761330706,-0.006241884385803975,0.0,0.0,NON_RISK,FLAT_HIGH_RATE_NORMAL,,FLAT_HIGH_RATE,FLAT_HIGH_RATE_NORMAL,FLAT_HIGH_RATE_NORMAL
2007-09-14,0.0003728631634511636,1.1361482312580256,-0.005871348591110825,0.0,0.0,NON_RISK,FLAT_HIGH_RATE_NORMAL,,FLAT_HIGH_RATE,FLAT_HIGH_RATE_NORMAL,FLAT_HIGH_RATE_NORMAL
2007-09-17,0.00794547755110195,1.1451754715242102,0.0,0.0,0.0,NON_RISK,FLAT_HIGH_RATE_NORMAL,,FLAT_HIGH_RATE,FLAT_HIGH_RATE_NORMAL,FLAT_HIGH_RATE_NORMAL
2007-09-18,0.003754121188988978,1.1494745990269695,0.0,0.0,0.0,NON_RISK,FLAT_HIGH_RATE_NORMAL,,FLAT_HIGH_RATE,FLAT_HIGH_RATE_NORMAL,FLAT_HIGH_RATE_NORMAL
2007-09-19,6.654331866319443e-05,1.149551088881508,0.0,0.0,0.0,NON_RISK,FLAT_HIGH_RATE_NORMAL,,FLAT_HIGH_RATE,FLAT_HIGH_RATE_NORMAL,FLAT_HIGH_RATE_NORMAL
2007-09-20,0.004483866229469397,1.1547055221879936,0.0,0.5918155902887643,0.0002959077951443821,NON_RISK,FLAT_HIGH_RATE_NORMAL,,FLAT_HIGH_RATE,FLAT_HIGH_RATE_NORMAL,FLAT_HIGH_RATE_NORMAL
2007-09-21,0.006169149644370479,1.1618290733495524,0.0,0.0,0.0,NON_RISK,FLAT_HIGH_RATE_NORMAL,,FLAT_HIGH_RATE,FLAT_HIGH_RATE_NORMAL,FLAT_HIGH_RATE_NORMAL
2007-09-24,-0.0005558334837472201,1.1611832898481937,-0.0005558334837472145,0.0,0.0,NON_RISK,FLAT_HIGH_RATE_NORMAL,,FLAT_HIGH_RATE,FLAT_HIGH_RATE_NORMAL,FLAT_HIGH_RATE_NORMAL
2007-09-25,-0.00429410317115742,1.1561970490009617,-0.00484754984857938,0.0,0.0,NON_RISK,FLAT_HIGH_RATE_NORMAL,,FLAT_HIGH_RATE,FLAT_HIGH_RATE_NORMAL,FLAT_HIGH_RATE_NORMAL
2007-09-26,0.00101858794219118,1.157374737373871,-0.00383389956221325,0.0,0.0,NON_RISK,FLAT_HIGH_RATE_NORMAL,,FLAT_HIGH_RATE,FLAT_HIGH_RATE_NORMAL,FLAT_HIGH_RATE_NORMAL
2007-09-27,0.017012548060870738,1.1770646307178816,0.0,0.0,0.0,NON_RISK,FLAT_HIGH_RATE_NORMAL,,FLAT_HIGH_RATE,FLAT_HIGH_RATE_NORMAL,FLAT_HIGH_RATE_NORMAL
2007-09-28,-0.0017719555877466,1.1749789244683422,-0.0017719555877465654,0.0,0.0,NON_RISK,FLAT_HIGH_RATE_NORMAL,,FLAT_HIGH_RATE,FLAT_HIGH_RATE_NORMAL,FLAT_HIGH_RATE_NORMAL
2007-10-01,-0.00571117285277428,1.1682684167323367,-0.007473008495871736,0.0,0.0,NON_RISK,FLAT_HIGH_RATE_NORMAL,,FLAT_HIGH_RATE,FLAT_HIGH_RATE_NORMAL,FLAT_HIGH_RATE_NORMAL
2007-10-02,-0.0112173166960965,1.1551635799158029,-0.018606498088997392,0.0,0.0,NON_RISK,FLAT_HIGH_RATE_NORMAL,,FLAT_HIGH_RATE,FLAT_HIGH_RATE_NORMAL,FLAT_HIGH_RATE_NORMAL
2007-10-03,0.0003742781036791199,1.155595932349933,-0.01823918399013913,0.0,0.0,NON_RISK,FLAT_HIGH_RATE_NORMAL,,FLAT_HIGH_RATE,FLAT_HIGH_RATE_NORMAL,FLAT_HIGH_RATE_NORMAL
2007-10-04,0.009070847515867939,1.1660781668422364,-0.009333781331059665,0.0,0.0,NON_RISK,FLAT_HIGH_RATE_NORMAL,,FLAT_HIGH_RATE,FLAT_HIGH_RATE_NORMAL,FLAT_HIGH_RATE_NORMAL
2007-10-05,-0.0017916761543596202,1.1639889323965857,-0.011108734371978457,0.0,0.0,NON_RISK,FLAT_HIGH_RATE_NORMAL,,FLAT_HIGH_RATE,FLAT_HIGH_RATE_NORMAL,FLAT_HIGH_RATE_NORMAL
2007-10-08,-0.011098110853217519,1.15107085419293,-0.02208355925969696,0.0,0.0,NON_RISK,FLAT_HIGH_RATE_NORMAL,,FLAT_HIGH_RATE,FLAT_HIGH_RATE_NORMAL,FLAT_HIGH_RATE_NORMAL
2007-10-09,0.00295028753934676,1.1544668441909607,-0.01919842457005838,0.0,0.0,NON_RISK,FLAT_HIGH_RATE_NORMAL,,FLAT_HIGH_RATE,FLAT_HIGH_RATE_NORMAL,FLAT_HIGH_RATE_NORMAL
2007-10-10,0.007402187570186419,1.1630124243152233,-0.011938347339591648,0.0,0.0,NON_RISK,FLAT_HIGH_RATE_NORMAL,,FLAT_HIGH_RATE,FLAT_HIGH_RATE_NORMAL,FLAT_HIGH_RATE_NORMAL
2007-10-11,0.00676734764839624,1.1708829337099687,-0.0052517906379896395,0.0,0.0,NON_RISK,FLAT_HIGH_RATE_NORMAL,,FLAT_HIGH_RATE,FLAT_HIGH_RATE_NORMAL,FLAT_HIGH_RATE_NORMAL
2007-10-12,0.0014428449868281,1.1725723362810345,-0.003816523170955599,0.0,0.0,NON_RISK,FLAT_HIGH_RATE_NORMAL,,FLAT_HIGH_RATE,FLAT_HIGH_RATE_NORMAL,FLAT_HIGH_RATE_NORMAL
2007-10-15,0.01062724389947272,1.1850335484884678,0.0,0.0,0.0,NON_RISK,FLAT_HIGH_RATE_NORMAL,,FLAT_HIGH_RATE,FLAT_HIGH_RATE_NORMAL,FLAT_HIGH_RATE_NORMAL
2007-10-16,0.0017357069111145602,1.187090419408482,0.0,0.0,0.0,NON_RISK,FLAT_HIGH_RATE_NORMAL,,FLAT_HIGH_RATE,FLAT_HIGH_RATE_NORMAL,FLAT_HIGH_RATE_NORMAL
2007-10-17,-0.0006961285175118999,1.1862640519146666,-0.0006961285175118848,0.0,0.0,NON_RISK,FLAT_HIGH_RATE_NORMAL,,FLAT_HIGH_RATE,FLAT_HIGH_RATE_NORMAL,FLAT_HIGH_RATE_NORMAL
2007-10-18,0.0122706108590587,1.2008202364718017,0.0,0.0,0.0,NON_RISK,FLAT_HIGH_RATE_NORMAL,,FLAT_HIGH_RATE,FLAT_HIGH_RATE_NORMAL,FLAT_HIGH_RATE_NORMAL
2007-10-19,0.00176481346280802,1.2029394601915395,0.0,0.0,0.0,NON_RISK,FLAT_HIGH_RATE_NORMAL,,FLAT_HIGH_RATE,FLAT_HIGH_RATE_NORMAL,FLAT_HIGH_RATE_NORMAL
2007-10-22,-0.00241390411690162,1.2000356796761997,-0.0024139041169016773,0.0,0.0,NON_RISK,FLAT_HIGH_RATE_NORMAL,,FLAT_HIGH_RATE,FLAT_HIGH_RATE_NORMAL,FLAT_HIGH_RATE_NORMAL
2007-10-23,-0.00425663055495744,1.1949275711350509,-0.006660259573838312,0.0,0.0,NON_RISK,FLAT_HIGH_RATE_NORMAL,,FLAT_HIGH_RATE,FLAT_HIGH_RATE_NORMAL,FLAT_HIGH_RATE_NORMAL
2007-10-24,0.00412527459913222,1.1998569754920572,-0.0025624603743495955,0.0,0.0,NON_RISK,FLAT_HIGH_RATE_NORMAL,,FLAT_HIGH_RATE,FLAT_HIGH_RATE_NORMAL,FLAT_HIGH_RATE_NORMAL
2007-10-25,0.01366373702509926,1.2162515056729115,0.0,0.0,0.0,NON_RISK,FLAT_HIGH_RATE_NORMAL,,FLAT_HIGH_RATE,FLAT_HIGH_RATE_NORMAL,FLAT_HIGH_RATE_NORMAL
2007-10-26,0.00819626953246558,1.2262202308326737,0.0,0.0,0.0,NON_RISK,FLAT_HIGH_RATE_NORMAL,,FLAT_HIGH_RATE,FLAT_HIGH_RATE_NORMAL,FLAT_HIGH_RATE_NORMAL
2007-10-29,0.010179407521509198,1.2387024262734385,0.0,0.0,0.0,NON_RISK,FLAT_HIGH_RATE_NORMAL,,FLAT_HIGH_RATE,FLAT_HIGH_RATE_NORMAL,FLAT_HIGH_RATE_NORMAL
2007-10-30,-0.01302397236542518,1.2225696001046682,-0.013023972365425074,0.0,0.0,NON_RISK,FLAT_HIGH_RATE_NORMAL,,FLAT_HIGH_RATE,FLAT_HIGH_RATE_NORMAL,FLAT_HIGH_RATE_NORMAL
2007-10-31,0.014311515458522538,1.2400664238356858,0.0,0.0,0.0,NON_RISK,FLAT_HIGH_RATE_NORMAL,,FLAT_HIGH_RATE,FLAT_HIGH_RATE_NORMAL,FLAT_HIGH_RATE_NORMAL
2007-11-01,-0.004407593082116539,1.2346007156446226,-0.004407593082116579,0.0,0.0,NON_RISK,FLAT_HIGH_RATE_NORMAL,,FLAT_HIGH_RATE,FLAT_HIGH_RATE_NORMAL,FLAT_HIGH_RATE_NORMAL
2007-11-02,0.014037047506741679,1.2519308645419835,0.0,0.0,0.0,NON_RISK,FLAT_HIGH_RATE_NORMAL,,FLAT_HIGH_RATE,FLAT_HIGH_RATE_NORMAL,FLAT_HIGH_RATE_NORMAL
2007-11-05,-0.0043713283155001,1.2464582637047625,-0.004371328315500245,0.0,0.0,NON_RISK,FLAT_HIGH_RATE_NORMAL,,FLAT_HIGH_RATE,FLAT_HIGH_RATE_NORMAL,FLAT_HIGH_RATE_NORMAL
2007-11-06,0.01500094264352724,1.265156312626148,0.0,0.0,0.0,NON_RISK,FLAT_HIGH_RATE_NORMAL,,FLAT_HIGH_RATE,FLAT_HIGH_RATE_NORMAL,FLAT_HIGH_RATE_NORMAL
2007-11-07,-0.0015999675153321397,1.2631321036241288,-0.0015999675153322013,0.0,0.0,NON_RISK,FLAT_HIGH_RATE_NORMAL,,FLAT_HIGH_RATE,FLAT_HIGH_RATE_NORMAL,FLAT_HIGH_RATE_NORMAL
2007-11-08,-0.0006457626593571999,1.262316420077773,-0.002244696975411742,0.0,0.0,NON_RISK,FLAT_HIGH_RATE_NORMAL,,FLAT_HIGH_RATE,FLAT_HIGH_RATE_NORMAL,FLAT_HIGH_RATE_NORMAL
2007-11-09,0.00219754904987654,1.2650904223273585,-5.2080757240835496e-05,0.0,0.0,NON_RISK,FLAT_HIGH_RATE_NORMAL,,FLAT_HIGH_RATE,FLAT_HIGH_RATE_NORMAL,FLAT_HIGH_RATE_NORMAL
2007-11-12,-0.01241567614506798,1.2493834693495147,-0.012467110284493432,0.0,0.0,NON_RISK,FLAT_HIGH_RATE_NORMAL,,FLAT_HIGH_RATE,FLAT_HIGH_RATE_NORMAL,FLAT_HIGH_RATE_NORMAL
2007-11-13,-0.01348246499822554,1.2325387004546482,-0.02578148790467938,0.0,0.0,NON_RISK,FLAT_HIGH_RATE_NORMAL,,FLAT_HIGH_RATE,FLAT_HIGH_RATE_NORMAL,FLAT_HIGH_RATE_NORMAL
2007-11-14,0.01374764778857368,1.2494832083942848,-0.012388274931284804,0.0,0.0,NON_RISK,FLAT_HIGH_RATE_NORMAL,,FLAT_HIGH_RATE,FLAT_HIGH_RATE_NORMAL,FLAT_HIGH_RATE_NORMAL
2007-11-15,-0.00365516465875996,1.244916141529248,-0.01599815840533292,0.0,0.0,NON_RISK,FLAT_HIGH_RATE_NORMAL,,FLAT_HIGH_RATE,FLAT_HIGH_RATE_NORMAL,FLAT_HIGH_RATE_NORMAL
2007-11-16,0.009183157808041301,1.256348402914689,-0.0069619142105658005,2.0,0.001,FULL_RISK,FLAT_HIGH_RATE_STRESS,CREDIT,FLAT_HIGH_RATE,FLAT_HIGH_RATE_STRESS,FLAT_HIGH_RATE_STRESS
2007-11-19,-0.0020159933986445,1.2538156128280153,-0.008963872436119957,0.0,0.0,FULL_RISK,FLAT_HIGH_RATE_STRESS,CREDIT,FLAT_HIGH_RATE,FLAT_HIGH_RATE_STRESS,FLAT_HIGH_RATE_STRESS
2007-11-20,0.0131312387225024,1.2702797649540607,0.0,0.0,0.0,FULL_RISK,FLAT_HIGH_RATE_STRESS,CREDIT,FLAT_HIGH_RATE,FLAT_HIGH_RATE_STRESS,FLAT_HIGH_RATE_STRESS
2007-11-21,0.0139581003191542,1.288010457346681,0.0,0.0,0.0,FULL_RISK,FLAT_HIGH_RATE_STRESS,CREDIT,FLAT_HIGH_RATE,FLAT_HIGH_RATE_STRESS,FLAT_HIGH_RATE_STRESS
2007-11-23,0.0075384680606176,1.2977200830411306,0.0,0.0,0.0,FULL_RISK,FLAT_HIGH_RATE_STRESS,CREDIT,FLAT_HIGH_RATE,FLAT_HIGH_RATE_STRESS,FLAT_HIGH_RATE_STRESS
2007-11-26,-0.0146387055737016,1.2787231408284119,-0.014638705573701616,0.0,0.0,FULL_RISK,FLAT_HIGH_RATE_STRESS,CREDIT,FLAT_HIGH_RATE,FLAT_HIGH_RATE_STRESS,FLAT_HIGH_RATE_STRESS
2007-11-27,0.0095740134871451,1.2909656534250278,-0.005204843251153335,0.0,0.0,FULL_RISK,FLAT_HIGH_RATE_STRESS,CREDIT,FLAT_HIGH_RATE,FLAT_HIGH_RATE_STRESS,FLAT_HIGH_RATE_STRESS
2007-11-28,0.0052320753834023,1.2977200830411308,0.0,0.0,0.0,FULL_RISK,FLAT_HIGH_RATE_STRESS,CREDIT,FLAT_HIGH_RATE,FLAT_HIGH_RATE_STRESS,FLAT_HIGH_RATE_STRESS
2007-11-29,0.0016266720501127,1.299831048029084,0.0,0.0,0.0,FULL_RISK,FLAT_HIGH_RATE_STRESS,CREDIT,FLAT_HIGH_RATE,FLAT_HIGH_RATE_STRESS,FLAT_HIGH_RATE_STRESS
2007-11-30,-0.0045469719700597,1.2939207526878824,-0.00454697197005971,0.0,0.0,FULL_RISK,FLAT_HIGH_RATE_STRESS,CREDIT,FLAT_HIGH_RATE,FLAT_HIGH_RATE_STRESS,FLAT_HIGH_RATE_STRESS
2007-12-03,0.0068514998079658,1.3027860504764466,0.0,0.0,0.0,FULL_RISK,FLAT_HIGH_RATE_STRESS,CREDIT,FLAT_HIGH_RATE,FLAT_HIGH_RATE_STRESS,FLAT_HIGH_RATE_STRESS
2007-12-04,0.017174455537076,1.3251606915746772,0.0,0.0,0.0,FULL_RISK,FLAT_HIGH_RATE_STRESS,CREDIT,FLAT_HIGH_RATE,FLAT_HIGH_RATE_STRESS,FLAT_HIGH_RATE_STRESS
2007-12-05,-0.0012742296138239,1.3234721325783974,-0.0012742296138239517,0.0,0.0,FULL_RISK,FLAT_HIGH_RATE_STRESS,CREDIT,FLAT_HIGH_RATE,FLAT_HIGH_RATE_STRESS,FLAT_HIGH_RATE_STRESS
2007-12-06,0.0035085473383591,1.3281155972065477,0.0,0.0,0.0,FULL_RISK,FLAT_HIGH_RATE_STRESS,CREDIT,FLAT_HIGH_RATE,FLAT_HIGH_RATE_STRESS,FLAT_HIGH_RATE_STRESS
2007-12-07,0.0193897699571081,1.35386745311283,0.0,0.0,0.0,FULL_RISK,FLAT_HIGH_RATE_STRESS,CREDIT,FLAT_HIGH_RATE,FLAT_HIGH_RATE_STRESS,FLAT_HIGH_RATE_STRESS
2007-12-10,0.0037418488964098,1.3589334205481456,0.0,0.0,0.0,FULL_RISK,FLAT_HIGH_RATE_STRESS,CREDIT,FLAT_HIGH_RATE,FLAT_HIGH_RATE_STRESS,FLAT_HIGH_RATE_STRESS
2007-12-11,-0.0003106226830645,1.358511305002949,-0.0003106226830644765,0.0,0.0,FULL_RISK,FLAT_HIGH_RATE_STRESS,CREDIT,FLAT_HIGH_RATE,FLAT_HIGH_RATE_STRESS,FLAT_HIGH_RATE_STRESS
2007-12-12,0.0139838605606255,1.3775085376621437,0.0,0.0,0.0,FULL_RISK,FLAT_HIGH_RATE_STRESS,CREDIT,FLAT_HIGH_RATE,FLAT_HIGH_RATE_STRESS,FLAT_HIGH_RATE_STRESS
2007-12-13,-0.0107263871992648,1.3627328477168865,-0.010726387199264775,0.0,0.0,FULL_RISK,FLAT_HIGH_RATE_STRESS,CREDIT,FLAT_HIGH_RATE,FLAT_HIGH_RATE_STRESS,FLAT_HIGH_RATE_STRESS
2007-12-14,-0.0021684385551529,1.359777845269524,-0.012871566242857235,0.0,0.0,FULL_RISK,FLAT_HIGH_RATE_STRESS,CREDIT,FLAT_HIGH_RATE,FLAT_HIGH_RATE_STRESS,FLAT_HIGH_RATE_STRESS
2007-12-17,-0.0018892785241541,1.3572088461888356,-0.01473652679333659,0.0,0.0,FULL_RISK,FLAT_HIGH_RATE_STRESS,CREDIT,FLAT_HIGH_RATE,FLAT_HIGH_RATE_STRESS,FLAT_HIGH_RATE_STRESS
2007-12-18,-0.0022082947623032,1.3542117290024451,-0.016912278960707572,0.0,0.0,FULL_RISK,FLAT_HIGH_RATE_STRESS,CREDIT,FLAT_HIGH_RATE,FLAT_HIGH_RATE_STRESS,FLAT_HIGH_RATE_STRESS
2007-12-19,0.0177048135370649,1.37818779515414,0.0,0.0,0.0,FULL_RISK,FLAT_HIGH_RATE_STRESS,CREDIT,FLAT_HIGH_RATE,FLAT_HIGH_RATE_STRESS,FLAT_HIGH_RATE_STRESS
2007-12-20,0.0059024113396659,1.386322426424447,0.0,0.0,0.0,FULL_RISK,FLAT_HIGH_RATE_STRESS,CREDIT,FLAT_HIGH_RATE,FLAT_HIGH_RATE_STRESS,FLAT_HIGH_RATE_STRESS
2007-12-21,0.0129710268456642,1.4043044518343448,0.0,0.0,0.0,FULL_RISK,FLAT_HIGH_RATE_STRESS,CREDIT,FLAT_HIGH_RATE,FLAT_HIGH_RATE_STRESS,FLAT_HIGH_RATE_STRESS
2007-12-24,0.0140243789777785,1.4239989496670513,0.0,0.0,0.0,FULL_RISK,FLAT_HIGH_RATE_STRESS,CREDIT,FLAT_HIGH_RATE,FLAT_HIGH_RATE_STRESS,FLAT_HIGH_RATE_STRESS
2007-12-26,0.0084186707454301,1.4359871279661365,0.0,0.0,0.0,FULL_RISK,FLAT_HIGH_RATE_STRESS,CREDIT,FLAT_HIGH_RATE,FLAT_HIGH_RATE_STRESS,FLAT_HIGH_RATE_STRESS
2007-12-27,-0.0095409286441853,1.422286477244243,-0.00954092864418532,0.0,0.0,FULL_RISK,FLAT_HIGH_RATE_STRESS,CREDIT,FLAT_HIGH_RATE,FLAT_HIGH_RATE_STRESS,FLAT_HIGH_RATE_STRESS
2007-12-28,-0.0069236361992774,1.412439083104652,-0.016398506924527045,0.0,0.0,FULL_RISK,FLAT_HIGH_RATE_STRESS,CREDIT,FLAT_HIGH_RATE,FLAT_HIGH_RATE_STRESS,FLAT_HIGH_RATE_STRESS
2007-12-31,0.0,1.412439083104652,-0.016398506924527045,0.0,0.0,FULL_RISK,FLAT_HIGH_RATE_STRESS,CREDIT,FLAT_HIGH_RATE,FLAT_HIGH_RATE_STRESS,FLAT_HIGH_RATE_STRESS
2008-01-02,0.0133375346785771,1.431277538356938,-0.0032796879007327417,0.0,0.0,FULL_RISK,FLAT_HIGH_RATE_STRESS,CREDIT,FLAT_HIGH_RATE,FLAT_HIGH_RATE_STRESS,FLAT_HIGH_RATE_STRESS
2008-01-03,0.0236314543744169,1.4651007082017478,0.0,0.0,0.0,FULL_RISK,FLAT_HIGH_RATE_STRESS,CREDIT,FLAT_HIGH_RATE,FLAT_HIGH_RATE_STRESS,FLAT_HIGH_RATE_STRESS
2008-01-04,0.0105201139027006,1.4805137345309576,0.0,0.0,0.0,FULL_RISK,FLAT_HIGH_RATE_STRESS,CREDIT,FLAT_HIGH_RATE,FLAT_HIGH_RATE_STRESS,FLAT_HIGH_RATE_STRESS
2008-01-07,-0.0133026717819824,1.460818946251775,-0.013302671781982522,0.0,0.0,FULL_RISK,FLAT_HIGH_RATE_STRESS,CREDIT,FLAT_HIGH_RATE,FLAT_HIGH_RATE_STRESS,FLAT_HIGH_RATE_STRESS
2008-01-08,0.0111373485703532,1.4770885960543572,-0.0023134797041822752,0.0,0.0,FULL_RISK,FLAT_HIGH_RATE_STRESS,CREDIT,FLAT_HIGH_RATE,FLAT_HIGH_RATE_STRESS,FLAT_HIGH_RATE_STRESS
2008-01-09,-0.0040580758481926,1.4710944584970682,-0.006362167276262043,0.0,0.0,FULL_RISK,FLAT_HIGH_RATE_STRESS,CREDIT,FLAT_HIGH_RATE,FLAT_HIGH_RATE_STRESS,FLAT_HIGH_RATE_STRESS
2008-01-10,0.0040746109283917,1.477088596054357,-0.0023134797041823862,0.0,0.0,FULL_RISK,FLAT_HIGH_RATE_STRESS,CREDIT,FLAT_HIGH_RATE,FLAT_HIGH_RATE_STRESS,FLAT_HIGH_RATE_STRESS
2008-01-11,0.0565216496475196,1.560576080178888,0.0,0.0,0.0,FULL_RISK,FLAT_HIGH_RATE_STRESS,CREDIT,FLAT_HIGH_RATE,FLAT_HIGH_RATE_STRESS,FLAT_HIGH_RATE_STRESS
2008-01-14,-0.001646062298616,1.5580072747291835,-0.001646062298615969,0.0,0.0,FULL_RISK,FLAT_HIGH_RATE_STRESS,CREDIT,FLAT_HIGH_RATE,FLAT_HIGH_RATE_STRESS,FLAT_HIGH_RATE_STRESS
2008-01-15,0.0052213631147497,1.5661421964459663,0.0,0.0,0.0,FULL_RISK,FLAT_HIGH_RATE_STRESS,CREDIT,FLAT_HIGH_RATE,FLAT_HIGH_RATE_STRESS,FLAT_HIGH_RATE_STRESS
2008-01-16,-0.0041006849043238,1.5597199407829758,-0.004100684904323804,0.0,0.0,FULL_RISK,FLAT_HIGH_RATE_STRESS,CREDIT,FLAT_HIGH_RATE,FLAT_HIGH_RATE_STRESS,FLAT_HIGH_RATE_STRESS
2008-01-17,0.0293713355196458,1.6055309984803947,0.0,0.0,0.0,FULL_RISK,FLAT_HIGH_RATE_STRESS,CREDIT,FLAT_HIGH_RATE,FLAT_HIGH_RATE_STRESS,FLAT_HIGH_RATE_STRESS
2008-01-18,-0.0245331931128761,1.5661421964459665,-0.02453319311287605,0.0,0.0,FULL_RISK,FLAT_HIGH_RATE_STRESS,CREDIT,FLAT_HIGH_RATE,FLAT_HIGH_RATE_STRESS,FLAT_HIGH_RATE_STRESS
2008-01-22,-0.0256972338875876,1.5258966741226743,-0.04959999179903274,0.0,0.0,FULL_RISK,FLAT_HIGH_RATE_STRESS,CREDIT,FLAT_HIGH_RATE,FLAT_HIGH_RATE_STRESS,FLAT_HIGH_RATE_STRESS
2008-01-23,-0.0056341791991273,1.5172994988213147,-0.05495471575608912,2.0,0.001,FULL_RISK,STEEP_HIGH_RATE_STRESS,CREDIT,STEEP_HIGH_RATE,STEEP_HIGH_RATE_STRESS,STEEP_HIGH_RATE_STRESS
2008-01-24,-0.0090921869028168,1.503503928190481,-0.06354724411206047,0.0,0.0,FULL_RISK,STEEP_HIGH_RATE_STRESS,CREDIT,STEEP_HIGH_RATE,STEEP_HIGH_RATE_STRESS,STEEP_HIGH_RATE_STRESS
2008-01-25,0.0092865473620178,1.5174662886286017,-0.054850831242215015,0.0,0.0,FULL_RISK,STEEP_HIGH_RATE_STRESS,CREDIT,STEEP_HIGH_RATE,STEEP_HIGH_RATE_STRESS,STEEP_HIGH_RATE_STRESS
2008-01-28,-0.0036582992568934,1.511914942832551,-0.058308469743935,0.0,0.0,FULL_RISK,STEEP_HIGH_RATE_STRESS,CREDIT,STEEP_HIGH_RATE,STEEP_HIGH_RATE_STRESS,STEEP_HIGH_RATE_STRESS
2008-01-29,-0.0040055976066593,1.5058588199560683,-0.06208050708374002,0.0,0.0,FULL_RISK,STEEP_HIGH_RATE_STRESS,CREDIT,STEEP_HIGH_RATE,STEEP_HIGH_RATE_STRESS,STEEP_HIGH_RATE_STRESS
2008-01-30,-0.0004471002445846,1.505185550109356,-0.0624998511184236,0.0,0.0,FULL_RISK,STEEP_HIGH_RATE_STRESS,CREDIT,STEEP_HIGH_RATE,STEEP_HIGH_RATE_STRESS,STEEP_HIGH_RATE_STRESS
2008-01-31,0.0051417231620858,1.5129247975155902,-0.05767948488846031,0.0,0.0,FULL_RISK,STEEP_HIGH_RATE_STRESS,CREDIT,STEEP_HIGH_RATE,STEEP_HIGH_RATE_STRESS,STEEP_HIGH_RATE_STRESS
2008-02-01,0.003244728185733,1.5178338272489835,-0.05462191095308344,0.0,0.0,FULL_RISK,STEEP_HIGH_RATE_STRESS,CREDIT,STEEP_HIGH_RATE,STEEP_HIGH_RATE_STRESS,STEEP_HIGH_RATE_STRESS
2008-02-04,-0.0055582229763598,1.5093973683960722,-0.05987653316897101,0.0,0.0,FULL_RISK,STEEP_HIGH_RATE_STRESS,CREDIT,STEEP_HIGH_RATE,STEEP_HIGH_RATE_STRESS,STEEP_HIGH_RATE_STRESS
2008-02-05,0.0070447161078561,1.5200306443503677,-0.05325363023881291,0.0,0.0,FULL_RISK,STEEP_HIGH_RATE_STRESS,CREDIT,STEEP_HIGH_RATE,STEEP_HIGH_RATE_STRESS,STEEP_HIGH_RATE_STRESS
2008-02-06,-0.0017769992477211,1.517329551038844,-0.054935997825661276,0.0,0.0,FULL_RISK,STEEP_HIGH_RATE_STRESS,CREDIT,STEEP_HIGH_RATE,STEEP_HIGH_RATE_STRESS,STEEP_HIGH_RATE_STRESS
2008-02-07,-0.0112340909191438,1.50028373290817,-0.06555293275049767,0.0,0.0,FULL_RISK,STEEP_HIGH_RATE_STRESS,CREDIT,STEEP_HIGH_RATE,STEEP_HIGH_RATE_STRESS,STEEP_HIGH_RATE_STRESS
2008-02-08,0.0084379347775209,1.5129430291942247,-0.057668129344000674,0.0,0.0,FULL_RISK,STEEP_HIGH_RATE_STRESS,CREDIT,STEEP_HIGH_RATE,STEEP_HIGH_RATE_STRESS,STEEP_HIGH_RATE_STRESS
2008-02-11,0.0022294036565371,1.5163159899156426,-0.05556729122588877,0.0,0.0,FULL_RISK,STEEP_HIGH_RATE_STRESS,CREDIT,STEEP_HIGH_RATE,STEEP_HIGH_RATE_STRESS,STEEP_HIGH_RATE_STRESS
2008-02-12,-0.0021143156092369,1.5131100193496285,-0.05756412004392375,0.0,0.0,FULL_RISK,STEEP_HIGH_RATE_STRESS,CREDIT,STEEP_HIGH_RATE,STEEP_HIGH_RATE_STRESS,STEEP_HIGH_RATE_STRESS
2008-02-13,-0.0042387162922749,1.506696375258607,-0.06155883836271803,0.0,0.0,FULL_RISK,STEEP_HIGH_RATE_STRESS,CREDIT,STEEP_HIGH_RATE,STEEP_HIGH_RATE_STRESS,STEEP_HIGH_RATE_STRESS
2008-02-14,-0.005487812337442,1.4984279083016836,-0.06670882734751449,0.0,0.0,FULL_RISK,STEEP_HIGH_RATE_STRESS,CREDIT,STEEP_HIGH_RATE,STEEP_HIGH_RATE_STRESS,STEEP_HIGH_RATE_STRESS
2008-02-15,0.0021398235073464,1.5016342795639315,-0.06471174895707377,0.0,0.0,FULL_RISK,STEEP_HIGH_RATE_STRESS,CREDIT,STEEP_HIGH_RATE,STEEP_HIGH_RATE_STRESS,STEEP_HIGH_RATE_STRESS
2008-02-19,-0.0071922744989393,1.4908341136282908,-0.07143859879420733,0.0,0.0,FULL_RISK,STEEP_HIGH_RATE_STRESS,CREDIT,STEEP_HIGH_RATE,STEEP_HIGH_RATE_STRESS,STEEP_HIGH_RATE_STRESS
2008-02-20,-0.0009048921221704,1.4894850695834057,-0.07227884669110995,0.0,0.0,FULL_RISK,STEEP_HIGH_RATE_STRESS,CREDIT,STEEP_HIGH_RATE,STEEP_HIGH_RATE_STRESS,STEEP_HIGH_RATE_STRESS
2008-02-21,0.0103091202685861,1.5048403503040044,-0.0627148577459371,0.0,0.0,FULL_RISK,STEEP_HIGH_RATE_STRESS,CREDIT,STEEP_HIGH_RATE,STEEP_HIGH_RATE_STRESS,STEEP_HIGH_RATE_STRESS
2008-02-22,-0.0028026416271963,1.5006228220959577,-0.06534173210217098,0.0,0.0,FULL_RISK,STEEP_HIGH_RATE_STRESS,CREDIT,STEEP_HIGH_RATE,STEEP_HIGH_RATE_STRESS,STEEP_HIGH_RATE_STRESS
2008-02-25,-0.0066356460687921,1.4906652201657768,-0.07154379356321128,0.0,0.0,FULL_RISK,STEEP_HIGH_RATE_STRESS,CREDIT,STEEP_HIGH_RATE,STEEP_HIGH_RATE_STRESS,STEEP_HIGH_RATE_STRESS
2008-02-26,0.002490398502065,1.494377570597158,-0.06923156761746818,0.0,0.0,FULL_RISK,STEEP_HIGH_RATE_STRESS,CREDIT,STEEP_HIGH_RATE,STEEP_HIGH_RATE_STRESS,STEEP_HIGH_RATE_STRESS
2008-02-27,0.0023714606902756,1.4979214282622588,-0.06702428686832351,0.0,0.0,FULL_RISK,STEEP_HIGH_RATE_STRESS,CREDIT,STEEP_HIGH_RATE,STEEP_HIGH_RATE_STRESS,STEEP_HIGH_RATE_STRESS
2008-02-28,0.0117169002166561,1.5154724241695987,-0.05609270353299611,0.0,0.0,FULL_RISK,STEEP_HIGH_RATE_STRESS,CREDIT,STEEP_HIGH_RATE,STEEP_HIGH_RATE_STRESS,STEEP_HIGH_RATE_STRESS
2008-02-29,0.0106908255682427,1.5316740755098779,-0.04600155527387573,0.0,0.0,FULL_RISK,STEEP_HIGH_RATE_STRESS,CREDIT,STEEP_HIGH_RATE,STEEP_HIGH_RATE_STRESS,STEEP_HIGH_RATE_STRESS
2008-03-03,-0.0025418363104503,1.5277808107289714,-0.0484264631607938,0.0,0.0,FULL_RISK,STEEP_HIGH_RATE_STRESS,CREDIT,STEEP_HIGH_RATE,STEEP_HIGH_RATE_STRESS,STEEP_HIGH_RATE_STRESS
2008-03-04,-0.0037675570716705,1.522024809331547,-0.05201157076872687,0.0,0.0,FULL_RISK,STEEP_HIGH_RATE_STRESS,CREDIT,STEEP_HIGH_RATE,STEEP_HIGH_RATE_STRESS,STEEP_HIGH_RATE_STRESS
2008-03-05,-0.0043373607211677,1.5154232387069095,-0.0561233385457961,0.0,0.0,FULL_RISK,STEEP_HIGH_RATE_STRESS,CREDIT,STEEP_HIGH_RATE,STEEP_HIGH_RATE_STRESS,STEEP_HIGH_RATE_STRESS
2008-03-06,0.0080426888039524,1.527611316222107,-0.0485320322884063,0.0,0.0,FULL_RISK,STEEP_HIGH_RATE_STRESS,CREDIT,STEEP_HIGH_RATE,STEEP_HIGH_RATE_STRESS,STEEP_HIGH_RATE_STRESS
2008-03-07,0.0034344574961786,1.5328578323583533,-0.045264255994325375,0.0,0.0,FULL_RISK,STEEP_HIGH_RATE_STRESS,CREDIT,STEEP_HIGH_RATE,STEEP_HIGH_RATE_STRESS,STEEP_HIGH_RATE_STRESS
2008-03-10,0.0071791531847194,1.5438624535472507,-0.03841006183718165,0.0,0.0,FULL_RISK,STEEP_HIGH_RATE_STRESS,CREDIT,STEEP_HIGH_RATE,STEEP_HIGH_RATE_STRESS,STEEP_HIGH_RATE_STRESS
2008-03-11,-0.0108546056174233,1.5271044354864478,-0.04884774138162151,0.0,0.0,FULL_RISK,STEEP_HIGH_RATE_STRESS,CREDIT,STEEP_HIGH_RATE,STEEP_HIGH_RATE_STRESS,STEEP_HIGH_RATE_STRESS
2008-03-12,0.0115277565497349,1.544708523644756,-0.037883089702538286,0.0,0.0,FULL_RISK,STEEP_HIGH_RATE_STRESS,CREDIT,STEEP_HIGH_RATE,STEEP_HIGH_RATE_STRESS,STEEP_HIGH_RATE_STRESS
2008-03-13,-0.0052604871063981,1.5365826043729793,-0.04294429330400584,0.0,0.0,FULL_RISK,STEEP_HIGH_RATE_STRESS,CREDIT,STEEP_HIGH_RATE,STEEP_HIGH_RATE_STRESS,STEEP_HIGH_RATE_STRESS
2008-03-14,0.0103565867861972,1.552496355469329,-0.03303246281838346,0.0,0.0,FULL_RISK,STEEP_HIGH_RATE_STRESS,CREDIT,STEEP_HIGH_RATE,STEEP_HIGH_RATE_STRESS,STEEP_HIGH_RATE_STRESS
2008-03-17,0.0050152316545863,1.5602824843349088,-0.028182896616952724,0.0,0.0,FULL_RISK,STEEP_HIGH_RATE_STRESS,CREDIT,STEEP_HIGH_RATE,STEEP_HIGH_RATE_STRESS,STEEP_HIGH_RATE_STRESS
2008-03-18,-0.0068351922743317,1.5496176535522077,-0.03482545337406007,0.0,0.0,FULL_RISK,STEEP_HIGH_RATE_STRESS,CREDIT,STEEP_HIGH_RATE,STEEP_HIGH_RATE_STRESS,STEEP_HIGH_RATE_STRESS
2008-03-19,0.00863157498705,1.5629932945301002,-0.026494476899266206,0.0,0.0,FULL_RISK,STEEP_HIGH_RATE_STRESS,CREDIT,STEEP_HIGH_RATE,STEEP_HIGH_RATE_STRESS,STEEP_HIGH_RATE_STRESS
2008-03-20,0.0021649354041188,1.5663770740498288,-0.024386900326200056,0.0,0.0,FULL_RISK,STEEP_HIGH_RATE_STRESS,CREDIT,STEEP_HIGH_RATE,STEEP_HIGH_RATE_STRESS,STEEP_HIGH_RATE_STRESS
2008-03-24,-0.0176161576265461,1.538783528610759,-0.04157345447257699,0.0,0.0,FULL_RISK,STEEP_HIGH_RATE_STRESS,CREDIT,STEEP_HIGH_RATE,STEEP_HIGH_RATE_STRESS,STEEP_HIGH_RATE_STRESS
2008-03-25,0.0035207118657794,1.5442011420388047,-0.0381991107612607,0.0,0.0,FULL_RISK,STEEP_HIGH_RATE_STRESS,CREDIT,STEEP_HIGH_RATE,STEEP_HIGH_RATE_STRESS,STEEP_HIGH_RATE_STRESS
2008-03-26,0.0007667766448398,1.545385199409455,-0.03746162430240629,0.0,0.0,FULL_RISK,STEEP_HIGH_RATE_STRESS,CREDIT,STEEP_HIGH_RATE,STEEP_HIGH_RATE_STRESS,STEEP_HIGH_RATE_STRESS
2008-03-27,-0.0013141245867636,1.5433543707228905,-0.03872651964761398,0.0,0.0,FULL_RISK,STEEP_HIGH_RATE_STRESS,CREDIT,STEEP_HIGH_RATE,STEEP_HIGH_RATE_STRESS,STEEP_HIGH_RATE_STRESS
2008-03-28,0.0039490542021027,1.5494491607859275,-0.03493039857065827,0.0,0.0,FULL_RISK,STEEP_HIGH_RATE_STRESS,CREDIT,STEEP_HIGH_RATE,STEEP_HIGH_RATE_STRESS,STEEP_HIGH_RATE_STRESS
2008-03-31,0.0017479152670984,1.5521574666296583,-0.03324353868050722,0.0,0.0,FULL_RISK,STEEP_HIGH_RATE_STRESS,CREDIT,STEEP_HIGH_RATE,STEEP_HIGH_RATE_STRESS,STEEP_HIGH_RATE_STRESS
2008-04-01,-0.0087442693763409,1.5385849836269496,-0.04169711759960304,0.0,0.0,FULL_RISK,STEEP_HIGH_RATE_STRESS,CREDIT,STEEP_HIGH_RATE,STEEP_HIGH_RATE_STRESS,STEEP_HIGH_RATE_STRESS
2008-04-02,-0.0033114536018868,1.5334900308411092,-0.04487049313122626,0.0,0.0,FULL_RISK,STEEP_HIGH_RATE_STRESS,CREDIT,STEEP_HIGH_RATE,STEEP_HIGH_RATE_STRESS,STEEP_HIGH_RATE_STRESS
2008-04-03,0.0,1.5334900308411092,-0.04487049313122626,0.0,0.0,FULL_RISK,STEEP_HIGH_RATE_STRESS,CREDIT,STEEP_HIGH_RATE,STEEP_HIGH_RATE_STRESS,STEEP_HIGH_RATE_STRESS
2008-04-04,0.0076427391626281,1.5452100951553185,-0.037570687443698625,0.0,0.0,FULL_RISK,STEEP_HIGH_RATE_STRESS,CREDIT,STEEP_HIGH_RATE,STEEP_HIGH_RATE_STRESS,STEEP_HIGH_RATE_STRESS
2008-04-07,-0.0065954838209449,1.535018686972761,-0.0439183744034668,0.0,0.0,FULL_RISK,STEEP_HIGH_RATE_STRESS,CREDIT,STEEP_HIGH_RATE,STEEP_HIGH_RATE_STRESS,STEEP_HIGH_RATE_STRESS
2008-04-08,0.0001102880115952,1.5351879811315088,-0.04381293006205689,0.0,0.0,FULL_RISK,STEEP_HIGH_RATE_STRESS,CREDIT,STEEP_HIGH_RATE,STEEP_HIGH_RATE_STRESS,STEEP_HIGH_RATE_STRESS
2008-04-09,0.0059743409631387,1.544359717573301,-0.03810034248170302,0.0,0.0,FULL_RISK,STEEP_HIGH_RATE_STRESS,CREDIT,STEEP_HIGH_RATE,STEEP_HIGH_RATE_STRESS,STEEP_HIGH_RATE_STRESS
2008-04-10,-0.00395939147537,1.5382449928726365,-0.041908879785842346,0.0,0.0,FULL_RISK,STEEP_HIGH_RATE_STRESS,CREDIT,STEEP_HIGH_RATE,STEEP_HIGH_RATE_STRESS,STEEP_HIGH_RATE_STRESS
2008-04-11,0.0043071240805219,1.5448704049231805,-0.03778226245063365,0.0,0.0,FULL_RISK,STEEP_HIGH_RATE_STRESS,CREDIT,STEEP_HIGH_RATE,STEEP_HIGH_RATE_STRESS,STEEP_HIGH_RATE_STRESS
2008-04-14,-0.0025285534605713,1.5409641175146778,-0.04021528144073727,0.0,0.0,FULL_RISK,STEEP_HIGH_RATE_STRESS,CREDIT,STEEP_HIGH_RATE,STEEP_HIGH_RATE_STRESS,STEEP_HIGH_RATE_STRESS
2008-04-15,-0.0045204190168464,1.5339983140135864,-0.044553910534591123,0.0,0.0,FULL_RISK,STEEP_HIGH_RATE_STRESS,CREDIT,STEEP_HIGH_RATE,STEEP_HIGH_RATE_STRESS,STEEP_HIGH_RATE_STRESS
2008-04-16,-0.0067540506704976,1.5236376116722807,-0.05100704183576932,0.0,0.0,FULL_RISK,STEEP_HIGH_RATE_STRESS,CREDIT,STEEP_HIGH_RATE,STEEP_HIGH_RATE_STRESS,STEEP_HIGH_RATE_STRESS
2008-04-17,-0.002341303711227,1.5200703132775073,-0.0532289225706476,0.0,0.0,FULL_RISK,STEEP_HIGH_RATE_STRESS,CREDIT,STEEP_HIGH_RATE,STEEP_HIGH_RATE_STRESS,STEEP_HIGH_RATE_STRESS
2008-04-18,-0.0010051869968751,1.5185423583642648,-0.05418060454669704,0.0,0.0,FULL_RISK,STEEP_HIGH_RATE_STRESS,CREDIT,STEEP_HIGH_RATE,STEEP_HIGH_RATE_STRESS,STEEP_HIGH_RATE_STRESS
2008-04-21,0.0001120783522015,1.5187125540895383,-0.05407459866737452,0.0,0.0,FULL_RISK,STEEP_HIGH_RATE_STRESS,CREDIT,STEEP_HIGH_RATE,STEEP_HIGH_RATE_STRESS,STEEP_HIGH_RATE_STRESS
2008-04-22,0.0007822838691813,1.5199006184225257,-0.05333461648446314,0.0,0.0,FULL_RISK,STEEP_HIGH_RATE_STRESS,CREDIT,STEEP_HIGH_RATE,STEEP_HIGH_RATE_STRESS,STEEP_HIGH_RATE_STRESS
2008-04-23,-0.0010054969495334,1.5183723629871078,-0.05428648563981697,0.0,0.0,FULL_RISK,STEEP_HIGH_RATE_STRESS,CREDIT,STEEP_HIGH_RATE,STEEP_HIGH_RATE_STRESS,STEEP_HIGH_RATE_STRESS
2008-04-24,-0.0078309909369987,1.5064820027735664,-0.06169235959976882,0.0,0.0,FULL_RISK,STEEP_HIGH_RATE_STRESS,CREDIT,STEEP_HIGH_RATE,STEEP_HIGH_RATE_STRESS,STEEP_HIGH_RATE_STRESS
2008-04-25,-0.0013527815406761,1.5044440617288535,-0.06296168485517761,0.0,0.0,FULL_RISK,STEEP_HIGH_RATE_STRESS,CREDIT,STEEP_HIGH_RATE,STEEP_HIGH_RATE_STRESS,STEEP_HIGH_RATE_STRESS
2008-04-28,0.001805930098613,1.5071609825416092,-0.06126945915830395,0.0,0.0,FULL_RISK,STEEP_HIGH_RATE_STRESS,CREDIT,STEEP_HIGH_RATE,STEEP_HIGH_RATE_STRESS,STEEP_HIGH_RATE_STRESS
2008-04-29,0.001803937436916,1.5098798066614754,-0.059576047992503045,0.0,0.0,FULL_RISK,STEEP_HIGH_RATE_STRESS,CREDIT,STEEP_HIGH_RATE,STEEP_HIGH_RATE_STRESS,STEEP_HIGH_RATE_STRESS
2008-04-30,0.0031492984968781,1.514634868867061,-0.056614372254017664,0.0,0.0,FULL_RISK,STEEP_HIGH_RATE_STRESS,CREDIT,STEEP_HIGH_RATE,STEEP_HIGH_RATE_STRESS,STEEP_HIGH_RATE_STRESS
2008-05-01,-0.0001128965939289,1.51446387174932,-0.05672087727815167,0.0,0.0,FULL_RISK,STEEP_HIGH_RATE_STRESS,CREDIT,STEEP_HIGH_RATE,STEEP_HIGH_RATE_STRESS,STEEP_HIGH_RATE_STRESS
2008-05-02,-0.0081005010872898,1.5021959555095534,-0.06436191083737774,0.0,0.0,FULL_RISK,STEEP_HIGH_RATE_STRESS,CREDIT,STEEP_HIGH_RATE,STEEP_HIGH_RATE_STRESS,STEEP_HIGH_RATE_STRESS
2008-05-05,0.0014744071329562,1.5044108039414548,-0.06298239936485084,0.0,0.0,FULL_RISK,STEEP_HIGH_RATE_STRESS,CREDIT,STEEP_HIGH_RATE,STEEP_HIGH_RATE_STRESS,STEEP_HIGH_RATE_STRESS
2008-05-06,-0.0031704688676923,1.4996411163233383,-0.0659531844961444,0.0,0.0,FULL_RISK,STEEP_HIGH_RATE_STRESS,CREDIT,STEEP_HIGH_RATE,STEEP_HIGH_RATE_STRESS,STEEP_HIGH_RATE_STRESS
2008-05-07,0.0039758578855249,1.50560347628113,-0.06223954709927393,0.0,0.0,FULL_RISK,STEEP_HIGH_RATE_STRESS,CREDIT,STEEP_HIGH_RATE,STEEP_HIGH_RATE_STRESS,STEEP_HIGH_RATE_STRESS
2008-05-08,0.0064519502957909,1.5153175550752658,-0.0561891632678001,0.0,0.0,FULL_RISK,STEEP_HIGH_RATE_STRESS,CREDIT,STEEP_HIGH_RATE,STEEP_HIGH_RATE_STRESS,STEEP_HIGH_RATE_STRESS
2008-05-09,0.0011244247478954,1.5170214156351127,-0.05512791900564651,0.0,0.0,FULL_RISK,STEEP_HIGH_RATE_STRESS,CREDIT,STEEP_HIGH_RATE,STEEP_HIGH_RATE_STRESS,STEEP_HIGH_RATE_STRESS
2008-05-12,-0.0016858983396237,1.5144638717493197,-0.05672087727815178,0.0,0.0,FULL_RISK,STEEP_HIGH_RATE_STRESS,CREDIT,STEEP_HIGH_RATE,STEEP_HIGH_RATE_STRESS,STEEP_HIGH_RATE_STRESS
2008-05-13,-0.0083254598856328,1.5018552635368305,-0.06457410977532752,0.0,0.0,FULL_RISK,STEEP_HIGH_RATE_STRESS,CREDIT,STEEP_HIGH_RATE,STEEP_HIGH_RATE_STRESS,STEEP_HIGH_RATE_STRESS
2008-05-14,-0.0003401710606873,1.5013443758388345,-0.06489231459259948,0.0,0.0,FULL_RISK,STEEP_HIGH_RATE_STRESS,CREDIT,STEEP_HIGH_RATE,STEEP_HIGH_RATE_STRESS,STEEP_HIGH_RATE_STRESS
2008-05-15,0.0055616210383191,1.5096942843052619,-0.05969160001634377,0.0,0.0,FULL_RISK,STEEP_HIGH_RATE_STRESS,CREDIT,STEEP_HIGH_RATE,STEEP_HIGH_RATE_STRESS,STEEP_HIGH_RATE_STRESS
2008-05-16,-0.0016928862878466,1.507138543552521,-0.06128343521302315,0.0,0.0,FULL_RISK,STEEP_HIGH_RATE_STRESS,CREDIT,STEEP_HIGH_RATE,STEEP_HIGH_RATE_STRESS,STEEP_HIGH_RATE_STRESS
2008-05-19,0.0022604554622678,1.5105453631056887,-0.059161508226629245,0.0,0.0,FULL_RISK,STEEP_HIGH_RATE_STRESS,CREDIT,STEEP_HIGH_RATE,STEEP_HIGH_RATE_STRESS,STEEP_HIGH_RATE_STRESS
2008-05-20,0.0030460487743155,1.5151465579575247,-0.05629566829193411,0.0,0.0,FULL_RISK,STEEP_HIGH_RATE_STRESS,CREDIT,STEEP_HIGH_RATE,STEEP_HIGH_RATE_STRESS,STEEP_HIGH_RATE_STRESS
2008-05-21,-0.0023614989587864,1.5115685409384993,-0.05852422508866484,0.0,0.0,FULL_RISK,STEEP_HIGH_RATE_STRESS,CREDIT,STEEP_HIGH_RATE,STEEP_HIGH_RATE_STRESS,STEEP_HIGH_RATE_STRESS
2008-05-22,-0.0065386206667571,1.501684967637499,-0.06468017804775117,0.0,0.0,FULL_RISK,STEEP_HIGH_RATE_STRESS,CREDIT,STEEP_HIGH_RATE,STEEP_HIGH_RATE_STRESS,STEEP_HIGH_RATE_STRESS
2008-05-23,0.0044254603019713,1.508330614847846,-0.06054095730605458,0.0,0.0,FULL_RISK,STEEP_HIGH_RATE_STRESS,CREDIT,STEEP_HIGH_RATE,STEEP_HIGH_RATE_STRESS,STEEP_HIGH_RATE_STRESS
2008-05-27,-0.0048580410381867,1.5010030828217618,-0.06510488788915736,0.0,0.0,FULL_RISK,STEEP_HIGH_RATE_STRESS,CREDIT,STEEP_HIGH_RATE,STEEP_HIGH_RATE_STRESS,STEEP_HIGH_RATE_STRESS
2008-05-28,-0.0074918162433804,1.4897578435445138,-0.07210895027592623,0.0,0.0,FULL_RISK,STEEP_HIGH_RATE_STRESS,CREDIT,STEEP_HIGH_RATE,STEEP_HIGH_RATE_STRESS,STEEP_HIGH_RATE_STRESS
2008-05-29,-0.0046889079810886,1.4827725061020287,-0.07645974602455796,0.0,0.0,FULL_RISK,STEEP_HIGH_RATE_STRESS,CREDIT,STEEP_HIGH_RATE,STEEP_HIGH_RATE_STRESS,STEEP_HIGH_RATE_STRESS
2008-05-30,0.0033323962953286,1.4877136917081784,-0.0733821439036233,0.0,0.0,FULL_RISK,STEEP_HIGH_RATE_STRESS,CREDIT,STEEP_HIGH_RATE,STEEP_HIGH_RATE_STRESS,STEEP_HIGH_RATE_STRESS
2008-06-02,0.0059420439454169,1.496553751842507,-0.06787613988209051,0.0,0.0,FULL_RISK,STEEP_HIGH_RATE_STRESS,CREDIT,STEEP_HIGH_RATE,STEEP_HIGH_RATE_STRESS,STEEP_HIGH_RATE_STRESS
2008-06-03,0.0052544476956242,1.5044173152552536,-0.06297834381325762,0.0,0.0,FULL_RISK,STEEP_HIGH_RATE_STRESS,CREDIT,STEEP_HIGH_RATE,STEEP_HIGH_RATE_STRESS,STEEP_HIGH_RATE_STRESS
2008-06-04,-0.0036366946323795,1.498946208880006,-0.06638600544073525,0.0,0.0,FULL_RISK,STEEP_HIGH_RATE_STRESS,CREDIT,STEEP_HIGH_RATE,STEEP_HIGH_RATE_STRESS,STEEP_HIGH_RATE_STRESS
2008-06-05,-0.0052469967254136,1.4910812430304414,-0.07128467501298819,0.0,0.0,FULL_RISK,STEEP_HIGH_RATE_STRESS,CREDIT,STEEP_HIGH_RATE,STEEP_HIGH_RATE_STRESS,STEEP_HIGH_RATE_STRESS
2008-06-06,0.0087159446913462,1.5040774246749986,-0.06319004360639568,0.0,0.0,FULL_RISK,STEEP_HIGH_RATE_STRESS,CREDIT,STEEP_HIGH_RATE,STEEP_HIGH_RATE_STRESS,STEEP_HIGH_RATE_STRESS
2008-06-09,-0.0071621430816855,1.4933050069535432,-0.06989961055443428,0.0,0.0,FULL_RISK,STEEP_HIGH_RATE_STRESS,CREDIT,STEEP_HIGH_RATE,STEEP_HIGH_RATE_STRESS,STEEP_HIGH_RATE_STRESS
2008-06-10,-0.0059542085407205,1.4844135575272397,-0.07543762223699846,0.0,0.0,FULL_RISK,STEEP_HIGH_RATE_STRESS,CREDIT,STEEP_HIGH_RATE,STEEP_HIGH_RATE_STRESS,STEEP_HIGH_RATE_STRESS
2008-06-11,0.0010364181744206,1.4859520307166174,-0.07447938898529927,0.0,0.0,FULL_RISK,STEEP_HIGH_RATE_STRESS,CREDIT,STEEP_HIGH_RATE,STEEP_HIGH_RATE_STRESS,STEEP_HIGH_RATE_STRESS
2008-06-12,-0.0087456933370843,1.4729563499423521,-0.08257370842638478,0.0,0.0,FULL_RISK,STEEP_HIGH_RATE_STRESS,CREDIT,STEEP_HIGH_RATE,STEEP_HIGH_RATE_STRESS,STEEP_HIGH_RATE_STRESS
2008-06-13,-0.0023225700270063,1.4695353056728875,-0.08470449523318124,0.0,0.0,FULL_RISK,STEEP_HIGH_RATE_STRESS,CREDIT,STEEP_HIGH_RATE,STEEP_HIGH_RATE_STRESS,STEEP_HIGH_RATE_STRESS
2008-06-16,0.0001161568523784,1.4697060022684534,-0.0845981773883514,0.0,0.0,FULL_RISK,STEEP_HIGH_RATE_STRESS,CREDIT,STEEP_HIGH_RATE,STEEP_HIGH_RATE_STRESS,STEEP_HIGH_RATE_STRESS
2008-06-17,0.0033753142056214,1.4746667218159972,-0.08150840861263853,0.0,0.0,FULL_RISK,STEEP_HIGH_RATE_STRESS,CREDIT,STEEP_HIGH_RATE,STEEP_HIGH_RATE_STRESS,STEEP_HIGH_RATE_STRESS
2008-06-18,0.0054498852119457,1.4827034861757709,-0.07650273487143988,0.0,0.0,FULL_RISK,STEEP_HIGH_RATE_STRESS,CREDIT,STEEP_HIGH_RATE,STEEP_HIGH_RATE_STRESS,STEEP_HIGH_RATE_STRESS
2008-06-19,-0.0057668016640732,1.4741530292443654,-0.08182836043675024,0.0,0.0,FULL_RISK,STEEP_HIGH_RATE_STRESS,CREDIT,STEEP_HIGH_RATE,STEEP_HIGH_RATE_STRESS,STEEP_HIGH_RATE_STRESS
2008-06-20,0.004639058825832,1.4809917118653086,-0.07756890818860562,0.0,0.0,FULL_RISK,STEEP_HIGH_RATE_STRESS,CREDIT,STEEP_HIGH_RATE,STEEP_HIGH_RATE_STRESS,STEEP_HIGH_RATE_STRESS
2008-06-23,-0.0004611685027732,1.480308725134928,-0.0779943043541278,0.0,0.0,FULL_RISK,STEEP_HIGH_RATE_STRESS,CREDIT,STEEP_HIGH_RATE,STEEP_HIGH_RATE_STRESS,STEEP_HIGH_RATE_STRESS
2008-06-24,0.0053125841235848,1.488172989766084,-0.07309607153358477,0.0,0.0,FULL_RISK,STEEP_HIGH_RATE_STRESS,CREDIT,STEEP_HIGH_RATE,STEEP_HIGH_RATE_STRESS,STEEP_HIGH_RATE_STRESS
2008-06-25,-0.0001133558501311,1.488004296651687,-0.07320114151638579,0.0,0.0,FULL_RISK,STEEP_HIGH_RATE_STRESS,CREDIT,STEEP_HIGH_RATE,STEEP_HIGH_RATE_STRESS,STEEP_HIGH_RATE_STRESS
2008-06-26,0.0056294561506831,1.496380951591716,-0.06798376798204908,0.0,0.0,FULL_RISK,STEEP_HIGH_RATE_STRESS,CREDIT,STEEP_HIGH_RATE,STEEP_HIGH_RATE_STRESS,STEEP_HIGH_RATE_STRESS
2008-06-27,0.0049140406066243,1.5037342283508168,-0.06340380237187981,0.0,0.0,FULL_RISK,STEEP_HIGH_RATE_STRESS,CREDIT,STEEP_HIGH_RATE,STEEP_HIGH_RATE_STRESS,STEEP_HIGH_RATE_STRESS
2008-06-30,0.0006830227055587,1.5047613129719064,-0.06276408590295979,0.0,0.0,FULL_RISK,STEEP_HIGH_RATE_STRESS,CREDIT,STEEP_HIGH_RATE,STEEP_HIGH_RATE_STRESS,STEEP_HIGH_RATE_STRESS
2008-07-01,-0.0027133834531607,1.500678318524332,-0.0653071663239787,0.0,0.0,FULL_RISK,STEEP_HIGH_RATE_STRESS,CREDIT,STEEP_HIGH_RATE,STEEP_HIGH_RATE_STRESS,STEEP_HIGH_RATE_STRESS
2008-07-02,0.0024012883770245,1.5042818799282573,-0.0630626992863842,0.0,0.0,FULL_RISK,STEEP_HIGH_RATE_STRESS,CREDIT,STEEP_HIGH_RATE,STEEP_HIGH_RATE_STRESS,STEEP_HIGH_RATE_STRESS
2008-07-03,0.0003417532809013,1.5047959731961233,-0.06274249788986641,0.0,0.0,FULL_RISK,STEEP_HIGH_RATE_STRESS,CREDIT,STEEP_HIGH_RATE,STEEP_HIGH_RATE_STRESS,STEEP_HIGH_RATE_STRESS
2008-07-07,0.0046744690537687,1.5118300954050645,-0.058361316700839994,0.0,0.0,FULL_RISK,STEEP_HIGH_RATE_STRESS,CREDIT,STEEP_HIGH_RATE,STEEP_HIGH_RATE_STRESS,STEEP_HIGH_RATE_STRESS
2008-07-08,0.0024964829123075,1.5156043534045556,-0.056010531818415865,0.0,0.0,FULL_RISK,STEEP_HIGH_RATE_STRESS,CREDIT,STEEP_HIGH_RATE,STEEP_HIGH_RATE_STRESS,STEEP_HIGH_RATE_STRESS
2008-07-09,0.0047546188760141,1.522810474471822,-0.05152222167424114,0.0,0.0,FULL_RISK,STEEP_HIGH_RATE_STRESS,CREDIT,STEEP_HIGH_RATE,STEEP_HIGH_RATE_STRESS,STEEP_HIGH_RATE_STRESS
2008-07-10,0.0003386475608395,1.5233261705246228,-0.051201021988100615,0.0,0.0,FULL_RISK,STEEP_HIGH_RATE_STRESS,CREDIT,STEEP_HIGH_RATE,STEEP_HIGH_RATE_STRESS,STEEP_HIGH_RATE_STRESS
2008-07-11,-0.0093491112820434,1.509084424637539,-0.060071449217823036,0.0,0.0,FULL_RISK,STEEP_HIGH_RATE_STRESS,CREDIT,STEEP_HIGH_RATE,STEEP_HIGH_RATE_STRESS,STEEP_HIGH_RATE_STRESS
2008-07-14,0.0053437779358964,1.517148636689322,-0.05504867976683403,0.0,0.0,FULL_RISK,STEEP_HIGH_RATE_STRESS,CREDIT,STEEP_HIGH_RATE,STEEP_HIGH_RATE_STRESS,STEEP_HIGH_RATE_STRESS
2008-07-15,0.0036186561682389,1.5226386759616133,-0.05162922584318674,0.0,0.0,FULL_RISK,STEEP_HIGH_RATE_STRESS,CREDIT,STEEP_HIGH_RATE,STEEP_HIGH_RATE_STRESS,STEEP_HIGH_RATE_STRESS
2008-07-16,-0.009126949926743,1.5087416290095894,-0.06028495841090242,0.0,0.0,FULL_RISK,STEEP_HIGH_RATE_STRESS,CREDIT,STEEP_HIGH_RATE,STEEP_HIGH_RATE_STRESS,STEEP_HIGH_RATE_STRESS
2008-07-17,-0.0047761131399814,1.5015357082904397,-0.06477314376887433,0.0,0.0,FULL_RISK,STEEP_HIGH_RATE_STRESS,CREDIT,STEEP_HIGH_RATE,STEEP_HIGH_RATE_STRESS,STEEP_HIGH_RATE_STRESS
2008-07-18,-0.0034286533157358,1.4963874629055138,-0.06797971243045642,0.0,0.0,FULL_RISK,STEEP_HIGH_RATE_STRESS,CREDIT,STEEP_HIGH_RATE,STEEP_HIGH_RATE_STRESS,STEEP_HIGH_RATE_STRESS
2008-07-21,0.002293967669027,1.4998201273657565,-0.06584168802389456,0.0,0.0,FULL_RISK,STEEP_HIGH_RATE_STRESS,CREDIT,STEEP_HIGH_RATE,STEEP_HIGH_RATE_STRESS,STEEP_HIGH_RATE_STRESS
2008-07-22,-0.0034319740910802,1.4946727835473566,-0.06904769514756393,0.0,0.0,FULL_RISK,STEEP_HIGH_RATE_STRESS,CREDIT,STEEP_HIGH_RATE,STEEP_HIGH_RATE_STRESS,STEEP_HIGH_RATE_STRESS
2008-07-23,-0.0016063528144047,1.4922718117148912,-0.07054313300254011,0.0,0.0,FULL_RISK,STEEP_HIGH_RATE_STRESS,CREDIT,STEEP_HIGH_RATE,STEEP_HIGH_RATE_STRESS,STEEP_HIGH_RATE_STRESS
2008-07-24,0.0086233348676685,1.5051401712608912,-0.06252811519336687,0.0,0.0,FULL_RISK,STEEP_HIGH_RATE_STRESS,CREDIT,STEEP_HIGH_RATE,STEEP_HIGH_RATE_STRESS,STEEP_HIGH_RATE_STRESS
2008-07-25,-0.0058152114484092,1.4963874629055143,-0.0679797124304562,0.0,0.0,FULL_RISK,STEEP_HIGH_RATE_STRESS,CREDIT,STEEP_HIGH_RATE,STEEP_HIGH_RATE_STRESS,STEEP_HIGH_RATE_STRESS
2008-07-28,0.0057334798780603,1.5049669703138648,-0.06263599286573218,0.0,0.0,FULL_RISK,STEEP_HIGH_RATE_STRESS,CREDIT,STEEP_HIGH_RATE,STEEP_HIGH_RATE_STRESS,STEEP_HIGH_RATE_STRESS
2008-07-29,-0.0028496650585215,1.5006783185243324,-0.06530716632397837,0.0,0.0,FULL_RISK,STEEP_HIGH_RATE_STRESS,CREDIT,STEEP_HIGH_RATE,STEEP_HIGH_RATE_STRESS,STEEP_HIGH_RATE_STRESS
2008-07-30,0.0019434995996183,1.5035948862355404,-0.0634905911759629,0.0,0.0,FULL_RISK,STEEP_HIGH_RATE_STRESS,CREDIT,STEEP_HIGH_RATE,STEEP_HIGH_RATE_STRESS,STEEP_HIGH_RATE_STRESS
2008-07-31,0.0079871694689537,1.5156043534045558,-0.056010531818415754,0.0,0.0,FULL_RISK,STEEP_HIGH_RATE_STRESS,CREDIT,STEEP_HIGH_RATE,STEEP_HIGH_RATE_STRESS,STEEP_HIGH_RATE_STRESS
2008-08-01,0.0004993486655955,1.5163611684159992,-0.05553915193714298,0.0,0.0,FULL_RISK,STEEP_HIGH_RATE_STRESS,CREDIT,STEEP_HIGH_RATE,STEEP_HIGH_RATE_STRESS,STEEP_HIGH_RATE_STRESS
2008-08-04,-0.0006810345647667,1.515328474047638,-0.056182362419742504,0.0,0.0,FULL_RISK,STEEP_HIGH_RATE_STRESS,CREDIT,STEEP_HIGH_RATE,STEEP_HIGH_RATE_STRESS,STEEP_HIGH_RATE_STRESS
2008-08-05,-0.0051120665064449,1.507582014109197,-0.06100722095300848,0.0,0.0,FULL_RISK,STEEP_HIGH_RATE_STRESS,CREDIT,STEEP_HIGH_RATE,STEEP_HIGH_RATE_STRESS,STEEP_HIGH_RATE_STRESS
2008-08-06,0.0003420018771231,1.5080976099879393,-0.060686083659969414,0.0,0.0,FULL_RISK,STEEP_HIGH_RATE_STRESS,CREDIT,STEEP_HIGH_RATE,STEEP_HIGH_RATE_STRESS,STEEP_HIGH_RATE_STRESS
2008-08-07,0.0093614170975155,1.5222155407388027,-0.0518927743036095,0.0,0.0,FULL_RISK,STEEP_HIGH_RATE_STRESS,CREDIT,STEEP_HIGH_RATE,STEEP_HIGH_RATE_STRESS,STEEP_HIGH_RATE_STRESS
2008-08-08,-0.0004525620593081,1.5215266437389752,-0.05232185166211556,0.0,0.0,FULL_RISK,STEEP_HIGH_RATE_STRESS,CREDIT,STEEP_HIGH_RATE,STEEP_HIGH_RATE_STRESS,STEEP_HIGH_RATE_STRESS
2008-08-11,-0.0048660104080437,1.5141228792544255,-0.05693326339540339,0.0,0.0,FULL_RISK,STEEP_HIGH_RATE_STRESS,CREDIT,STEEP_HIGH_RATE,STEEP_HIGH_RATE_STRESS,STEEP_HIGH_RATE_STRESS
2008-08-12,0.0069363251674503,1.5246253278884103,-0.05039184585570766,0.0,0.0,FULL_RISK,STEEP_HIGH_RATE_STRESS,CREDIT,STEEP_HIGH_RATE,STEEP_HIGH_RATE_STRESS,STEEP_HIGH_RATE_STRESS
2008-08-13,-0.002145434337278,1.5213543443584747,-0.05242916779656803,0.0,0.0,FULL_RISK,STEEP_HIGH_RATE_STRESS,CREDIT,STEEP_HIGH_RATE,STEEP_HIGH_RATE_STRESS,STEEP_HIGH_RATE_STRESS
2008-08-14,0.0030552226891897,1.526002420669656,-0.04953412789040568,0.0,0.0,FULL_RISK,STEEP_HIGH_RATE_STRESS,CREDIT,STEEP_HIGH_RATE,STEEP_HIGH_RATE_STRESS,STEEP_HIGH_RATE_STRESS
2008-08-15,0.0037232393403252,1.531684092915725,-0.04599531596373074,0.0,0.0,FULL_RISK,STEEP_HIGH_RATE_STRESS,CREDIT,STEEP_HIGH_RATE,STEEP_HIGH_RATE_STRESS,STEEP_HIGH_RATE_STRESS
2008-08-18,0.0024725597599042,1.5354712733687539,-0.04363648237122242,0.0,0.0,FULL_RISK,STEEP_HIGH_RATE_STRESS,CREDIT,STEEP_HIGH_RATE,STEEP_HIGH_RATE_STRESS,STEEP_HIGH_RATE_STRESS
2008-08-19,-0.0014576560475827,1.5332330843812383,-0.04503053143638147,0.0,0.0,FULL_RISK,STEEP_HIGH_RATE_STRESS,CREDIT,STEEP_HIGH_RATE,STEEP_HIGH_RATE_STRESS,STEEP_HIGH_RATE_STRESS
2008-08-20,0.0029196984912147,1.5377096627043867,-0.04224230851986022,0.0,0.0,FULL_RISK,STEEP_HIGH_RATE_STRESS,CREDIT,STEEP_HIGH_RATE,STEEP_HIGH_RATE_STRESS,STEEP_HIGH_RATE_STRESS
2008-08-21,-0.0021278954824436,1.534437577259808,-0.04428031678483646,0.0,0.0,FULL_RISK,STEEP_HIGH_RATE_STRESS,CREDIT,STEEP_HIGH_RATE,STEEP_HIGH_RATE_STRESS,STEEP_HIGH_RATE_STRESS
2008-08-22,-0.0029162967790102,1.529962701895653,-0.04706747901863351,0.0,0.0,FULL_RISK,STEEP_HIGH_RATE_STRESS,CREDIT,STEEP_HIGH_RATE,STEEP_HIGH_RATE_STRESS,STEEP_HIGH_RATE_STRESS
2008-08-25,0.0066384282424922,1.5401192495058769,-0.040741504858161526,0.0,0.0,FULL_RISK,STEEP_HIGH_RATE_STRESS,CREDIT,STEEP_HIGH_RATE,STEEP_HIGH_RATE_STRESS,STEEP_HIGH_RATE_STRESS
2008-08-26,0.0003353619828037,1.5406357469511454,-0.040419806027209404,0.0,0.0,FULL_RISK,STEEP_HIGH_RATE_STRESS,CREDIT,STEEP_HIGH_RATE,STEEP_HIGH_RATE_STRESS,STEEP_HIGH_RATE_STRESS
2008-08-27,0.0014528997785896,1.542874136286778,-0.039025632175847313,0.0,0.0,FULL_RISK,STEEP_HIGH_RATE_STRESS,CREDIT,STEEP_HIGH_RATE,STEEP_HIGH_RATE_STRESS,STEEP_HIGH_RATE_STRESS
2008-08-28,-0.0014507919233254,1.5406357469511454,-0.040419806027209404,0.0,0.0,FULL_RISK,STEEP_HIGH_RATE_STRESS,CREDIT,STEEP_HIGH_RATE,STEEP_HIGH_RATE_STRESS,STEEP_HIGH_RATE_STRESS
2008-08-29,-0.0012290966442013,1.538742156724631,-0.0415992228234634,0.0,0.0,FULL_RISK,STEEP_HIGH_RATE_STRESS,CREDIT,STEEP_HIGH_RATE,STEEP_HIGH_RATE_STRESS,STEEP_HIGH_RATE_STRESS
2008-09-02,0.0054446790621642,1.547120113927419,-0.036381038178808445,0.0,0.0,FULL_RISK,STEEP_HIGH_RATE_STRESS,CREDIT,STEEP_HIGH_RATE,STEEP_HIGH_RATE_STRESS,STEEP_HIGH_RATE_STRESS
2008-09-03,0.00245527174102,1.5509187142231087,-0.03401509177273787,0.0,0.0,FULL_RISK,STEEP_HIGH_RATE_STRESS,CREDIT,STEEP_HIGH_RATE,STEEP_HIGH_RATE_STRESS,STEEP_HIGH_RATE_STRESS
2008-09-04,0.0050127116626994,1.5586930225497937,-0.02917288795727535,0.0,0.0,FULL_RISK,STEEP_HIGH_RATE_STRESS,CREDIT,STEEP_HIGH_RATE,STEEP_HIGH_RATE_STRESS,STEEP_HIGH_RATE_STRESS
2008-09-05,-0.002216667040492,1.5552379191004628,-0.03132488841855641,0.0,0.0,FULL_RISK,STEEP_HIGH_RATE_STRESS,CREDIT,STEEP_HIGH_RATE,STEEP_HIGH_RATE_STRESS,STEEP_HIGH_RATE_STRESS
2008-09-08,0.0001107220987397,1.5554101183069053,-0.031217634677205175,0.0,0.0,FULL_RISK,STEEP_HIGH_RATE_STRESS,CREDIT,STEEP_HIGH_RATE,STEEP_HIGH_RATE_STRESS,STEEP_HIGH_RATE_STRESS
2008-09-09,0.0045531434606969,1.5624921237157763,-0.026806629585697128,0.0,0.0,FULL_RISK,STEEP_HIGH_RATE_STRESS,CREDIT,STEEP_HIGH_RATE,STEEP_HIGH_RATE_STRESS,STEEP_HIGH_RATE_STRESS
2008-09-10,-0.0025424785026989,1.5585195210805924,-0.029280952808944716,0.0,0.0,FULL_RISK,STEEP_HIGH_RATE_STRESS,CREDIT,STEEP_HIGH_RATE,STEEP_HIGH_RATE_STRESS,STEEP_HIGH_RATE_STRESS
2008-09-11,-0.0017729654267242,1.5557563198528417,-0.03100200411867715,0.0,0.0,FULL_RISK,STEEP_HIGH_RATE_STRESS,CREDIT,STEEP_HIGH_RATE,STEEP_HIGH_RATE_STRESS,STEEP_HIGH_RATE_STRESS
2008-09-12,-0.0049966095814754,1.5479828129186242,-0.03584370878932819,0.0,0.0,FULL_RISK,STEEP_HIGH_RATE_STRESS,CREDIT,STEEP_HIGH_RATE,STEEP_HIGH_RATE_STRESS,STEEP_HIGH_RATE_STRESS
2008-09-15,0.019192475524546,1.5776924351679829,-0.017339162768430172,0.0,0.0,FULL_RISK,STEEP_HIGH_RATE_STRESS,CREDIT,STEEP_HIGH_RATE,STEEP_HIGH_RATE_STRESS,STEEP_HIGH_RATE_STRESS
2008-09-16,-0.002847516980051,1.573199929169544,-0.020137306188078297,0.0,0.0,FULL_RISK,STEEP_HIGH_RATE_STRESS,CREDIT,STEEP_HIGH_RATE,STEEP_HIGH_RATE_STRESS,STEEP_HIGH_RATE_STRESS
2008-09-17,0.0090038220492969,1.5873647413797531,-0.011314796860250942,0.0,0.0,FULL_RISK,STEEP_HIGH_RATE_STRESS,CREDIT,STEEP_HIGH_RATE,STEEP_HIGH_RATE_STRESS,STEEP_HIGH_RATE_STRESS
2008-09-18,-0.0117513078640465,1.568711129611267,-0.022933141062973617,0.0,0.0,FULL_RISK,STEEP_HIGH_RATE_STRESS,CREDIT,STEEP_HIGH_RATE,STEEP_HIGH_RATE_STRESS,STEEP_HIGH_RATE_STRESS
2008-09-19,-0.017837394908024,1.5407294096957784,-0.04036146847737587,0.0,0.0,FULL_RISK,STEEP_HIGH_RATE_STRESS,CREDIT,STEEP_HIGH_RATE,STEEP_HIGH_RATE_STRESS,STEEP_HIGH_RATE_STRESS
2008-09-22,-0.0021308118065945,1.5374464052788313,-0.04240627759040727,0.0,0.0,FULL_RISK,STEEP_HIGH_RATE_STRESS,CREDIT,STEEP_HIGH_RATE,STEEP_HIGH_RATE_STRESS,STEEP_HIGH_RATE_STRESS
2008-09-23,0.0,1.5374464052788313,-0.04240627759040727,0.0,0.0,FULL_RISK,STEEP_HIGH_RATE_STRESS,CREDIT,STEEP_HIGH_RATE,STEEP_HIGH_RATE_STRESS,STEEP_HIGH_RATE_STRESS
2008-09-24,0.0025839618185075,1.5414191080880735,-0.03993189197405844,0.0,0.0,FULL_RISK,STEEP_HIGH_RATE_STRESS,CREDIT,STEEP_HIGH_RATE,STEEP_HIGH_RATE_STRESS,STEEP_HIGH_RATE_STRESS
2008-09-25,-0.0030250708891321,1.5367562060162443,-0.042836166059231795,0.0,0.0,FULL_RISK,STEEP_HIGH_RATE_STRESS,CREDIT,STEEP_HIGH_RATE,STEEP_HIGH_RATE_STRESS,STEEP_HIGH_RATE_STRESS
2008-09-26,-0.0006747991963944,1.5357192041633705,-0.04348205944519279,0.0,0.0,FULL_RISK,STEEP_HIGH_RATE_STRESS,CREDIT,STEEP_HIGH_RATE,STEEP_HIGH_RATE_STRESS,STEEP_HIGH_RATE_STRESS
2008-09-29,0.0139468307247221,1.557137619944542,-0.030141665643115045,0.0,0.0,FULL_RISK,STEEP_HIGH_RATE_STRESS,CREDIT,STEEP_HIGH_RATE,STEEP_HIGH_RATE_STRESS,STEEP_HIGH_RATE_STRESS
2008-09-30,-0.0131998697916665,1.5365836061135685,-0.04294366937298855,0.0,0.0,FULL_RISK,STEEP_HIGH_RATE_STRESS,CREDIT,STEEP_HIGH_RATE,STEEP_HIGH_RATE_STRESS,STEEP_HIGH_RATE_STRESS
2008-10-01,0.0070489624025131,1.5474149261813812,-0.036197415281311485,0.0,0.0,FULL_RISK,STEEP_HIGH_RATE_STRESS,CREDIT,STEEP_HIGH_RATE,STEEP_HIGH_RATE_STRESS,STEEP_HIGH_RATE_STRESS
2008-10-02,0.0055999568078795,1.556080382931865,-0.03080016243556416,0.0,0.0,FULL_RISK,STEEP_HIGH_RATE_STRESS,CREDIT,STEEP_HIGH_RATE,STEEP_HIGH_RATE_STRESS,STEEP_HIGH_RATE_STRESS
2008-10-03,0.0037885210836832,1.5619756262705082,-0.027128328416648917,0.0,0.0,FULL_RISK,STEEP_HIGH_RATE_STRESS,CREDIT,STEEP_HIGH_RATE,STEEP_HIGH_RATE_STRESS,STEEP_HIGH_RATE_STRESS
2008-10-06,0.0080991541124335,1.574626307587538,-0.01924889081687453,0.0,0.0,FULL_RISK,STEEP_HIGH_RATE_STRESS,CREDIT,STEEP_HIGH_RATE,STEEP_HIGH_RATE_STRESS,STEEP_HIGH_RATE_STRESS
2008-10-07,-0.0007697102017869,1.5734143016545856,-0.020003784951026726,0.0,0.0,FULL_RISK,STEEP_HIGH_RATE_STRESS,CREDIT,STEEP_HIGH_RATE,STEEP_HIGH_RATE_STRESS,STEEP_HIGH_RATE_STRESS
2008-10-08,-0.0127784748571382,1.5533084665610308,-0.03252664194512067,0.0,0.0,FULL_RISK,STEEP_HIGH_RATE_STRESS,CREDIT,STEEP_HIGH_RATE,STEEP_HIGH_RATE_STRESS,STEEP_HIGH_RATE_STRESS
2008-10-09,-0.0100425026417032,1.5377093621822115,-0.042242495699164384,0.0,0.0,FULL_RISK,STEEP_HIGH_RATE_STRESS,CREDIT,STEEP_HIGH_RATE,STEEP_HIGH_RATE_STRESS,STEEP_HIGH_RATE_STRESS
2008-10-10,-0.0117223846322972,1.5196837415860271,-0.053469697549047845,0.0,0.0,FULL_RISK,STEEP_HIGH_RATE_STRESS,CREDIT,STEEP_HIGH_RATE,STEEP_HIGH_RATE_STRESS,STEEP_HIGH_RATE_STRESS
2008-10-13,-0.0068428506188881,1.509284772754401,-0.05994666301497076,0.0,0.0,FULL_RISK,STEEP_HIGH_RATE_STRESS,CREDIT,STEEP_HIGH_RATE,STEEP_HIGH_RATE_STRESS,STEEP_HIGH_RATE_STRESS
2008-10-14,-0.0047085534694801,1.5021782247012148,-0.06437295441632795,0.0,0.0,FULL_RISK,STEEP_HIGH_RATE_STRESS,CREDIT,STEEP_HIGH_RATE,STEEP_HIGH_RATE_STRESS,STEEP_HIGH_RATE_STRESS
2008-10-15,0.0081921587955891,1.5144843072572431,-0.05670814908545874,0.0,0.0,FULL_RISK,STEEP_HIGH_RATE_STRESS,CREDIT,STEEP_HIGH_RATE,STEEP_HIGH_RATE_STRESS,STEEP_HIGH_RATE_STRESS
2008-10-16,0.0002290566912335,1.5148312100215886,-0.05649208177522069,0.0,0.0,FULL_RISK,STEEP_HIGH_RATE_STRESS,CREDIT,STEEP_HIGH_RATE,STEEP_HIGH_RATE_STRESS,STEEP_HIGH_RATE_STRESS
2008-10-17,0.006292557640062,1.5243633727256145,-0.05055500381593625,0.0,0.0,FULL_RISK,STEEP_HIGH_RATE_STRESS,CREDIT,STEEP_HIGH_RATE,STEEP_HIGH_RATE_STRESS,STEEP_HIGH_RATE_STRESS
2008-10-20,0.0010234507164845,1.5259234835116133,-0.0495832936543289,0.0,0.0,FULL_RISK,STEEP_HIGH_RATE_STRESS,CREDIT,STEEP_HIGH_RATE,STEEP_HIGH_RATE_STRESS,STEEP_HIGH_RATE_STRESS
2008-10-21,0.0105639038488263,1.542043192472096,-0.03954318295217507,0.0,0.0,FULL_RISK,STEEP_HIGH_RATE_STRESS,CREDIT,STEEP_HIGH_RATE,STEEP_HIGH_RATE_STRESS,STEEP_HIGH_RATE_STRESS
2008-10-22,0.0076419232412767,1.5538273681837012,-0.032203445679734655,0.0,0.0,FULL_RISK,STEEP_HIGH_RATE_STRESS,CREDIT,STEEP_HIGH_RATE,STEEP_HIGH_RATE_STRESS,STEEP_HIGH_RATE_STRESS
2008-10-23,0.0013392838435268,1.5559083840735395,-0.030907291390712577,0.0,0.0,FULL_RISK,STEEP_HIGH_RATE_STRESS,CREDIT,STEEP_HIGH_RATE,STEEP_HIGH_RATE_STRESS,STEEP_HIGH_RATE_STRESS
2008-10-24,-0.0042324100316707,1.549323141820426,-0.03500888909224942,0.0,0.0,FULL_RISK,STEEP_HIGH_RATE_STRESS,CREDIT,STEEP_HIGH_RATE,STEEP_HIGH_RATE_STRESS,STEEP_HIGH_RATE_STRESS
2008-10-27,-0.0005597973556848,1.5484558348225337,-0.03554908856439498,0.0,0.0,FULL_RISK,STEEP_HIGH_RATE_STRESS,CREDIT,STEEP_HIGH_RATE,STEEP_HIGH_RATE_STRESS,STEEP_HIGH_RATE_STRESS
2008-10-28,-0.0080589854100101,1.535976851841654,-0.04332158438832545,0.0,0.0,FULL_RISK,STEEP_HIGH_RATE_STRESS,CREDIT,STEEP_HIGH_RATE,STEEP_HIGH_RATE_STRESS,STEEP_HIGH_RATE_STRESS
2008-10-29,0.0014674807670735,1.5382308683304018,-0.04191767721314088,0.0,0.0,FULL_RISK,STEEP_HIGH_RATE_STRESS,CREDIT,STEEP_HIGH_RATE,STEEP_HIGH_RATE_STRESS,STEEP_HIGH_RATE_STRESS
2008-10-30,-0.0076629467813689,1.526443487048927,-0.0492594110648269,0.0,0.0,FULL_RISK,STEEP_HIGH_RATE_STRESS,CREDIT,STEEP_HIGH_RATE,STEEP_HIGH_RATE_STRESS,STEEP_HIGH_RATE_STRESS
2008-10-31,-0.0020431276936104,1.5233247680878061,-0.05120189549151977,0.0,0.0,FULL_RISK,STEEP_HIGH_RATE_STRESS,CREDIT,STEEP_HIGH_RATE,STEEP_HIGH_RATE_STRESS,STEEP_HIGH_RATE_STRESS
2008-11-03,0.001597708495665,1.5257585970114371,-0.04968599269927565,0.0,0.0,FULL_RISK,STEEP_HIGH_RATE_STRESS,CREDIT,STEEP_HIGH_RATE,STEEP_HIGH_RATE_STRESS,STEEP_HIGH_RATE_STRESS
2008-11-04,0.0119722343957993,1.544025336566264,-0.038308610654260056,0.0,0.0,FULL_RISK,STEEP_HIGH_RATE_STRESS,CREDIT,STEEP_HIGH_RATE,STEEP_HIGH_RATE_STRESS,STEEP_HIGH_RATE_STRESS
2008-11-05,0.0052944754329424,1.5522001407785548,-0.03321695921929668,0.0,0.0,FULL_RISK,STEEP_HIGH_RATE_STRESS,CREDIT,STEEP_HIGH_RATE,STEEP_HIGH_RATE_STRESS,STEEP_HIGH_RATE_STRESS
2008-11-06,-0.0030256151149359,1.5475037805712095,-0.03614207260034652,0.0,0.0,FULL_RISK,STEEP_HIGH_RATE_STRESS,CREDIT,STEEP_HIGH_RATE,STEEP_HIGH_RATE_STRESS,STEEP_HIGH_RATE_STRESS
2008-11-07,-0.0035975183822993,1.541936607273927,-0.03960956921209169,0.0,0.0,FULL_RISK,STEEP_HIGH_RATE_STRESS,CREDIT,STEEP_HIGH_RATE,STEEP_HIGH_RATE_STRESS,STEEP_HIGH_RATE_STRESS
2008-11-10,0.0010153597442505,1.5435022276331392,-0.03863442742990619,0.0,0.0,FULL_RISK,STEEP_HIGH_RATE_STRESS,CREDIT,STEEP_HIGH_RATE,STEEP_HIGH_RATE_STRESS,STEEP_HIGH_RATE_STRESS
2008-11-11,0.0037199016653661,1.5492439041402082,-0.035058242035476916,0.0,0.0,FULL_RISK,STEEP_HIGH_RATE_STRESS,CREDIT,STEEP_HIGH_RATE,STEEP_HIGH_RATE_STRESS,STEEP_HIGH_RATE_STRESS
2008-11-12,0.0061753500690568,1.5588110275906264,-0.02909938888379482,0.0,0.0,FULL_RISK,STEEP_HIGH_RATE_STRESS,CREDIT,STEEP_HIGH_RATE,STEEP_HIGH_RATE_STRESS,STEEP_HIGH_RATE_STRESS
2008-11-13,-0.0072537638105458,1.54750378057121,-0.03614207260034619,0.0,0.0,FULL_RISK,STEEP_HIGH_RATE_STRESS,CREDIT,STEEP_HIGH_RATE,STEEP_HIGH_RATE_STRESS,STEEP_HIGH_RATE_STRESS
2008-11-14,0.0098917999819911,1.5628113784399955,-0.02660778277145226,0.0,0.0,FULL_RISK,STEEP_HIGH_RATE_STRESS,CREDIT,STEEP_HIGH_RATE,STEEP_HIGH_RATE_STRESS,STEEP_HIGH_RATE_STRESS
2008-11-17,0.0042302527684356,1.569422465600184,-0.02249008764974747,0.0,0.0,FULL_RISK,STEEP_HIGH_RATE_STRESS,CREDIT,STEEP_HIGH_RATE,STEEP_HIGH_RATE_STRESS,STEEP_HIGH_RATE_STRESS
2008-11-18,0.0077587508229903,1.581599223446779,-0.014905831812818682,0.0,0.0,FULL_RISK,STEEP_HIGH_RATE_STRESS,CREDIT,STEEP_HIGH_RATE,STEEP_HIGH_RATE_STRESS,STEEP_HIGH_RATE_STRESS
2008-11-19,0.0107787238454593,1.5986468447105047,-0.0042877738121567255,0.0,0.0,FULL_RISK,STEEP_HIGH_RATE_STRESS,CREDIT,STEEP_HIGH_RATE,STEEP_HIGH_RATE_STRESS,STEEP_HIGH_RATE_STRESS
2008-11-20,0.0201306610924416,1.630828662547873,0.0,0.0,0.0,FULL_RISK,STEEP_HIGH_RATE_STRESS,CREDIT,STEEP_HIGH_RATE,STEEP_HIGH_RATE_STRESS,STEEP_HIGH_RATE_STRESS
2008-11-21,-0.0091728782950806,1.6158692697061923,-0.009172878295080622,0.0,0.0,FULL_RISK,STEEP_HIGH_RATE_STRESS,CREDIT,STEEP_HIGH_RATE,STEEP_HIGH_RATE_STRESS,STEEP_HIGH_RATE_STRESS
2008-11-24,-0.0093664122932441,1.600734371914141,-0.01845337362829713,0.0,0.0,FULL_RISK,STEEP_HIGH_RATE_STRESS,CREDIT,STEEP_HIGH_RATE,STEEP_HIGH_RATE_STRESS,STEEP_HIGH_RATE_STRESS
2008-11-25,0.0171690281253578,1.6282174253667618,-0.0016011719937712998,0.0,0.0,FULL_RISK,STEEP_HIGH_RATE_STRESS,CREDIT,STEEP_HIGH_RATE,STEEP_HIGH_RATE_STRESS,STEEP_HIGH_RATE_STRESS
2008-11-26,0.0060909753072542,1.6381348574995118,0.0,0.0,0.0,FULL_RISK,STEEP_HIGH_RATE_STRESS,CREDIT,STEEP_HIGH_RATE,STEEP_HIGH_RATE_STRESS,STEEP_HIGH_RATE_STRESS
2008-11-28,0.002016769518039,1.6414385979465542,0.0,0.0,0.0,FULL_RISK,STEEP_MID_RATE_STRESS,CREDIT,STEEP_MID_RATE,STEEP_MID_RATE_STRESS,STEEP_MID_RATE_STRESS
2008-12-01,0.013536545064908,1.6636580054989374,0.0,0.0,0.0,FULL_RISK,STEEP_MID_RATE_STRESS,CREDIT,STEEP_MID_RATE,STEEP_MID_RATE_STRESS,STEEP_MID_RATE_STRESS
2008-12-02,0.0052456475991549,1.6723849691212977,0.0,0.0,0.0,FULL_RISK,STEEP_MID_RATE_STRESS,CREDIT,STEEP_MID_RATE,STEEP_MID_RATE_STRESS,STEEP_MID_RATE_STRESS
2008-12-03,0.0015650390591892,1.6750023169199737,0.0,0.0,0.0,FULL_RISK,STEEP_MID_RATE_STRESS,CREDIT,STEEP_MID_RATE,STEEP_MID_RATE_STRESS,STEEP_MID_RATE_STRESS
2008-12-04,0.0062522281221504,1.6854748135104878,0.0,0.0,0.0,FULL_RISK,STEEP_MID_RATE_STRESS,CREDIT,STEEP_MID_RATE,STEEP_MID_RATE_STRESS,STEEP_MID_RATE_STRESS
2008-12-05,-0.0105625034248689,1.667671980020253,-0.010562503424868863,0.0,0.0,FULL_RISK,STEEP_MID_RATE_STRESS,CREDIT,STEEP_MID_RATE,STEEP_MID_RATE_STRESS,STEEP_MID_RATE_STRESS
2008-12-08,-0.0037680783515218,1.6613880613348992,-0.01429078143589757,0.0,0.0,FULL_RISK,STEEP_MID_RATE_STRESS,CREDIT,STEEP_MID_RATE,STEEP_MID_RATE_STRESS,STEEP_MID_RATE_STRESS
2008-12-09,0.0085102134077315,1.6755268282899165,-0.005902185627948753,0.0,0.0,FULL_RISK,STEEP_MID_RATE_STRESS,CREDIT,STEEP_MID_RATE,STEEP_MID_RATE_STRESS,STEEP_MID_RATE_STRESS
2008-12-10,-0.0009382909580832,1.6739546966169063,-0.0068349386186242755,0.0,0.0,FULL_RISK,STEEP_MID_RATE_STRESS,CREDIT,STEEP_MID_RATE,STEEP_MID_RATE_STRESS,STEEP_MID_RATE_STRESS
2008-12-11,0.0060480078915836,1.684078787832199,-0.0008282684897444881,0.0,0.0,FULL_RISK,STEEP_MID_RATE_STRESS,CREDIT,STEEP_MID_RATE,STEEP_MID_RATE_STRESS,STEEP_MID_RATE_STRESS
2008-12-12,0.0027978423850398,1.6887905748445424,0.0,0.0,0.0,FULL_RISK,STEEP_MID_RATE_STRESS,CREDIT,STEEP_MID_RATE,STEEP_MID_RATE_STRESS,STEEP_MID_RATE_STRESS
2008-12-15,0.0021696986967216,1.6924547415538185,0.0,0.0,0.0,FULL_RISK,STEEP_MID_RATE_STRESS,CREDIT,STEEP_MID_RATE,STEEP_MID_RATE_STRESS,STEEP_MID_RATE_STRESS
2008-12-16,0.015882437197916,1.7193350476968623,0.0,0.0,0.0,FULL_RISK,STEEP_MID_RATE_STRESS,CREDIT,STEEP_MID_RATE,STEEP_MID_RATE_STRESS,STEEP_MID_RATE_STRESS
2008-12-17,0.0068002542142395,1.7310269631006527,0.0,0.0,0.0,FULL_RISK,STEEP_MID_RATE_STRESS,CREDIT,STEEP_MID_RATE,STEEP_MID_RATE_STRESS,STEEP_MID_RATE_STRESS
2008-12-18,0.0067553647552063,1.7427206816374947,0.0,0.0,0.0,FULL_RISK,STEEP_MID_RATE_STRESS,CREDIT,STEEP_MID_RATE,STEEP_MID_RATE_STRESS,STEEP_MID_RATE_STRESS
2008-12-19,-0.0033043768766964,1.7369620757145512,-0.00330437687669638,0.0,0.0,FULL_RISK,STEEP_MID_RATE_STRESS,CREDIT,STEEP_MID_RATE,STEEP_MID_RATE_STRESS,STEEP_MID_RATE_STRESS
2008-12-22,-0.0026128871520648,1.732423589823293,-0.0059086300648744094,0.0,0.0,FULL_RISK,STEEP_MID_RATE_STRESS,CREDIT,STEEP_MID_RATE,STEEP_MID_RATE_STRESS,STEEP_MID_RATE_STRESS
2008-12-23,-0.0005039859179997,1.7315504727300115,-0.006409638116526728,0.0,0.0,FULL_RISK,STEEP_MID_RATE_STRESS,CREDIT,STEEP_MID_RATE,STEEP_MID_RATE_STRESS,STEEP_MID_RATE_STRESS
2008-12-24,-0.0010080172779159,1.7298050399359162,-0.007411194368476037,0.0,0.0,FULL_RISK,STEEP_MID_RATE_STRESS,CREDIT,STEEP_MID_RATE,STEEP_MID_RATE_STRESS,STEEP_MID_RATE_STRESS
2008-12-26,0.0053482761228664,1.7390565149282196,-0.0021025553594924418,0.0,0.0,FULL_RISK,STEEP_MID_RATE_STRESS,CREDIT,STEEP_MID_RATE,STEEP_MID_RATE_STRESS,STEEP_MID_RATE_STRESS
2008-12-29,0.0022054857425668,1.7428919792774118,0.0,0.0,0.0,FULL_RISK,STEEP_MID_RATE_STRESS,CREDIT,STEEP_MID_RATE,STEEP_MID_RATE_STRESS,STEEP_MID_RATE_STRESS
2008-12-30,0.0014074666542824,1.7453450416202612,0.0,0.0,0.0,FULL_RISK,STEEP_MID_RATE_STRESS,CREDIT,STEEP_MID_RATE,STEEP_MID_RATE_STRESS,STEEP_MID_RATE_STRESS
2008-12-31,-0.011040385180063,1.7260757600886605,-0.011040385180062895,0.0,0.0,FULL_RISK,STEEP_MID_RATE_STRESS,CREDIT,STEEP_MID_RATE,STEEP_MID_RATE_STRESS,STEEP_MID_RATE_STRESS
2009-01-02,-0.01431021696888,1.7013752414570673,-0.02519261184159627,0.0,0.0,FULL_RISK,STEEP_MID_RATE_STRESS,CREDIT,STEEP_MID_RATE,STEEP_MID_RATE_STRESS,STEEP_MID_RATE_STRESS
2009-01-05,-0.0017511579886941,1.6983958646112234,-0.026899653586807903,0.0,0.0,FULL_RISK,STEEP_MID_RATE_STRESS,CREDIT,STEEP_MID_RATE,STEEP_MID_RATE_STRESS,STEEP_MID_RATE_STRESS
2009-01-06,-0.0006193065088287,1.697344036997702,-0.02750230096508499,0.0,0.0,FULL_RISK,STEEP_MID_RATE_STRESS,CREDIT,STEEP_MID_RATE,STEEP_MID_RATE_STRESS,STEEP_MID_RATE_STRESS
2009-01-07,0.0002077437914704,1.6976966496833776,-0.02730027060589113,0.0,0.0,FULL_RISK,STEEP_MID_RATE_STRESS,CREDIT,STEEP_MID_RATE,STEEP_MID_RATE_STRESS,STEEP_MID_RATE_STRESS
2009-01-08,0.0026819345521111,1.702249760987167,-0.024691553592799842,0.0,0.0,FULL_RISK,STEEP_MID_RATE_STRESS,CREDIT,STEEP_MID_RATE,STEEP_MID_RATE_STRESS,STEEP_MID_RATE_STRESS
2009-01-09,0.0046316936700696,1.7101340604300088,-0.020174223635210153,0.0,0.0,FULL_RISK,STEEP_MID_RATE_STRESS,CREDIT,STEEP_MID_RATE,STEEP_MID_RATE_STRESS,STEEP_MID_RATE_STRESS
2009-01-12,0.0062488482350773,1.7208204286352724,-0.014051441061889824,0.0,0.0,FULL_RISK,STEEP_MID_RATE_STRESS,CREDIT,STEEP_MID_RATE,STEEP_MID_RATE_STRESS,STEEP_MID_RATE_STRESS
2009-01-13,0.0007117117033206,1.7220451566736454,-0.01334972993362138,0.0,0.0,FULL_RISK,STEEP_MID_RATE_STRESS,CREDIT,STEEP_MID_RATE,STEEP_MID_RATE_STRESS,STEEP_MID_RATE_STRESS
2009-01-14,0.0055956389942601,1.7316810997022054,-0.007828791208740582,0.0,0.0,FULL_RISK,STEEP_MID_RATE_STRESS,CREDIT,STEEP_MID_RATE,STEEP_MID_RATE_STRESS,STEEP_MID_RATE_STRESS
2009-01-15,-0.0008095230547469,1.730279263928527,-0.008631976676513275,0.0,0.0,FULL_RISK,STEEP_MID_RATE_STRESS,CREDIT,STEEP_MID_RATE,STEEP_MID_RATE_STRESS,STEEP_MID_RATE_STRESS
2009-01-16,-0.0092134838225901,1.7143373639217583,-0.01776592992163739,0.0,0.0,FULL_RISK,STEEP_MID_RATE_STRESS,CREDIT,STEEP_MID_RATE,STEEP_MID_RATE_STRESS,STEEP_MID_RATE_STRESS
2009-01-20,-0.0015325835274968,1.7117099987172395,-0.019271285677585626,0.0,0.0,FULL_RISK,STEEP_MID_RATE_STRESS,CREDIT,STEEP_MID_RATE,STEEP_MID_RATE_STRESS,STEEP_MID_RATE_STRESS
2009-01-21,-0.0089040096192752,1.6964689164232516,-0.02800370358381188,0.0,0.0,FULL_RISK,STEEP_MID_RATE_STRESS,CREDIT,STEEP_MID_RATE,STEEP_MID_RATE_STRESS,STEEP_MID_RATE_STRESS
2009-01-22,-0.0066094241985279,1.6852562337149932,-0.03442803942622463,0.0,0.0,FULL_RISK,STEEP_MID_RATE_STRESS,CREDIT,STEEP_MID_RATE,STEEP_MID_RATE_STRESS,STEEP_MID_RATE_STRESS
2009-01-23,0.0002086394567528,1.6856078446600848,-0.034226583016914724,0.0,0.0,FULL_RISK,STEEP_MID_RATE_STRESS,CREDIT,STEEP_MID_RATE,STEEP_MID_RATE_STRESS,STEEP_MID_RATE_STRESS
2009-01-26,-0.002494712301039,1.6814027380352834,-0.03663590984027898,0.0,0.0,FULL_RISK,STEEP_MID_RATE_STRESS,CREDIT,STEEP_MID_RATE,STEEP_MID_RATE_STRESS,STEEP_MID_RATE_STRESS
2009-01-27,0.0065643868992992,1.692440116141288,-0.030312015227579092,0.0,0.0,FULL_RISK,STEEP_MID_RATE_STRESS,CREDIT,STEEP_MID_RATE,STEEP_MID_RATE_STRESS,STEEP_MID_RATE_STRESS
2009-01-28,-0.0064175222554089,1.6815788440300046,-0.036535009450658684,0.0,0.0,FULL_RISK,STEEP_MID_RATE_STRESS,CREDIT,STEEP_MID_RATE,STEEP_MID_RATE_STRESS,STEEP_MID_RATE_STRESS
2009-01-29,-0.0130226127195728,1.6596802939867747,-0.049081840891449735,0.0,0.0,FULL_RISK,STEEP_MID_RATE_STRESS,CREDIT,STEEP_MID_RATE,STEEP_MID_RATE_STRESS,STEEP_MID_RATE_STRESS
2009-01-30,-0.0004216570954851,1.6589804780145783,-0.049482802280463645,0.0,0.0,FULL_RISK,STEEP_MID_RATE_STRESS,CREDIT,STEEP_MID_RATE,STEEP_MID_RATE_STRESS,STEEP_MID_RATE_STRESS
2009-02-02,0.0081114769845431,1.6724372599797999,-0.04177270390774912,0.0,0.0,FULL_RISK,STEEP_MID_RATE_STRESS,CREDIT,STEEP_MID_RATE,STEEP_MID_RATE_STRESS,STEEP_MID_RATE_STRESS
2009-02-03,-0.0086133755024538,1.658031929855299,-0.0500262754256926,0.0,0.0,FULL_RISK,STEEP_MID_RATE_STRESS,CREDIT,STEEP_MID_RATE,STEEP_MID_RATE_STRESS,STEEP_MID_RATE_STRESS
2009-02-04,-0.0050863033040491,1.649598676572257,-0.054858129919754806,0.0,0.0,FULL_RISK,STEEP_MID_RATE_STRESS,CREDIT,STEEP_MID_RATE,STEEP_MID_RATE_STRESS,STEEP_MID_RATE_STRESS
2009-02-05,0.0023430643618842,1.6534637924427449,-0.05264360168704518,0.0,0.0,FULL_RISK,STEEP_MID_RATE_STRESS,CREDIT,STEEP_MID_RATE,STEEP_MID_RATE_STRESS,STEEP_MID_RATE_STRESS
2009-02-06,-0.0060562557358249,1.6434499928657846,-0.05838103430819841,0.0,0.0,FULL_RISK,STEEP_MID_RATE_STRESS,CREDIT,STEEP_MID_RATE,STEEP_MID_RATE_STRESS,STEEP_MID_RATE_STRESS
2009-02-09,-0.00203091026033,1.6401122934129342,-0.06029337792694334,0.0,0.0,FULL_RISK,STEEP_MID_RATE_STRESS,CREDIT,STEEP_MID_RATE,STEEP_MID_RATE_STRESS,STEEP_MID_RATE_STRESS
2009-02-10,0.0133896672036402,1.6620728511983325,-0.04771101898832819,0.0,0.0,FULL_RISK,STEEP_MID_RATE_STRESS,CREDIT,STEEP_MID_RATE,STEEP_MID_RATE_STRESS,STEEP_MID_RATE_STRESS
2009-02-11,0.0077149930667761,1.6748957317218045,-0.040364116102255765,0.0,0.0,FULL_RISK,STEEP_MID_RATE_STRESS,CREDIT,STEEP_MID_RATE,STEEP_MID_RATE_STRESS,STEEP_MID_RATE_STRESS
2009-02-12,-0.0003143567931658,1.6743692168706934,-0.040665784161324714,0.0,0.0,FULL_RISK,STEEP_MID_RATE_STRESS,CREDIT,STEEP_MID_RATE,STEEP_MID_RATE_STRESS,STEEP_MID_RATE_STRESS
2009-02-13,-0.007869228570784,1.6611932227912534,-0.04821500438153303,0.0,0.0,FULL_RISK,STEEP_MID_RATE_STRESS,CREDIT,STEEP_MID_RATE,STEEP_MID_RATE_STRESS,STEEP_MID_RATE_STRESS
2009-02-17,0.0168152238174503,1.68912655863652,-0.03221052665411739,0.0,0.0,FULL_RISK,STEEP_MID_RATE_STRESS,CREDIT,STEEP_MID_RATE,STEEP_MID_RATE_STRESS,STEEP_MID_RATE_STRESS
2009-02-18,-0.0072806079688689,1.676828690353283,-0.03925662240594685,0.0,0.0,FULL_RISK,STEEP_MID_RATE_STRESS,CREDIT,STEEP_MID_RATE,STEEP_MID_RATE_STRESS,STEEP_MID_RATE_STRESS
2009-02-19,-0.0055527308404111,1.6675177119702722,-0.04459137178843409,0.0,0.0,FULL_RISK,STEEP_MID_RATE_STRESS,CREDIT,STEEP_MID_RATE,STEEP_MID_RATE_STRESS,STEEP_MID_RATE_STRESS
2009-02-20,0.0028446727460911,1.6722612541591382,-0.04187354690238032,0.0,0.0,FULL_RISK,STEEP_MID_RATE_STRESS,CREDIT,STEEP_MID_RATE,STEEP_MID_RATE_STRESS,STEEP_MID_RATE_STRESS
2009-02-23,0.0009458140614257,1.6738429023676995,-0.040967337430416584,0.0,0.0,FULL_RISK,STEEP_MID_RATE_STRESS,CREDIT,STEEP_MID_RATE,STEEP_MID_RATE_STRESS,STEEP_MID_RATE_STRESS
2009-02-24,-0.0037788435154101,1.667517711970272,-0.0445913717884342,0.0,0.0,FULL_RISK,STEEP_MID_RATE_STRESS,CREDIT,STEEP_MID_RATE,STEEP_MID_RATE_STRESS,STEEP_MID_RATE_STRESS
2009-02-25,-0.0090600841525241,1.6524098611739968,-0.053247454360078605,0.0,0.0,FULL_RISK,STEEP_MID_RATE_STRESS,CREDIT,STEEP_MID_RATE,STEEP_MID_RATE_STRESS,STEEP_MID_RATE_STRESS
2009-02-26,-0.0025503493794961,1.6481956387098786,-0.05566200412738764,0.0,0.0,FULL_RISK,STEEP_MID_RATE_STRESS,CREDIT,STEEP_MID_RATE,STEEP_MID_RATE_STRESS,STEEP_MID_RATE_STRESS
2009-02-27,-0.0008542957718316,1.6467875921445774,-0.05646874808444158,0.0,0.0,FULL_RISK,STEEP_MID_RATE_STRESS,CREDIT,STEEP_MID_RATE,STEEP_MID_RATE_STRESS,STEEP_MID_RATE_STRESS
2009-03-02,0.0100334796051062,1.663310601864302,-0.04700184651156647,0.0,0.0,FULL_RISK,STEEP_MID_RATE_STRESS,CREDIT,STEEP_MID_RATE,STEEP_MID_RATE_STRESS,STEEP_MID_RATE_STRESS
2009-03-03,-0.0012703408564276,1.6611976304498246,-0.04821247900204295,0.0,0.0,FULL_RISK,STEEP_MID_RATE_STRESS,CREDIT,STEEP_MID_RATE,STEEP_MID_RATE_STRESS,STEEP_MID_RATE_STRESS
2009-03-04,-0.0050898769784585,1.6527423388739282,-0.053056960393554564,0.0,0.0,FULL_RISK,STEEP_MID_RATE_STRESS,CREDIT,STEEP_MID_RATE,STEEP_MID_RATE_STRESS,STEEP_MID_RATE_STRESS
2009-03-05,0.0117235254692096,1.6721183057777578,-0.04195544955083763,0.0,0.0,FULL_RISK,STEEP_MID_RATE_STRESS,CREDIT,STEEP_MID_RATE,STEEP_MID_RATE_STRESS,STEEP_MID_RATE_STRESS
2009-03-06,-0.0047409171112923,1.664190931489791,-0.046497459353442405,0.0,0.0,FULL_RISK,STEEP_MID_RATE_STRESS,CREDIT,STEEP_MID_RATE,STEEP_MID_RATE_STRESS,STEEP_MID_RATE_STRESS
2009-03-09,0.0004230423741222,1.6648949547724412,-0.046094087374915604,0.0,0.0,FULL_RISK,STEEP_MID_RATE_STRESS,CREDIT,STEEP_MID_RATE,STEEP_MID_RATE_STRESS,STEEP_MID_RATE_STRESS
2009-03-10,-0.0072993289238323,1.6527423388739282,-0.053056960393554564,0.0,0.0,FULL_RISK,STEEP_MID_RATE_STRESS,CREDIT,STEEP_MID_RATE,STEEP_MID_RATE_STRESS,STEEP_MID_RATE_STRESS
2009-03-11,0.0071400751064962,1.6645430433051744,-0.046295715969190576,0.0,0.0,FULL_RISK,STEEP_MID_RATE_STRESS,CREDIT,STEEP_MID_RATE,STEEP_MID_RATE_STRESS,STEEP_MID_RATE_STRESS
2009-03-12,0.0028564966839002,1.6692978049885847,-0.04357146284443525,0.0,0.0,FULL_RISK,STEEP_MID_RATE_STRESS,CREDIT,STEEP_MID_RATE,STEEP_MID_RATE_STRESS,STEEP_MID_RATE_STRESS
2009-03-13,-0.0007376992269491,1.6680663652882968,-0.04427701943692697,0.0,0.0,FULL_RISK,STEEP_MID_RATE_STRESS,CREDIT,STEEP_MID_RATE,STEEP_MID_RATE_STRESS,STEEP_MID_RATE_STRESS
2009-03-16,-0.0057015868669106,1.6585557400068338,-0.04972615703131,0.0,0.0,FULL_RISK,STEEP_MID_RATE_STRESS,CREDIT,STEEP_MID_RATE,STEEP_MID_RATE_STRESS,STEEP_MID_RATE_STRESS
2009-03-17,-0.0019131182776994,1.6553827267060435,-0.051544143289113054,0.0,0.0,FULL_RISK,STEEP_MID_RATE_STRESS,CREDIT,STEEP_MID_RATE,STEEP_MID_RATE_STRESS,STEEP_MID_RATE_STRESS
2009-03-18,0.0342631048206529,1.712101278589471,-0.01904710085286576,0.0,0.0,FULL_RISK,STEEP_MID_RATE_STRESS,CREDIT,STEEP_MID_RATE,STEEP_MID_RATE_STRESS,STEEP_MID_RATE_STRESS
2009-03-19,-0.0033944827018059,1.7062895804155593,-0.022376928500306925,0.0,0.0,FULL_RISK,STEEP_MID_RATE_STRESS,CREDIT,STEEP_MID_RATE,STEEP_MID_RATE_STRESS,STEEP_MID_RATE_STRESS
2009-03-20,0.0,1.7062895804155593,-0.022376928500306925,0.0,0.0,FULL_RISK,STEEP_MID_RATE_STRESS,CREDIT,STEEP_MID_RATE,STEEP_MID_RATE_STRESS,STEEP_MID_RATE_STRESS
2009-03-23,-0.0034073360524076,1.700475678412362,-0.025708018837493296,0.0,0.0,FULL_RISK,STEEP_MID_RATE_STRESS,CREDIT,STEEP_MID_RATE,STEEP_MID_RATE_STRESS,STEEP_MID_RATE_STRESS
2009-03-24,-0.0014501146083023,1.6980097937900334,-0.027120853872128925,0.0,0.0,FULL_RISK,STEEP_MID_RATE_STRESS,CREDIT,STEEP_MID_RATE,STEEP_MID_RATE_STRESS,STEEP_MID_RATE_STRESS
2009-03-25,-0.0060160723571103,1.6877944440075106,-0.03297376520995787,0.0,0.0,FULL_RISK,STEEP_MID_RATE_STRESS,CREDIT,STEEP_MID_RATE,STEEP_MID_RATE_STRESS,STEEP_MID_RATE_STRESS
2009-03-26,0.0026082851424371,1.6921966931793033,-0.03045148504940809,0.0,0.0,FULL_RISK,STEEP_MID_RATE_STRESS,CREDIT,STEEP_MID_RATE,STEEP_MID_RATE_STRESS,STEEP_MID_RATE_STRESS
2009-03-27,-0.0006251271269417,1.691138855122276,-0.031057576126989672,0.0,0.0,FULL_RISK,STEEP_MID_RATE_STRESS,CREDIT,STEEP_MID_RATE,STEEP_MID_RATE_STRESS,STEEP_MID_RATE_STRESS
2009-03-30,0.0042709384501982,1.6983616050832417,-0.02691928267284227,0.0,0.0,FULL_RISK,STEEP_MID_RATE_STRESS,CREDIT,STEEP_MID_RATE,STEEP_MID_RATE_STRESS,STEEP_MID_RATE_STRESS
2009-03-31,0.001764174412971,1.701357811170902,-0.025202598569578183,0.0,0.0,FULL_RISK,STEEP_MID_RATE_STRESS,CREDIT,STEEP_MID_RATE,STEEP_MID_RATE_STRESS,STEEP_MID_RATE_STRESS
2009-04-01,0.0024495973154994,1.7055254526978503,-0.022814737471878344,0.0,0.0,FULL_RISK,STEEP_MID_RATE_STRESS,CREDIT,STEEP_MID_RATE,STEEP_MID_RATE_STRESS,STEEP_MID_RATE_STRESS
2009-04-02,-0.0065247550456312,1.6943973168949076,-0.02919063194407512,0.0,0.0,FULL_RISK,STEEP_MID_RATE_STRESS,CREDIT,STEEP_MID_RATE,STEEP_MID_RATE_STRESS,STEEP_MID_RATE_STRESS
2009-04-03,-0.0114675948468453,1.674966654955175,-0.04032348045046252,0.0,0.0,FULL_RISK,STEEP_MID_RATE_STRESS,CREDIT,STEEP_MID_RATE,STEEP_MID_RATE_STRESS,STEEP_MID_RATE_STRESS
2009-04-06,-0.0023204362197613,1.6710800016621246,-0.04255034860567963,0.0,0.0,FULL_RISK,STEEP_MID_RATE_STRESS,CREDIT,STEEP_MID_RATE,STEEP_MID_RATE_STRESS,STEEP_MID_RATE_STRESS
2009-04-07,0.0025370818098133,1.6753196683370843,-0.04012122051131506,0.0,0.0,FULL_RISK,STEEP_MID_RATE_STRESS,CREDIT,STEEP_MID_RATE,STEEP_MID_RATE_STRESS,STEEP_MID_RATE_STRESS
2009-04-08,0.0049559058141708,1.6836223948219908,-0.035364151687147904,0.0,0.0,FULL_RISK,STEEP_MID_RATE_STRESS,CREDIT,STEEP_MID_RATE,STEEP_MID_RATE_STRESS,STEEP_MID_RATE_STRESS
2009-04-09,-0.0058751815467035,1.673730807596316,-0.04103156242244421,0.0,0.0,FULL_RISK,STEEP_MID_RATE_STRESS,CREDIT,STEEP_MID_RATE,STEEP_MID_RATE_STRESS,STEEP_MID_RATE_STRESS
2009-04-13,0.0059099033015235,1.683622394821991,-0.03536415168714779,0.0,0.0,FULL_RISK,STEEP_MID_RATE_STRESS,CREDIT,STEEP_MID_RATE,STEEP_MID_RATE_STRESS,STEEP_MID_RATE_STRESS
2009-04-14,0.0051408433524899,1.692277633818515,-0.030405109898774985,0.0,0.0,FULL_RISK,STEEP_MID_RATE_STRESS,CREDIT,STEEP_MID_RATE,STEEP_MID_RATE_STRESS,STEEP_MID_RATE_STRESS
2009-04-15,0.0009400136337494,1.6938683978663935,-0.029493677482866132,0.0,0.0,FULL_RISK,STEEP_MID_RATE_STRESS,CREDIT,STEEP_MID_RATE,STEEP_MID_RATE_STRESS,STEEP_MID_RATE_STRESS
2009-04-16,-0.0039626826780984,1.6871561349071902,-0.03333948607608972,0.0,0.0,FULL_RISK,STEEP_MID_RATE_STRESS,CREDIT,STEEP_MID_RATE,STEEP_MID_RATE_STRESS,STEEP_MID_RATE_STRESS
2009-04-17,-0.0080626420015478,1.6735531989907184,-0.04113332373689049,0.0,0.0,FULL_RISK,STEEP_MID_RATE_STRESS,CREDIT,STEEP_MID_RATE,STEEP_MID_RATE_STRESS,STEEP_MID_RATE_STRESS
2009-04-20,0.0069656317831199,1.6852105543443503,-0.03445421154093753,0.0,0.0,FULL_RISK,STEEP_MID_RATE_STRESS,CREDIT,STEEP_MID_RATE,STEEP_MID_RATE_STRESS,STEEP_MID_RATE_STRESS
2009-04-21,0.0185376897674033,1.7164504647935395,-0.016555223258260643,2.0,0.001,NON_RISK,STEEP_MID_RATE_NORMAL,,STEEP_MID_RATE,STEEP_MID_RATE_NORMAL,STEEP_MID_RATE_NORMAL
2009-04-22,-0.0061133919397191,1.7059571303571437,-0.022567406629552367,0.0,0.0,NON_RISK,STEEP_MID_RATE_NORMAL,,STEEP_MID_RATE,STEEP_MID_RATE_NORMAL,STEEP_MID_RATE_NORMAL
2009-04-23,0.0098180916371557,1.7227063737920494,-0.01297088385869849,0.0,0.0,NON_RISK,STEEP_MID_RATE_NORMAL,,STEEP_MID_RATE,STEEP_MID_RATE_NORMAL,STEEP_MID_RATE_NORMAL
2009-04-24,0.0151100692823664,1.7487365864532216,0.0,0.0,0.0,NON_RISK,STEEP_MID_RATE_NORMAL,,STEEP_MID_RATE,STEEP_MID_RATE_NORMAL,STEEP_MID_RATE_NORMAL
2009-04-27,-0.0094617267552715,1.732190518705255,-0.00946172675527146,0.0,0.0,NON_RISK,STEEP_MID_RATE_NORMAL,,STEEP_MID_RATE,STEEP_MID_RATE_NORMAL,STEEP_MID_RATE_NORMAL
2009-04-28,-0.0031452792724291,1.7267422957708731,-0.012577246254655838,0.0,0.0,NON_RISK,STEEP_MID_RATE_NORMAL,,STEEP_MID_RATE,STEEP_MID_RATE_NORMAL,STEEP_MID_RATE_NORMAL
2009-04-29,0.0212692501052258,1.7634688095268958,0.0,0.0,0.0,NON_RISK,STEEP_MID_RATE_NORMAL,,STEEP_MID_RATE,STEEP_MID_RATE_NORMAL,STEEP_MID_RATE_NORMAL
2009-04-30,0.0003433888460855,1.764074365046507,0.0,0.0,0.0,NON_RISK,STEEP_MID_RATE_NORMAL,,STEEP_MID_RATE,STEEP_MID_RATE_NORMAL,STEEP_MID_RATE_NORMAL
2009-05-01,0.0053759765063783,1.7735579873885012,0.0,0.0,0.0,NON_RISK,STEEP_MID_RATE_NORMAL,,STEEP_MID_RATE,STEEP_MID_RATE_NORMAL,STEEP_MID_RATE_NORMAL
2009-05-04,0.024874492257339294,1.8176743418137389,0.0,1.1737428502009162,0.0005868714251004582,NON_RISK,STEEP_HIGH_RATE_NORMAL,,STEEP_HIGH_RATE,STEEP_HIGH_RATE_NORMAL,STEEP_HIGH_RATE_NORMAL
2009-05-05,-0.003991440923138011,1.8104192020608856,-0.003991440923137968,0.0,0.0,NON_RISK,STEEP_HIGH_RATE_NORMAL,,STEEP_HIGH_RATE,STEEP_HIGH_RATE_NORMAL,STEEP_HIGH_RATE_NORMAL
2009-05-06,0.01574020153768086,1.8389155651690112,0.0,0.0,0.0,NON_RISK,STEEP_HIGH_RATE_NORMAL,,STEEP_HIGH_RATE,STEEP_HIGH_RATE_NORMAL,STEEP_HIGH_RATE_NORMAL
2009-05-07,-0.0063947804983701196,1.827156103774719,-0.006394780498370167,0.0,0.0,NON_RISK,STEEP_HIGH_RATE_NORMAL,,STEEP_HIGH_RATE,STEEP_HIGH_RATE_NORMAL,STEEP_HIGH_RATE_NORMAL
2009-05-08,0.013182667546707385,1.8512428952467186,0.0,0.0,0.0,NON_RISK,STEEP_HIGH_RATE_NORMAL,,STEEP_HIGH_RATE,STEEP_HIGH_RATE_NORMAL,STEEP_HIGH_RATE_NORMAL
2009-05-11,-0.009622440928069213,1.8334294198436993,-0.009622440928069187,0.0,0.0,NON_RISK,STEEP_HIGH_RATE_NORMAL,,STEEP_HIGH_RATE,STEEP_HIGH_RATE_NORMAL,STEEP_HIGH_RATE_NORMAL
2009-05-12,0.005386158793608344,1.8433045618358508,-0.0042881101292814305,0.0,0.0,NON_RISK,STEEP_HIGH_RATE_NORMAL,,STEEP_HIGH_RATE,STEEP_HIGH_RATE_NORMAL,STEEP_HIGH_RATE_NORMAL
2009-05-13,-0.00787653731544623,1.8287857046708185,-0.012130871985281622,0.0,0.0,NON_RISK,STEEP_HIGH_RATE_NORMAL,,STEEP_HIGH_RATE,STEEP_HIGH_RATE_NORMAL,STEEP_HIGH_RATE_NORMAL
2009-05-14,0.003154299043860046,1.8345542416704865,-0.009014837339325954,0.0,0.0,NON_RISK,STEEP_HIGH_RATE_NORMAL,,STEEP_HIGH_RATE,STEEP_HIGH_RATE_NORMAL,STEEP_HIGH_RATE_NORMAL
2009-05-15,-1.962571037175372e-05,1.8345182372402782,-0.009034286127111102,0.0,0.0,NON_RISK,STEEP_HIGH_RATE_NORMAL,,STEEP_HIGH_RATE,STEEP_HIGH_RATE_NORMAL,STEEP_HIGH_RATE_NORMAL
2009-05-18,0.004107580756838452,1.8420536690496356,-0.0049638144301200615,0.0,0.0,NON_RISK,STEEP_HIGH_RATE_NORMAL,,STEEP_HIGH_RATE,STEEP_HIGH_RATE_NORMAL,STEEP_HIGH_RATE_NORMAL
2009-05-19,0.0033988093443672422,1.8483144582728277,-0.0015818761446215746,0.0,0.0,NON_RISK,STEEP_HIGH_RATE_NORMAL,,STEEP_HIGH_RATE,STEEP_HIGH_RATE_NORMAL,STEEP_HIGH_RATE_NORMAL
2009-05-20,0.005557256085724764,1.8585860150443974,0.0,0.0,0.0,NON_RISK,STEEP_HIGH_RATE_NORMAL,,STEEP_HIGH_RATE,STEEP_HIGH_RATE_NORMAL,STEEP_HIGH_RATE_NORMAL
2009-05-21,0.00424500270214047,1.8664757177004214,0.0,0.0,0.0,NON_RISK,STEEP_HIGH_RATE_NORMAL,,STEEP_HIGH_RATE,STEEP_HIGH_RATE_NORMAL,STEEP_HIGH_RATE_NORMAL
2009-05-22,0.0009961856888833103,1.868335074099043,0.0,0.0,0.0,NON_RISK,STEEP_HIGH_RATE_NORMAL,,STEEP_HIGH_RATE,STEEP_HIGH_RATE_NORMAL,STEEP_HIGH_RATE_NORMAL
2009-05-26,0.008150192012575734,1.88356236369678,0.0,0.0,0.0,NON_RISK,STEEP_HIGH_RATE_NORMAL,,STEEP_HIGH_RATE,STEEP_HIGH_RATE_NORMAL,STEEP_HIGH_RATE_NORMAL
2009-05-27,-0.009316198827797285,1.866014722212025,-0.009316198827797328,0.0,0.0,NON_RISK,STEEP_HIGH_RATE_NORMAL,,STEEP_HIGH_RATE,STEEP_HIGH_RATE_NORMAL,STEEP_HIGH_RATE_NORMAL
2009-05-28,0.010720308314776534,1.8860189753540497,0.0,0.0,0.0,NON_RISK,STEEP_HIGH_RATE_NORMAL,,STEEP_HIGH_RATE,STEEP_HIGH_RATE_NORMAL,STEEP_HIGH_RATE_NORMAL
2009-05-29,0.019521355629577068,1.9228366224960667,0.0,0.0,0.0,NON_RISK,STEEP_HIGH_RATE_NORMAL,,STEEP_HIGH_RATE,STEEP_HIGH_RATE_NORMAL,STEEP_HIGH_RATE_NORMAL
2009-06-01,0.0067652976297113525,1.9358451845405618,0.0,0.024490868409713873,1.2245434204856937e-05,NON_RISK,STEEP_HIGH_RATE_NORMAL,,STEEP_HIGH_RATE,STEEP_HIGH_RATE_NORMAL,STEEP_HIGH_RATE_NORMAL
2009-06-02,0.004281440838477085,1.944133391170623,0.0,0.0,0.0,NON_RISK,STEEP_HIGH_RATE_NORMAL,,STEEP_HIGH_RATE,STEEP_HIGH_RATE_NORMAL,STEEP_HIGH_RATE_NORMAL
2009-06-03,-0.01719616893270167,1.9107017449483465,-0.017196168932701705,0.0,0.0,NON_RISK,STEEP_HIGH_RATE_NORMAL,,STEEP_HIGH_RATE,STEEP_HIGH_RATE_NORMAL,STEEP_HIGH_RATE_NORMAL
2009-06-04,0.01531648190516371,1.9399669736510126,-0.0021430718378339098,0.0,0.0,NON_RISK,STEEP_HIGH_RATE_NORMAL,,STEEP_HIGH_RATE,STEEP_HIGH_RATE_NORMAL,STEEP_HIGH_RATE_NORMAL
2009-06-05,-0.015604033244011096,1.9096956645018786,-0.017713664517643113,0.0,0.0,NON_RISK,STEEP_HIGH_RATE_NORMAL,,STEEP_HIGH_RATE,STEEP_HIGH_RATE_NORMAL,STEEP_HIGH_RATE_NORMAL
2009-06-08,-0.0026128317138222963,1.904705951105919,-0.020280213407045777,0.0,0.0,NON_RISK,STEEP_HIGH_RATE_NORMAL,,STEEP_HIGH_RATE,STEEP_HIGH_RATE_NORMAL,STEEP_HIGH_RATE_NORMAL
2009-06-09,0.003772551932019675,1.9118915532216931,-0.016584169633296564,0.0,0.0,NON_RISK,STEEP_HIGH_RATE_NORMAL,,STEEP_HIGH_RATE,STEEP_HIGH_RATE_NORMAL,STEEP_HIGH_RATE_NORMAL
2009-06-10,-0.0008250535611191471,1.910314140287234,-0.01739554036620161,0.0,0.0,NON_RISK,STEEP_HIGH_RATE_NORMAL,,STEEP_HIGH_RATE,STEEP_HIGH_RATE_NORMAL,STEEP_HIGH_RATE_NORMAL
2009-06-11,0.000762441565107252,1.911770643190201,-0.016646361884117056,0.0,0.0,NON_RISK,STEEP_HIGH_RATE_NORMAL,,STEEP_HIGH_RATE,STEEP_HIGH_RATE_NORMAL,STEEP_HIGH_RATE_NORMAL
2009-06-12,-0.008683517225567714,1.8951697498787243,-0.025185330139520956,0.0,0.0,NON_RISK,STEEP_HIGH_RATE_NORMAL,,STEEP_HIGH_RATE,STEEP_HIGH_RATE_NORMAL,STEEP_HIGH_RATE_NORMAL
2009-06-15,-0.01614669774882269,1.8645690167447206,-0.04092536797487645,0.0,0.0,NON_RISK,STEEP_HIGH_RATE_NORMAL,,STEEP_HIGH_RATE,STEEP_HIGH_RATE_NORMAL,STEEP_HIGH_RATE_NORMAL
2009-06-16,2.1208181386537725e-05,1.8646085608626357,-0.04090502774611715,0.0,0.0,NON_RISK,STEEP_HIGH_RATE_NORMAL,,STEEP_HIGH_RATE,STEEP_HIGH_RATE_NORMAL,STEEP_HIGH_RATE_NORMAL
2009-06-17,0.002343753326655096,1.868978743380067,-0.038657145714319,0.0,0.0,NON_RISK,STEEP_HIGH_RATE_NORMAL,,STEEP_HIGH_RATE,STEEP_HIGH_RATE_NORMAL,STEEP_HIGH_RATE_NORMAL
2009-06-18,-0.0018672807992121034,1.865488835258418,-0.0404522427675863,0.0,0.0,NON_RISK,STEEP_HIGH_RATE_NORMAL,,STEEP_HIGH_RATE,STEEP_HIGH_RATE_NORMAL,STEEP_HIGH_RATE_NORMAL
2009-06-19,0.003374373341200907,1.871783691052422,-0.037214370395972196,0.0,0.0,NON_RISK,STEEP_HIGH_RATE_NORMAL,,STEEP_HIGH_RATE,STEEP_HIGH_RATE_NORMAL,STEEP_HIGH_RATE_NORMAL
2009-06-22,-0.02088735943093307,1.8326870723204514,-0.05732441989644865,0.0,0.0,NON_RISK,STEEP_HIGH_RATE_NORMAL,,STEEP_HIGH_RATE,STEEP_HIGH_RATE_NORMAL,STEEP_HIGH_RATE_NORMAL
2009-06-23,0.002828725322720175,1.8378712406505462,-0.05465784961189979,0.0,0.0,NON_RISK,STEEP_HIGH_RATE_NORMAL,,STEEP_HIGH_RATE,STEEP_HIGH_RATE_NORMAL,STEEP_HIGH_RATE_NORMAL
2009-06-24,0.006947267172029152,1.8506394231871344,-0.048090305124173005,0.0,0.0,NON_RISK,STEEP_HIGH_RATE_NORMAL,,STEEP_HIGH_RATE,STEEP_HIGH_RATE_NORMAL,STEEP_HIGH_RATE_NORMAL
2009-06-25,0.014352785524855229,1.8772012539119813,-0.034427749434589816,0.0,0.0,NON_RISK,STEEP_HIGH_RATE_NORMAL,,STEEP_HIGH_RATE,STEEP_HIGH_RATE_NORMAL,STEEP_HIGH_RATE_NORMAL
2009-06-26,-0.0011747416117197358,1.8749960274854385,-0.03556204733645085,0.0,0.0,NON_RISK,STEEP_HIGH_RATE_NORMAL,,STEEP_HIGH_RATE,STEEP_HIGH_RATE_NORMAL,STEEP_HIGH_RATE_NORMAL
2009-06-29,0.002130902324004409,1.8789914608779061,-0.03350692426176205,0.0,0.0,NON_RISK,STEEP_HIGH_RATE_NORMAL,,STEEP_HIGH_RATE,STEEP_HIGH_RATE_NORMAL,STEEP_HIGH_RATE_NORMAL
2009-06-30,-0.008841364265889827,1.8623786129197881,-0.04205204160482412,0.0,0.0,NON_RISK,STEEP_HIGH_RATE_NORMAL,,STEEP_HIGH_RATE,STEEP_HIGH_RATE_NORMAL,STEEP_HIGH_RATE_NORMAL
2009-07-01,0.009676162616302135,1.8803992912315233,-0.03278278138143764,0.016940943486521254,8.470471743260627e-06,NON_RISK,STEEP_HIGH_RATE_NORMAL,,STEEP_HIGH_RATE,STEEP_HIGH_RATE_NORMAL,STEEP_HIGH_RATE_NORMAL
2009-07-02,-0.018207243488265388,1.8461624034809092,-0.05039314078686874,0.0,0.0,NON_RISK,STEEP_HIGH_RATE_NORMAL,,STEEP_HIGH_RATE,STEEP_HIGH_RATE_NORMAL,STEEP_HIGH_RATE_NORMAL
2009-07-06,-0.003306122428103543,1.8400587645528395,-0.05353265732199419,0.0,0.0,NON_RISK,STEEP_HIGH_RATE_NORMAL,,STEEP_HIGH_RATE,STEEP_HIGH_RATE_NORMAL,STEEP_HIGH_RATE_NORMAL
2009-07-07,-0.007938424306549795,1.8254515973308332,-0.06104611668046489,0.0,0.0,NON_RISK,STEEP_HIGH_RATE_NORMAL,,STEEP_HIGH_RATE,STEEP_HIGH_RATE_NORMAL,STEEP_HIGH_RATE_NORMAL
2009-07-08,-0.00991273938627463,1.8073563713842338,-0.07035372182154198,0.0,0.0,NON_RISK,STEEP_HIGH_RATE_NORMAL,,STEEP_HIGH_RATE,STEEP_HIGH_RATE_NORMAL,STEEP_HIGH_RATE_NORMAL
2009-07-09,0.0023917161479671155,1.8116790548028048,-0.06813027180612508,0.0,0.0,NON_RISK,STEEP_HIGH_RATE_NORMAL,,STEEP_HIGH_RATE,STEEP_HIGH_RATE_NORMAL,STEEP_HIGH_RATE_NORMAL
2009-07-10,-0.00045968253037527706,1.810846257590665,-0.0685586360407614,0.0,0.0,NON_RISK,STEEP_HIGH_RATE_NORMAL,,STEEP_HIGH_RATE,STEEP_HIGH_RATE_NORMAL,STEEP_HIGH_RATE_NORMAL
2009-07-13,0.01368476880413217,1.835627269965621,-0.05581207632037377,0.0,0.0,NON_RISK,STEEP_HIGH_RATE_NORMAL,,STEEP_HIGH_RATE,STEEP_HIGH_RATE_NORMAL,STEEP_HIGH_RATE_NORMAL
2009-07-14,0.006397965572454499,1.8473715500427197,-0.049771194490744186,0.0,0.0,NON_RISK,STEEP_HIGH_RATE_NORMAL,,STEEP_HIGH_RATE,STEEP_HIGH_RATE_NORMAL,STEEP_HIGH_RATE_NORMAL
2009-07-15,0.02104404671774103,1.8862477232468444,-0.029774535115064116,0.0,0.0,NON_RISK,STEEP_HIGH_RATE_NORMAL,,STEEP_HIGH_RATE,STEEP_HIGH_RATE_NORMAL,STEEP_HIGH_RATE_NORMAL
2009-07-16,-0.0023435953877296765,1.8818271217825275,-0.03204835103962633,0.0,0.0,NON_RISK,STEEP_HIGH_RATE_NORMAL,,STEEP_HIGH_RATE,STEEP_HIGH_RATE_NORMAL,STEEP_HIGH_RATE_NORMAL
2009-07-17,0.003968342755890682,1.889294856809092,-0.02820718712542203,0.0,0.0,NON_RISK,STEEP_HIGH_RATE_NORMAL,,STEEP_HIGH_RATE,STEEP_HIGH_RATE_NORMAL,STEEP_HIGH_RATE_NORMAL
2009-07-20,0.01309148159512455,1.9140285256547718,-0.015484979401400034,0.0,0.0,NON_RISK,STEEP_HIGH_RATE_NORMAL,,STEEP_HIGH_RATE,STEEP_HIGH_RATE_NORMAL,STEEP_HIGH_RATE_NORMAL
2009-07-21,0.0008379638859559765,1.9156324124359598,-0.014659991368957348,0.0,0.0,NON_RISK,STEEP_HIGH_RATE_NORMAL,,STEEP_HIGH_RATE,STEEP_HIGH_RATE_NORMAL,STEEP_HIGH_RATE_NORMAL
2009-07-22,0.0019404060405131306,1.919349517140453,-0.012748031664250536,0.0,0.0,NON_RISK,STEEP_HIGH_RATE_NORMAL,,STEEP_HIGH_RATE,STEEP_HIGH_RATE_NORMAL,STEEP_HIGH_RATE_NORMAL
2009-07-23,0.007494919920041363,1.933734888069991,-0.005348657220670794,0.0,0.0,NON_RISK,STEEP_HIGH_RATE_NORMAL,,STEEP_HIGH_RATE,STEEP_HIGH_RATE_NORMAL,STEEP_HIGH_RATE_NORMAL
2009-07-24,0.0025845381583198407,1.9387326996762821,-0.002777942871033612,0.0,0.0,NON_RISK,STEEP_HIGH_RATE_NORMAL,,STEEP_HIGH_RATE,STEEP_HIGH_RATE_NORMAL,STEEP_HIGH_RATE_NORMAL
2009-07-27,0.0031119485578776185,1.94476593610515,0.0,0.0,0.0,NON_RISK,STEEP_HIGH_RATE_NORMAL,,STEEP_HIGH_RATE,STEEP_HIGH_RATE_NORMAL,STEEP_HIGH_RATE_NORMAL
2009-07-28,-0.012209348374199396,1.921021611284966,-0.012209348374199402,0.0,0.0,NON_RISK,STEEP_HIGH_RATE_NORMAL,,STEEP_HIGH_RATE,STEEP_HIGH_RATE_NORMAL,STEEP_HIGH_RATE_NORMAL
2009-07-29,-0.00696472285743734,1.9076422281592187,-0.01908903650394045,0.0,0.0,NON_RISK,STEEP_HIGH_RATE_NORMAL,,STEEP_HIGH_RATE,STEEP_HIGH_RATE_NORMAL,STEEP_HIGH_RATE_NORMAL
2009-07-30,0.006896845381692879,1.920798941650421,-0.012323845255500787,0.0,0.0,NON_RISK,STEEP_HIGH_RATE_NORMAL,,STEEP_HIGH_RATE,STEEP_HIGH_RATE_NORMAL,STEEP_HIGH_RATE_NORMAL
2009-07-31,0.012029600000336649,1.9439053845995453,-0.0004424961840538977,0.0,0.0,NON_RISK,STEEP_HIGH_RATE_NORMAL,,STEEP_HIGH_RATE,STEEP_HIGH_RATE_NORMAL,STEEP_HIGH_RATE_NORMAL
2009-08-03,0.01006954561277731,1.9634796285366938,0.0,0.04263068629926492,2.131534314963246e-05,NON_RISK,STEEP_HIGH_RATE_NORMAL,,STEEP_HIGH_RATE,STEEP_HIGH_RATE_NORMAL,STEEP_HIGH_RATE_NORMAL
2009-08-04,0.006129846128152946,1.9755154565353865,0.0,0.0,0.0,NON_RISK,STEEP_HIGH_RATE_NORMAL,,STEEP_HIGH_RATE,STEEP_HIGH_RATE_NORMAL,STEEP_HIGH_RATE_NORMAL
2009-08-05,-0.000572253384703786,1.9743849611288495,-0.0005722533847037914,0.0,0.0,NON_RISK,STEEP_HIGH_RATE_NORMAL,,STEEP_HIGH_RATE,STEEP_HIGH_RATE_NORMAL,STEEP_HIGH_RATE_NORMAL
2009-08-06,-0.0032559454289868674,1.9679564714396016,-0.003826335587898466,0.0,0.0,NON_RISK,STEEP_HIGH_RATE_NORMAL,,STEEP_HIGH_RATE,STEEP_HIGH_RATE_NORMAL,STEEP_HIGH_RATE_NORMAL
2009-08-07,0.00015779540968562968,1.968267005937256,-0.003669143956404497,0.0,0.0,NON_RISK,STEEP_HIGH_RATE_NORMAL,,STEEP_HIGH_RATE,STEEP_HIGH_RATE_NORMAL,STEEP_HIGH_RATE_NORMAL
2009-08-10,-0.005986172720706412,1.9564846196792478,-0.009633352547650853,0.0,0.0,NON_RISK,STEEP_HIGH_RATE_NORMAL,,STEEP_HIGH_RATE,STEEP_HIGH_RATE_NORMAL,STEEP_HIGH_RATE_NORMAL
2009-08-11,-0.006045191537945549,1.944657295412242,-0.015620308624293311,0.0,0.0,NON_RISK,STEEP_HIGH_RATE_NORMAL,,STEEP_HIGH_RATE,STEEP_HIGH_RATE_NORMAL,STEEP_HIGH_RATE_NORMAL
2009-08-12,0.005449829038744015,1.955255345211185,-0.010255607597084215,0.0,0.0,NON_RISK,STEEP_HIGH_RATE_NORMAL,,STEEP_HIGH_RATE,STEEP_HIGH_RATE_NORMAL,STEEP_HIGH_RATE_NORMAL
2009-08-13,0.00801703302069575,1.9709306918776348,-0.0023207941211416117,0.0,0.0,NON_RISK,STEEP_HIGH_RATE_NORMAL,,STEEP_HIGH_RATE,STEEP_HIGH_RATE_NORMAL,STEEP_HIGH_RATE_NORMAL
2009-08-14,-0.0076811571902777945,1.9557916634221797,-0.009984124926968652,0.0,0.0,NON_RISK,STEEP_HIGH_RATE_NORMAL,,STEEP_HIGH_RATE,STEEP_HIGH_RATE_NORMAL,STEEP_HIGH_RATE_NORMAL
2009-08-17,-0.018942679589675025,1.918743728597816,-0.02873767843716879,0.0,0.0,NON_RISK,STEEP_HIGH_RATE_NORMAL,,STEEP_HIGH_RATE,STEEP_HIGH_RATE_NORMAL,STEEP_HIGH_RATE_NORMAL
2009-08-18,0.006162534941990535,1.9305680538700252,-0.022752240442698968,0.0,0.0,NON_RISK,STEEP_HIGH_RATE_NORMAL,,STEEP_HIGH_RATE,STEEP_HIGH_RATE_NORMAL,STEEP_HIGH_RATE_NORMAL
2009-08-19,0.006625461486343371,1.943358958157706,-0.016277523049136655,0.0,0.0,NON_RISK,STEEP_HIGH_RATE_NORMAL,,STEEP_HIGH_RATE,STEEP_HIGH_RATE_NORMAL,STEEP_HIGH_RATE_NORMAL
2009-08-20,0.0026159253486025247,1.9484426401177843,-0.013704178485690943,0.0,0.0,NON_RISK,STEEP_HIGH_RATE_NORMAL,,STEEP_HIGH_RATE,STEEP_HIGH_RATE_NORMAL,STEEP_HIGH_RATE_NORMAL
2009-08-21,0.0168796361618192,1.9813316429651469,0.0,0.0,0.0,NON_RISK,STEEP_HIGH_RATE_NORMAL,,STEEP_HIGH_RATE,STEEP_HIGH_RATE_NORMAL,STEEP_HIGH_RATE_NORMAL
2009-08-24,-0.008241098705757339,1.9650032933266308,-0.008241098705757288,0.0,0.0,NON_RISK,STEEP_HIGH_RATE_NORMAL,,STEEP_HIGH_RATE,STEEP_HIGH_RATE_NORMAL,STEEP_HIGH_RATE_NORMAL
2009-08-25,0.003470318718741973,1.9718224810378517,-0.004799379226116951,0.0,0.0,NON_RISK,STEEP_HIGH_RATE_NORMAL,,STEEP_HIGH_RATE,STEEP_HIGH_RATE_NORMAL,STEEP_HIGH_RATE_NORMAL
2009-08-26,0.00022975506891418393,1.972275517247869,-0.0045707268389076905,0.0,0.0,NON_RISK,STEEP_HIGH_RATE_NORMAL,,STEEP_HIGH_RATE,STEEP_HIGH_RATE_NORMAL,STEEP_HIGH_RATE_NORMAL
2009-08-27,0.003449600186171429,1.9790790792393487,-0.0011368938328906175,0.0,0.0,NON_RISK,STEEP_HIGH_RATE_NORMAL,,STEEP_HIGH_RATE,STEEP_HIGH_RATE_NORMAL,STEEP_HIGH_RATE_NORMAL
2009-08-28,0.00419823213096488,1.9873877126195316,0.0,0.0,0.0,NON_RISK,STEEP_HIGH_RATE_NORMAL,,STEEP_HIGH_RATE,STEEP_HIGH_RATE_NORMAL,STEEP_HIGH_RATE_NORMAL
2009-08-31,-0.006617478652176607,1.9742362168576737,-0.006617478652176656,0.0,0.0,NON_RISK,STEEP_HIGH_RATE_NORMAL,,STEEP_HIGH_RATE,STEEP_HIGH_RATE_NORMAL,STEEP_HIGH_RATE_NORMAL
2009-09-01,-0.00620847148805918,1.961979227594619,-0.012784865712700877,0.0155706773975271,7.78533869876355e-06,NON_RISK,STEEP_HIGH_RATE_NORMAL,,STEEP_HIGH_RATE,STEEP_HIGH_RATE_NORMAL,STEEP_HIGH_RATE_NORMAL
2009-09-02,0.0125092861056286,1.9865221870859004,-0.000435509150094493,0.0,0.0,NON_RISK,STEEP_HIGH_RATE_NORMAL,,STEEP_HIGH_RATE,STEEP_HIGH_RATE_NORMAL,STEEP_HIGH_RATE_NORMAL
2009-09-03,0.01114286698447482,2.0086577395783065,0.0,0.0,0.0,NON_RISK,STEEP_HIGH_RATE_NORMAL,,STEEP_HIGH_RATE,STEEP_HIGH_RATE_NORMAL,STEEP_HIGH_RATE_NORMAL
2009-09-04,0.006320310676098306,2.0213530805343907,0.0,0.0,0.0,NON_RISK,STEEP_HIGH_RATE_NORMAL,,STEEP_HIGH_RATE,STEEP_HIGH_RATE_NORMAL,STEEP_HIGH_RATE_NORMAL
2009-09-08,0.0030414159709048964,2.0275008560763657,0.0,0.0,0.0,NON_RISK,STEEP_HIGH_RATE_NORMAL,,STEEP_HIGH_RATE,STEEP_HIGH_RATE_NORMAL,STEEP_HIGH_RATE_NORMAL
2009-09-09,0.0011565714482459992,2.0298458056777977,0.0,0.0,0.0,NON_RISK,STEEP_HIGH_RATE_NORMAL,,STEEP_HIGH_RATE,STEEP_HIGH_RATE_NORMAL,STEEP_HIGH_RATE_NORMAL
2009-09-10,0.0080019357500742,2.046088501397389,0.0,0.0,0.0,NON_RISK,STEEP_HIGH_RATE_NORMAL,,STEEP_HIGH_RATE,STEEP_HIGH_RATE_NORMAL,STEEP_HIGH_RATE_NORMAL
2009-09-11,0.006314200302483681,2.0590079140318207,0.0,0.0,0.0,NON_RISK,STEEP_HIGH_RATE_NORMAL,,STEEP_HIGH_RATE,STEEP_HIGH_RATE_NORMAL,STEEP_HIGH_RATE_NORMAL
2009-09-14,-0.0027501945475124547,2.0533452416933655,-0.0027501945475123524,0.0,0.0,NON_RISK,STEEP_HIGH_RATE_NORMAL,,STEEP_HIGH_RATE,STEEP_HIGH_RATE_NORMAL,STEEP_HIGH_RATE_NORMAL
2009-09-15,0.007312637571673986,2.06836061125539,0.0,0.0,0.0,NON_RISK,STEEP_HIGH_RATE_NORMAL,,STEEP_HIGH_RATE,STEEP_HIGH_RATE_NORMAL,STEEP_HIGH_RATE_NORMAL
2009-09-16,0.012286984812130725,2.0937745266718943,0.0,0.0,0.0,NON_RISK,STEEP_HIGH_RATE_NORMAL,,STEEP_HIGH_RATE,STEEP_HIGH_RATE_NORMAL,STEEP_HIGH_RATE_NORMAL
2009-09-17,-0.003928831480360093,2.08554843939873,-0.00392883148035994,0.0,0.0,NON_RISK,STEEP_HIGH_RATE_NORMAL,,STEEP_HIGH_RATE,STEEP_HIGH_RATE_NORMAL,STEEP_HIGH_RATE_NORMAL
2009-09-18,-0.0036327331551392556,2.0779721984362776,-0.00754729223911943,0.0,0.0,NON_RISK,STEEP_HIGH_RATE_NORMAL,,STEEP_HIGH_RATE,STEEP_HIGH_RATE_NORMAL,STEEP_HIGH_RATE_NORMAL
2009-09-21,-0.002883829243946193,2.07197968144232,-0.010409356380993717,0.0,0.0,NON_RISK,STEEP_HIGH_RATE_NORMAL,,STEEP_HIGH_RATE,STEEP_HIGH_RATE_NORMAL,STEEP_HIGH_RATE_NORMAL
2009-09-22,0.010159520790904226,2.0930300020942645,-0.0003555896626621369,0.0,0.0,NON_RISK,STEEP_HIGH_RATE_NORMAL,,STEEP_HIGH_RATE,STEEP_HIGH_RATE_NORMAL,STEEP_HIGH_RATE_NORMAL
2009-09-23,-0.008379183373327593,2.0754921199008405,-0.008731793485000638,0.0,0.0,NON_RISK,STEEP_HIGH_RATE_NORMAL,,STEEP_HIGH_RATE,STEEP_HIGH_RATE_NORMAL,STEEP_HIGH_RATE_NORMAL
2009-09-24,-0.012137025541975353,2.0503018190294355,-0.02076284102642123,0.0,0.0,NON_RISK,STEEP_HIGH_RATE_NORMAL,,STEEP_HIGH_RATE,STEEP_HIGH_RATE_NORMAL,STEEP_HIGH_RATE_NORMAL
2009-09-25,-0.005509506830408513,2.039005667153094,-0.02615795484237582,0.0,0.0,NON_RISK,STEEP_HIGH_RATE_NORMAL,,STEEP_HIGH_RATE,STEEP_HIGH_RATE_NORMAL,STEEP_HIGH_RATE_NORMAL
2009-09-28,0.007844838058652173,2.0550013364125843,-0.018518321703407614,0.0,0.0,NON_RISK,STEEP_HIGH_RATE_NORMAL,,STEEP_HIGH_RATE,STEEP_HIGH_RATE_NORMAL,STEEP_HIGH_RATE_NORMAL
2009-09-29,0.0009962994498571428,2.0570487331135077,-0.017540472047275935,0.0,0.0,NON_RISK,STEEP_HIGH_RATE_NORMAL,,STEEP_HIGH_RATE,STEEP_HIGH_RATE_NORMAL,STEEP_HIGH_RATE_NORMAL
2009-09-30,0.006800837855103145,2.0710383880074583,-0.010858924098468115,0.0,0.0,NON_RISK,STEEP_HIGH_RATE_NORMAL,,STEEP_HIGH_RATE,STEEP_HIGH_RATE_NORMAL,STEEP_HIGH_RATE_NORMAL
2009-10-01,-0.016592580855995825,2.0366745160985733,-0.027271327378350918,0.06404536001585581,3.202268000792791e-05,NON_RISK,STEEP_HIGH_RATE_NORMAL,,STEEP_HIGH_RATE,STEEP_HIGH_RATE_NORMAL,STEEP_HIGH_RATE_NORMAL
2009-10-02,0.0005653213361738883,2.0378258916573655,-0.026721423105409814,0.0,0.0,NON_RISK,STEEP_HIGH_RATE_NORMAL,,STEEP_HIGH_RATE,STEEP_HIGH_RATE_NORMAL,STEEP_HIGH_RATE_NORMAL
2009-10-05,0.014825490261814808,2.0680376595694057,-0.012292091041626207,0.0,0.0,NON_RISK,STEEP_HIGH_RATE_NORMAL,,STEEP_HIGH_RATE,STEEP_HIGH_RATE_NORMAL,STEEP_HIGH_RATE_NORMAL
2009-10-06,0.019963872043009586,2.109323698785174,0.0,0.0,0.0,NON_RISK,STEEP_HIGH_RATE_NORMAL,,STEEP_HIGH_RATE,STEEP_HIGH_RATE_NORMAL,STEEP_HIGH_RATE_NORMAL
2009-10-07,0.0016739862604810707,2.1128546776758474,0.0,0.0,0.0,NON_RISK,STEEP_HIGH_RATE_NORMAL,,STEEP_HIGH_RATE,STEEP_HIGH_RATE_NORMAL,STEEP_HIGH_RATE_NORMAL
2009-10-08,0.010305738034393344,2.1346292044887174,0.0,0.0,0.0,NON_RISK,STEEP_HIGH_RATE_NORMAL,,STEEP_HIGH_RATE,STEEP_HIGH_RATE_NORMAL,STEEP_HIGH_RATE_NORMAL
2009-10-09,-0.001452853701297018,2.1315279005480794,-0.0014528537012969966,0.0,0.0,NON_RISK,STEEP_HIGH_RATE_NORMAL,,STEEP_HIGH_RATE,STEEP_HIGH_RATE_NORMAL,STEEP_HIGH_RATE_NORMAL
2009-10-12,0.0056016629504667135,2.1434680014164655,0.0,0.0,0.0,NON_RISK,STEEP_HIGH_RATE_NORMAL,,STEEP_HIGH_RATE,STEEP_HIGH_RATE_NORMAL,STEEP_HIGH_RATE_NORMAL
2009-10-13,0.002766950768178345,2.149398871849551,0.0,0.0,0.0,NON_RISK,STEEP_HIGH_RATE_NORMAL,,STEEP_HIGH_RATE,STEEP_HIGH_RATE_NORMAL,STEEP_HIGH_RATE_NORMAL
2009-10-14,0.007388822963833904,2.1652803995923118,0.0,0.0,0.0,NON_RISK,STEEP_HIGH_RATE_NORMAL,,STEEP_HIGH_RATE,STEEP_HIGH_RATE_NORMAL,STEEP_HIGH_RATE_NORMAL
2009-10-15,-0.00526416444636441,2.1538820074963683,-0.00526416444636435,0.0,0.0,NON_RISK,STEEP_HIGH_RATE_NORMAL,,STEEP_HIGH_RATE,STEEP_HIGH_RATE_NORMAL,STEEP_HIGH_RATE_NORMAL
2009-10-16,-0.0016898261271981526,2.150242321405199,-0.006945095050943206,0.0,0.0,NON_RISK,STEEP_HIGH_RATE_NORMAL,,STEEP_HIGH_RATE,STEEP_HIGH_RATE_NORMAL,STEEP_HIGH_RATE_NORMAL
2009-10-19,0.009309553946926792,2.170260118295286,0.0,0.0,0.0,NON_RISK,STEEP_HIGH_RATE_NORMAL,,STEEP_HIGH_RATE,STEEP_HIGH_RATE_NORMAL,STEEP_HIGH_RATE_NORMAL
2009-10-20,-0.006642702792640202,2.15584372534673,-0.0066427027926401205,0.0,0.0,NON_RISK,STEEP_HIGH_RATE_NORMAL,,STEEP_HIGH_RATE,STEEP_HIGH_RATE_NORMAL,STEEP_HIGH_RATE_NORMAL
2009-10-21,-0.0023260607976729342,2.150829101771292,-0.008953312259756485,0.0,0.0,NON_RISK,STEEP_HIGH_RATE_NORMAL,,STEEP_HIGH_RATE,STEEP_HIGH_RATE_NORMAL,STEEP_HIGH_RATE_NORMAL
2009-10-22,0.005504896188864808,2.1626691926965327,-0.0034977031254279645,0.0,0.0,NON_RISK,STEEP_HIGH_RATE_NORMAL,,STEEP_HIGH_RATE,STEEP_HIGH_RATE_NORMAL,STEEP_HIGH_RATE_NORMAL
2009-10-23,-0.007446698452606591,2.1465644473657797,-0.010918355237582666,0.0,0.0,NON_RISK,STEEP_HIGH_RATE_NORMAL,,STEEP_HIGH_RATE,STEEP_HIGH_RATE_NORMAL,STEEP_HIGH_RATE_NORMAL
2009-10-26,-0.013516331693480469,2.1175507702937515,-0.02428711082012458,0.0,0.0,NON_RISK,STEEP_HIGH_RATE_NORMAL,,STEEP_HIGH_RATE,STEEP_HIGH_RATE_NORMAL,STEEP_HIGH_RATE_NORMAL
2009-10-27,-0.002132580969178621,2.1130349218197537,-0.026367897558971842,0.0,0.0,NON_RISK,STEEP_HIGH_RATE_NORMAL,,STEEP_HIGH_RATE,STEEP_HIGH_RATE_NORMAL,STEEP_HIGH_RATE_NORMAL
2009-10-28,-0.01457533330042525,2.082236733558793,-0.040558909964043544,0.0,0.0,NON_RISK,STEEP_HIGH_RATE_NORMAL,,STEEP_HIGH_RATE,STEEP_HIGH_RATE_NORMAL,STEEP_HIGH_RATE_NORMAL
2009-10-29,0.020363153385179102,2.1246376395485047,-0.021021663883598052,0.0,0.0,NON_RISK,STEEP_HIGH_RATE_NORMAL,,STEEP_HIGH_RATE,STEEP_HIGH_RATE_NORMAL,STEEP_HIGH_RATE_NORMAL
2009-10-30,-0.013991761993850063,2.0949102153727663,-0.03471929575967414,0.0,0.0,NON_RISK,STEEP_HIGH_RATE_NORMAL,,STEEP_HIGH_RATE,STEEP_HIGH_RATE_NORMAL,STEEP_HIGH_RATE_NORMAL
2009-11-02,0.010910154424212849,2.1177660093273443,-0.024187934213699247,0.004874784210819161,2.4373921054095805e-06,NON_RISK,STEEP_HIGH_RATE_NORMAL,,STEEP_HIGH_RATE,STEEP_HIGH_RATE_NORMAL,STEEP_HIGH_RATE_NORMAL
2009-11-03,0.014680831092403776,2.148856574403513,-0.00986220209796096,0.0,0.0,NON_RISK,STEEP_HIGH_RATE_NORMAL,,STEEP_HIGH_RATE,STEEP_HIGH_RATE_NORMAL,STEEP_HIGH_RATE_NORMAL
2009-11-04,0.004463491957494108,2.158447978441172,-0.005442730000214113,0.0,0.0,NON_RISK,STEEP_HIGH_RATE_NORMAL,,STEEP_HIGH_RATE,STEEP_HIGH_RATE_NORMAL,STEEP_HIGH_RATE_NORMAL
2009-11-05,0.007683035408200775,2.1750314106862945,0.0,0.0,0.0,NON_RISK,STEEP_HIGH_RATE_NORMAL,,STEEP_HIGH_RATE,STEEP_HIGH_RATE_NORMAL,STEEP_HIGH_RATE_NORMAL
2009-11-06,0.003491027572343921,2.1826245053117144,0.0,0.0,0.0,NON_RISK,STEEP_HIGH_RATE_NORMAL,,STEEP_HIGH_RATE,STEEP_HIGH_RATE_NORMAL,STEEP_HIGH_RATE_NORMAL
2009-11-09,0.014157276695044827,2.213524524354798,0.0,0.0,0.0,NON_RISK,STEEP_HIGH_RATE_NORMAL,,STEEP_HIGH_RATE,STEEP_HIGH_RATE_NORMAL,STEEP_HIGH_RATE_NORMAL
2009-11-10,0.0010971108058694366,2.2159530060295247,0.0,0.0,0.0,NON_RISK,STEEP_HIGH_RATE_NORMAL,,STEEP_HIGH_RATE,STEEP_HIGH_RATE_NORMAL,STEEP_HIGH_RATE_NORMAL
2009-11-11,0.008432737220078246,2.2346395554214142,0.0,0.0,0.0,NON_RISK,STEEP_HIGH_RATE_NORMAL,,STEEP_HIGH_RATE,STEEP_HIGH_RATE_NORMAL,STEEP_HIGH_RATE_NORMAL
2009-11-12,-0.011548145654945694,2.2088336123491046,-0.011548145654945774,0.0,0.0,NON_RISK,STEEP_HIGH_RATE_NORMAL,,STEEP_HIGH_RATE,STEEP_HIGH_RATE_NORMAL,STEEP_HIGH_RATE_NORMAL
2009-11-13,0.010202048543946692,2.231368240087791,-0.0014639118535634266,0.0,0.0,NON_RISK,STEEP_HIGH_RATE_NORMAL,,STEEP_HIGH_RATE,STEEP_HIGH_RATE_NORMAL,STEEP_HIGH_RATE_NORMAL
2009-11-16,0.01599638818013328,2.2670620726290562,0.0,0.0,0.0,NON_RISK,STEEP_HIGH_RATE_NORMAL,,STEEP_HIGH_RATE,STEEP_HIGH_RATE_NORMAL,STEEP_HIGH_RATE_NORMAL
2009-11-17,0.0021992076412186046,2.2720478128622985,0.0,0.0,0.0,NON_RISK,STEEP_HIGH_RATE_NORMAL,,STEEP_HIGH_RATE,STEEP_HIGH_RATE_NORMAL,STEEP_HIGH_RATE_NORMAL
2009-11-18,0.00108905846870164,2.274522205774191,0.0,0.0,0.0,NON_RISK,STEEP_HIGH_RATE_NORMAL,,STEEP_HIGH_RATE,STEEP_HIGH_RATE_NORMAL,STEEP_HIGH_RATE_NORMAL
2009-11-19,-0.005634081519877952,2.2617073622480866,-0.005634081519878098,0.0,0.0,NON_RISK,STEEP_HIGH_RATE_NORMAL,,STEEP_HIGH_RATE,STEEP_HIGH_RATE_NORMAL,STEEP_HIGH_RATE_NORMAL
2009-11-20,0.0015263528894644096,2.265159525815577,-0.0041163282270209045,0.0,0.0,NON_RISK,STEEP_HIGH_RATE_NORMAL,,STEEP_HIGH_RATE,STEEP_HIGH_RATE_NORMAL,STEEP_HIGH_RATE_NORMAL
2009-11-23,0.012291032577938274,2.2930006753416032,0.0,0.0,0.0,NON_RISK,STEEP_HIGH_RATE_NORMAL,,STEEP_HIGH_RATE,STEEP_HIGH_RATE_NORMAL,STEEP_HIGH_RATE_NORMAL
2009-11-24,0.002805244396649264,2.2994331026376185,0.0,0.0,0.0,NON_RISK,STEEP_HIGH_RATE_NORMAL,,STEEP_HIGH_RATE,STEEP_HIGH_RATE_NORMAL,STEEP_HIGH_RATE_NORMAL
2009-11-25,0.010627425667581313,2.323870157013476,0.0,0.0,0.0,NON_RISK,STEEP_HIGH_RATE_NORMAL,,STEEP_HIGH_RATE,STEEP_HIGH_RATE_NORMAL,STEEP_HIGH_RATE_NORMAL
2009-11-27,-0.014673351303962513,2.2897711938148224,-0.014673351303962634,0.0,0.0,NON_RISK,STEEP_HIGH_RATE_NORMAL,,STEEP_HIGH_RATE,STEEP_HIGH_RATE_NORMAL,STEEP_HIGH_RATE_NORMAL
2009-11-30,0.004290388585984498,2.2995952020092814,-0.010445917096930879,0.0,0.0,NON_RISK,STEEP_HIGH_RATE_NORMAL,,STEEP_HIGH_RATE,STEEP_HIGH_RATE_NORMAL,STEEP_HIGH_RATE_NORMAL
2009-12-01,0.013737284151068084,2.331185394731716,0.0,0.05558391092057424,2.779195546028712e-05,NON_RISK,STEEP_HIGH_RATE_NORMAL,,STEEP_HIGH_RATE,STEEP_HIGH_RATE_NORMAL,STEEP_HIGH_RATE_NORMAL
2009-12-02,0.007775917988072952,2.349312501176143,0.0,0.0,0.0,NON_RISK,STEEP_HIGH_RATE_NORMAL,,STEEP_HIGH_RATE,STEEP_HIGH_RATE_NORMAL,STEEP_HIGH_RATE_NORMAL
2009-12-03,-0.005843772204854103,2.335583654081254,-0.005843772204854103,0.0,0.0,NON_RISK,STEEP_HIGH_RATE_NORMAL,,STEEP_HIGH_RATE,STEEP_HIGH_RATE_NORMAL,STEEP_HIGH_RATE_NORMAL
2009-12-04,-0.018997793453876612,2.2912127182267676,-0.024730546881391424,0.0,0.0,NON_RISK,STEEP_HIGH_RATE_NORMAL,,STEEP_HIGH_RATE,STEEP_HIGH_RATE_NORMAL,STEEP_HIGH_RATE_NORMAL
2009-12-07,-0.0036654178737534097,2.282814466176808,-0.02830531696657812,0.0,0.0,NON_RISK,STEEP_HIGH_RATE_NORMAL,,STEEP_HIGH_RATE,STEEP_HIGH_RATE_NORMAL,STEEP_HIGH_RATE_NORMAL
2009-12-08,-0.015265738987084193,2.247965616380213,-0.043138954372903826,0.0,0.0,NON_RISK,STEEP_HIGH_RATE_NORMAL,,STEEP_HIGH_RATE,STEEP_HIGH_RATE_NORMAL,STEEP_HIGH_RATE_NORMAL
2009-12-09,0.0012747483550783866,2.250831206851966,-0.04191919732895222,0.0,0.0,NON_RISK,STEEP_HIGH_RATE_NORMAL,,STEEP_HIGH_RATE,STEEP_HIGH_RATE_NORMAL,STEEP_HIGH_RATE_NORMAL
2009-12-10,0.0026047569944713383,2.256694075181388,-0.03942362965692603,0.0,0.0,NON_RISK,STEEP_HIGH_RATE_NORMAL,,STEEP_HIGH_RATE,STEEP_HIGH_RATE_NORMAL,STEEP_HIGH_RATE_NORMAL
2009-12-11,-0.005019378839524352,2.245366872693143,-0.04424512636397315,0.0,0.0,NON_RISK,STEEP_HIGH_RATE_NORMAL,,STEEP_HIGH_RATE,STEEP_HIGH_RATE_NORMAL,STEEP_HIGH_RATE_NORMAL
2009-12-14,0.0076612432102978354,2.262569174401191,-0.036922855827620116,0.0,0.0,NON_RISK,STEEP_HIGH_RATE_NORMAL,,STEEP_HIGH_RATE,STEEP_HIGH_RATE_NORMAL,STEEP_HIGH_RATE_NORMAL
2009-12-15,-0.002367720589710221,2.2572120427813176,-0.03920315341135627,0.0,0.0,NON_RISK,STEEP_HIGH_RATE_NORMAL,,STEEP_HIGH_RATE,STEEP_HIGH_RATE_NORMAL,STEEP_HIGH_RATE_NORMAL
2009-12-16,0.0072562212310725354,2.27359087272918,-0.0322313989343922,0.0,0.0,NON_RISK,STEEP_HIGH_RATE_NORMAL,,STEEP_HIGH_RATE,STEEP_HIGH_RATE_NORMAL,STEEP_HIGH_RATE_NORMAL
2009-12-17,-0.025601229821222687,2.215384150277006,-0.057007465304036,0.0,0.0,NON_RISK,STEEP_HIGH_RATE_NORMAL,,STEEP_HIGH_RATE,STEEP_HIGH_RATE_NORMAL,STEEP_HIGH_RATE_NORMAL
2009-12-18,0.010525491723284049,2.2387021578146413,-0.04708200518497496,0.0,0.0,NON_RISK,STEEP_HIGH_RATE_NORMAL,,STEEP_HIGH_RATE,STEEP_HIGH_RATE_NORMAL,STEEP_HIGH_RATE_NORMAL
2009-12-21,-0.004699429564540083,2.2281815347080074,-0.05156017618239106,0.0,0.0,NON_RISK,STEEP_HIGH_RATE_NORMAL,,STEEP_HIGH_RATE,STEEP_HIGH_RATE_NORMAL,STEEP_HIGH_RATE_NORMAL
2009-12-22,-0.002079919137579325,2.2235470972919673,-0.053532854322791645,0.0,0.0,NON_RISK,STEEP_HIGH_RATE_NORMAL,,STEEP_HIGH_RATE,STEEP_HIGH_RATE_NORMAL,STEEP_HIGH_RATE_NORMAL
2009-12-23,0.002808168707438154,2.2297911926700977,-0.05087501490168256,0.0,0.0,NON_RISK,STEEP_HIGH_RATE_NORMAL,,STEEP_HIGH_RATE,STEEP_HIGH_RATE_NORMAL,STEEP_HIGH_RATE_NORMAL
2009-12-24,0.011119399770046827,2.254585132345126,-0.04032131476063461,0.0,0.0,NON_RISK,STEEP_HIGH_RATE_NORMAL,,STEEP_HIGH_RATE,STEEP_HIGH_RATE_NORMAL,STEEP_HIGH_RATE_NORMAL
2009-12-28,0.0019354984380298718,2.258948878347186,-0.03846385816434306,0.0,0.0,NON_RISK,STEEP_HIGH_RATE_NORMAL,,STEEP_HIGH_RATE,STEEP_HIGH_RATE_NORMAL,STEEP_HIGH_RATE_NORMAL
2009-12-29,-0.00586439729409991,2.2457015046574966,-0.04410268811270335,0.0,0.0,NON_RISK,STEEP_HIGH_RATE_NORMAL,,STEEP_HIGH_RATE,STEEP_HIGH_RATE_NORMAL,STEEP_HIGH_RATE_NORMAL
2009-12-30,-0.002788545333156368,2.2394392642070216,-0.04676825110074345,0.0,0.0,NON_RISK,STEEP_HIGH_RATE_NORMAL,,STEEP_HIGH_RATE,STEEP_HIGH_RATE_NORMAL,STEEP_HIGH_RATE_NORMAL
2009-12-31,-0.0027445746521890337,2.233292955967362,-0.04938446679643416,0.0,0.0,NON_RISK,STEEP_HIGH_RATE_NORMAL,,STEEP_HIGH_RATE,STEEP_HIGH_RATE_NORMAL,STEEP_HIGH_RATE_NORMAL
2010-01-04,0.019734498633896747,2.2773658727559916,-0.030624545855067242,0.13222956606111047,6.611478303055523e-05,NON_RISK,STEEP_HIGH_RATE_NORMAL,,STEEP_HIGH_RATE,STEEP_HIGH_RATE_NORMAL,STEEP_HIGH_RATE_NORMAL
2010-01-05,0.0010281753637075253,2.279707404240508,-0.029627857894932497,0.0,0.0,NON_RISK,STEEP_HIGH_RATE_NORMAL,,STEEP_HIGH_RATE,STEEP_HIGH_RATE_NORMAL,STEEP_HIGH_RATE_NORMAL
2010-01-06,0.007891140818188924,2.297696896391638,-0.02197051467553368,0.0,0.0,NON_RISK,STEEP_HIGH_RATE_NORMAL,,STEEP_HIGH_RATE,STEEP_HIGH_RATE_NORMAL,STEEP_HIGH_RATE_NORMAL
2010-01-07,-0.0005148201817259828,2.2965139956578864,-0.02247402399290177,0.0,0.0,NON_RISK,STEEP_HIGH_RATE_NORMAL,,STEEP_HIGH_RATE,STEEP_HIGH_RATE_NORMAL,STEEP_HIGH_RATE_NORMAL
2010-01-08,0.004072002658663992,2.3058654067538646,-0.018493535619687584,0.0,0.0,NON_RISK,STEEP_HIGH_RATE_NORMAL,,STEEP_HIGH_RATE,STEEP_HIGH_RATE_NORMAL,STEEP_HIGH_RATE_NORMAL
2010-01-11,0.006807467636023261,2.3215625108833673,-0.011811962128871034,0.0,0.0,NON_RISK,STEEP_HIGH_RATE_NORMAL,,STEEP_HIGH_RATE,STEEP_HIGH_RATE_NORMAL,STEEP_HIGH_RATE_NORMAL
2010-01-12,-0.014598058201097042,2.2876722062320067,-0.026237588619341667,0.0,0.0,NON_RISK,STEEP_HIGH_RATE_NORMAL,,STEEP_HIGH_RATE,STEEP_HIGH_RATE_NORMAL,STEEP_HIGH_RATE_NORMAL
2010-01-13,0.008927103754043503,2.3080944933722813,-0.017544710541159025,0.0,0.0,NON_RISK,STEEP_HIGH_RATE_NORMAL,,STEEP_HIGH_RATE,STEEP_HIGH_RATE_NORMAL,STEEP_HIGH_RATE_NORMAL
2010-01-14,0.00347285983702514,2.3161101820383725,-0.014132781024724705,0.0,0.0,NON_RISK,STEEP_HIGH_RATE_NORMAL,,STEEP_HIGH_RATE,STEEP_HIGH_RATE_NORMAL,STEEP_HIGH_RATE_NORMAL
2010-01-15,-0.010869190705213479,2.2909359387755104,-0.02484835983778555,0.0,0.0,NON_RISK,STEEP_HIGH_RATE_NORMAL,,STEEP_HIGH_RATE,STEEP_HIGH_RATE_NORMAL,STEEP_HIGH_RATE_NORMAL
2010-01-19,0.009519121299070867,2.312743635865115,-0.015565773090093549,0.0,0.0,NON_RISK,STEEP_HIGH_RATE_NORMAL,,STEEP_HIGH_RATE,STEEP_HIGH_RATE_NORMAL,STEEP_HIGH_RATE_NORMAL
2010-01-20,-0.016068183071631534,2.275582047726284,-0.031383842470061984,0.0,0.0,NON_RISK,STEEP_HIGH_RATE_NORMAL,,STEEP_HIGH_RATE,STEEP_HIGH_RATE_NORMAL,STEEP_HIGH_RATE_NORMAL
2010-01-21,-0.01703718339386205,2.236812539051391,-0.04788633358415739,0.0,0.0,NON_RISK,STEEP_HIGH_RATE_NORMAL,,STEEP_HIGH_RATE,STEEP_HIGH_RATE_NORMAL,STEEP_HIGH_RATE_NORMAL
2010-01-22,-0.012996836337025763,2.207741052564733,-0.060260799080809724,0.0,0.0,NON_RISK,STEEP_HIGH_RATE_NORMAL,,STEEP_HIGH_RATE,STEEP_HIGH_RATE_NORMAL,STEEP_HIGH_RATE_NORMAL
2010-01-25,0.0041108355677299995,2.2168167130079537,-0.056397685749280946,0.0,0.0,NON_RISK,STEEP_HIGH_RATE_NORMAL,,STEEP_HIGH_RATE,STEEP_HIGH_RATE_NORMAL,STEEP_HIGH_RATE_NORMAL
2010-01-26,-0.0019451566795056748,2.2125046571714067,-0.058233140093642666,0.0,0.0,NON_RISK,STEEP_HIGH_RATE_NORMAL,,STEEP_HIGH_RATE,STEEP_HIGH_RATE_NORMAL,STEEP_HIGH_RATE_NORMAL
2010-01-27,-0.0017644009718104192,2.2086009118041585,-0.05989479445648027,0.0,0.0,NON_RISK,STEEP_HIGH_RATE_NORMAL,,STEEP_HIGH_RATE,STEEP_HIGH_RATE_NORMAL,STEEP_HIGH_RATE_NORMAL
2010-01-28,-0.006465935683492946,2.194320240357929,-0.06597345425124157,0.0,0.0,NON_RISK,STEEP_HIGH_RATE_NORMAL,,STEEP_HIGH_RATE,STEEP_HIGH_RATE_NORMAL,STEEP_HIGH_RATE_NORMAL
2010-01-29,-0.008145673721969147,2.1764460236384604,-0.07358172974056876,0.0,0.0,NON_RISK,STEEP_HIGH_RATE_NORMAL,,STEEP_HIGH_RATE,STEEP_HIGH_RATE_NORMAL,STEEP_HIGH_RATE_NORMAL
2010-02-01,0.018725382999465547,2.2172008090087543,-0.05623419281225861,0.0031965334882400054,1.5982667441200026e-06,NON_RISK,STEEP_HIGH_RATE_NORMAL,,STEEP_HIGH_RATE,STEEP_HIGH_RATE_NORMAL,STEEP_HIGH_RATE_NORMAL
2010-02-02,0.009879712371522926,2.2391061152716687,-0.04691005809116555,0.0,0.0,NON_RISK,STEEP_HIGH_RATE_NORMAL,,STEEP_HIGH_RATE,STEEP_HIGH_RATE_NORMAL,STEEP_HIGH_RATE_NORMAL
2010-02-03,-0.004510094241953406,2.2290075356740595,-0.05120858355023228,0.0,0.0,NON_RISK,STEEP_HIGH_RATE_NORMAL,,STEEP_HIGH_RATE,STEEP_HIGH_RATE_NORMAL,STEEP_HIGH_RATE_NORMAL
2010-02-04,-0.03493215305039617,2.1511435032874067,-0.08435191052255775,0.0,0.0,NON_RISK,STEEP_HIGH_RATE_NORMAL,,STEEP_HIGH_RATE,STEEP_HIGH_RATE_NORMAL,STEEP_HIGH_RATE_NORMAL
2010-02-05,0.002476244793606387,2.1564702611877222,-0.08208454170821367,0.0,0.0,NON_RISK,STEEP_HIGH_RATE_NORMAL,,STEEP_HIGH_RATE,STEEP_HIGH_RATE_NORMAL,STEEP_HIGH_RATE_NORMAL
2010-02-08,-0.0067179437617279035,2.1419832152492244,-0.08825104613503854,0.0,0.0,NON_RISK,STEEP_HIGH_RATE_NORMAL,,STEEP_HIGH_RATE,STEEP_HIGH_RATE_NORMAL,STEEP_HIGH_RATE_NORMAL
2010-02-09,0.012835797000702821,2.169477276979076,-0.07654802164762475,0.0,0.0,NON_RISK,STEEP_HIGH_RATE_NORMAL,,STEEP_HIGH_RATE,STEEP_HIGH_RATE_NORMAL,STEEP_HIGH_RATE_NORMAL
2010-02-10,-0.002317943574204076,2.164448551065521,-0.07868853122693265,0.0,0.0,NON_RISK,STEEP_HIGH_RATE_NORMAL,,STEEP_HIGH_RATE,STEEP_HIGH_RATE_NORMAL,STEEP_HIGH_RATE_NORMAL
2010-02-11,0.014390140151897657,2.195595269066926,-0.06543073006773736,0.0,0.0,NON_RISK,STEEP_HIGH_RATE_NORMAL,,STEEP_HIGH_RATE,STEEP_HIGH_RATE_NORMAL,STEEP_HIGH_RATE_NORMAL
2010-02-12,-0.0008357137078115214,2.1937603800037606,-0.06621176241751914,0.0,0.0,NON_RISK,STEEP_HIGH_RATE_NORMAL,,STEEP_HIGH_RATE,STEEP_HIGH_RATE_NORMAL,STEEP_HIGH_RATE_NORMAL
2010-02-16,0.019528974318993524,2.2366022701268795,-0.04797583590639265,0.0,0.0,NON_RISK,STEEP_HIGH_RATE_NORMAL,,STEEP_HIGH_RATE,STEEP_HIGH_RATE_NORMAL,STEEP_HIGH_RATE_NORMAL
2010-02-17,0.0010601086620274773,2.2389733115669515,-0.046966586843577574,0.0,0.0,NON_RISK,STEEP_HIGH_RATE_NORMAL,,STEEP_HIGH_RATE,STEEP_HIGH_RATE_NORMAL,STEEP_HIGH_RATE_NORMAL
2010-02-18,0.006251562010659025,2.252970392064423,-0.04100863936300003,0.0,0.0,NON_RISK,STEEP_HIGH_RATE_NORMAL,,STEEP_HIGH_RATE,STEEP_HIGH_RATE_NORMAL,STEEP_HIGH_RATE_NORMAL
2010-02-19,-0.0009689006711603961,2.2507874875394474,-0.04193780673595826,0.0,0.0,NON_RISK,STEEP_HIGH_RATE_NORMAL,,STEEP_HIGH_RATE,STEEP_HIGH_RATE_NORMAL,STEEP_HIGH_RATE_NORMAL
2010-02-22,-0.0015582105197255516,2.2472802867986967,-0.043430669324053595,0.0,0.0,NON_RISK,STEEP_HIGH_RATE_NORMAL,,STEEP_HIGH_RATE,STEEP_HIGH_RATE_NORMAL,STEEP_HIGH_RATE_NORMAL
2010-02-23,-0.011543621648193688,2.2213385334304485,-0.054472943757642556,0.0,0.0,NON_RISK,STEEP_HIGH_RATE_NORMAL,,STEEP_HIGH_RATE,STEEP_HIGH_RATE_NORMAL,STEEP_HIGH_RATE_NORMAL
2010-02-24,0.002800077252568477,2.227558452928161,-0.05182539495577032,0.0,0.0,NON_RISK,STEEP_HIGH_RATE_NORMAL,,STEEP_HIGH_RATE,STEEP_HIGH_RATE_NORMAL,STEEP_HIGH_RATE_NORMAL
2010-02-25,0.0032722029186060334,2.234847476199198,-0.04872277524579638,0.0,0.0,NON_RISK,STEEP_HIGH_RATE_NORMAL,,STEEP_HIGH_RATE,STEEP_HIGH_RATE_NORMAL,STEEP_HIGH_RATE_NORMAL
2010-02-26,0.005034275945571295,2.246098315090648,-0.04393378319564656,0.0,0.0,NON_RISK,STEEP_HIGH_RATE_NORMAL,,STEEP_HIGH_RATE,STEEP_HIGH_RATE_NORMAL,STEEP_HIGH_RATE_NORMAL
2010-03-01,0.005788817836186059,2.259100569078872,-0.038399290027234745,0.02403366474812607,1.2016832374063035e-05,NON_RISK,STEEP_HIGH_RATE_NORMAL,,STEEP_HIGH_RATE,STEEP_HIGH_RATE_NORMAL,STEEP_HIGH_RATE_NORMAL
2010-03-02,0.007961158553630044,2.277085626897905,-0.030743834309858165,0.0,0.0,NON_RISK,STEEP_HIGH_RATE_NORMAL,,STEEP_HIGH_RATE,STEEP_HIGH_RATE_NORMAL,STEEP_HIGH_RATE_NORMAL
2010-03-03,0.0029230367813496898,2.2837416319396104,-0.02791066288699595,0.0,0.0,NON_RISK,STEEP_HIGH_RATE_NORMAL,,STEEP_HIGH_RATE,STEEP_HIGH_RATE_NORMAL,STEEP_HIGH_RATE_NORMAL
2010-03-04,-0.00147187476683605,2.2803802502575854,-0.029341456653403042,0.0,0.0,NON_RISK,STEEP_HIGH_RATE_NORMAL,,STEEP_HIGH_RATE,STEEP_HIGH_RATE_NORMAL,STEEP_HIGH_RATE_NORMAL
2010-03-05,0.007904827935893637,2.2984062637642815,-0.02166856788374316,0.0,0.0,NON_RISK,STEEP_HIGH_RATE_NORMAL,,STEEP_HIGH_RATE,STEEP_HIGH_RATE_NORMAL,STEEP_HIGH_RATE_NORMAL
2010-03-08,-0.0036063697067007603,2.2901173610409504,-0.025196792723640504,0.0,0.0,NON_RISK,STEEP_HIGH_RATE_NORMAL,,STEEP_HIGH_RATE,STEEP_HIGH_RATE_NORMAL,STEEP_HIGH_RATE_NORMAL
2010-03-09,0.0002856652797854209,2.2907715680576333,-0.02491832529269833,0.0,0.0,NON_RISK,STEEP_HIGH_RATE_NORMAL,,STEEP_HIGH_RATE,STEEP_HIGH_RATE_NORMAL,STEEP_HIGH_RATE_NORMAL
2010-03-10,-0.0025391488374289927,2.2849549580937842,-0.027394202793429745,0.0,0.0,NON_RISK,STEEP_HIGH_RATE_NORMAL,,STEEP_HIGH_RATE,STEEP_HIGH_RATE_NORMAL,STEEP_HIGH_RATE_NORMAL
2010-03-11,0.002861155561560788,2.29149256968005,-0.02461142630754587,0.0,0.0,NON_RISK,STEEP_HIGH_RATE_NORMAL,,STEEP_HIGH_RATE,STEEP_HIGH_RATE_NORMAL,STEEP_HIGH_RATE_NORMAL
2010-03-12,-0.0025934787563901616,2.285549632380159,-0.027141075852643026,0.0,0.0,NON_RISK,STEEP_HIGH_RATE_NORMAL,,STEEP_HIGH_RATE,STEEP_HIGH_RATE_NORMAL,STEEP_HIGH_RATE_NORMAL
2010-03-15,0.0018215381012223221,2.289712848117774,-0.02536897625519452,0.0,0.0,NON_RISK,STEEP_HIGH_RATE_NORMAL,,STEEP_HIGH_RATE,STEEP_HIGH_RATE_NORMAL,STEEP_HIGH_RATE_NORMAL
2010-03-16,0.012759592359358573,2.3189286506797426,-0.012933081691426485,0.0,0.0,NON_RISK,STEEP_HIGH_RATE_NORMAL,,STEEP_HIGH_RATE,STEEP_HIGH_RATE_NORMAL,STEEP_HIGH_RATE_NORMAL
2010-03-17,7.2513963083355e-05,2.3190968053863106,-0.012861505557351549,0.0,0.0,NON_RISK,STEEP_HIGH_RATE_NORMAL,,STEEP_HIGH_RATE,STEEP_HIGH_RATE_NORMAL,STEEP_HIGH_RATE_NORMAL
2010-03-18,0.0027344997191551183,2.325438374949333,-0.010162175621530989,0.0,0.0,NON_RISK,STEEP_HIGH_RATE_NORMAL,,STEEP_HIGH_RATE,STEEP_HIGH_RATE_NORMAL,STEEP_HIGH_RATE_NORMAL
2010-03-19,-0.011067847646707867,2.299700777303586,-0.021117549856700557,0.0,0.0,NON_RISK,STEEP_HIGH_RATE_NORMAL,,STEEP_HIGH_RATE,STEEP_HIGH_RATE_NORMAL,STEEP_HIGH_RATE_NORMAL
2010-03-22,0.0008261451442522854,2.3016006639339888,-0.020308850873720807,0.0,0.0,NON_RISK,STEEP_HIGH_RATE_NORMAL,,STEEP_HIGH_RATE,STEEP_HIGH_RATE_NORMAL,STEEP_HIGH_RATE_NORMAL
2010-03-23,0.006263806234344749,2.3160174445217105,-0.014172255346091234,0.0,0.0,NON_RISK,STEEP_HIGH_RATE_NORMAL,,STEEP_HIGH_RATE,STEEP_HIGH_RATE_NORMAL,STEEP_HIGH_RATE_NORMAL
2010-03-24,-0.010943208758317991,2.290672782138403,-0.024960374155580833,0.0,0.0,NON_RISK,STEEP_HIGH_RATE_NORMAL,,STEEP_HIGH_RATE,STEEP_HIGH_RATE_NORMAL,STEEP_HIGH_RATE_NORMAL
2010-03-25,0.0010847488522593126,2.2931575868097296,-0.02390270104053871,0.0,0.0,NON_RISK,STEEP_HIGH_RATE_NORMAL,,STEEP_HIGH_RATE,STEEP_HIGH_RATE_NORMAL,STEEP_HIGH_RATE_NORMAL
2010-03-26,0.007146492306867727,2.309545619862301,-0.01692702920277034,0.0,0.0,NON_RISK,STEEP_HIGH_RATE_NORMAL,,STEEP_HIGH_RATE,STEEP_HIGH_RATE_NORMAL,STEEP_HIGH_RATE_NORMAL
2010-03-29,0.004196354199298383,2.3192372913226813,-0.012801706813548752,0.0,0.0,NON_RISK,STEEP_HIGH_RATE_NORMAL,,STEEP_HIGH_RATE,STEEP_HIGH_RATE_NORMAL,STEEP_HIGH_RATE_NORMAL
2010-03-30,-0.0027851702668711016,2.312777820577071,-0.015551222147237476,0.0,0.0,NON_RISK,STEEP_HIGH_RATE_NORMAL,,STEEP_HIGH_RATE,STEEP_HIGH_RATE_NORMAL,STEEP_HIGH_RATE_NORMAL
2010-03-31,0.0021030000129217876,2.3176415923636298,-0.013480926354692224,0.0,0.0,NON_RISK,STEEP_HIGH_RATE_NORMAL,,STEEP_HIGH_RATE,STEEP_HIGH_RATE_NORMAL,STEEP_HIGH_RATE_NORMAL
2010-04-01,0.008834829129280264,2.3381175598150756,-0.0047651989062600375,0.09443675060704193,4.721837530352097e-05,NON_RISK,STEEP_HIGH_RATE_NORMAL,,STEEP_HIGH_RATE,STEEP_HIGH_RATE_NORMAL,STEEP_HIGH_RATE_NORMAL
2010-04-05,0.007189192044363274,2.354926735974884,0.0,0.0,0.0,NON_RISK,STEEP_HIGH_RATE_NORMAL,,STEEP_HIGH_RATE,STEEP_HIGH_RATE_NORMAL,STEEP_HIGH_RATE_NORMAL
2010-04-06,0.001926011705329049,2.359462352433564,0.0,0.0,0.0,NON_RISK,STEEP_HIGH_RATE_NORMAL,,STEEP_HIGH_RATE,STEEP_HIGH_RATE_NORMAL,STEEP_HIGH_RATE_NORMAL
2010-04-07,0.0017221898241374964,2.3635257944873604,0.0,0.0,0.0,NON_RISK,STEEP_HIGH_RATE_NORMAL,,STEEP_HIGH_RATE,STEEP_HIGH_RATE_NORMAL,STEEP_HIGH_RATE_NORMAL
2010-04-08,0.002659338408895319,2.3698112094130557,0.0,0.0,0.0,NON_RISK,STEEP_HIGH_RATE_NORMAL,,STEEP_HIGH_RATE,STEEP_HIGH_RATE_NORMAL,STEEP_HIGH_RATE_NORMAL
2010-04-09,0.007442639514274048,2.3874488599616033,0.0,0.0,0.0,NON_RISK,STEEP_HIGH_RATE_NORMAL,,STEEP_HIGH_RATE,STEEP_HIGH_RATE_NORMAL,STEEP_HIGH_RATE_NORMAL
2010-04-12,-0.0012223093813499755,2.384530658822579,-0.0012223093813499286,0.0,0.0,NON_RISK,STEEP_HIGH_RATE_NORMAL,,STEEP_HIGH_RATE,STEEP_HIGH_RATE_NORMAL,STEEP_HIGH_RATE_NORMAL
2010-04-13,-0.0006604741827162268,2.3829557378845316,-0.001881976260276419,0.0,0.0,NON_RISK,STEEP_HIGH_RATE_NORMAL,,STEEP_HIGH_RATE,STEEP_HIGH_RATE_NORMAL,STEEP_HIGH_RATE_NORMAL
2010-04-14,0.008064963852420419,2.402174189772488,0.0,0.0,0.0,NON_RISK,STEEP_HIGH_RATE_NORMAL,,STEEP_HIGH_RATE,STEEP_HIGH_RATE_NORMAL,STEEP_HIGH_RATE_NORMAL
2010-04-15,0.0026620729569734984,2.408568952721021,0.0,0.0,0.0,NON_RISK,STEEP_HIGH_RATE_NORMAL,,STEEP_HIGH_RATE,STEEP_HIGH_RATE_NORMAL,STEEP_HIGH_RATE_NORMAL
2010-04-16,-0.01799864353020094,2.365217978723086,-0.017998643530200864,0.0,0.0,NON_RISK,STEEP_HIGH_RATE_NORMAL,,STEEP_HIGH_RATE,STEEP_HIGH_RATE_NORMAL,STEEP_HIGH_RATE_NORMAL
2010-04-19,0.0019651970548069447,2.369866098128849,-0.01606881735665,0.0,0.0,NON_RISK,STEEP_HIGH_RATE_NORMAL,,STEEP_HIGH_RATE,STEEP_HIGH_RATE_NORMAL,STEEP_HIGH_RATE_NORMAL
2010-04-20,0.006509868490908988,2.385293614768732,-0.009663554753537196,0.0,0.0,NON_RISK,STEEP_HIGH_RATE_NORMAL,,STEEP_HIGH_RATE,STEEP_HIGH_RATE_NORMAL,STEEP_HIGH_RATE_NORMAL
2010-04-21,0.0019034000461275286,2.3898337827451104,-0.0077785483179731996,0.0,0.0,NON_RISK,STEEP_HIGH_RATE_NORMAL,,STEEP_HIGH_RATE,STEEP_HIGH_RATE_NORMAL,STEEP_HIGH_RATE_NORMAL
2010-04-22,0.00015801143045528513,2.3902114037996727,-0.007621765987064322,0.0,0.0,NON_RISK,STEEP_HIGH_RATE_NORMAL,,STEEP_HIGH_RATE,STEEP_HIGH_RATE_NORMAL,STEEP_HIGH_RATE_NORMAL
2010-04-23,0.00871282126649632,2.4110368885501208,0.0,0.0,0.0,NON_RISK,STEEP_HIGH_RATE_NORMAL,,STEEP_HIGH_RATE,STEEP_HIGH_RATE_NORMAL,STEEP_HIGH_RATE_NORMAL
2010-04-26,-0.0038202630853754614,2.401826093327314,-0.0038202630853755304,0.0,0.0,NON_RISK,STEEP_HIGH_RATE_NORMAL,,STEEP_HIGH_RATE,STEEP_HIGH_RATE_NORMAL,STEEP_HIGH_RATE_NORMAL
2010-04-27,-0.007755995446032861,2.3831975410853046,-0.011546628588315566,0.0,0.0,NON_RISK,STEEP_HIGH_RATE_NORMAL,,STEEP_HIGH_RATE,STEEP_HIGH_RATE_NORMAL,STEEP_HIGH_RATE_NORMAL
2010-04-28,0.00350171044285787,2.391542808802316,-0.008085351095365234,0.0,0.0,NON_RISK,STEEP_HIGH_RATE_NORMAL,,STEEP_HIGH_RATE,STEEP_HIGH_RATE_NORMAL,STEEP_HIGH_RATE_NORMAL
2010-04-29,0.007407151022675916,2.409257327564309,-0.0007380894893240786,0.0,0.0,NON_RISK,STEEP_HIGH_RATE_NORMAL,,STEEP_HIGH_RATE,STEEP_HIGH_RATE_NORMAL,STEEP_HIGH_RATE_NORMAL
2010-04-30,-0.006551075177298867,2.393474101689977,-0.007284329386890831,0.0,0.0,NON_RISK,STEEP_HIGH_RATE_NORMAL,,STEEP_HIGH_RATE,STEEP_HIGH_RATE_NORMAL,STEEP_HIGH_RATE_NORMAL
2010-05-03,0.00853291226768347,2.41389740621467,0.0,0.10864608453307395,5.432304226653697e-05,NON_RISK,STEEP_HIGH_RATE_NORMAL,,STEEP_HIGH_RATE,STEEP_HIGH_RATE_NORMAL,STEEP_HIGH_RATE_NORMAL
2010-05-04,-0.0163014399205469,2.3745474026728974,-0.01630143992054689,0.0,0.0,NON_RISK,STEEP_HIGH_RATE_NORMAL,,STEEP_HIGH_RATE,STEEP_HIGH_RATE_NORMAL,STEEP_HIGH_RATE_NORMAL
2010-05-05,-0.002426166559502756,2.3687863551705783,-0.018688056471642622,0.0,0.0,NON_RISK,STEEP_HIGH_RATE_NORMAL,,STEEP_HIGH_RATE,STEEP_HIGH_RATE_NORMAL,STEEP_HIGH_RATE_NORMAL
2010-05-06,-0.0050685962006443205,2.3567799336506225,-0.02366193046025744,0.0,0.0,NON_RISK,STEEP_HIGH_RATE_NORMAL,,STEEP_HIGH_RATE,STEEP_HIGH_RATE_NORMAL,STEEP_HIGH_RATE_NORMAL
2010-05-07,-0.009036764235888409,2.3354822690343493,-0.032484867409210416,0.0,0.0,NON_RISK,STEEP_HIGH_RATE_NORMAL,,STEEP_HIGH_RATE,STEEP_HIGH_RATE_NORMAL,STEEP_HIGH_RATE_NORMAL
2010-05-10,0.021635007144861478,2.3860104446116046,-0.011552670602847148,0.0,0.0,NON_RISK,STEEP_HIGH_RATE_NORMAL,,STEEP_HIGH_RATE,STEEP_HIGH_RATE_NORMAL,STEEP_HIGH_RATE_NORMAL
2010-05-11,0.010220454953499035,2.4103965568793355,-0.0014502891988372735,0.0,0.0,NON_RISK,STEEP_HIGH_RATE_NORMAL,,STEEP_HIGH_RATE,STEEP_HIGH_RATE_NORMAL,STEEP_HIGH_RATE_NORMAL
2010-05-12,0.010463931777457339,2.435618782007139,0.0,0.0,0.0,NON_RISK,STEEP_HIGH_RATE_NORMAL,,STEEP_HIGH_RATE,STEEP_HIGH_RATE_NORMAL,STEEP_HIGH_RATE_NORMAL
2010-05-13,-0.009958811129519692,2.411362914573619,-0.009958811129519685,0.0,0.0,NON_RISK,STEEP_HIGH_RATE_NORMAL,,STEEP_HIGH_RATE,STEEP_HIGH_RATE_NORMAL,STEEP_HIGH_RATE_NORMAL
2010-05-14,-0.010691977383706109,2.3855806768270904,-0.020544309129860272,0.0,0.0,NON_RISK,STEEP_HIGH_RATE_NORMAL,,STEEP_HIGH_RATE,STEEP_HIGH_RATE_NORMAL,STEEP_HIGH_RATE_NORMAL
2010-05-17,-0.0031755013273824,2.378005262221248,-0.023654571976330696,2.0,0.001,FULL_RISK,STEEP_HIGH_RATE_STRESS,CREDIT,STEEP_HIGH_RATE,STEEP_HIGH_RATE_STRESS,STEEP_HIGH_RATE_STRESS
2010-05-18,0.0073034156925892,2.395372823170415,-0.016523915455914695,0.0,0.0,FULL_RISK,STEEP_HIGH_RATE_STRESS,CREDIT,STEEP_HIGH_RATE,STEEP_HIGH_RATE_STRESS,STEEP_HIGH_RATE_STRESS
2010-05-19,0.0008653508232312,2.397445661014891,-0.01567286361652631,0.0,0.0,FULL_RISK,STEEP_HIGH_RATE_STRESS,CREDIT,STEEP_HIGH_RATE,STEEP_HIGH_RATE_STRESS,STEEP_HIGH_RATE_STRESS
2010-05-20,0.0097304851244233,2.42077397035601,-0.0060948830583806846,0.0,0.0,FULL_RISK,STEEP_HIGH_RATE_STRESS,CREDIT,STEEP_HIGH_RATE,STEEP_HIGH_RATE_STRESS,STEEP_HIGH_RATE_STRESS
2010-05-21,0.0005353148175375,2.4220698465322505,-0.005562830922055451,0.0,0.0,FULL_RISK,STEEP_HIGH_RATE_STRESS,CREDIT,STEEP_HIGH_RATE,STEEP_HIGH_RATE_STRESS,STEEP_HIGH_RATE_STRESS
2010-05-24,0.0,2.4220698465322505,-0.005562830922055451,0.0,0.0,FULL_RISK,STEEP_HIGH_RATE_STRESS,CREDIT,STEEP_HIGH_RATE,STEEP_HIGH_RATE_STRESS,STEEP_HIGH_RATE_STRESS
2010-05-25,0.0034249968765751,2.4303654281914704,-0.0021568867240132628,0.0,0.0,FULL_RISK,STEEP_HIGH_RATE_STRESS,CREDIT,STEEP_HIGH_RATE,STEEP_HIGH_RATE_STRESS,STEEP_HIGH_RATE_STRESS
2010-05-26,-0.002026632492216,2.425439970646739,-0.004179147999512467,0.0,0.0,FULL_RISK,STEEP_HIGH_RATE_STRESS,CREDIT,STEEP_HIGH_RATE,STEEP_HIGH_RATE_STRESS,STEEP_HIGH_RATE_STRESS
2010-05-27,-0.0095119007185696,2.402369426447097,-0.013651297077222346,0.0,0.0,FULL_RISK,STEEP_HIGH_RATE_STRESS,CREDIT,STEEP_HIGH_RATE,STEEP_HIGH_RATE_STRESS,STEEP_HIGH_RATE_STRESS
2010-05-28,0.0045319149885296,2.413256760458798,-0.009181248606529913,0.0,0.0,FULL_RISK,STEEP_HIGH_RATE_STRESS,CREDIT,STEEP_HIGH_RATE,STEEP_HIGH_RATE_STRESS,STEEP_HIGH_RATE_STRESS
2010-06-01,0.0012929645735419,2.4163770159569316,-0.007900155062177117,0.0,0.0,FULL_RISK,STEEP_HIGH_RATE_STRESS,CREDIT,STEEP_HIGH_RATE,STEEP_HIGH_RATE_STRESS,STEEP_HIGH_RATE_STRESS
2010-06-02,-0.0057007685329247,2.402601809900682,-0.013555886639718073,0.0,0.0,FULL_RISK,STEEP_HIGH_RATE_STRESS,CREDIT,STEEP_HIGH_RATE,STEEP_HIGH_RATE_STRESS,STEEP_HIGH_RATE_STRESS
2010-06-03,-0.0014072755759922,2.399220687054774,-0.014944085347531222,0.0,0.0,FULL_RISK,STEEP_HIGH_RATE_STRESS,CREDIT,STEEP_HIGH_RATE,STEEP_HIGH_RATE_STRESS,STEEP_HIGH_RATE_STRESS
2010-06-04,0.0138679575409803,2.4324929776742916,-0.0012833717476391504,0.0,0.0,FULL_RISK,STEEP_HIGH_RATE_STRESS,CREDIT,STEEP_HIGH_RATE,STEEP_HIGH_RATE_STRESS,STEEP_HIGH_RATE_STRESS
2010-06-07,0.0040610817864863,2.4423715306016804,0.0,0.0,0.0,FULL_RISK,STEEP_HIGH_RATE_STRESS,CREDIT,STEEP_HIGH_RATE,STEEP_HIGH_RATE_STRESS,STEEP_HIGH_RATE_STRESS
2010-06-08,-0.0030867233943888,2.4348326052603833,-0.0030867233943887573,0.0,0.0,FULL_RISK,STEEP_HIGH_RATE_STRESS,CREDIT,STEEP_HIGH_RATE,STEEP_HIGH_RATE_STRESS,STEEP_HIGH_RATE_STRESS
2010-06-09,0.0001064447858503,2.4350917804956316,-0.0029806071741490525,0.0,0.0,FULL_RISK,STEEP_HIGH_RATE_STRESS,CREDIT,STEEP_HIGH_RATE,STEEP_HIGH_RATE_STRESS,STEEP_HIGH_RATE_STRESS
2010-06-10,-0.0092864638532177,2.4124783886967913,-0.012239391726583393,0.0,0.0,FULL_RISK,STEEP_HIGH_RATE_STRESS,CREDIT,STEEP_HIGH_RATE,STEEP_HIGH_RATE_STRESS,STEEP_HIGH_RATE_STRESS
2010-06-11,0.0063577240923562,2.4278162606708977,-0.00595948230988308,0.0,0.0,FULL_RISK,STEEP_HIGH_RATE_STRESS,CREDIT,STEEP_HIGH_RATE,STEEP_HIGH_RATE_STRESS,STEEP_HIGH_RATE_STRESS
2010-06-14,-0.0008575041193767,2.425734398226283,-0.006811876148629548,0.0,0.0,FULL_RISK,STEEP_HIGH_RATE_STRESS,CREDIT,STEEP_HIGH_RATE,STEEP_HIGH_RATE_STRESS,STEEP_HIGH_RATE_STRESS
2010-06-15,-0.0031080102444704,2.4181951908662316,-0.009898715012245929,0.0,0.0,FULL_RISK,STEEP_HIGH_RATE_STRESS,CREDIT,STEEP_HIGH_RATE,STEEP_HIGH_RATE_STRESS,STEEP_HIGH_RATE_STRESS
2010-06-16,0.0027950024432654,2.4249540523329953,-0.0071313795016249015,0.0,0.0,FULL_RISK,STEEP_HIGH_RATE_STRESS,CREDIT,STEEP_HIGH_RATE,STEEP_HIGH_RATE_STRESS,STEEP_HIGH_RATE_STRESS
2010-06-17,0.0047170710989148,2.436392733009452,-0.00244794762685252,0.0,0.0,FULL_RISK,STEEP_HIGH_RATE_STRESS,CREDIT,STEEP_HIGH_RATE,STEEP_HIGH_RATE_STRESS,STEEP_HIGH_RATE_STRESS
2010-06-18,-0.0020275222603793,2.431452892508249,-0.004470506618926118,0.0,0.0,FULL_RISK,STEEP_HIGH_RATE_STRESS,CREDIT,STEEP_HIGH_RATE,STEEP_HIGH_RATE_STRESS,STEEP_HIGH_RATE_STRESS
2010-06-21,-0.0007481209984225,2.429633871542688,-0.0052152831374735475,0.0,0.0,FULL_RISK,STEEP_HIGH_RATE_STRESS,CREDIT,STEEP_HIGH_RATE,STEEP_HIGH_RATE_STRESS,STEEP_HIGH_RATE_STRESS
2010-06-22,0.0059910738640649,2.4441899875297346,0.0,0.0,0.0,FULL_RISK,STEEP_HIGH_RATE_STRESS,CREDIT,STEEP_HIGH_RATE,STEEP_HIGH_RATE_STRESS,STEEP_HIGH_RATE_STRESS
2010-06-23,0.0037221505050788,2.453287630526327,0.0,0.0,0.0,FULL_RISK,STEEP_HIGH_RATE_STRESS,CREDIT,STEEP_HIGH_RATE,STEEP_HIGH_RATE_STRESS,STEEP_HIGH_RATE_STRESS
2010-06-24,-0.0008474514896672,2.4512085882692554,-0.0008474514896672503,0.0,0.0,FULL_RISK,STEEP_HIGH_RATE_STRESS,CREDIT,STEEP_HIGH_RATE,STEEP_HIGH_RATE_STRESS,STEEP_HIGH_RATE_STRESS
2010-06-25,0.0015901466821435,2.455106369473133,0.0,0.0,0.0,FULL_RISK,STEEP_HIGH_RATE_STRESS,CREDIT,STEEP_HIGH_RATE,STEEP_HIGH_RATE_STRESS,STEEP_HIGH_RATE_STRESS
2010-06-28,0.0070943884490122,2.4725238477418197,0.0,0.0,0.0,FULL_RISK,STEEP_HIGH_RATE_STRESS,CREDIT,STEEP_HIGH_RATE,STEEP_HIGH_RATE_STRESS,STEEP_HIGH_RATE_STRESS
2010-06-29,0.0043099121820888,2.4831802083937076,0.0,0.0,0.0,FULL_RISK,STEEP_HIGH_RATE_STRESS,CREDIT,STEEP_HIGH_RATE,STEEP_HIGH_RATE_STRESS,STEEP_HIGH_RATE_STRESS
2010-06-30,0.0014654143807542,2.486819096381092,0.0,0.0,0.0,FULL_RISK,STEEP_MID_RATE_STRESS,CREDIT,STEEP_MID_RATE,STEEP_MID_RATE_STRESS,STEEP_MID_RATE_STRESS
2010-07-01,-0.0004397862035734,2.4857254276517207,-0.00043978620357343345,0.0,0.0,FULL_RISK,STEEP_MID_RATE_STRESS,CREDIT,STEEP_MID_RATE,STEEP_MID_RATE_STRESS,STEEP_MID_RATE_STRESS
2010-07-02,-0.0017822694987986,2.481295195039629,-0.0022212718848353408,0.0,0.0,FULL_RISK,STEEP_MID_RATE_STRESS,CREDIT,STEEP_MID_RATE,STEEP_MID_RATE_STRESS,STEEP_MID_RATE_STRESS
2010-07-06,0.002415116316339,2.4872878115508232,0.0,0.0,0.0,FULL_RISK,STEEP_MID_RATE_STRESS,CREDIT,STEEP_MID_RATE,STEEP_MID_RATE_STRESS,STEEP_MID_RATE_STRESS
2010-07-07,-0.0031426655886112,2.47947109773649,-0.0031426655886113153,0.0,0.0,FULL_RISK,STEEP_MID_RATE_STRESS,CREDIT,STEEP_MID_RATE,STEEP_MID_RATE_STRESS,STEEP_MID_RATE_STRESS
2010-07-08,-0.0024172342936072,2.4734776351690337,-0.005552303323184349,0.0,0.0,FULL_RISK,STEEP_MID_RATE_STRESS,CREDIT,STEEP_MID_RATE,STEEP_MID_RATE_STRESS,STEEP_MID_RATE_STRESS
2010-07-09,-0.0026349352508273,2.466960181755994,-0.008172608614262056,0.0,0.0,FULL_RISK,STEEP_MID_RATE_STRESS,CREDIT,STEEP_MID_RATE,STEEP_MID_RATE_STRESS,STEEP_MID_RATE_STRESS
2010-07-12,0.0016911109729129,2.471132085189101,-0.0064953184294539446,0.0,0.0,FULL_RISK,STEEP_MID_RATE_STRESS,CREDIT,STEEP_MID_RATE,STEEP_MID_RATE_STRESS,STEEP_MID_RATE_STRESS
2010-07-13,-0.0049573759026885,2.4588817545376243,-0.011420494597079944,0.0,0.0,FULL_RISK,STEEP_MID_RATE_STRESS,CREDIT,STEEP_MID_RATE,STEEP_MID_RATE_STRESS,STEEP_MID_RATE_STRESS
2010-07-14,0.0049820739158643,2.471132085189101,-0.0064953184294539446,0.0,0.0,FULL_RISK,STEEP_MID_RATE_STRESS,CREDIT,STEEP_MID_RATE,STEEP_MID_RATE_STRESS,STEEP_MID_RATE_STRESS
2010-07-15,0.005167024126208,2.48390048429232,-0.001361855770278364,0.0,0.0,FULL_RISK,STEEP_MID_RATE_STRESS,CREDIT,STEEP_MID_RATE,STEEP_MID_RATE_STRESS,STEEP_MID_RATE_STRESS
2010-07-16,0.0057704893017054,2.4982338054634297,0.0,0.0,0.0,FULL_RISK,STEEP_MID_RATE_STRESS,CREDIT,STEEP_MID_RATE,STEEP_MID_RATE_STRESS,STEEP_MID_RATE_STRESS
2010-07-19,-0.0026067924712329,2.4917214283879683,-0.002606792471232855,0.0,0.0,FULL_RISK,STEEP_MID_RATE_STRESS,CREDIT,STEEP_MID_RATE,STEEP_MID_RATE_STRESS,STEEP_MID_RATE_STRESS
2010-07-20,0.0010448989644271,2.494325025528132,-0.0015646173415593267,0.0,0.0,FULL_RISK,STEEP_MID_RATE_STRESS,CREDIT,STEEP_MID_RATE,STEEP_MID_RATE_STRESS,STEEP_MID_RATE_STRESS
2010-07-21,0.0063737656786064,2.5102232687671324,0.0,0.0,0.0,FULL_RISK,STEEP_MID_RATE_STRESS,CREDIT,STEEP_MID_RATE,STEEP_MID_RATE_STRESS,STEEP_MID_RATE_STRESS
2010-07-22,-0.0055020223215404,2.4964119643103255,-0.005502022321540401,0.0,0.0,FULL_RISK,STEEP_MID_RATE_STRESS,CREDIT,STEEP_MID_RATE,STEEP_MID_RATE_STRESS,STEEP_MID_RATE_STRESS
2010-07-23,0.007678638046695599,2.515581008199705,0.0,2.0,0.001,NON_RISK,STEEP_MID_RATE_NORMAL,,STEEP_MID_RATE,STEEP_MID_RATE_NORMAL,STEEP_MID_RATE_NORMAL
2010-07-26,0.0104158781016294,2.5417829933358873,0.0,0.0,0.0,NON_RISK,STEEP_MID_RATE_NORMAL,,STEEP_MID_RATE,STEEP_MID_RATE_NORMAL,STEEP_MID_RATE_NORMAL
2010-07-27,-8.968881243498483e-05,2.5415550238377476,-8.968881243498483e-05,0.0,0.0,NON_RISK,STEEP_MID_RATE_NORMAL,,STEEP_MID_RATE,STEEP_MID_RATE_NORMAL,STEEP_MID_RATE_NORMAL
2010-07-28,-0.0064543684000327,2.525150891404945,-0.006543478327830865,0.0,0.0,NON_RISK,STEEP_MID_RATE_NORMAL,,STEEP_MID_RATE,STEEP_MID_RATE_NORMAL,STEEP_MID_RATE_NORMAL
2010-07-29,-0.0048721778292016,2.5128479072164533,-0.011383775166997623,0.0,0.0,NON_RISK,STEEP_MID_RATE_NORMAL,,STEEP_MID_RATE,STEEP_MID_RATE_NORMAL,STEEP_MID_RATE_NORMAL
2010-07-30,-0.0001817180465355,2.512391277403513,-0.011563424576147563,0.0,0.0,NON_RISK,STEEP_MID_RATE_NORMAL,,STEEP_MID_RATE,STEEP_MID_RATE_NORMAL,STEEP_MID_RATE_NORMAL
2010-08-02,0.022581127382756,2.569123904873887,0.0,0.0,0.0,NON_RISK,STEEP_MID_RATE_NORMAL,,STEEP_MID_RATE,STEEP_MID_RATE_NORMAL,STEEP_MID_RATE_NORMAL
2010-08-03,-0.004788606583245,2.556821381229836,-0.004788606583244981,0.0,0.0,NON_RISK,STEEP_MID_RATE_NORMAL,,STEEP_MID_RATE,STEEP_MID_RATE_NORMAL,STEEP_MID_RATE_NORMAL
2010-08-04,0.0066832242488454,2.573909191884838,0.0,0.0,0.0,NON_RISK,STEEP_MID_RATE_NORMAL,,STEEP_MID_RATE,STEEP_MID_RATE_NORMAL,STEEP_MID_RATE_NORMAL
2010-08-05,-0.0010626534307656,2.571174018451602,-0.0010626534307656144,0.0,0.0,NON_RISK,STEEP_MID_RATE_NORMAL,,STEEP_MID_RATE,STEEP_MID_RATE_NORMAL,STEEP_MID_RATE_NORMAL
2010-08-06,-0.0040758379917537,2.560694329703787,-0.005134160219294137,0.0,0.0,NON_RISK,STEEP_MID_RATE_NORMAL,,STEEP_MID_RATE,STEEP_MID_RATE_NORMAL,STEEP_MID_RATE_NORMAL
2010-08-09,0.0053383490289642,2.5743642097922357,0.0,0.0,0.0,NON_RISK,STEEP_MID_RATE_NORMAL,,STEEP_MID_RATE,STEEP_MID_RATE_NORMAL,STEEP_MID_RATE_NORMAL
2010-08-10,-0.0053988244361007,2.5604656693889862,-0.005398824436100735,0.0,0.0,NON_RISK,STEEP_MID_RATE_NORMAL,,STEEP_MID_RATE,STEEP_MID_RATE_NORMAL,STEEP_MID_RATE_NORMAL
2010-08-11,-0.0274066737480482,2.4902918221449646,-0.03265753436420571,0.0,0.0,NON_RISK,STEEP_MID_RATE_NORMAL,,STEEP_MID_RATE,STEEP_MID_RATE_NORMAL,STEEP_MID_RATE_NORMAL
2010-08-12,-0.0061301638273453,2.4750259252973175,-0.03858750215570128,0.0,0.0,NON_RISK,STEEP_MID_RATE_NORMAL,,STEEP_MID_RATE,STEEP_MID_RATE_NORMAL,STEEP_MID_RATE_NORMAL
2010-08-13,-0.0029460579716105,2.4677343554401525,-0.04141987910898148,0.0,0.0,NON_RISK,STEEP_MID_RATE_NORMAL,,STEEP_MID_RATE,STEEP_MID_RATE_NORMAL,STEEP_MID_RATE_NORMAL
2010-08-16,-0.0004611538962558,2.466596350127217,-0.041861932066603824,0.0,0.0,NON_RISK,STEEP_MID_RATE_NORMAL,,STEEP_MID_RATE,STEEP_MID_RATE_NORMAL,STEEP_MID_RATE_NORMAL
2010-08-17,0.0122850308645143,2.4968985624188282,-0.03009117632957592,0.0,0.0,NON_RISK,STEEP_MID_RATE_NORMAL,,STEEP_MID_RATE,STEEP_MID_RATE_NORMAL,STEEP_MID_RATE_NORMAL
2010-08-18,0.0018250990685724,2.5014556496594187,-0.028320996638894758,0.0,0.0,NON_RISK,STEEP_MID_RATE_NORMAL,,STEEP_MID_RATE,STEEP_MID_RATE_NORMAL,STEEP_MID_RATE_NORMAL
2010-08-19,-0.0173968844992427,2.4579381146423156,-0.04522518403070719,0.0,0.0,NON_RISK,STEEP_MID_RATE_NORMAL,,STEEP_MID_RATE,STEEP_MID_RATE_NORMAL,STEEP_MID_RATE_NORMAL
2010-08-20,-0.0032441282384368,2.4499642481962742,-0.048322595972541516,0.0,0.0,NON_RISK,STEEP_MID_RATE_NORMAL,,STEEP_MID_RATE,STEEP_MID_RATE_NORMAL,STEEP_MID_RATE_NORMAL
2010-08-23,-0.0038131756356029,2.440622104216954,-0.051951509062532875,0.0,0.0,NON_RISK,STEEP_MID_RATE_NORMAL,,STEEP_MID_RATE,STEEP_MID_RATE_NORMAL,STEEP_MID_RATE_NORMAL
2010-08-24,-0.0148431113697553,2.4043956785125755,-0.06602349839744603,0.0,0.0,NON_RISK,STEEP_MID_RATE_NORMAL,,STEEP_MID_RATE,STEEP_MID_RATE_NORMAL,STEEP_MID_RATE_NORMAL
2010-08-25,0.0038853479028373,2.4137375922196753,-0.06239467475564531,0.0,0.0,NON_RISK,STEEP_MID_RATE_NORMAL,,STEEP_MID_RATE,STEEP_MID_RATE_NORMAL,STEEP_MID_RATE_NORMAL
2010-08-26,-0.0067021843417901,2.3975602779239105,-0.06867867848527698,0.0,0.0,NON_RISK,STEEP_MID_RATE_NORMAL,,STEEP_MID_RATE,STEEP_MID_RATE_NORMAL,STEEP_MID_RATE_NORMAL
2010-08-27,0.0154902317090177,2.4346990421652888,-0.05425229541946541,0.0,0.0,NON_RISK,STEEP_MID_RATE_NORMAL,,STEEP_MID_RATE,STEEP_MID_RATE_NORMAL,STEEP_MID_RATE_NORMAL
2010-08-30,-0.0145050653855327,2.399383573364587,-0.06797042771262363,0.0,0.0,NON_RISK,STEEP_MID_RATE_NORMAL,,STEEP_MID_RATE,STEEP_MID_RATE_NORMAL,STEEP_MID_RATE_NORMAL
2010-08-31,0.0,2.399383573364587,-0.06797042771262363,0.0,0.0,NON_RISK,STEEP_MID_RATE_NORMAL,,STEEP_MID_RATE,STEEP_MID_RATE_NORMAL,STEEP_MID_RATE_NORMAL
2010-09-01,0.0299116007359088,2.471152976823367,-0.040091931272303594,0.0,0.0,NON_RISK,STEEP_MID_RATE_NORMAL,,STEEP_MID_RATE,STEEP_MID_RATE_NORMAL,STEEP_MID_RATE_NORMAL
2010-09-02,0.0093119824903307,2.494164310074475,-0.031153284143984106,0.0,0.0,NON_RISK,STEEP_MID_RATE_NORMAL,,STEEP_MID_RATE,STEEP_MID_RATE_NORMAL,STEEP_MID_RATE_NORMAL
2010-09-03,0.0129720396481591,2.526518708393785,-0.018585366132911063,0.0,0.0,NON_RISK,STEEP_MID_RATE_NORMAL,,STEEP_MID_RATE,STEEP_MID_RATE_NORMAL,STEEP_MID_RATE_NORMAL
2010-09-07,-0.01127263719119,2.498038179637308,-0.029648497234619264,0.0,0.0,NON_RISK,STEEP_MID_RATE_NORMAL,,STEEP_MID_RATE,STEEP_MID_RATE_NORMAL,STEEP_MID_RATE_NORMAL
2010-09-08,0.0070226422900177,2.5155810081997076,-0.022834065735116815,0.0,0.0,NON_RISK,STEEP_MID_RATE_NORMAL,,STEEP_MID_RATE,STEEP_MID_RATE_NORMAL,STEEP_MID_RATE_NORMAL
2010-09-09,0.0046190268572703,2.5272005444382213,-0.018320510040737648,0.0,0.0,NON_RISK,STEEP_MID_RATE_NORMAL,,STEEP_MID_RATE,STEEP_MID_RATE_NORMAL,STEEP_MID_RATE_NORMAL
2010-09-10,0.0050488212173318,2.5399599281674337,-0.013364185803211859,0.0,0.0,NON_RISK,STEEP_MID_RATE_NORMAL,,STEEP_MID_RATE,STEEP_MID_RATE_NORMAL,STEEP_MID_RATE_NORMAL
2010-09-13,0.0111230489900999,2.568212026881331,-0.0023897873065137354,0.0,0.0,NON_RISK,STEEP_MID_RATE_NORMAL,,STEEP_MID_RATE,STEEP_MID_RATE_NORMAL,STEEP_MID_RATE_NORMAL
2010-09-14,-0.0006204642561032,2.5666185431165567,-0.003008768785013549,0.0,0.0,NON_RISK,STEEP_MID_RATE_NORMAL,,STEEP_MID_RATE,STEEP_MID_RATE_NORMAL,STEEP_MID_RATE_NORMAL
2010-09-15,0.0038169681928588,2.5764152444588344,0.0,0.0,0.0,NON_RISK,STEEP_MID_RATE_NORMAL,,STEEP_MID_RATE,STEEP_MID_RATE_NORMAL,STEEP_MID_RATE_NORMAL
2010-09-16,-0.0002652708842055,2.5757317965088564,-0.00026527088420547074,0.0,0.0,NON_RISK,STEEP_MID_RATE_NORMAL,,STEEP_MID_RATE,STEEP_MID_RATE_NORMAL,STEEP_MID_RATE_NORMAL
2010-09-17,0.0003736949174362,2.5766943343898907,0.0,0.0,0.0,NON_RISK,STEEP_MID_RATE_NORMAL,,STEEP_MID_RATE,STEEP_MID_RATE_NORMAL,STEEP_MID_RATE_NORMAL
2010-09-20,0.0152900304072245,2.6160920691128355,0.0,0.0,0.0,NON_RISK,STEEP_MID_RATE_NORMAL,,STEEP_MID_RATE,STEEP_MID_RATE_NORMAL,STEEP_MID_RATE_NORMAL
2010-09-21,-0.0020141948673459,2.6108227498947243,-0.0020141948673458865,0.0,0.0,NON_RISK,STEEP_MID_RATE_NORMAL,,STEEP_MID_RATE,STEEP_MID_RATE_NORMAL,STEEP_MID_RATE_NORMAL
2010-09-22,-0.004912778144686,2.5979963569493925,-0.0069170777195084465,0.0,0.0,NON_RISK,STEEP_MID_RATE_NORMAL,,STEEP_MID_RATE,STEEP_MID_RATE_NORMAL,STEEP_MID_RATE_NORMAL
2010-09-23,-0.0081117447594605,2.5769220736158105,-0.014972712910026997,0.0,0.0,NON_RISK,STEEP_MID_RATE_NORMAL,,STEEP_MID_RATE,STEEP_MID_RATE_NORMAL,STEEP_MID_RATE_NORMAL
2010-09-24,0.0206227206650055,2.6300652177154764,0.0,0.0,0.0,NON_RISK,STEEP_MID_RATE_NORMAL,,STEEP_MID_RATE,STEEP_MID_RATE_NORMAL,STEEP_MID_RATE_NORMAL
2010-09-27,-0.0047902438443545,2.617466563996064,-0.004790243844354558,0.0,0.0,NON_RISK,STEEP_MID_RATE_NORMAL,,STEEP_MID_RATE,STEEP_MID_RATE_NORMAL,STEEP_MID_RATE_NORMAL
2010-09-28,0.0035003584110828,2.6266286350990757,-0.0013066530036033308,0.0,0.0,NON_RISK,STEEP_MID_RATE_NORMAL,,STEEP_MID_RATE,STEEP_MID_RATE_NORMAL,STEEP_MID_RATE_NORMAL
2010-09-29,-0.0017441619886831,2.622047369275349,-0.003048535977785205,0.0,0.0,NON_RISK,STEEP_MID_RATE_NORMAL,,STEEP_MID_RATE,STEEP_MID_RATE_NORMAL,STEEP_MID_RATE_NORMAL
2010-09-30,-0.0029704755421859,2.6142586416944638,-0.006009955918409693,0.0,0.0,NON_RISK,STEEP_MID_RATE_NORMAL,,STEEP_MID_RATE,STEEP_MID_RATE_NORMAL,STEEP_MID_RATE_NORMAL
2010-10-01,0.0042057077021255,2.6252534493991866,-0.0018295243341795997,0.0,0.0,NON_RISK,STEEP_MID_RATE_NORMAL,,STEEP_MID_RATE,STEEP_MID_RATE_NORMAL,STEEP_MID_RATE_NORMAL
2010-10-04,-0.0075034305055535,2.6055550425821554,-0.00931922713103328,0.0,0.0,NON_RISK,STEEP_MID_RATE_NORMAL,,STEEP_MID_RATE,STEEP_MID_RATE_NORMAL,STEEP_MID_RATE_NORMAL
2010-10-05,0.0201318449633887,2.658009672742995,0.0,0.0,0.0,NON_RISK,STEEP_MID_RATE_NORMAL,,STEEP_MID_RATE,STEEP_MID_RATE_NORMAL,STEEP_MID_RATE_NORMAL
2010-10-06,-8.646006004386919e-05,2.6577798610670924,-8.646006004386919e-05,0.0,0.0,NON_RISK,STEEP_MID_RATE_NORMAL,,STEEP_MID_RATE,STEEP_MID_RATE_NORMAL,STEEP_MID_RATE_NORMAL
2010-10-07,-0.0012063867452025,2.654573550671035,-0.0012927425009758853,0.0,0.0,NON_RISK,STEEP_MID_RATE_NORMAL,,STEEP_MID_RATE,STEEP_MID_RATE_NORMAL,STEEP_MID_RATE_NORMAL
2010-10-08,0.0056087883566764,2.66946249189398,0.0,0.0,0.0,NON_RISK,STEEP_MID_RATE_NORMAL,,STEEP_MID_RATE,STEEP_MID_RATE_NORMAL,STEEP_MID_RATE_NORMAL
2010-10-11,0.0009437023738687,2.671981669984534,0.0,0.0,0.0,NON_RISK,STEEP_MID_RATE_NORMAL,,STEEP_MID_RATE,STEEP_MID_RATE_NORMAL,STEEP_MID_RATE_NORMAL
2010-10-12,0.003086203238346,2.6802279484672415,0.0,0.0,0.0,NON_RISK,STEEP_MID_RATE_NORMAL,,STEEP_MID_RATE,STEEP_MID_RATE_NORMAL,STEEP_MID_RATE_NORMAL
2010-10-13,0.0077770405302202,2.7010721898527,0.0,0.0,0.0,NON_RISK,STEEP_MID_RATE_NORMAL,,STEEP_MID_RATE,STEEP_MID_RATE_NORMAL,STEEP_MID_RATE_NORMAL
2010-10-14,-0.0039005417689088,2.690536544955342,-0.0039005417689087496,0.0,0.0,NON_RISK,STEEP_MID_RATE_NORMAL,,STEEP_MID_RATE,STEEP_MID_RATE_NORMAL,STEEP_MID_RATE_NORMAL
2010-10-15,0.002043279805576,2.696034063943814,-0.0018652318615597352,0.0,0.0,NON_RISK,STEEP_MID_RATE_NORMAL,,STEEP_MID_RATE,STEEP_MID_RATE_NORMAL,STEEP_MID_RATE_NORMAL
2010-10-18,0.0049279853228938,2.7093200802409507,0.0,0.0,0.0,NON_RISK,STEEP_MID_RATE_NORMAL,,STEEP_MID_RATE,STEEP_MID_RATE_NORMAL,STEEP_MID_RATE_NORMAL
2010-10-19,-0.0131050975430587,2.6738141763140257,-0.013105097543058553,0.0,0.0,NON_RISK,STEEP_MID_RATE_NORMAL,,STEEP_MID_RATE,STEEP_MID_RATE_NORMAL,STEEP_MID_RATE_NORMAL
2010-10-20,0.0097663220438708,2.6999275066453756,-0.0034667641022096962,0.0,0.0,NON_RISK,STEEP_MID_RATE_NORMAL,,STEEP_MID_RATE,STEEP_MID_RATE_NORMAL,STEEP_MID_RATE_NORMAL
2010-10-21,0.0022060671024444,2.705883727896771,-0.0012683449140029612,0.0,0.0,NON_RISK,STEEP_MID_RATE_NORMAL,,STEEP_MID_RATE,STEEP_MID_RATE_NORMAL,STEEP_MID_RATE_NORMAL
2010-10-22,0.0018620853517767,2.7109223143500984,0.0,0.0,0.0,NON_RISK,STEEP_MID_RATE_NORMAL,,STEEP_MID_RATE,STEEP_MID_RATE_NORMAL,STEEP_MID_RATE_NORMAL
2010-10-25,0.0029570994212451,2.7189387811569037,0.0,0.0,0.0,NON_RISK,STEEP_MID_RATE_NORMAL,,STEEP_MID_RATE,STEEP_MID_RATE_NORMAL,STEEP_MID_RATE_NORMAL
2010-10-26,0.0001687063592978,2.7193974834198267,0.0,0.0,0.0,NON_RISK,STEEP_MID_RATE_NORMAL,,STEEP_MID_RATE,STEEP_MID_RATE_NORMAL,STEEP_MID_RATE_NORMAL
2010-10-27,-0.0028636291660351,2.711610137472263,-0.0028636291660351088,0.0,0.0,NON_RISK,STEEP_MID_RATE_NORMAL,,STEEP_MID_RATE,STEEP_MID_RATE_NORMAL,STEEP_MID_RATE_NORMAL
2010-10-28,0.0001684829536692,2.712066997557424,-0.0026956286850660094,0.0,0.0,NON_RISK,STEEP_MID_RATE_NORMAL,,STEEP_MID_RATE,STEEP_MID_RATE_NORMAL,STEEP_MID_RATE_NORMAL
2010-10-29,0.0007601682372111,2.714128624746156,-0.0019375095791605013,0.0,0.0,NON_RISK,STEEP_MID_RATE_NORMAL,,STEEP_MID_RATE,STEEP_MID_RATE_NORMAL,STEEP_MID_RATE_NORMAL
2010-11-01,0.0003379258614586,2.7150457989997827,-0.0016002384522955104,0.0,0.0,NON_RISK,STEEP_MID_RATE_NORMAL,,STEEP_MID_RATE,STEEP_MID_RATE_NORMAL,STEEP_MID_RATE_NORMAL
2010-11-02,0.0079302209761817,2.736576712146305,0.0,0.0,0.0,NON_RISK,STEEP_MID_RATE_NORMAL,,STEEP_MID_RATE,STEEP_MID_RATE_NORMAL,STEEP_MID_RATE_NORMAL
2010-11-03,0.0040178073313792,2.747571750123248,0.0,0.0,0.0,NON_RISK,STEEP_MID_RATE_NORMAL,,STEEP_MID_RATE,STEEP_MID_RATE_NORMAL,STEEP_MID_RATE_NORMAL
2010-11-04,0.0192583844137392,2.800485543091452,0.0,0.0,0.0,NON_RISK,STEEP_MID_RATE_NORMAL,,STEEP_MID_RATE,STEEP_MID_RATE_NORMAL,STEEP_MID_RATE_NORMAL
2010-11-05,0.0037619957193235,2.8110209577165897,0.0,0.0,0.0,NON_RISK,STEEP_MID_RATE_NORMAL,,STEEP_MID_RATE,STEEP_MID_RATE_NORMAL,STEEP_MID_RATE_NORMAL
2010-11-08,-0.0018741119103176,2.8057527898595804,-0.0018741119103176107,0.0,0.0,NON_RISK,STEEP_MID_RATE_NORMAL,,STEEP_MID_RATE,STEEP_MID_RATE_NORMAL,STEEP_MID_RATE_NORMAL
2010-11-09,-0.007184042945039,2.785596141324066,-0.009044691154909135,0.0,0.0,NON_RISK,STEEP_MID_RATE_NORMAL,,STEEP_MID_RATE,STEEP_MID_RATE_NORMAL,STEEP_MID_RATE_NORMAL
2010-11-10,0.0040290254501744,2.7968193790713687,-0.00505210699558678,0.0,0.0,NON_RISK,STEEP_MID_RATE_NORMAL,,STEEP_MID_RATE,STEEP_MID_RATE_NORMAL,STEEP_MID_RATE_NORMAL
2010-11-11,-0.0037674210702728,2.7862825828129076,-0.008800494651515223,0.0,0.0,NON_RISK,STEEP_MID_RATE_NORMAL,,STEEP_MID_RATE,STEEP_MID_RATE_NORMAL,STEEP_MID_RATE_NORMAL
2010-11-12,-0.011838312403083,2.7532976991542997,-0.020534624049611816,0.0,0.0,NON_RISK,STEEP_MID_RATE_NORMAL,,STEEP_MID_RATE,STEEP_MID_RATE_NORMAL,STEEP_MID_RATE_NORMAL
2010-11-15,-0.0014143525124139,2.749403565636077,-0.021919933364909827,0.0,0.0,NON_RISK,STEEP_MID_RATE_NORMAL,,STEEP_MID_RATE,STEEP_MID_RATE_NORMAL,STEEP_MID_RATE_NORMAL
2010-11-16,-0.0155793268512018,2.706569708841173,-0.037157762409663175,0.0,0.0,NON_RISK,STEEP_MID_RATE_NORMAL,,STEEP_MID_RATE,STEEP_MID_RATE_NORMAL,STEEP_MID_RATE_NORMAL
2010-11-17,0.0005082618932135,2.707945355085503,-0.03666838639111958,0.0,0.0,NON_RISK,STEEP_MID_RATE_NORMAL,,STEEP_MID_RATE,STEEP_MID_RATE_NORMAL,STEEP_MID_RATE_NORMAL
2010-11-18,0.0147180762323577,2.7478011012547103,-0.02248999826498388,0.0,0.0,NON_RISK,STEEP_MID_RATE_NORMAL,,STEEP_MID_RATE,STEEP_MID_RATE_NORMAL,STEEP_MID_RATE_NORMAL
2010-11-19,0.0027508963081539,2.7553600171596933,-0.01980096961002742,0.0,0.0,NON_RISK,STEEP_MID_RATE_NORMAL,,STEEP_MID_RATE,STEEP_MID_RATE_NORMAL,STEEP_MID_RATE_NORMAL
2010-11-22,-0.0008312117070977,2.7530697296561613,-0.02061572251937338,0.0,0.0,NON_RISK,STEEP_MID_RATE_NORMAL,,STEEP_MID_RATE,STEEP_MID_RATE_NORMAL,STEEP_MID_RATE_NORMAL
2010-11-23,-0.0144770895399173,2.713213292670293,-0.034794356398447635,0.0,0.0,NON_RISK,STEEP_MID_RATE_NORMAL,,STEEP_MID_RATE,STEEP_MID_RATE_NORMAL,STEEP_MID_RATE_NORMAL
2010-11-24,0.0147737763898971,2.7532976991543006,-0.020534624049611483,0.0,0.0,NON_RISK,STEEP_MID_RATE_NORMAL,,STEEP_MID_RATE,STEEP_MID_RATE_NORMAL,STEEP_MID_RATE_NORMAL
2010-11-26,-0.0116466840203841,2.7212309108382,-0.031942147792212494,0.0,0.0,NON_RISK,STEEP_MID_RATE_NORMAL,,STEEP_MID_RATE,STEEP_MID_RATE_NORMAL,STEEP_MID_RATE_NORMAL
2010-11-29,0.0030298409504858,2.729475807687585,-0.02900908646915401,0.0,0.0,NON_RISK,STEEP_MID_RATE_NORMAL,,STEEP_MID_RATE,STEEP_MID_RATE_NORMAL,STEEP_MID_RATE_NORMAL
2010-11-30,-0.0056227583692819,2.714128624746157,-0.03446873375470627,0.0,0.0,NON_RISK,STEEP_MID_RATE_NORMAL,,STEEP_MID_RATE,STEEP_MID_RATE_NORMAL,STEEP_MID_RATE_NORMAL
2010-12-01,0.021267864234743,2.7718523438528884,-0.01393394586980179,0.0,0.0,NON_RISK,STEEP_MID_RATE_NORMAL,,STEEP_MID_RATE,STEEP_MID_RATE_NORMAL,STEEP_MID_RATE_NORMAL
2010-12-02,0.0128090345954257,2.807357096418712,-0.0013033916690731173,0.0,0.0,NON_RISK,STEEP_MID_RATE_NORMAL,,STEEP_MID_RATE,STEEP_MID_RATE_NORMAL,STEEP_MID_RATE_NORMAL
2010-12-03,0.0026922920129985,2.814915321507035,0.0,0.0,0.0,NON_RISK,STEEP_MID_RATE_NORMAL,,STEEP_MID_RATE,STEEP_MID_RATE_NORMAL,STEEP_MID_RATE_NORMAL
2010-12-06,-0.0010578116004082,2.811937671425778,-0.0010578116004081872,0.0,0.0,NON_RISK,STEEP_MID_RATE_NORMAL,,STEEP_MID_RATE,STEEP_MID_RATE_NORMAL,STEEP_MID_RATE_NORMAL
2010-12-07,0.0005704522910341,2.813541747712688,-0.000487962740424952,0.0,0.0,NON_RISK,STEEP_MID_RATE_NORMAL,,STEEP_MID_RATE,STEEP_MID_RATE_NORMAL,STEEP_MID_RATE_NORMAL
2010-12-08,0.0036632668837122,2.8238485020230257,0.0,0.0,0.0,NON_RISK,STEEP_MID_RATE_NORMAL,,STEEP_MID_RATE,STEEP_MID_RATE_NORMAL,STEEP_MID_RATE_NORMAL
2010-12-09,0.0035955004506034,2.834001650584485,0.0,1.009410053475683,0.0005047050267378415,NON_RISK,STEEP_HIGH_RATE_NORMAL,,STEEP_HIGH_RATE,STEEP_HIGH_RATE_NORMAL,STEEP_HIGH_RATE_NORMAL
2010-12-10,0.0030306934241687558,2.8425906407509953,0.0,0.0,0.0,NON_RISK,STEEP_HIGH_RATE_NORMAL,,STEEP_HIGH_RATE,STEEP_HIGH_RATE_NORMAL,STEEP_HIGH_RATE_NORMAL
2010-12-13,0.0027037065755393694,2.8502761717579603,0.0,0.0,0.0,NON_RISK,STEEP_HIGH_RATE_NORMAL,,STEEP_HIGH_RATE,STEEP_HIGH_RATE_NORMAL,STEEP_HIGH_RATE_NORMAL
2010-12-14,0.0009197787262126564,2.852897795144574,0.0,0.0,0.0,NON_RISK,STEEP_HIGH_RATE_NORMAL,,STEEP_HIGH_RATE,STEEP_HIGH_RATE_NORMAL,STEEP_HIGH_RATE_NORMAL
2010-12-15,-0.007749670756619266,2.8307887765299187,-0.0077496707566192535,0.0,0.0,NON_RISK,STEEP_HIGH_RATE_NORMAL,,STEEP_HIGH_RATE,STEEP_HIGH_RATE_NORMAL,STEEP_HIGH_RATE_NORMAL
2010-12-16,-0.0004610500224270543,2.8294836413010134,-0.008207147793170111,0.0,0.0,NON_RISK,STEEP_HIGH_RATE_NORMAL,,STEEP_HIGH_RATE,STEEP_HIGH_RATE_NORMAL,STEEP_HIGH_RATE_NORMAL
2010-12-17,0.002001388687149083,2.8351465378511866,-0.006222184798768127,0.0,0.0,NON_RISK,STEEP_HIGH_RATE_NORMAL,,STEEP_HIGH_RATE,STEEP_HIGH_RATE_NORMAL,STEEP_HIGH_RATE_NORMAL
2010-12-20,0.004617783201576605,2.848238629907684,-0.0016331342976323437,0.0,0.0,NON_RISK,STEEP_HIGH_RATE_NORMAL,,STEEP_HIGH_RATE,STEEP_HIGH_RATE_NORMAL,STEEP_HIGH_RATE_NORMAL
2010-12-21,0.003924862691019817,2.85941757544133,0.0,0.0,0.0,NON_RISK,STEEP_HIGH_RATE_NORMAL,,STEEP_HIGH_RATE,STEEP_HIGH_RATE_NORMAL,STEEP_HIGH_RATE_NORMAL
2010-12-22,0.0005333690834018804,2.8609427003726062,0.0,0.0,0.0,NON_RISK,STEEP_HIGH_RATE_NORMAL,,STEEP_HIGH_RATE,STEEP_HIGH_RATE_NORMAL,STEEP_HIGH_RATE_NORMAL
2010-12-23,-0.0021662024363700385,2.8547453193247443,-0.0021662024363698906,0.0,0.0,NON_RISK,STEEP_HIGH_RATE_NORMAL,,STEEP_HIGH_RATE,STEEP_HIGH_RATE_NORMAL,STEEP_HIGH_RATE_NORMAL
2010-12-27,0.0015463404353505698,2.859159727444644,-0.0006232116874378413,0.0,0.0,NON_RISK,STEEP_HIGH_RATE_NORMAL,,STEEP_HIGH_RATE,STEEP_HIGH_RATE_NORMAL,STEEP_HIGH_RATE_NORMAL
2010-12-28,0.00893311260673278,2.8847009232505423,0.0,0.0,0.0,NON_RISK,STEEP_HIGH_RATE_NORMAL,,STEEP_HIGH_RATE,STEEP_HIGH_RATE_NORMAL,STEEP_HIGH_RATE_NORMAL
2010-12-29,0.00215662632072875,2.8909221451890548,0.0,0.0,0.0,NON_RISK,STEEP_HIGH_RATE_NORMAL,,STEEP_HIGH_RATE,STEEP_HIGH_RATE_NORMAL,STEEP_HIGH_RATE_NORMAL
2010-12-30,-0.003278927129571975,2.881443022137714,-0.003278927129572007,0.0,0.0,NON_RISK,STEEP_HIGH_RATE_NORMAL,,STEEP_HIGH_RATE,STEEP_HIGH_RATE_NORMAL,STEEP_HIGH_RATE_NORMAL
2010-12-31,0.006342881555195938,2.8997196739351794,0.0,0.0,0.0,NON_RISK,STEEP_HIGH_RATE_NORMAL,,STEEP_HIGH_RATE,STEEP_HIGH_RATE_NORMAL,STEEP_HIGH_RATE_NORMAL
2011-01-03,0.0032549388058012298,2.909158084027816,0.0,0.10384306869967685,5.1921534349838425e-05,NON_RISK,STEEP_HIGH_RATE_NORMAL,,STEEP_HIGH_RATE,STEEP_HIGH_RATE_NORMAL,STEEP_HIGH_RATE_NORMAL
2011-01-04,-0.010964800155231555,2.8772597470164745,-0.010964800155231602,0.0,0.0,NON_RISK,STEEP_HIGH_RATE_NORMAL,,STEEP_HIGH_RATE,STEEP_HIGH_RATE_NORMAL,STEEP_HIGH_RATE_NORMAL
2011-01-05,0.0015673777074346929,2.8817694998024477,-0.009414608431126514,0.0,0.0,NON_RISK,STEEP_HIGH_RATE_NORMAL,,STEEP_HIGH_RATE,STEEP_HIGH_RATE_NORMAL,STEEP_HIGH_RATE_NORMAL
2011-01-06,-0.002891350197352061,2.8734372949904707,-0.01227873769853327,0.0,0.0,NON_RISK,STEEP_HIGH_RATE_NORMAL,,STEEP_HIGH_RATE,STEEP_HIGH_RATE_NORMAL,STEEP_HIGH_RATE_NORMAL
2011-01-07,-0.0019197546598498636,2.8679210003536264,-0.01417492019446931,0.0,0.0,NON_RISK,STEEP_HIGH_RATE_NORMAL,,STEEP_HIGH_RATE,STEEP_HIGH_RATE_NORMAL,STEEP_HIGH_RATE_NORMAL
2011-01-10,0.0011416933695761653,2.8711952867441988,-0.013049410237293335,0.0,0.0,NON_RISK,STEEP_HIGH_RATE_NORMAL,,STEEP_HIGH_RATE,STEEP_HIGH_RATE_NORMAL,STEEP_HIGH_RATE_NORMAL
2011-01-11,0.0046062768014981164,2.8844208069860993,-0.00850324263144453,0.0,0.0,NON_RISK,STEEP_HIGH_RATE_NORMAL,,STEEP_HIGH_RATE,STEEP_HIGH_RATE_NORMAL,STEEP_HIGH_RATE_NORMAL
2011-01-12,0.006784299505016947,2.9039895816391956,-0.0017766316712031216,0.0,0.0,NON_RISK,STEEP_HIGH_RATE_NORMAL,,STEEP_HIGH_RATE,STEEP_HIGH_RATE_NORMAL,STEEP_HIGH_RATE_NORMAL
2011-01-13,-0.0056067400108694015,2.8877076670606714,-0.007373410570196914,0.0,0.0,NON_RISK,STEEP_HIGH_RATE_NORMAL,,STEEP_HIGH_RATE,STEEP_HIGH_RATE_NORMAL,STEEP_HIGH_RATE_NORMAL
2011-01-14,-0.0006292856690342033,2.8858904740094298,-0.007998056257627506,0.0,0.0,NON_RISK,STEEP_HIGH_RATE_NORMAL,,STEEP_HIGH_RATE,STEEP_HIGH_RATE_NORMAL,STEEP_HIGH_RATE_NORMAL
2011-01-18,0.003456160163951144,2.895864573703227,-0.004569538657102967,0.0,0.0,NON_RISK,STEEP_HIGH_RATE_NORMAL,,STEEP_HIGH_RATE,STEEP_HIGH_RATE_NORMAL,STEEP_HIGH_RATE_NORMAL
2011-01-19,-0.004381716086109095,2.8831757173174384,-0.008931232322172078,0.0,0.0,NON_RISK,STEEP_HIGH_RATE_NORMAL,,STEEP_HIGH_RATE,STEEP_HIGH_RATE_NORMAL,STEEP_HIGH_RATE_NORMAL
2011-01-20,-0.009258129072936928,2.856482904386556,-0.018106674893489938,0.0,0.0,NON_RISK,STEEP_HIGH_RATE_NORMAL,,STEEP_HIGH_RATE,STEEP_HIGH_RATE_NORMAL,STEEP_HIGH_RATE_NORMAL
2011-01-21,0.0006523754769926846,2.858346403783827,-0.017466111767167614,0.0,0.0,NON_RISK,STEEP_HIGH_RATE_NORMAL,,STEEP_HIGH_RATE,STEEP_HIGH_RATE_NORMAL,STEEP_HIGH_RATE_NORMAL
2011-01-24,0.0007966853918040459,2.8606236066084367,-0.016683341371460214,0.0,0.0,NON_RISK,STEEP_HIGH_RATE_NORMAL,,STEEP_HIGH_RATE,STEEP_HIGH_RATE_NORMAL,STEEP_HIGH_RATE_NORMAL
2011-01-25,-0.0006064974521905458,2.8588886456793525,-0.017279720419615008,0.0,0.0,NON_RISK,STEEP_HIGH_RATE_NORMAL,,STEEP_HIGH_RATE,STEEP_HIGH_RATE_NORMAL,STEEP_HIGH_RATE_NORMAL
2011-01-26,0.005807397814368499,2.8754913493517935,-0.011572672815844287,0.0,0.0,NON_RISK,STEEP_HIGH_RATE_NORMAL,,STEEP_HIGH_RATE,STEEP_HIGH_RATE_NORMAL,STEEP_HIGH_RATE_NORMAL
2011-01-27,-0.009800228441055882,2.847310877247866,-0.02125948641963127,0.0,0.0,NON_RISK,STEEP_HIGH_RATE_NORMAL,,STEEP_HIGH_RATE,STEEP_HIGH_RATE_NORMAL,STEEP_HIGH_RATE_NORMAL
2011-01-28,-0.0012386024562252348,2.8437841910016703,-0.022471756823758904,0.0,0.0,NON_RISK,STEEP_HIGH_RATE_NORMAL,,STEEP_HIGH_RATE,STEEP_HIGH_RATE_NORMAL,STEEP_HIGH_RATE_NORMAL
2011-01-31,0.002688308882512116,2.8514291613022875,-0.01984385896472185,0.0,0.0,NON_RISK,STEEP_HIGH_RATE_NORMAL,,STEEP_HIGH_RATE,STEEP_HIGH_RATE_NORMAL,STEEP_HIGH_RATE_NORMAL
2011-02-01,0.012395706487927951,2.886774640256909,-0.007694131128108461,0.10018623711882835,5.0093118559414174e-05,NON_RISK,STEEP_HIGH_RATE_NORMAL,,STEEP_HIGH_RATE,STEEP_HIGH_RATE_NORMAL,STEEP_HIGH_RATE_NORMAL
2011-02-02,-0.0022197181291463107,2.880366814253171,-0.009896770454901671,0.0,0.0,NON_RISK,STEEP_HIGH_RATE_NORMAL,,STEEP_HIGH_RATE,STEEP_HIGH_RATE_NORMAL,STEEP_HIGH_RATE_NORMAL
2011-02-03,0.00672967978372385,2.8997507605727595,-0.003233692767232399,0.0,0.0,NON_RISK,STEEP_HIGH_RATE_NORMAL,,STEEP_HIGH_RATE,STEEP_HIGH_RATE_NORMAL,STEEP_HIGH_RATE_NORMAL
2011-02-04,4.5050226514700914e-05,2.8998813950013598,-0.0031887882193092354,0.0,0.0,NON_RISK,STEEP_HIGH_RATE_NORMAL,,STEEP_HIGH_RATE,STEEP_HIGH_RATE_NORMAL,STEEP_HIGH_RATE_NORMAL
2011-02-07,0.0037955081376849402,2.9108879184344087,0.0,0.0,0.0,NON_RISK,STEEP_HIGH_RATE_NORMAL,,STEEP_HIGH_RATE,STEEP_HIGH_RATE_NORMAL,STEEP_HIGH_RATE_NORMAL
2011-02-08,0.007180688674900698,2.931790098344216,0.0,0.0,0.0,NON_RISK,STEEP_HIGH_RATE_NORMAL,,STEEP_HIGH_RATE,STEEP_HIGH_RATE_NORMAL,STEEP_HIGH_RATE_NORMAL
2011-02-09,-0.0015633813235417459,2.9272065924599198,-0.0015633813235417238,0.0,0.0,NON_RISK,STEEP_HIGH_RATE_NORMAL,,STEEP_HIGH_RATE,STEEP_HIGH_RATE_NORMAL,STEEP_HIGH_RATE_NORMAL
2011-02-10,-0.0004399581739827054,2.925918743992631,-0.002002651675132139,0.0,0.0,NON_RISK,STEEP_HIGH_RATE_NORMAL,,STEEP_HIGH_RATE,STEEP_HIGH_RATE_NORMAL,STEEP_HIGH_RATE_NORMAL
2011-02-11,0.001959814436938454,2.9316530017884164,-4.676206385878512e-05,0.0,0.0,NON_RISK,STEEP_HIGH_RATE_NORMAL,,STEEP_HIGH_RATE,STEEP_HIGH_RATE_NORMAL,STEEP_HIGH_RATE_NORMAL
2011-02-14,0.0033529342089613006,2.941482641426917,0.0,0.0,0.0,NON_RISK,STEEP_HIGH_RATE_NORMAL,,STEEP_HIGH_RATE,STEEP_HIGH_RATE_NORMAL,STEEP_HIGH_RATE_NORMAL
2011-02-15,0.001209474094644681,2.94504028848157,0.0,0.0,0.0,NON_RISK,STEEP_HIGH_RATE_NORMAL,,STEEP_HIGH_RATE,STEEP_HIGH_RATE_NORMAL,STEEP_HIGH_RATE_NORMAL
2011-02-16,0.004162828321159477,2.9572999856014164,0.0,0.0,0.0,NON_RISK,STEEP_HIGH_RATE_NORMAL,,STEEP_HIGH_RATE,STEEP_HIGH_RATE_NORMAL,STEEP_HIGH_RATE_NORMAL
2011-02-17,0.004607815181084296,2.9709266773700906,0.0,0.0,0.0,NON_RISK,STEEP_HIGH_RATE_NORMAL,,STEEP_HIGH_RATE,STEEP_HIGH_RATE_NORMAL,STEEP_HIGH_RATE_NORMAL
2011-02-18,0.002349246150602432,2.9779061154306246,0.0,0.0,0.0,NON_RISK,STEEP_HIGH_RATE_NORMAL,,STEEP_HIGH_RATE,STEEP_HIGH_RATE_NORMAL,STEEP_HIGH_RATE_NORMAL
2011-02-22,-0.009371056221266804,2.94999998980127,-0.009371056221266771,0.0,0.0,NON_RISK,STEEP_HIGH_RATE_NORMAL,,STEEP_HIGH_RATE,STEEP_HIGH_RATE_NORMAL,STEEP_HIGH_RATE_NORMAL
2011-02-23,-6.538259701524638e-05,2.949807111140742,-0.009435826114289503,0.0,0.0,NON_RISK,STEEP_HIGH_RATE_NORMAL,,STEEP_HIGH_RATE,STEEP_HIGH_RATE_NORMAL,STEEP_HIGH_RATE_NORMAL
2011-02-24,-0.0034265652565197238,2.939699404580272,-0.012830058896879493,0.0,0.0,NON_RISK,STEEP_HIGH_RATE_NORMAL,,STEEP_HIGH_RATE,STEEP_HIGH_RATE_NORMAL,STEEP_HIGH_RATE_NORMAL
2011-02-25,0.00904233489413353,2.966281151084572,-0.0039037376920029176,0.0,0.0,NON_RISK,STEEP_HIGH_RATE_NORMAL,,STEEP_HIGH_RATE,STEEP_HIGH_RATE_NORMAL,STEEP_HIGH_RATE_NORMAL
2011-02-28,0.004521988554574402,2.9796946404994262,0.0,0.0,0.0,NON_RISK,STEEP_HIGH_RATE_NORMAL,,STEEP_HIGH_RATE,STEEP_HIGH_RATE_NORMAL,STEEP_HIGH_RATE_NORMAL
2011-03-01,-0.0026542951766137237,2.971785651387367,-0.0026542951766137524,0.022600760210321202,1.13003801051606e-05,NON_RISK,STEEP_HIGH_RATE_NORMAL,,STEEP_HIGH_RATE,STEEP_HIGH_RATE_NORMAL,STEEP_HIGH_RATE_NORMAL
2011-03-02,0.0009280851889909877,2.9745437216352753,-0.0017286733996634274,0.0,0.0,NON_RISK,STEEP_HIGH_RATE_NORMAL,,STEEP_HIGH_RATE,STEEP_HIGH_RATE_NORMAL,STEEP_HIGH_RATE_NORMAL
2011-03-03,0.004678941337738665,2.9884614372153453,0.0,0.0,0.0,NON_RISK,STEEP_HIGH_RATE_NORMAL,,STEEP_HIGH_RATE,STEEP_HIGH_RATE_NORMAL,STEEP_HIGH_RATE_NORMAL
2011-03-04,-0.0006130610044034913,2.986629328045025,-0.0006130610044033924,0.0,0.0,NON_RISK,STEEP_HIGH_RATE_NORMAL,,STEEP_HIGH_RATE,STEEP_HIGH_RATE_NORMAL,STEEP_HIGH_RATE_NORMAL
2011-03-07,-0.003501477231006128,2.9761717134554204,-0.004112391616261424,0.0,0.0,NON_RISK,STEEP_HIGH_RATE_NORMAL,,STEEP_HIGH_RATE,STEEP_HIGH_RATE_NORMAL,STEEP_HIGH_RATE_NORMAL
2011-03-08,0.004061016360419371,2.98825799547518,-6.807574547618156e-05,0.0,0.0,NON_RISK,STEEP_HIGH_RATE_NORMAL,,STEEP_HIGH_RATE,STEEP_HIGH_RATE_NORMAL,STEEP_HIGH_RATE_NORMAL
2011-03-09,-0.0006914712380915195,2.9861917010193118,-0.0007594999111477652,0.0,0.0,NON_RISK,STEEP_HIGH_RATE_NORMAL,,STEEP_HIGH_RATE,STEEP_HIGH_RATE_NORMAL,STEEP_HIGH_RATE_NORMAL
2011-03-10,-0.015714788423520663,2.9392643302457198,-0.01646235295425713,0.0,0.0,NON_RISK,STEEP_HIGH_RATE_NORMAL,,STEEP_HIGH_RATE,STEEP_HIGH_RATE_NORMAL,STEEP_HIGH_RATE_NORMAL
2011-03-11,0.005411167721452026,2.955169182514361,-0.011140265785730241,0.0,0.0,NON_RISK,STEEP_HIGH_RATE_NORMAL,,STEEP_HIGH_RATE,STEEP_HIGH_RATE_NORMAL,STEEP_HIGH_RATE_NORMAL
2011-03-14,-0.0016212669495322474,2.9503780643884743,-0.012743471390535,0.0,0.0,NON_RISK,STEEP_HIGH_RATE_NORMAL,,STEEP_HIGH_RATE,STEEP_HIGH_RATE_NORMAL,STEEP_HIGH_RATE_NORMAL
2011-03-15,-0.014435770897597188,2.907787082589666,-0.026995280454698345,0.0,0.0,NON_RISK,STEEP_HIGH_RATE_NORMAL,,STEEP_HIGH_RATE,STEEP_HIGH_RATE_NORMAL,STEEP_HIGH_RATE_NORMAL
2011-03-16,-0.010939831430167536,2.8759763820713165,-0.03763978806728141,0.0,0.0,NON_RISK,STEEP_HIGH_RATE_NORMAL,,STEEP_HIGH_RATE,STEEP_HIGH_RATE_NORMAL,STEEP_HIGH_RATE_NORMAL
2011-03-17,0.009974174079505639,2.9046618711546426,-0.02804103978627459,0.0,0.0,NON_RISK,STEEP_HIGH_RATE_NORMAL,,STEEP_HIGH_RATE,STEEP_HIGH_RATE_NORMAL,STEEP_HIGH_RATE_NORMAL
2011-03-18,0.006362718639152942,2.9231434173826747,-0.021856738393631114,0.0,0.0,NON_RISK,STEEP_HIGH_RATE_NORMAL,,STEEP_HIGH_RATE,STEEP_HIGH_RATE_NORMAL,STEEP_HIGH_RATE_NORMAL
2011-03-21,0.01138571788907985,2.956425503682315,-0.010719875161876447,0.0,0.0,NON_RISK,STEEP_HIGH_RATE_NORMAL,,STEEP_HIGH_RATE,STEEP_HIGH_RATE_NORMAL,STEEP_HIGH_RATE_NORMAL
2011-03-22,-0.0023004666311887863,2.9496243454634983,-0.012995681077964782,0.0,0.0,NON_RISK,STEEP_HIGH_RATE_NORMAL,,STEEP_HIGH_RATE,STEEP_HIGH_RATE_NORMAL,STEEP_HIGH_RATE_NORMAL
2011-03-23,0.0055179071890712325,2.965900098844391,-0.007549482850940592,0.0,0.0,NON_RISK,STEEP_HIGH_RATE_NORMAL,,STEEP_HIGH_RATE,STEEP_HIGH_RATE_NORMAL,STEEP_HIGH_RATE_NORMAL
2011-03-24,0.002300285164095638,2.9727225148399525,-0.005266563650243472,0.0,0.0,NON_RISK,STEEP_HIGH_RATE_NORMAL,,STEEP_HIGH_RATE,STEEP_HIGH_RATE_NORMAL,STEEP_HIGH_RATE_NORMAL
2011-03-25,0.0019097944253562305,2.978399803726925,-0.003366827278787232,0.0,0.0,NON_RISK,STEEP_HIGH_RATE_NORMAL,,STEEP_HIGH_RATE,STEEP_HIGH_RATE_NORMAL,STEEP_HIGH_RATE_NORMAL
2011-03-28,-0.00356861803884851,2.9677710324604423,-0.006923430397074992,0.0,0.0,NON_RISK,STEEP_HIGH_RATE_NORMAL,,STEEP_HIGH_RATE,STEEP_HIGH_RATE_NORMAL,STEEP_HIGH_RATE_NORMAL
2011-03-29,0.002951103658625662,2.9765292324122994,-0.003992758499224425,0.0,0.0,NON_RISK,STEEP_HIGH_RATE_NORMAL,,STEEP_HIGH_RATE,STEEP_HIGH_RATE_NORMAL,STEEP_HIGH_RATE_NORMAL
2011-03-30,0.00542177216221951,2.992667295744625,0.0,0.0,0.0,NON_RISK,STEEP_HIGH_RATE_NORMAL,,STEEP_HIGH_RATE,STEEP_HIGH_RATE_NORMAL,STEEP_HIGH_RATE_NORMAL
2011-03-31,0.002758323285643481,3.0009220396326612,0.0,0.0,0.0,NON_RISK,STEEP_HIGH_RATE_NORMAL,,STEEP_HIGH_RATE,STEEP_HIGH_RATE_NORMAL,STEEP_HIGH_RATE_NORMAL
2011-04-01,-8.16364554859845e-05,3.000677054994156,-8.163645548597831e-05,0.1212775674670592,6.06387837335296e-05,NON_RISK,STEEP_HIGH_RATE_NORMAL,,STEEP_HIGH_RATE,STEEP_HIGH_RATE_NORMAL,STEEP_HIGH_RATE_NORMAL
2011-04-04,0.0026165284365133584,3.008528411837341,0.0,0.0,0.0,NON_RISK,STEEP_HIGH_RATE_NORMAL,,STEEP_HIGH_RATE,STEEP_HIGH_RATE_NORMAL,STEEP_HIGH_RATE_NORMAL
2011-04-05,0.00742194091332191,3.030857531946048,0.0,0.0,0.0,NON_RISK,STEEP_HIGH_RATE_NORMAL,,STEEP_HIGH_RATE,STEEP_HIGH_RATE_NORMAL,STEEP_HIGH_RATE_NORMAL
2011-04-06,0.002758823290997952,3.0392191322968767,0.0,0.0,0.0,NON_RISK,STEEP_HIGH_RATE_NORMAL,,STEEP_HIGH_RATE,STEEP_HIGH_RATE_NORMAL,STEEP_HIGH_RATE_NORMAL
2011-04-07,-0.0009031906762912189,3.0364741379133804,-0.0009031906762911879,0.0,0.0,NON_RISK,STEEP_HIGH_RATE_NORMAL,,STEEP_HIGH_RATE,STEEP_HIGH_RATE_NORMAL,STEEP_HIGH_RATE_NORMAL
2011-04-08,0.002017367243802959,3.042599821375861,0.0,0.0,0.0,NON_RISK,STEEP_HIGH_RATE_NORMAL,,STEEP_HIGH_RATE,STEEP_HIGH_RATE_NORMAL,STEEP_HIGH_RATE_NORMAL
2011-04-11,-0.004951640727247136,3.0275339601836215,-0.004951640727247186,0.0,0.0,NON_RISK,STEEP_HIGH_RATE_NORMAL,,STEEP_HIGH_RATE,STEEP_HIGH_RATE_NORMAL,STEEP_HIGH_RATE_NORMAL
2011-04-12,-0.007353812316605814,3.005270043658281,-0.012269039607285537,0.0,0.0,NON_RISK,STEEP_HIGH_RATE_NORMAL,,STEEP_HIGH_RATE,STEEP_HIGH_RATE_NORMAL,STEEP_HIGH_RATE_NORMAL
2011-04-13,0.0009318925994071481,3.0080706325711857,-0.01134858043509035,0.0,0.0,NON_RISK,STEEP_HIGH_RATE_NORMAL,,STEEP_HIGH_RATE,STEEP_HIGH_RATE_NORMAL,STEEP_HIGH_RATE_NORMAL
2011-04-14,0.0067883713015350535,3.0284905329263223,-0.004637247511294018,0.0,0.0,NON_RISK,STEEP_HIGH_RATE_NORMAL,,STEEP_HIGH_RATE,STEEP_HIGH_RATE_NORMAL,STEEP_HIGH_RATE_NORMAL
2011-04-15,0.006009337552686932,3.046689754813793,0.0,0.0,0.0,NON_RISK,STEEP_HIGH_RATE_NORMAL,,STEEP_HIGH_RATE,STEEP_HIGH_RATE_NORMAL,STEEP_HIGH_RATE_NORMAL
2011-04-18,-0.0030094114929593717,3.0375210116501745,-0.003009411492959413,0.0,0.0,NON_RISK,STEEP_HIGH_RATE_NORMAL,,STEEP_HIGH_RATE,STEEP_HIGH_RATE_NORMAL,STEEP_HIGH_RATE_NORMAL
2011-04-19,0.0030180132581734903,3.046688290335315,-4.806785711686246e-07,0.0,0.0,NON_RISK,STEEP_HIGH_RATE_NORMAL,,STEEP_HIGH_RATE,STEEP_HIGH_RATE_NORMAL,STEEP_HIGH_RATE_NORMAL
2011-04-20,0.00901575742921644,3.074156492923412,0.0,0.0,0.0,NON_RISK,STEEP_HIGH_RATE_NORMAL,,STEEP_HIGH_RATE,STEEP_HIGH_RATE_NORMAL,STEEP_HIGH_RATE_NORMAL
2011-04-21,0.00346169037938699,3.084798270879695,0.0,0.0,0.0,NON_RISK,STEEP_HIGH_RATE_NORMAL,,STEEP_HIGH_RATE,STEEP_HIGH_RATE_NORMAL,STEEP_HIGH_RATE_NORMAL
2011-04-25,-0.00012941145682686622,3.084399062641443,-0.00012941145682698885,0.0,0.0,NON_RISK,STEEP_HIGH_RATE_NORMAL,,STEEP_HIGH_RATE,STEEP_HIGH_RATE_NORMAL,STEEP_HIGH_RATE_NORMAL
2011-04-26,0.0029374684373746776,3.09345938753622,0.0,0.0,0.0,NON_RISK,STEEP_HIGH_RATE_NORMAL,,STEEP_HIGH_RATE,STEEP_HIGH_RATE_NORMAL,STEEP_HIGH_RATE_NORMAL
2011-04-27,0.012573483682565736,3.1323549486680866,0.0,0.0,0.0,NON_RISK,STEEP_HIGH_RATE_NORMAL,,STEEP_HIGH_RATE,STEEP_HIGH_RATE_NORMAL,STEEP_HIGH_RATE_NORMAL
2011-04-28,0.003676346547532609,3.1438705709692694,0.0,0.0,0.0,NON_RISK,STEEP_HIGH_RATE_NORMAL,,STEEP_HIGH_RATE,STEEP_HIGH_RATE_NORMAL,STEEP_HIGH_RATE_NORMAL
2011-04-29,0.009313719189091562,3.173151698634126,0.0,0.0,0.0,NON_RISK,STEEP_HIGH_RATE_NORMAL,,STEEP_HIGH_RATE,STEEP_HIGH_RATE_NORMAL,STEEP_HIGH_RATE_NORMAL
2011-05-02,-0.006751231713343808,3.1517290162550564,-0.006751231713343797,0.03152233500433882,1.576116750216941e-05,NON_RISK,STEEP_HIGH_RATE_NORMAL,,STEEP_HIGH_RATE,STEEP_HIGH_RATE_NORMAL,STEEP_HIGH_RATE_NORMAL
2011-05-03,-0.003563696715639361,3.140497209911243,-0.01029086908669985,0.0,0.0,NON_RISK,STEEP_HIGH_RATE_NORMAL,,STEEP_HIGH_RATE,STEEP_HIGH_RATE_NORMAL,STEEP_HIGH_RATE_NORMAL
2011-05-04,-0.010170394026240303,3.108557115848137,-0.020356600919456014,0.0,0.0,NON_RISK,STEEP_HIGH_RATE_NORMAL,,STEEP_HIGH_RATE,STEEP_HIGH_RATE_NORMAL,STEEP_HIGH_RATE_NORMAL
2011-05-05,-0.018128569271238397,3.052203422839883,-0.03811613414079906,0.0,0.0,NON_RISK,STEEP_HIGH_RATE_NORMAL,,STEEP_HIGH_RATE,STEEP_HIGH_RATE_NORMAL,STEEP_HIGH_RATE_NORMAL
2011-05-06,0.008242618194721392,3.0773615703069743,-0.030187692686858947,0.0,0.0,NON_RISK,STEEP_HIGH_RATE_NORMAL,,STEEP_HIGH_RATE,STEEP_HIGH_RATE_NORMAL,STEEP_HIGH_RATE_NORMAL
2011-05-09,0.008665621839684902,3.1040288219392336,-0.021783665976210953,0.0,0.0,NON_RISK,STEEP_HIGH_RATE_NORMAL,,STEEP_HIGH_RATE,STEEP_HIGH_RATE_NORMAL,STEEP_HIGH_RATE_NORMAL
2011-05-10,0.0062380615297149625,3.1233919447204994,-0.01568149229519833,0.0,0.0,NON_RISK,STEEP_HIGH_RATE_NORMAL,,STEEP_HIGH_RATE,STEEP_HIGH_RATE_NORMAL,STEEP_HIGH_RATE_NORMAL
2011-05-11,-0.009914514249910767,3.0924250307765115,-0.0254405321662885,0.0,0.0,NON_RISK,STEEP_HIGH_RATE_NORMAL,,STEEP_HIGH_RATE,STEEP_HIGH_RATE_NORMAL,STEEP_HIGH_RATE_NORMAL
2011-05-12,0.002732432591788264,3.100874873718267,-0.022777614113743794,0.0,0.0,NON_RISK,STEEP_HIGH_RATE_NORMAL,,STEEP_HIGH_RATE,STEEP_HIGH_RATE_NORMAL,STEEP_HIGH_RATE_NORMAL
2011-05-13,-0.007171364808966123,3.078637368771877,-0.029785632342422264,0.0,0.0,NON_RISK,STEEP_HIGH_RATE_NORMAL,,STEEP_HIGH_RATE,STEEP_HIGH_RATE_NORMAL,STEEP_HIGH_RATE_NORMAL
2011-05-16,-0.004250742589040091,3.065550873792228,-0.033909763875523025,0.0,0.0,NON_RISK,STEEP_HIGH_RATE_NORMAL,,STEEP_HIGH_RATE,STEEP_HIGH_RATE_NORMAL,STEEP_HIGH_RATE_NORMAL
2011-05-17,-0.00206982884115613,3.0592057081796216,-0.03590940530941278,0.0,0.0,NON_RISK,STEEP_HIGH_RATE_NORMAL,,STEEP_HIGH_RATE,STEEP_HIGH_RATE_NORMAL,STEEP_HIGH_RATE_NORMAL
2011-05-18,0.007561941447401183,3.082339242620431,-0.028619008682372438,0.0,0.0,NON_RISK,STEEP_HIGH_RATE_NORMAL,,STEEP_HIGH_RATE,STEEP_HIGH_RATE_NORMAL,STEEP_HIGH_RATE_NORMAL
2011-05-19,0.001446295183506895,3.086797215020967,-0.0272141050332797,0.0,0.0,NON_RISK,STEEP_HIGH_RATE_NORMAL,,STEEP_HIGH_RATE,STEEP_HIGH_RATE_NORMAL,STEEP_HIGH_RATE_NORMAL
2011-05-20,0.0014978190496746802,3.091420678692108,-0.025757047788543708,0.0,0.0,NON_RISK,STEEP_HIGH_RATE_NORMAL,,STEEP_HIGH_RATE,STEEP_HIGH_RATE_NORMAL,STEEP_HIGH_RATE_NORMAL
2011-05-23,-0.005219755173192055,3.075284219611992,-0.030842357478295335,0.0,0.0,NON_RISK,STEEP_HIGH_RATE_NORMAL,,STEEP_HIGH_RATE,STEEP_HIGH_RATE_NORMAL,STEEP_HIGH_RATE_NORMAL
2011-05-24,0.001908281632537332,3.0811527280031092,-0.028992931750038142,0.0,0.0,NON_RISK,STEEP_HIGH_RATE_NORMAL,,STEEP_HIGH_RATE,STEEP_HIGH_RATE_NORMAL,STEEP_HIGH_RATE_NORMAL
2011-05-25,0.0017735645762327894,3.086617351335459,-0.027270788010518188,0.0,0.0,NON_RISK,STEEP_HIGH_RATE_NORMAL,,STEEP_HIGH_RATE,STEEP_HIGH_RATE_NORMAL,STEEP_HIGH_RATE_NORMAL
2011-05-26,0.0013814282478022027,3.09088129173475,-0.02592703239961358,0.0,0.0,NON_RISK,STEEP_HIGH_RATE_NORMAL,,STEEP_HIGH_RATE,STEEP_HIGH_RATE_NORMAL,STEEP_HIGH_RATE_NORMAL
2011-05-27,0.006656883266416403,3.111456927684179,-0.019442742361325926,0.0,0.0,NON_RISK,STEEP_HIGH_RATE_NORMAL,,STEEP_HIGH_RATE,STEEP_HIGH_RATE_NORMAL,STEEP_HIGH_RATE_NORMAL
2011-05-31,0.005449880645226441,3.1284139965728204,-0.01409882234138471,0.0,0.0,NON_RISK,STEEP_HIGH_RATE_NORMAL,,STEEP_HIGH_RATE,STEEP_HIGH_RATE_NORMAL,STEEP_HIGH_RATE_NORMAL
2011-06-01,-0.010764813208025175,3.0947372042623424,-0.024711864360451696,0.04828995236553241,2.4144976182766204e-05,NON_RISK,STEEP_HIGH_RATE_NORMAL,,STEEP_HIGH_RATE,STEEP_HIGH_RATE_NORMAL,STEEP_HIGH_RATE_NORMAL
2011-06-02,-0.001544111070933976,3.0899585862836094,-0.026217817568043422,0.9660266926957519,0.00048301334634787596,NON_RISK,STEEP_MID_RATE_NORMAL,,STEEP_MID_RATE,STEEP_MID_RATE_NORMAL,STEEP_MID_RATE_NORMAL
2011-06-03,-0.0099446105637893,3.059230151484782,-0.035901702146286074,0.0,0.0,NON_RISK,STEEP_MID_RATE_NORMAL,,STEEP_MID_RATE,STEEP_MID_RATE_NORMAL,STEEP_MID_RATE_NORMAL
2011-06-06,-0.0105815189765566,3.0268588495831916,-0.04610332658029104,0.0,0.0,NON_RISK,STEEP_MID_RATE_NORMAL,,STEEP_MID_RATE,STEEP_MID_RATE_NORMAL,STEEP_MID_RATE_NORMAL
2011-06-07,-0.0006196943350555,3.0249831223010926,-0.046694450945037436,0.0,0.0,NON_RISK,STEEP_MID_RATE_NORMAL,,STEEP_MID_RATE,STEEP_MID_RATE_NORMAL,STEEP_MID_RATE_NORMAL
2011-06-08,-0.0041875958956062,3.0123157153938664,-0.05068650934951857,0.0,0.0,NON_RISK,STEEP_MID_RATE_NORMAL,,STEEP_MID_RATE,STEEP_MID_RATE_NORMAL,STEEP_MID_RATE_NORMAL
2011-06-09,0.007631568908585,3.0353044103503084,-0.04344175802977002,0.0,0.0,NON_RISK,STEEP_MID_RATE_NORMAL,,STEEP_MID_RATE,STEEP_MID_RATE_NORMAL,STEEP_MID_RATE_NORMAL
2011-06-10,-0.0139105209192988,2.9930817448536904,-0.05674798146522464,0.0,0.0,NON_RISK,STEEP_MID_RATE_NORMAL,,STEEP_MID_RATE,STEEP_MID_RATE_NORMAL,STEEP_MID_RATE_NORMAL
2011-06-13,0.0007836131370142,2.9954271630291154,-0.05600883679198554,0.0,0.0,NON_RISK,STEEP_MID_RATE_NORMAL,,STEEP_MID_RATE,STEEP_MID_RATE_NORMAL,STEEP_MID_RATE_NORMAL
2011-06-14,0.012685965321431,3.0334270481421752,-0.04403339763179137,0.0,0.0,NON_RISK,STEEP_MID_RATE_NORMAL,,STEEP_MID_RATE,STEEP_MID_RATE_NORMAL,STEEP_MID_RATE_NORMAL
2011-06-15,-0.0177853924821544,2.9794763575249834,-0.061035638854741614,0.0,0.0,NON_RISK,STEEP_MID_RATE_NORMAL,,STEEP_MID_RATE,STEEP_MID_RATE_NORMAL,STEEP_MID_RATE_NORMAL
2011-06-16,0.0022044808452312,2.9860445560839666,-0.05896570990624217,0.0,0.0,NON_RISK,STEEP_MID_RATE_NORMAL,,STEEP_MID_RATE,STEEP_MID_RATE_NORMAL,STEEP_MID_RATE_NORMAL
2011-06-17,0.0029844659314797,2.9949563043314797,-0.05615722512710308,0.0,0.0,NON_RISK,STEEP_MID_RATE_NORMAL,,STEEP_MID_RATE,STEEP_MID_RATE_NORMAL,STEEP_MID_RATE_NORMAL
2011-06-20,0.0051158763421075,3.010278130434455,-0.05132864220446176,0.0,0.0,NON_RISK,STEEP_MID_RATE_NORMAL,,STEEP_MID_RATE,STEEP_MID_RATE_NORMAL,STEEP_MID_RATE_NORMAL
2011-06-21,0.0137038678450081,3.0515305841106466,-0.03832817528888732,0.0,0.0,NON_RISK,STEEP_MID_RATE_NORMAL,,STEEP_MID_RATE,STEEP_MID_RATE_NORMAL,STEEP_MID_RATE_NORMAL
2011-06-22,-0.0060252204933268,3.03314443949925,-0.04412246007499154,0.0,0.0,NON_RISK,STEEP_MID_RATE_NORMAL,,STEEP_MID_RATE,STEEP_MID_RATE_NORMAL,STEEP_MID_RATE_NORMAL
2011-06-23,-0.0028759036191894,3.0244214084281698,-0.04687147175156381,0.0,0.0,NON_RISK,STEEP_MID_RATE_NORMAL,,STEEP_MID_RATE,STEEP_MID_RATE_NORMAL,STEEP_MID_RATE_NORMAL
2011-06-24,-0.0116132459053968,2.989298058890547,-0.05794038772956189,0.0,0.0,NON_RISK,STEEP_MID_RATE_NORMAL,,STEEP_MID_RATE,STEEP_MID_RATE_NORMAL,STEEP_MID_RATE_NORMAL
2011-06-27,0.0089109937441775,3.015935675192803,-0.04954570041797757,0.0,0.0,NON_RISK,STEEP_MID_RATE_NORMAL,,STEEP_MID_RATE,STEEP_MID_RATE_NORMAL,STEEP_MID_RATE_NORMAL
2011-06-28,0.0130528922088213,3.055302358469833,-0.03713952289612277,0.0,0.0,NON_RISK,STEEP_MID_RATE_NORMAL,,STEEP_MID_RATE,STEEP_MID_RATE_NORMAL,STEEP_MID_RATE_NORMAL
2011-06-29,0.0085644522523091,3.0814693496353156,-0.02889315031433093,0.0,0.0,NON_RISK,STEEP_MID_RATE_NORMAL,,STEEP_MID_RATE,STEEP_MID_RATE_NORMAL,STEEP_MID_RATE_NORMAL
2011-06-30,0.0095619547665837,3.1109342201711425,-0.019607470544117045,0.0,0.0,NON_RISK,STEEP_MID_RATE_NORMAL,,STEEP_MID_RATE,STEEP_MID_RATE_NORMAL,STEEP_MID_RATE_NORMAL
2011-07-01,0.0147762839793756,3.156902267649549,-0.005120912117618448,0.0,0.0,NON_RISK,STEEP_MID_RATE_NORMAL,,STEEP_MID_RATE,STEEP_MID_RATE_NORMAL,STEEP_MID_RATE_NORMAL
2011-07-05,0.008524123829123093,3.1838120934954333,0.0,1.0130032452224302,0.0005065016226112151,NON_RISK,STEEP_HIGH_RATE_NORMAL,,STEEP_HIGH_RATE,STEEP_HIGH_RATE_NORMAL,STEEP_HIGH_RATE_NORMAL
2011-07-06,0.004981594676372769,3.1996725548709612,0.0,0.0,0.0,NON_RISK,STEEP_HIGH_RATE_NORMAL,,STEEP_HIGH_RATE,STEEP_HIGH_RATE_NORMAL,STEEP_HIGH_RATE_NORMAL
2011-07-07,0.005936675451381744,3.218667972379923,0.0,0.0,0.0,NON_RISK,STEEP_HIGH_RATE_NORMAL,,STEEP_HIGH_RATE,STEEP_HIGH_RATE_NORMAL,STEEP_HIGH_RATE_NORMAL
2011-07-08,0.00023539283939384443,3.2194256237730077,0.0,0.0,0.0,NON_RISK,STEEP_HIGH_RATE_NORMAL,,STEEP_HIGH_RATE,STEEP_HIGH_RATE_NORMAL,STEEP_HIGH_RATE_NORMAL
2011-07-11,-0.004405411974514372,3.2052427275789794,-0.004405411974514495,0.0,0.0,NON_RISK,STEEP_HIGH_RATE_NORMAL,,STEEP_HIGH_RATE,STEEP_HIGH_RATE_NORMAL,STEEP_HIGH_RATE_NORMAL
2011-07-12,-0.004825404303302415,3.189776135528191,-0.009209558383917238,1.0130032452224302,0.0005065016226112151,NON_RISK,STEEP_MID_RATE_NORMAL,,STEEP_MID_RATE,STEEP_MID_RATE_NORMAL,STEEP_MID_RATE_NORMAL
2011-07-13,0.0033482729418903,3.2004563766534675,-0.00589212155717056,0.0,0.0,NON_RISK,STEEP_MID_RATE_NORMAL,,STEEP_MID_RATE,STEEP_MID_RATE_NORMAL,STEEP_MID_RATE_NORMAL
2011-07-14,-0.0069022834462584,3.17836591958442,-0.012753735910341568,0.0,0.0,NON_RISK,STEEP_MID_RATE_NORMAL,,STEEP_MID_RATE,STEEP_MID_RATE_NORMAL,STEEP_MID_RATE_NORMAL
2011-07-15,0.005805085140164,3.1968166043542037,-0.007022687292992158,0.0,0.0,NON_RISK,STEEP_MID_RATE_NORMAL,,STEEP_MID_RATE,STEEP_MID_RATE_NORMAL,STEEP_MID_RATE_NORMAL
2011-07-18,-0.0082012090134223,3.170598843204316,-0.015166301780088598,0.0,0.0,NON_RISK,STEEP_MID_RATE_NORMAL,,STEEP_MID_RATE,STEEP_MID_RATE_NORMAL,STEEP_MID_RATE_NORMAL
2011-07-19,0.0162314274079657,3.2220621881675675,0.0,0.0,0.0,NON_RISK,STEEP_MID_RATE_NORMAL,,STEEP_MID_RATE,STEEP_MID_RATE_NORMAL,STEEP_MID_RATE_NORMAL
2011-07-20,-0.000602778559088,3.220119998164492,-0.0006027785590879686,0.0,0.0,NON_RISK,STEEP_MID_RATE_NORMAL,,STEEP_MID_RATE,STEEP_MID_RATE_NORMAL,STEEP_MID_RATE_NORMAL
2011-07-21,0.0138709242998003,3.2647860388953047,0.0,0.0,0.0,NON_RISK,STEEP_MID_RATE_NORMAL,,STEEP_MID_RATE,STEEP_MID_RATE_NORMAL,STEEP_MID_RATE_NORMAL
2011-07-22,0.0006696661423284,3.2669723555674994,0.0,0.0,0.0,NON_RISK,STEEP_MID_RATE_NORMAL,,STEEP_MID_RATE,STEEP_MID_RATE_NORMAL,STEEP_MID_RATE_NORMAL
2011-07-25,-0.0055735772418178,3.2487636327968605,-0.00557357724181784,0.0,0.0,NON_RISK,STEEP_MID_RATE_NORMAL,,STEEP_MID_RATE,STEEP_MID_RATE_NORMAL,STEEP_MID_RATE_NORMAL
2011-07-26,-0.0037356063145651,3.236627530855655,-0.009288362866043731,0.0,0.0,NON_RISK,STEEP_MID_RATE_NORMAL,,STEEP_MID_RATE,STEEP_MID_RATE_NORMAL,STEEP_MID_RATE_NORMAL
2011-07-27,-0.0204755881278044,3.170355678610742,-0.02957376630142139,0.0,0.0,NON_RISK,STEEP_MID_RATE_NORMAL,,STEEP_MID_RATE,STEEP_MID_RATE_NORMAL,STEEP_MID_RATE_NORMAL
2011-07-28,-0.0029096485578793,3.161131057782508,-0.032397365592830685,0.0,0.0,NON_RISK,STEEP_MID_RATE_NORMAL,,STEEP_MID_RATE,STEEP_MID_RATE_NORMAL,STEEP_MID_RATE_NORMAL
2011-07-29,-0.0068345313888099,3.1395262083439515,-0.03901047616958164,0.0,0.0,NON_RISK,STEEP_MID_RATE_NORMAL,,STEEP_MID_RATE,STEEP_MID_RATE_NORMAL,STEEP_MID_RATE_NORMAL
2011-08-01,0.0026375074579442,3.1478067321328695,-0.03647585913347284,2.0,0.001,FULL_RISK,STEEP_MID_RATE_STRESS,CREDIT,STEEP_MID_RATE,STEEP_MID_RATE_STRESS,STEEP_MID_RATE_STRESS
2011-08-02,0.0092125834847622,3.1768061644465404,-0.027599312546155996,0.0,0.0,FULL_RISK,STEEP_MID_RATE_STRESS,CREDIT,STEEP_MID_RATE,STEEP_MID_RATE_STRESS,STEEP_MID_RATE_STRESS
2011-08-03,0.0008028057319424,3.1793565226446283,-0.026818663700523326,0.0,0.0,FULL_RISK,STEEP_MID_RATE_STRESS,CREDIT,STEEP_MID_RATE,STEEP_MID_RATE_STRESS,STEEP_MID_RATE_STRESS
2011-08-04,0.0132299459299505,3.2214192375312525,-0.013943527241244147,0.0,0.0,FULL_RISK,STEEP_MID_RATE_STRESS,CREDIT,STEEP_MID_RATE,STEEP_MID_RATE_STRESS,STEEP_MID_RATE_STRESS
2011-08-05,-0.011573938289602,3.184134730071129,-0.02535608400701661,0.0,0.0,FULL_RISK,STEEP_MID_RATE_STRESS,CREDIT,STEEP_MID_RATE,STEEP_MID_RATE_STRESS,STEEP_MID_RATE_STRESS
2011-08-08,0.015913155559591,3.2348043613534476,-0.009846423756611156,0.0,0.0,FULL_RISK,STEEP_MID_RATE_STRESS,CREDIT,STEEP_MID_RATE,STEEP_MID_RATE_STRESS,STEEP_MID_RATE_STRESS
2011-08-09,0.005811892913045,3.253604697896285,-0.004091757204016,0.0,0.0,FULL_RISK,STEEP_MID_RATE_STRESS,CREDIT,STEEP_MID_RATE,STEEP_MID_RATE_STRESS,STEEP_MID_RATE_STRESS
2011-08-10,0.0132223272289211,3.2966249238854246,0.0,0.0,0.0,FULL_RISK,STEEP_MID_RATE_STRESS,CREDIT,STEEP_MID_RATE,STEEP_MID_RATE_STRESS,STEEP_MID_RATE_STRESS
2011-08-11,-0.0146927361798095,3.2481884835949915,-0.014692736179809485,0.0,0.0,FULL_RISK,STEEP_MID_RATE_STRESS,CREDIT,STEEP_MID_RATE,STEEP_MID_RATE_STRESS,STEEP_MID_RATE_STRESS
2011-08-12,0.0069659468977212,3.2708151920855038,-0.007829138102099065,0.0,0.0,FULL_RISK,STEEP_MID_RATE_STRESS,CREDIT,STEEP_MID_RATE,STEEP_MID_RATE_STRESS,STEEP_MID_RATE_STRESS
2011-08-15,-0.0037023729810063,3.2587054142924616,-0.011502524693731586,0.0,0.0,FULL_RISK,STEEP_MID_RATE_STRESS,CREDIT,STEEP_MID_RATE,STEEP_MID_RATE_STRESS,STEEP_MID_RATE_STRESS
2011-08-16,0.0045957825923745,3.273681715909144,-0.006959605204112762,0.0,0.0,FULL_RISK,STEEP_MID_RATE_STRESS,CREDIT,STEEP_MID_RATE,STEEP_MID_RATE_STRESS,STEEP_MID_RATE_STRESS
2011-08-17,0.0070083807673739,3.2966249238854255,0.0,0.0,0.0,FULL_RISK,STEEP_MID_RATE_STRESS,CREDIT,STEEP_MID_RATE,STEEP_MID_RATE_STRESS,STEEP_MID_RATE_STRESS
2011-08-18,0.0052204381348002,3.31383475035421,0.0,0.0,0.0,FULL_RISK,STEEP_MID_RATE_STRESS,CREDIT,STEEP_MID_RATE,STEEP_MID_RATE_STRESS,STEEP_MID_RATE_STRESS
2011-08-19,0.0010573439057648,3.3173386133322085,0.0,0.0,0.0,FULL_RISK,STEEP_MID_RATE_STRESS,CREDIT,STEEP_MID_RATE,STEEP_MID_RATE_STRESS,STEEP_MID_RATE_STRESS
2011-08-22,-0.0018248222931852,3.311285059876556,-0.0018248222931851465,0.0,0.0,FULL_RISK,STEEP_MID_RATE_STRESS,CREDIT,STEEP_MID_RATE,STEEP_MID_RATE_STRESS,STEEP_MID_RATE_STRESS
2011-08-23,-0.0040415689252603,3.2979022730758802,-0.005859016073371137,0.0,0.0,FULL_RISK,STEEP_MID_RATE_STRESS,CREDIT,STEEP_MID_RATE,STEEP_MID_RATE_STRESS,STEEP_MID_RATE_STRESS
2011-08-24,-0.0107264630936355,3.2625274460573155,-0.01652263264733056,0.0,0.0,FULL_RISK,STEEP_MID_RATE_STRESS,CREDIT,STEEP_MID_RATE,STEEP_MID_RATE_STRESS,STEEP_MID_RATE_STRESS
2011-08-25,0.0061539258151954,3.282604797930391,-0.010470385887718536,0.0,0.0,FULL_RISK,STEEP_MID_RATE_STRESS,CREDIT,STEEP_MID_RATE,STEEP_MID_RATE_STRESS,STEEP_MID_RATE_STRESS
2011-08-26,0.003203430173267,3.293120393186993,-0.007300496864529826,0.0,0.0,FULL_RISK,STEEP_MID_RATE_STRESS,CREDIT,STEEP_MID_RATE,STEEP_MID_RATE_STRESS,STEEP_MID_RATE_STRESS
2011-08-29,-0.0065806481700201,3.2714495264979107,-0.013833103033218275,0.0,0.0,FULL_RISK,STEEP_MID_RATE_STRESS,CREDIT,STEEP_MID_RATE,STEEP_MID_RATE_STRESS,STEEP_MID_RATE_STRESS
2011-08-30,0.0069165188603572,3.29407656884864,-0.007012261090887595,0.0,0.0,FULL_RISK,STEEP_MID_RATE_STRESS,CREDIT,STEEP_MID_RATE,STEEP_MID_RATE_STRESS,STEEP_MID_RATE_STRESS
2011-08-31,-0.0035788294163946,3.282287630724188,-0.010565994821014724,0.0,0.0,FULL_RISK,STEEP_MID_RATE_STRESS,CREDIT,STEEP_MID_RATE,STEEP_MID_RATE_STRESS,STEEP_MID_RATE_STRESS
2011-09-01,0.0079684087278995,3.3084422401283273,-0.0026817802584659933,0.0,0.0,FULL_RISK,STEEP_MID_RATE_STRESS,CREDIT,STEEP_MID_RATE,STEEP_MID_RATE_STRESS,STEEP_MID_RATE_STRESS
2011-09-02,0.009171048500842,3.338784124374779,0.0,0.0,0.0,FULL_RISK,STEEP_MID_RATE_STRESS,CREDIT,STEEP_MID_RATE,STEEP_MID_RATE_STRESS,STEEP_MID_RATE_STRESS
2011-09-06,0.0013386270448261,3.343253511100503,0.0,0.0,0.0,FULL_RISK,STEEP_MID_RATE_STRESS,CREDIT,STEEP_MID_RATE,STEEP_MID_RATE_STRESS,STEEP_MID_RATE_STRESS
2011-09-07,0.0272076747890969,3.434215665368032,0.0,2.0,0.001,FULL_RISK,STEEP_LOW_RATE_STRESS,CREDIT,STEEP_LOW_RATE,STEEP_LOW_RATE_STRESS,STEEP_LOW_RATE_STRESS
2011-09-08,-0.0103912941056312,3.3985297203670264,-0.010391294105631221,0.0,0.0,FULL_RISK,STEEP_LOW_RATE_STRESS,CREDIT,STEEP_LOW_RATE,STEEP_LOW_RATE_STRESS,STEEP_LOW_RATE_STRESS
2011-09-09,-0.026209900602451,3.309454594201731,-0.036328839922442846,0.0,0.0,FULL_RISK,STEEP_LOW_RATE_STRESS,CREDIT,STEEP_LOW_RATE,STEEP_LOW_RATE_STRESS,STEEP_LOW_RATE_STRESS
2011-09-12,0.0064700054642514,3.3308667835099084,-0.030093882250999515,0.0,0.0,FULL_RISK,STEEP_LOW_RATE_STRESS,CREDIT,STEEP_LOW_RATE,STEEP_LOW_RATE_STRESS,STEEP_LOW_RATE_STRESS
2011-09-13,0.009170915787162,3.361413882279733,-0.021198954923670188,0.0,0.0,FULL_RISK,STEEP_LOW_RATE_STRESS,CREDIT,STEEP_LOW_RATE,STEEP_LOW_RATE_STRESS,STEEP_LOW_RATE_STRESS
2011-09-14,0.013844053820091,3.4079494769776146,-0.0076483805764721025,0.0,0.0,FULL_RISK,STEEP_LOW_RATE_STRESS,CREDIT,STEEP_LOW_RATE,STEEP_LOW_RATE_STRESS,STEEP_LOW_RATE_STRESS
2011-09-15,0.0172571396983187,3.46676093718663,0.0,0.0,0.0,FULL_RISK,STEEP_LOW_RATE_STRESS,CREDIT,STEEP_LOW_RATE,STEEP_LOW_RATE_STRESS,STEEP_LOW_RATE_STRESS
2011-09-16,0.0059186694947166,3.487279549391032,0.0,0.0,0.0,FULL_RISK,STEEP_LOW_RATE_STRESS,CREDIT,STEEP_LOW_RATE,STEEP_LOW_RATE_STRESS,STEEP_LOW_RATE_STRESS
2011-09-19,-0.0099572261716162,3.4525559181940935,-0.009957226171616207,0.0,0.0,FULL_RISK,STEEP_LOW_RATE_STRESS,CREDIT,STEEP_LOW_RATE,STEEP_LOW_RATE_STRESS,STEEP_LOW_RATE_STRESS
2011-09-20,-0.0011634025986644,3.4485392056668323,-0.011109044507477073,0.0,0.0,FULL_RISK,STEEP_LOW_RATE_STRESS,CREDIT,STEEP_LOW_RATE,STEEP_LOW_RATE_STRESS,STEEP_LOW_RATE_STRESS
2011-09-21,-0.0294581982002525,3.3469514542449574,-0.04023999027281289,0.0,0.0,FULL_RISK,STEEP_LOW_RATE_STRESS,CREDIT,STEEP_LOW_RATE,STEEP_LOW_RATE_STRESS,STEEP_LOW_RATE_STRESS
2011-09-22,-0.0323243923108058,3.2387632823927217,-0.07126364935145713,0.0,0.0,FULL_RISK,STEEP_LOW_RATE_STRESS,CREDIT,STEEP_LOW_RATE,STEEP_LOW_RATE_STRESS,STEEP_LOW_RATE_STRESS
2011-09-23,0.0060252733438947,3.2582777164653076,-0.06566775897438848,0.0,0.0,FULL_RISK,STEEP_LOW_RATE_STRESS,CREDIT,STEEP_LOW_RATE,STEEP_LOW_RATE_STRESS,STEEP_LOW_RATE_STRESS
2011-09-26,0.0237797318270136,3.335758686780787,-0.04344958884546668,0.0,0.0,FULL_RISK,STEEP_LOW_RATE_STRESS,CREDIT,STEEP_LOW_RATE,STEEP_LOW_RATE_STRESS,STEEP_LOW_RATE_STRESS
2011-09-27,0.0111837249437616,3.373064894412507,-0.03275179215227231,0.0,0.0,FULL_RISK,STEEP_LOW_RATE_STRESS,CREDIT,STEEP_LOW_RATE,STEEP_LOW_RATE_STRESS,STEEP_LOW_RATE_STRESS
2011-09-28,-0.0204185345905483,3.304191852189781,-0.052501583141857044,0.0,0.0,FULL_RISK,STEEP_LOW_RATE_STRESS,CREDIT,STEEP_LOW_RATE,STEEP_LOW_RATE_STRESS,STEEP_LOW_RATE_STRESS
2011-09-29,0.0079038095463124,3.3303075552939663,-0.04501273610957768,0.0,0.0,FULL_RISK,STEEP_LOW_RATE_STRESS,CREDIT,STEEP_LOW_RATE,STEEP_LOW_RATE_STRESS,STEEP_LOW_RATE_STRESS
2011-09-30,-0.0249895505979962,3.2470846661340587,-0.06887743866100937,0.0,0.0,FULL_RISK,STEEP_LOW_RATE_STRESS,CREDIT,STEEP_LOW_RATE,STEEP_LOW_RATE_STRESS,STEEP_LOW_RATE_STRESS
2011-10-03,-0.0284577595159378,3.1546799115773267,-0.09537510059145826,0.0,0.0,FULL_RISK,STEEP_LOW_RATE_STRESS,CREDIT,STEEP_LOW_RATE,STEEP_LOW_RATE_STRESS,STEEP_LOW_RATE_STRESS
2011-10-04,0.021923212490956,3.223840629619787,-0.07554281669711504,0.0,0.0,FULL_RISK,STEEP_LOW_RATE_STRESS,CREDIT,STEEP_LOW_RATE,STEEP_LOW_RATE_STRESS,STEEP_LOW_RATE_STRESS
2011-10-05,0.0185147585999703,3.2835292606419735,-0.058426715112253724,0.0,0.0,FULL_RISK,STEEP_LOW_RATE_STRESS,CREDIT,STEEP_LOW_RATE,STEEP_LOW_RATE_STRESS,STEEP_LOW_RATE_STRESS
2011-10-06,0.0180916157256325,3.3429336102493785,-0.041392133064543035,0.0,0.0,FULL_RISK,STEEP_LOW_RATE_STRESS,CREDIT,STEEP_LOW_RATE,STEEP_LOW_RATE_STRESS,STEEP_LOW_RATE_STRESS
2011-10-07,-0.0066958666655045,3.320549772523515,-0.047810843526046476,0.0,0.0,FULL_RISK,STEEP_LOW_RATE_STRESS,CREDIT,STEEP_LOW_RATE,STEEP_LOW_RATE_STRESS,STEEP_LOW_RATE_STRESS
2011-10-10,0.0334456237613303,3.4316076308961074,-0.015964283249000233,0.0,0.0,FULL_RISK,STEEP_LOW_RATE_STRESS,CREDIT,STEEP_LOW_RATE,STEEP_LOW_RATE_STRESS,STEEP_LOW_RATE_STRESS
2011-10-11,0.0010034191923189,3.4350509718534568,-0.014976882924884971,0.0,0.0,FULL_RISK,STEEP_LOW_RATE_STRESS,CREDIT,STEEP_LOW_RATE,STEEP_LOW_RATE_STRESS,STEEP_LOW_RATE_STRESS
2011-10-12,0.0087721255799204,3.465183670351983,-0.006336136442777418,0.0,0.0,FULL_RISK,STEEP_LOW_RATE_STRESS,CREDIT,STEEP_LOW_RATE,STEEP_LOW_RATE_STRESS,STEEP_LOW_RATE_STRESS
2011-10-13,-0.0019877195664828,3.4582958569689675,-0.008311261546877002,0.0,0.0,FULL_RISK,STEEP_LOW_RATE_STRESS,CREDIT,STEEP_LOW_RATE,STEEP_LOW_RATE_STRESS,STEEP_LOW_RATE_STRESS
2011-10-14,0.0170939178229376,3.5174116821554007,0.0,0.0,0.0,FULL_RISK,STEEP_LOW_RATE_STRESS,CREDIT,STEEP_LOW_RATE,STEEP_LOW_RATE_STRESS,STEEP_LOW_RATE_STRESS
2011-10-17,-0.0190910116618148,3.4502607347119683,-0.019091011661814816,0.0,0.0,FULL_RISK,STEEP_LOW_RATE_STRESS,CREDIT,STEEP_LOW_RATE,STEEP_LOW_RATE_STRESS,STEEP_LOW_RATE_STRESS
2011-10-18,0.0195457858736689,3.517698792240976,0.0,0.0,0.0,FULL_RISK,STEEP_LOW_RATE_STRESS,CREDIT,STEEP_LOW_RATE,STEEP_LOW_RATE_STRESS,STEEP_LOW_RATE_STRESS
2011-10-19,-0.0118287644002769,3.476088761996419,-0.011828764400276914,0.0,0.0,FULL_RISK,STEEP_LOW_RATE_STRESS,CREDIT,STEEP_LOW_RATE,STEEP_LOW_RATE_STRESS,STEEP_LOW_RATE_STRESS
2011-10-20,0.0043755392626325,3.49129852485493,-0.0075049823607061805,0.0,0.0,FULL_RISK,STEEP_LOW_RATE_STRESS,CREDIT,STEEP_LOW_RATE,STEEP_LOW_RATE_STRESS,STEEP_LOW_RATE_STRESS
2011-10-21,0.0189871761414444,3.5575884249087157,0.0,0.0,0.0,FULL_RISK,STEEP_LOW_RATE_STRESS,CREDIT,STEEP_LOW_RATE,STEEP_LOW_RATE_STRESS,STEEP_LOW_RATE_STRESS
2011-10-24,0.0122608997724478,3.601207660018142,0.0,0.0,0.0,FULL_RISK,STEEP_LOW_RATE_STRESS,CREDIT,STEEP_LOW_RATE,STEEP_LOW_RATE_STRESS,STEEP_LOW_RATE_STRESS
2011-10-25,-0.0194435749635046,3.5311873089214325,-0.019443574963504573,0.0,0.0,FULL_RISK,STEEP_LOW_RATE_STRESS,CREDIT,STEEP_LOW_RATE,STEEP_LOW_RATE_STRESS,STEEP_LOW_RATE_STRESS
2011-10-26,0.0101583226639649,3.5670582489923546,-0.009482766407759802,0.0,0.0,FULL_RISK,STEEP_LOW_RATE_STRESS,CREDIT,STEEP_LOW_RATE,STEEP_LOW_RATE_STRESS,STEEP_LOW_RATE_STRESS
2011-10-27,0.0348352217131791,3.6913175139598278,0.0,0.0,0.0,FULL_RISK,STEEP_LOW_RATE_STRESS,CREDIT,STEEP_LOW_RATE,STEEP_LOW_RATE_STRESS,STEEP_LOW_RATE_STRESS
2011-10-28,0.0050076151739574,3.7098022115546274,0.0,2.0,0.001,FULL_RISK,STEEP_MID_RATE_STRESS,CREDIT,STEEP_MID_RATE,STEEP_MID_RATE_STRESS,STEEP_MID_RATE_STRESS
2011-10-31,0.0134131512678212,3.7595623497919077,0.0,0.0,0.0,FULL_RISK,STEEP_MID_RATE_STRESS,CREDIT,STEEP_MID_RATE,STEEP_MID_RATE_STRESS,STEEP_MID_RATE_STRESS
2011-11-01,0.0119940277796535,3.8046546450546512,0.0,0.0,0.0,FULL_RISK,STEEP_MID_RATE_STRESS,CREDIT,STEEP_MID_RATE,STEEP_MID_RATE_STRESS,STEEP_MID_RATE_STRESS
2011-11-02,-0.0023917078696401,3.7955550225988115,-0.0023917078696400473,0.0,0.0,FULL_RISK,STEEP_MID_RATE_STRESS,CREDIT,STEEP_MID_RATE,STEEP_MID_RATE_STRESS,STEEP_MID_RATE_STRESS
2011-11-03,-0.0046984469388665,3.777721808721583,-0.007078917495987658,0.0,0.0,FULL_RISK,STEEP_MID_RATE_STRESS,CREDIT,STEEP_MID_RATE,STEEP_MID_RATE_STRESS,STEEP_MID_RATE_STRESS
2011-11-04,0.0029866007185856,3.789004355390128,-0.004113458677482251,0.0,0.0,FULL_RISK,STEEP_MID_RATE_STRESS,CREDIT,STEEP_MID_RATE,STEEP_MID_RATE_STRESS,STEEP_MID_RATE_STRESS
2011-11-07,0.0011531416284127,3.793373614042565,-0.002965060449507395,0.0,0.0,FULL_RISK,STEEP_MID_RATE_STRESS,CREDIT,STEEP_MID_RATE,STEEP_MID_RATE_STRESS,STEEP_MID_RATE_STRESS
2011-11-08,-0.0045097625951812,3.7762663996084087,-0.007461451325980972,0.0,0.0,FULL_RISK,STEEP_MID_RATE_STRESS,CREDIT,STEEP_MID_RATE,STEEP_MID_RATE_STRESS,STEEP_MID_RATE_STRESS
2011-11-09,0.0088662256615528,3.8097476296654764,0.0,0.0,0.0,FULL_RISK,STEEP_MID_RATE_STRESS,CREDIT,STEEP_MID_RATE,STEEP_MID_RATE_STRESS,STEEP_MID_RATE_STRESS
2011-11-10,0.0084184613719912,3.84181984292285,0.0,2.0,0.001,FULL_RISK,STEEP_LOW_RATE_STRESS,CREDIT,STEEP_LOW_RATE,STEEP_LOW_RATE_STRESS,STEEP_LOW_RATE_STRESS
2011-11-11,0.0188223539109972,3.9141319356686357,0.0,0.0,0.0,FULL_RISK,STEEP_LOW_RATE_STRESS,CREDIT,STEEP_LOW_RATE,STEEP_LOW_RATE_STRESS,STEEP_LOW_RATE_STRESS
2011-11-14,-0.0094739276713585,3.8770497328139566,-0.009473927671358462,0.0,0.0,FULL_RISK,STEEP_LOW_RATE_STRESS,CREDIT,STEEP_LOW_RATE,STEEP_LOW_RATE_STRESS,STEEP_LOW_RATE_STRESS
2011-11-15,0.0049417609321897,3.8962091857157333,-0.004578984624809435,0.0,0.0,FULL_RISK,STEEP_LOW_RATE_STRESS,CREDIT,STEEP_LOW_RATE,STEEP_LOW_RATE_STRESS,STEEP_LOW_RATE_STRESS
2011-11-16,-0.0158626960790179,3.834404803542447,-0.02036904566237352,0.0,0.0,FULL_RISK,STEEP_LOW_RATE_STRESS,CREDIT,STEEP_LOW_RATE,STEEP_LOW_RATE_STRESS,STEEP_LOW_RATE_STRESS
2011-11-17,-0.0158772753914145,3.773524902514441,-0.035922916106346126,0.0,0.0,FULL_RISK,STEEP_LOW_RATE_STRESS,CREDIT,STEEP_LOW_RATE,STEEP_LOW_RATE_STRESS,STEEP_LOW_RATE_STRESS
2011-11-18,-0.0010647237409175,3.769507140963791,-0.03694939186564217,0.0,0.0,FULL_RISK,STEEP_LOW_RATE_STRESS,CREDIT,STEEP_LOW_RATE,STEEP_LOW_RATE_STRESS,STEEP_LOW_RATE_STRESS
2011-11-21,-0.0190188282828285,3.6978155319389048,-0.05526548600942305,0.0,0.0,FULL_RISK,STEEP_LOW_RATE_STRESS,CREDIT,STEEP_LOW_RATE,STEEP_LOW_RATE_STRESS,STEEP_LOW_RATE_STRESS
2011-11-22,-0.0039280400525812,3.6832903644223918,-0.05897644101943389,0.0,0.0,FULL_RISK,STEEP_LOW_RATE_STRESS,CREDIT,STEEP_LOW_RATE,STEEP_LOW_RATE_STRESS,STEEP_LOW_RATE_STRESS
2011-11-23,-0.0220654936169556,3.602016744396835,-0.07974059035352443,0.0,0.0,FULL_RISK,STEEP_LOW_RATE_STRESS,CREDIT,STEEP_LOW_RATE,STEEP_LOW_RATE_STRESS,STEEP_LOW_RATE_STRESS
2011-11-25,-0.0018878420233767,3.5952167058178564,-0.08147789473946287,0.0,0.0,FULL_RISK,STEEP_LOW_RATE_STRESS,CREDIT,STEEP_LOW_RATE,STEEP_LOW_RATE_STRESS,STEEP_LOW_RATE_STRESS
2011-11-28,0.0289668958718163,3.6993589737718966,-0.05487116056041941,0.0,0.0,FULL_RISK,STEEP_LOW_RATE_STRESS,CREDIT,STEEP_LOW_RATE,STEEP_LOW_RATE_STRESS,STEEP_LOW_RATE_STRESS
2011-11-29,0.0028401668578472,3.7098657705244835,-0.05218683695424753,0.0,0.0,FULL_RISK,STEEP_LOW_RATE_STRESS,CREDIT,STEEP_LOW_RATE,STEEP_LOW_RATE_STRESS,STEEP_LOW_RATE_STRESS
2011-11-30,0.0411493298165184,3.8625242606908077,-0.013184960503640264,0.0,0.0,FULL_RISK,STEEP_LOW_RATE_STRESS,CREDIT,STEEP_LOW_RATE,STEEP_LOW_RATE_STRESS,STEEP_LOW_RATE_STRESS
2011-12-01,-0.0001598534048854,3.8619068230362834,-0.013342706247695957,0.0,0.0,FULL_RISK,STEEP_LOW_RATE_STRESS,CREDIT,STEEP_LOW_RATE,STEEP_LOW_RATE_STRESS,STEEP_LOW_RATE_STRESS
2011-12-02,-0.0008799258514973,3.85850863138662,-0.014210891507037027,0.0,0.0,FULL_RISK,STEEP_LOW_RATE_STRESS,CREDIT,STEEP_LOW_RATE,STEEP_LOW_RATE_STRESS,STEEP_LOW_RATE_STRESS
2011-12-05,0.0108921595445239,3.9005361230036057,-0.003473519260077662,0.0,0.0,FULL_RISK,STEEP_LOW_RATE_STRESS,CREDIT,STEEP_LOW_RATE,STEEP_LOW_RATE_STRESS,STEEP_LOW_RATE_STRESS
2011-12-06,0.0003168254542427,3.9017719121325665,-0.003157794305152284,0.0,0.0,FULL_RISK,STEEP_LOW_RATE_STRESS,CREDIT,STEEP_LOW_RATE,STEEP_LOW_RATE_STRESS,STEEP_LOW_RATE_STRESS
2011-12-07,0.0037223982890441,3.9162958612225296,0.0,0.0,0.0,FULL_RISK,STEEP_LOW_RATE_STRESS,CREDIT,STEEP_LOW_RATE,STEEP_LOW_RATE_STRESS,STEEP_LOW_RATE_STRESS
2011-12-08,-0.0219363989566377,3.830386432778523,-0.02193639895663768,0.0,0.0,FULL_RISK,STEEP_LOW_RATE_STRESS,CREDIT,STEEP_LOW_RATE,STEEP_LOW_RATE_STRESS,STEEP_LOW_RATE_STRESS
2011-12-09,0.016942213759483,3.8952816585040804,-0.005365836357391407,0.0,0.0,FULL_RISK,STEEP_LOW_RATE_STRESS,CREDIT,STEEP_LOW_RATE,STEEP_LOW_RATE_STRESS,STEEP_LOW_RATE_STRESS
2011-12-12,-0.0145971491193086,3.8384216512731886,-0.01988465956324137,0.0,0.0,FULL_RISK,STEEP_LOW_RATE_STRESS,CREDIT,STEEP_LOW_RATE,STEEP_LOW_RATE_STRESS,STEEP_LOW_RATE_STRESS
2011-12-13,-0.0093390801747225,3.8025743237275575,-0.02903803530805571,0.0,0.0,FULL_RISK,STEEP_LOW_RATE_STRESS,CREDIT,STEEP_LOW_RATE,STEEP_LOW_RATE_STRESS,STEEP_LOW_RATE_STRESS
2011-12-14,-0.0106462444958596,3.762091187763476,-0.039375133780346294,0.0,0.0,FULL_RISK,STEEP_LOW_RATE_STRESS,CREDIT,STEEP_LOW_RATE,STEEP_LOW_RATE_STRESS,STEEP_LOW_RATE_STRESS
2011-12-15,0.0036144644647968,3.7756891326749726,-0.03590298933739511,0.0,0.0,FULL_RISK,STEEP_LOW_RATE_STRESS,CREDIT,STEEP_LOW_RATE,STEEP_LOW_RATE_STRESS,STEEP_LOW_RATE_STRESS
2011-12-16,0.0014824173204428,3.781286279641858,-0.034473795230201665,0.0,0.0,FULL_RISK,STEEP_LOW_RATE_STRESS,CREDIT,STEEP_LOW_RATE,STEEP_LOW_RATE_STRESS,STEEP_LOW_RATE_STRESS
2011-12-19,-0.0106916810258369,3.7408579728725533,-0.04479689343368731,0.0,0.0,FULL_RISK,STEEP_LOW_RATE_STRESS,CREDIT,STEEP_LOW_RATE,STEEP_LOW_RATE_STRESS,STEEP_LOW_RATE_STRESS
2011-12-20,0.0302600442783442,3.8540565007706737,-0.015892405134178778,0.0,0.0,FULL_RISK,STEEP_LOW_RATE_STRESS,CREDIT,STEEP_LOW_RATE,STEEP_LOW_RATE_STRESS,STEEP_LOW_RATE_STRESS
2011-12-21,0.0019364446856602,3.8615196679998256,-0.013986735211982904,0.0,0.0,FULL_RISK,STEEP_LOW_RATE_STRESS,CREDIT,STEEP_LOW_RATE,STEEP_LOW_RATE_STRESS,STEEP_LOW_RATE_STRESS
2011-12-22,0.0088590660144654,3.8957291256547926,-0.005251578608087337,0.0,0.0,FULL_RISK,STEEP_LOW_RATE_STRESS,CREDIT,STEEP_LOW_RATE,STEEP_LOW_RATE_STRESS,STEEP_LOW_RATE_STRESS
2011-12-23,0.0089406231437234,3.9305593716372993,0.0,0.0,0.0,FULL_RISK,STEEP_LOW_RATE_STRESS,CREDIT,STEEP_LOW_RATE,STEEP_LOW_RATE_STRESS,STEEP_LOW_RATE_STRESS
2011-12-27,0.0007914770637491,3.9336703192276543,0.0,0.0,0.0,FULL_RISK,STEEP_LOW_RATE_STRESS,CREDIT,STEEP_LOW_RATE,STEEP_LOW_RATE_STRESS,STEEP_LOW_RATE_STRESS
2011-12-28,-0.0131237302959942,3.8820458908847533,-0.01312373029599423,0.0,0.0,FULL_RISK,STEEP_LOW_RATE_STRESS,CREDIT,STEEP_LOW_RATE,STEEP_LOW_RATE_STRESS,STEEP_LOW_RATE_STRESS
2011-12-29,0.0103341405863071,3.922163498883652,-0.0029252121835826594,0.0,0.0,FULL_RISK,STEEP_LOW_RATE_STRESS,CREDIT,STEEP_LOW_RATE,STEEP_LOW_RATE_STRESS,STEEP_LOW_RATE_STRESS
2011-12-30,-0.0049159846503916,3.902882203326814,-0.007826816535780545,0.0,0.0,FULL_RISK,STEEP_LOW_RATE_STRESS,CREDIT,STEEP_LOW_RATE,STEEP_LOW_RATE_STRESS,STEEP_LOW_RATE_STRESS
2012-01-03,0.015936098575962,3.965078918849398,0.0,0.0,0.0,FULL_RISK,STEEP_LOW_RATE_STRESS,CREDIT,STEEP_LOW_RATE,STEEP_LOW_RATE_STRESS,STEEP_LOW_RATE_STRESS
2012-01-04,0.0015688658111168,3.971299595603561,0.0,0.0,0.0,FULL_RISK,STEEP_LOW_RATE_STRESS,CREDIT,STEEP_LOW_RATE,STEEP_LOW_RATE_STRESS,STEEP_LOW_RATE_STRESS
2012-01-05,0.0026625566664817,3.9818734058164313,0.0,0.0,0.0,FULL_RISK,STEEP_LOW_RATE_STRESS,CREDIT,STEEP_LOW_RATE,STEEP_LOW_RATE_STRESS,STEEP_LOW_RATE_STRESS
2012-01-06,-0.002577534492711,3.9716099897673307,-0.002577534492711031,0.0,0.0,FULL_RISK,STEEP_LOW_RATE_STRESS,CREDIT,STEEP_LOW_RATE,STEEP_LOW_RATE_STRESS,STEEP_LOW_RATE_STRESS
2012-01-09,0.0024274287018553,3.981250789849067,-0.00015636257206330662,0.0,0.0,FULL_RISK,STEEP_LOW_RATE_STRESS,CREDIT,STEEP_LOW_RATE,STEEP_LOW_RATE_STRESS,STEEP_LOW_RATE_STRESS
2012-01-10,0.0086706047021078,4.015770641667803,0.0,0.0,0.0,FULL_RISK,STEEP_LOW_RATE_STRESS,CREDIT,STEEP_LOW_RATE,STEEP_LOW_RATE_STRESS,STEEP_LOW_RATE_STRESS
2012-01-11,0.0005417392576034,4.017946142273926,0.0,0.0,0.0,FULL_RISK,STEEP_LOW_RATE_STRESS,CREDIT,STEEP_LOW_RATE,STEEP_LOW_RATE_STRESS,STEEP_LOW_RATE_STRESS
2012-01-12,0.0023995864936001,4.027587551568939,0.0,0.0,0.0,FULL_RISK,STEEP_LOW_RATE_STRESS,CREDIT,STEEP_LOW_RATE,STEEP_LOW_RATE_STRESS,STEEP_LOW_RATE_STRESS
2012-01-13,-0.0051732465060052,4.006751848340156,-0.005173246506005036,0.0,0.0,FULL_RISK,STEEP_LOW_RATE_STRESS,CREDIT,STEEP_LOW_RATE,STEEP_LOW_RATE_STRESS,STEEP_LOW_RATE_STRESS
2012-01-17,0.0038809152236423,4.022301712585736,-0.0013124082134836623,0.0,0.0,FULL_RISK,STEEP_LOW_RATE_STRESS,CREDIT,STEEP_LOW_RATE,STEEP_LOW_RATE_STRESS,STEEP_LOW_RATE_STRESS
2012-01-18,0.0110560431900115,4.066772454043341,0.0,0.0,0.0,FULL_RISK,STEEP_LOW_RATE_STRESS,CREDIT,STEEP_LOW_RATE,STEEP_LOW_RATE_STRESS,STEEP_LOW_RATE_STRESS
2012-01-19,0.0052766484114665,4.088231382452765,0.0,0.0,0.0,FULL_RISK,STEEP_LOW_RATE_STRESS,CREDIT,STEEP_LOW_RATE,STEEP_LOW_RATE_STRESS,STEEP_LOW_RATE_STRESS
2012-01-20,0.0037269731570159,4.103468111074837,0.0,0.0,0.0,FULL_RISK,STEEP_LOW_RATE_STRESS,CREDIT,STEEP_LOW_RATE,STEEP_LOW_RATE_STRESS,STEEP_LOW_RATE_STRESS
2012-01-23,-0.0025764272789517,4.092895823895155,-0.0025764272789516873,0.0,0.0,FULL_RISK,STEEP_LOW_RATE_STRESS,CREDIT,STEEP_LOW_RATE,STEEP_LOW_RATE_STRESS,STEEP_LOW_RATE_STRESS
2012-01-24,-0.0011396433339833,4.088231382452765,-0.003713134404761065,0.0,0.0,FULL_RISK,STEEP_LOW_RATE_STRESS,CREDIT,STEEP_LOW_RATE,STEEP_LOW_RATE_STRESS,STEEP_LOW_RATE_STRESS
2012-01-25,0.0083668949174775,4.122437184828081,0.0,0.0,0.0,FULL_RISK,STEEP_LOW_RATE_STRESS,CREDIT,STEEP_LOW_RATE,STEEP_LOW_RATE_STRESS,STEEP_LOW_RATE_STRESS
2012-01-26,-0.0051292918787124,4.101292001255441,-0.005129291878712361,0.0,0.0,FULL_RISK,STEEP_LOW_RATE_STRESS,CREDIT,STEEP_LOW_RATE,STEEP_LOW_RATE_STRESS,STEEP_LOW_RATE_STRESS
2012-01-27,-0.0004549092469049,4.0994262855998125,-0.005581867763311599,0.0,0.0,FULL_RISK,STEEP_LOW_RATE_STRESS,CREDIT,STEEP_LOW_RATE,STEEP_LOW_RATE_STRESS,STEEP_LOW_RATE_STRESS
2012-01-30,-0.0034135578880789,4.085432656666005,-0.008976371622656854,0.0,0.0,FULL_RISK,STEEP_LOW_RATE_STRESS,CREDIT,STEEP_LOW_RATE,STEEP_LOW_RATE_STRESS,STEEP_LOW_RATE_STRESS
2012-01-31,-0.0003806993340894,4.0838773351741455,-0.009353653658046968,0.0,0.0,FULL_RISK,STEEP_LOW_RATE_STRESS,CREDIT,STEEP_LOW_RATE,STEEP_LOW_RATE_STRESS,STEEP_LOW_RATE_STRESS
2012-02-01,0.0087574801114012,4.119641809714335,-0.0006780879825249997,0.0,0.0,FULL_RISK,STEEP_LOW_RATE_STRESS,CREDIT,STEEP_LOW_RATE,STEEP_LOW_RATE_STRESS,STEEP_LOW_RATE_STRESS
2012-02-02,0.0015848316365931,4.126170748385802,0.0,0.0,0.0,FULL_RISK,STEEP_LOW_RATE_STRESS,CREDIT,STEEP_LOW_RATE,STEEP_LOW_RATE_STRESS,STEEP_LOW_RATE_STRESS
2012-02-03,0.0140189292715084,4.18401524426959,0.0,0.0,0.0,FULL_RISK,STEEP_LOW_RATE_STRESS,CREDIT,STEEP_LOW_RATE,STEEP_LOW_RATE_STRESS,STEEP_LOW_RATE_STRESS
2012-02-06,-0.0006689090797635,4.181216518482829,-0.0006689090797634689,0.0,0.0,FULL_RISK,STEEP_LOW_RATE_STRESS,CREDIT,STEEP_LOW_RATE,STEEP_LOW_RATE_STRESS,STEEP_LOW_RATE_STRESS
2012-02-07,0.0025282280184255,4.191787587235961,0.0,0.0,0.0,FULL_RISK,STEEP_LOW_RATE_STRESS,CREDIT,STEEP_LOW_RATE,STEEP_LOW_RATE_STRESS,STEEP_LOW_RATE_STRESS
2012-02-08,0.0029677398539122,4.204227722317736,0.0,0.0,0.0,FULL_RISK,STEEP_LOW_RATE_STRESS,CREDIT,STEEP_LOW_RATE,STEEP_LOW_RATE_STRESS,STEEP_LOW_RATE_STRESS
2012-02-09,0.0012577746922688,4.209515693547402,0.0,0.0,0.0,FULL_RISK,STEEP_LOW_RATE_STRESS,CREDIT,STEEP_LOW_RATE,STEEP_LOW_RATE_STRESS,STEEP_LOW_RATE_STRESS
2012-02-10,-0.0073878864336327,4.178416269662879,-0.007387886433632751,0.0,0.0,FULL_RISK,STEEP_LOW_RATE_STRESS,CREDIT,STEEP_LOW_RATE,STEEP_LOW_RATE_STRESS,STEEP_LOW_RATE_STRESS
2012-02-13,0.007442873538072,4.209515693547402,0.0,0.0,0.0,FULL_RISK,STEEP_LOW_RATE_STRESS,CREDIT,STEEP_LOW_RATE,STEEP_LOW_RATE_STRESS,STEEP_LOW_RATE_STRESS
2012-02-14,-0.0012561946823886,4.204227722317737,-0.0012561946823885783,0.0,0.0,FULL_RISK,STEEP_LOW_RATE_STRESS,CREDIT,STEEP_LOW_RATE,STEEP_LOW_RATE_STRESS,STEEP_LOW_RATE_STRESS
2012-02-15,-0.0046599248204303,4.184636337203767,-0.005910265730039055,0.0,0.0,FULL_RISK,STEEP_LOW_RATE_STRESS,CREDIT,STEEP_LOW_RATE,STEEP_LOW_RATE_STRESS,STEEP_LOW_RATE_STRESS
2012-02-16,0.0110732861366749,4.230974012743552,0.0,0.0,0.0,FULL_RISK,STEEP_LOW_RATE_STRESS,CREDIT,STEEP_LOW_RATE,STEEP_LOW_RATE_STRESS,STEEP_LOW_RATE_STRESS
2012-02-17,0.0026461559284549,4.242169829710512,0.0,0.0,0.0,FULL_RISK,STEEP_LOW_RATE_STRESS,CREDIT,STEEP_LOW_RATE,STEEP_LOW_RATE_STRESS,STEEP_LOW_RATE_STRESS
2012-02-21,0.0004395867941577,4.244034631546228,0.0,0.0,0.0,FULL_RISK,STEEP_LOW_RATE_STRESS,CREDIT,STEEP_LOW_RATE,STEEP_LOW_RATE_STRESS,STEEP_LOW_RATE_STRESS
2012-02-22,-0.0032243971561571,4.230350178349638,-0.0032243971561571882,0.0,0.0,FULL_RISK,STEEP_LOW_RATE_STRESS,CREDIT,STEEP_LOW_RATE,STEEP_LOW_RATE_STRESS,STEEP_LOW_RATE_STRESS
2012-02-23,0.0044109582491596,4.249010076365663,0.0,0.0,0.0,FULL_RISK,STEEP_LOW_RATE_STRESS,CREDIT,STEEP_LOW_RATE,STEEP_LOW_RATE_STRESS,STEEP_LOW_RATE_STRESS
2012-02-24,0.0021956143486947,4.2583392638570805,0.0,0.0,0.0,FULL_RISK,STEEP_LOW_RATE_STRESS,CREDIT,STEEP_LOW_RATE,STEEP_LOW_RATE_STRESS,STEEP_LOW_RATE_STRESS
2012-02-27,0.0016799241305205,4.265492950742377,0.0,0.0,0.0,FULL_RISK,STEEP_LOW_RATE_STRESS,CREDIT,STEEP_LOW_RATE,STEEP_LOW_RATE_STRESS,STEEP_LOW_RATE_STRESS
2012-02-28,0.002916530359345,4.27793339043079,0.0,0.0,0.0,NON_RISK,STEEP_LOW_RATE_NORMAL,,STEEP_LOW_RATE,STEEP_LOW_RATE_NORMAL,STEEP_LOW_RATE_NORMAL
2012-02-29,-0.0039260547685282,4.261137989643843,-0.003926054768528253,0.0,0.0,NON_RISK,STEEP_LOW_RATE_NORMAL,,STEEP_LOW_RATE,STEEP_LOW_RATE_NORMAL,STEEP_LOW_RATE_NORMAL
2012-03-01,0.005181790874621,4.28321831559408,0.0,0.0,0.0,NON_RISK,STEEP_LOW_RATE_NORMAL,,STEEP_LOW_RATE,STEEP_LOW_RATE_NORMAL,STEEP_LOW_RATE_NORMAL
2012-03-02,-0.0030495380498517,4.2701564783648545,-0.003049538049851752,0.0,0.0,NON_RISK,STEEP_LOW_RATE_NORMAL,,STEEP_LOW_RATE,STEEP_LOW_RATE_NORMAL,STEEP_LOW_RATE_NORMAL
2012-03-05,-0.0040780840131386,4.252742421496834,-0.007115185790621759,0.0,0.0,NON_RISK,STEEP_LOW_RATE_NORMAL,,STEEP_LOW_RATE,STEEP_LOW_RATE_NORMAL,STEEP_LOW_RATE_NORMAL
2012-03-06,-0.0146252989666383,4.190544792154338,-0.021636423037869057,0.0,0.0,NON_RISK,STEEP_LOW_RATE_NORMAL,,STEEP_LOW_RATE,STEEP_LOW_RATE_NORMAL,STEEP_LOW_RATE_NORMAL
2012-03-07,0.0069756027992253,4.219776368136769,-0.014811747331751945,0.0,0.0,NON_RISK,STEEP_LOW_RATE_NORMAL,,STEEP_LOW_RATE,STEEP_LOW_RATE_NORMAL,STEEP_LOW_RATE_NORMAL
2012-03-08,0.0099493265057408,4.26176030100457,-0.005009787736335314,0.0,0.0,NON_RISK,STEEP_LOW_RATE_NORMAL,,STEEP_LOW_RATE,STEEP_LOW_RATE_NORMAL,STEEP_LOW_RATE_NORMAL
2012-03-09,0.0038676926479102,4.278243479987921,-0.0011614714076205734,0.0,0.0,NON_RISK,STEEP_LOW_RATE_NORMAL,,STEEP_LOW_RATE,STEEP_LOW_RATE_NORMAL,STEEP_LOW_RATE_NORMAL
2012-03-12,7.283657224688156e-05,4.278555092578241,-0.0010887194329698424,0.0,0.0,NON_RISK,STEEP_LOW_RATE_NORMAL,,STEEP_LOW_RATE,STEEP_LOW_RATE_NORMAL,STEEP_LOW_RATE_NORMAL
2012-03-13,0.0180257031011668,4.355679056379041,0.0,0.0,0.0,NON_RISK,STEEP_LOW_RATE_NORMAL,,STEEP_LOW_RATE,STEEP_LOW_RATE_NORMAL,STEEP_LOW_RATE_NORMAL
2012-03-14,-0.0010711670461827,4.351013396510099,-0.0010711670461828193,0.0,0.0,NON_RISK,STEEP_LOW_RATE_NORMAL,,STEEP_LOW_RATE,STEEP_LOW_RATE_NORMAL,STEEP_LOW_RATE_NORMAL
2012-03-15,0.0057894685257113,4.376203451624143,0.0,0.0,0.0,NON_RISK,STEEP_LOW_RATE_NORMAL,,STEEP_LOW_RATE,STEEP_LOW_RATE_NORMAL,STEEP_LOW_RATE_NORMAL
2012-03-16,0.0013847263995991,4.382263296073624,0.0,0.0,0.0,NON_RISK,STEEP_LOW_RATE_NORMAL,,STEEP_LOW_RATE,STEEP_LOW_RATE_NORMAL,STEEP_LOW_RATE_NORMAL
2012-03-19,0.0039203757988928,4.399443415043928,0.0,0.0,0.0,NON_RISK,STEEP_MID_RATE_NORMAL,,STEEP_MID_RATE,STEEP_MID_RATE_NORMAL,STEEP_MID_RATE_NORMAL
2012-03-20,-0.0029106076895766,4.3866383612102435,-0.0029106076895766275,0.0,0.0,NON_RISK,STEEP_MID_RATE_NORMAL,,STEEP_MID_RATE,STEEP_MID_RATE_NORMAL,STEEP_MID_RATE_NORMAL
2012-03-21,-0.0016381508109787,4.379452386021357,-0.004543990486208238,0.0,0.0,NON_RISK,STEEP_MID_RATE_NORMAL,,STEEP_MID_RATE,STEEP_MID_RATE_NORMAL,STEEP_MID_RATE_NORMAL
2012-03-22,-0.0072040131308832,4.347902753526381,-0.011715268649962196,0.0,0.0,NON_RISK,STEEP_MID_RATE_NORMAL,,STEEP_MID_RATE,STEEP_MID_RATE_NORMAL,STEEP_MID_RATE_NORMAL
2012-03-23,0.0032331200852357,4.361960045247459,-0.008520025435102552,0.0,0.0,NON_RISK,STEEP_MID_RATE_NORMAL,,STEEP_MID_RATE,STEEP_MID_RATE_NORMAL,STEEP_MID_RATE_NORMAL
2012-03-26,0.0140352180733249,4.423181105709637,0.0,0.0,0.0,NON_RISK,STEEP_MID_RATE_NORMAL,,STEEP_MID_RATE,STEEP_MID_RATE_NORMAL,STEEP_MID_RATE_NORMAL
2012-03-27,-0.0031068191698881,4.409439081858531,-0.0031068191698880865,0.0,0.0,NON_RISK,STEEP_MID_RATE_NORMAL,,STEEP_MID_RATE,STEEP_MID_RATE_NORMAL,STEEP_MID_RATE_NORMAL
2012-03-28,-0.0049587426559566,4.387573808194477,-0.00805015590910274,0.0,0.0,NON_RISK,STEEP_MID_RATE_NORMAL,,STEEP_MID_RATE,STEEP_MID_RATE_NORMAL,STEEP_MID_RATE_NORMAL
2012-03-29,-0.0017087537441685,4.380076525021909,-0.009745153919220373,0.0,0.0,NON_RISK,STEEP_MID_RATE_NORMAL,,STEEP_MID_RATE,STEEP_MID_RATE_NORMAL,STEEP_MID_RATE_NORMAL
2012-03-30,0.0041363189640328,4.398193918616273,-0.005649144020150931,0.0,0.0,NON_RISK,STEEP_MID_RATE_NORMAL,,STEEP_MID_RATE,STEEP_MID_RATE_NORMAL,STEEP_MID_RATE_NORMAL
2012-04-02,0.0073146001815922,4.430364948652062,0.0,0.0,0.0,NON_RISK,STEEP_MID_RATE_NORMAL,,STEEP_MID_RATE,STEEP_MID_RATE_NORMAL,STEEP_MID_RATE_NORMAL
2012-04-03,-0.0040890931961089,4.412248773484249,-0.0040890931961089505,0.0,0.0,NON_RISK,STEEP_MID_RATE_NORMAL,,STEEP_MID_RATE,STEEP_MID_RATE_NORMAL,STEEP_MID_RATE_NORMAL
2012-04-04,-0.0099106176283152,4.368520663009244,-0.013959185385310935,0.0,0.0,NON_RISK,STEEP_MID_RATE_NORMAL,,STEEP_MID_RATE,STEEP_MID_RATE_NORMAL,STEEP_MID_RATE_NORMAL
2012-04-05,-0.0005006444577158,4.3663335873508915,-0.01445284125422941,0.0,0.0,NON_RISK,STEEP_MID_RATE_NORMAL,,STEEP_MID_RATE,STEEP_MID_RATE_NORMAL,STEEP_MID_RATE_NORMAL
2012-04-09,-0.0112312848834634,4.317294050935119,-0.025521802160191065,0.0,0.0,NON_RISK,STEEP_MID_RATE_NORMAL,,STEEP_MID_RATE,STEEP_MID_RATE_NORMAL,STEEP_MID_RATE_NORMAL
2012-04-10,-0.0167846087394206,4.244829959477145,-0.041878037436027915,0.0,0.0,NON_RISK,STEEP_MID_RATE_NORMAL,,STEEP_MID_RATE,STEEP_MID_RATE_NORMAL,STEEP_MID_RATE_NORMAL
2012-04-11,0.0080938194452016,4.279186846744736,-0.034123171264552776,0.0,0.0,NON_RISK,STEEP_MID_RATE_NORMAL,,STEEP_MID_RATE,STEEP_MID_RATE_NORMAL,STEEP_MID_RATE_NORMAL
2012-04-12,0.0130659081184483,4.335098308905975,-0.02150311336655719,0.0,0.0,NON_RISK,STEEP_MID_RATE_NORMAL,,STEEP_MID_RATE,STEEP_MID_RATE_NORMAL,STEEP_MID_RATE_NORMAL
2012-04-13,-0.0118881726208476,4.283561911881356,-0.03313565326381762,0.0,0.0,NON_RISK,STEEP_MID_RATE_NORMAL,,STEEP_MID_RATE,STEEP_MID_RATE_NORMAL,STEEP_MID_RATE_NORMAL
2012-04-16,-0.0006563507948246,4.280750392615812,-0.033770255446285535,0.0,0.0,NON_RISK,STEEP_MID_RATE_NORMAL,,STEEP_MID_RATE,STEEP_MID_RATE_NORMAL,STEEP_MID_RATE_NORMAL
2012-04-17,0.0148120323008598,4.344157005703156,-0.019458429259904264,0.0,0.0,NON_RISK,STEEP_LOW_RATE_NORMAL,,STEEP_LOW_RATE,STEEP_LOW_RATE_NORMAL,STEEP_LOW_RATE_NORMAL
2012-04-18,-0.0033792304627042,4.329477098014714,-0.02277190520569705,0.0,0.0,NON_RISK,STEEP_LOW_RATE_NORMAL,,STEEP_LOW_RATE,STEEP_LOW_RATE_NORMAL,STEEP_LOW_RATE_NORMAL
2012-04-19,-0.0064210813814459,4.301677173229256,-0.029046766330606544,0.0,0.0,NON_RISK,STEEP_LOW_RATE_NORMAL,,STEEP_LOW_RATE,STEEP_LOW_RATE_NORMAL,STEEP_LOW_RATE_NORMAL
2012-04-20,0.0016704346451121,4.308862843811506,-0.027424852410301348,0.0,0.0,NON_RISK,STEEP_LOW_RATE_NORMAL,,STEEP_LOW_RATE,STEEP_LOW_RATE_NORMAL,STEEP_LOW_RATE_NORMAL
2012-04-23,-0.0084090791644054,4.27262927504933,-0.03560331381971649,0.0,0.0,NON_RISK,STEEP_LOW_RATE_NORMAL,,STEEP_LOW_RATE,STEEP_LOW_RATE_NORMAL,STEEP_LOW_RATE_NORMAL
2012-04-24,0.0038011049062036,4.28886998714911,-0.031937540844349965,0.0,0.0,NON_RISK,STEEP_LOW_RATE_NORMAL,,STEEP_LOW_RATE,STEEP_LOW_RATE_NORMAL,STEEP_LOW_RATE_NORMAL
2012-04-25,0.0136917341357558,4.347592054755978,-0.018683087026784895,0.0,0.0,NON_RISK,STEEP_LOW_RATE_NORMAL,,STEEP_LOW_RATE,STEEP_LOW_RATE_NORMAL,STEEP_LOW_RATE_NORMAL
2012-04-26,0.0069690561240649,4.377890667790111,-0.011844234384780439,0.0,0.0,NON_RISK,STEEP_LOW_RATE_NORMAL,,STEEP_LOW_RATE,STEEP_LOW_RATE_NORMAL,STEEP_LOW_RATE_NORMAL
2012-04-27,0.0016410066157928,4.3850748153391725,-0.010222664235971957,0.0,0.0,NON_RISK,STEEP_LOW_RATE_NORMAL,,STEEP_LOW_RATE,STEEP_LOW_RATE_NORMAL,STEEP_LOW_RATE_NORMAL
2012-04-30,-0.0037043980905344,4.36883075256638,-0.013889193508630382,0.0,0.0,NON_RISK,STEEP_LOW_RATE_NORMAL,,STEEP_LOW_RATE,STEEP_LOW_RATE_NORMAL,STEEP_LOW_RATE_NORMAL
2012-05-01,0.0062205190673083,4.396007147564562,-0.007755072434372012,0.0,0.0,NON_RISK,STEEP_LOW_RATE_NORMAL,,STEEP_LOW_RATE,STEEP_LOW_RATE_NORMAL,STEEP_LOW_RATE_NORMAL
2012-05-02,-0.0029842532621301,4.382888348894095,-0.010716182596291812,0.0,0.0,NON_RISK,STEEP_LOW_RATE_NORMAL,,STEEP_LOW_RATE,STEEP_LOW_RATE_NORMAL,STEEP_LOW_RATE_NORMAL
2012-05-03,-0.0076254372967977,4.349466908610738,-0.01825990431464042,0.0,0.0,NON_RISK,STEEP_LOW_RATE_NORMAL,,STEEP_LOW_RATE,STEEP_LOW_RATE_NORMAL,STEEP_LOW_RATE_NORMAL
2012-05-04,-0.0161583162586808,4.279186846744739,-0.034123171264552,0.0,0.0,NON_RISK,STEEP_LOW_RATE_NORMAL,,STEEP_LOW_RATE,STEEP_LOW_RATE_NORMAL,STEEP_LOW_RATE_NORMAL
2012-05-07,0.0007305541997117,4.28231302466698,-0.03341754589091506,0.0,0.0,NON_RISK,STEEP_LOW_RATE_NORMAL,,STEEP_LOW_RATE,STEEP_LOW_RATE_NORMAL,STEEP_LOW_RATE_NORMAL
2012-05-08,-0.0040118072323782,4.265133210303314,-0.03729528837099971,0.0,0.0,NON_RISK,STEEP_LOW_RATE_NORMAL,,STEEP_LOW_RATE,STEEP_LOW_RATE_NORMAL,STEEP_LOW_RATE_NORMAL
2012-05-09,-0.0059321093361552,4.239831973766528,-0.043006157978814574,0.0,0.0,NON_RISK,STEEP_LOW_RATE_NORMAL,,STEEP_LOW_RATE,STEEP_LOW_RATE_NORMAL,STEEP_LOW_RATE_NORMAL
2012-05-10,0.0020627140952249,4.248577534940202,-0.04103215329183396,0.0,0.0,NON_RISK,STEEP_LOW_RATE_NORMAL,,STEEP_LOW_RATE,STEEP_LOW_RATE_NORMAL,STEEP_LOW_RATE_NORMAL
2012-05-11,-0.0030143210901886,4.2357709580733305,-0.0439227902969791,0.0,0.0,NON_RISK,STEEP_LOW_RATE_NORMAL,,STEEP_LOW_RATE,STEEP_LOW_RATE_NORMAL,STEEP_LOW_RATE_NORMAL
2012-05-14,-0.0110611412234458,4.188918497315911,-0.05449809533402217,0.0,0.0,NON_RISK,STEEP_LOW_RATE_NORMAL,,STEEP_LOW_RATE,STEEP_LOW_RATE_NORMAL,STEEP_LOW_RATE_NORMAL
2012-05-15,-0.0057411723984223,4.1648691940598805,-0.05992638477174628,0.0,0.0,NON_RISK,STEEP_LOW_RATE_NORMAL,,STEEP_LOW_RATE,STEEP_LOW_RATE_NORMAL,STEEP_LOW_RATE_NORMAL
2012-05-16,-0.0038249263527243,4.1489388761238715,-0.06352209711613355,0.0,0.0,NON_RISK,STEEP_LOW_RATE_NORMAL,,STEEP_LOW_RATE,STEEP_LOW_RATE_NORMAL,STEEP_LOW_RATE_NORMAL
2012-05-17,-0.014831015711811,4.087405898464735,-0.07741101560756791,0.0,0.0,NON_RISK,STEEP_LOW_RATE_NORMAL,,STEEP_LOW_RATE,STEEP_LOW_RATE_NORMAL,STEEP_LOW_RATE_NORMAL
2012-05-18,-0.0085586188820816,4.052423349163403,-0.0853071031097895,0.0,0.0,NON_RISK,STEEP_LOW_RATE_NORMAL,,STEEP_LOW_RATE,STEEP_LOW_RATE_NORMAL,STEEP_LOW_RATE_NORMAL
2012-05-21,0.0171880318032635,4.122076530569111,-0.0695853325078214,0.0,0.0,NON_RISK,STEEP_LOW_RATE_NORMAL,,STEEP_LOW_RATE,STEEP_LOW_RATE_NORMAL,STEEP_LOW_RATE_NORMAL
2012-05-22,0.001742625027914,4.129259764298258,-0.06796396862191123,0.0,0.0,NON_RISK,STEEP_LOW_RATE_NORMAL,,STEEP_LOW_RATE,STEEP_LOW_RATE_NORMAL,STEEP_LOW_RATE_NORMAL
2012-05-23,0.0005298745061244,4.131447753776524,-0.06747010649009466,0.0,0.0,NON_RISK,STEEP_LOW_RATE_NORMAL,,STEEP_LOW_RATE,STEEP_LOW_RATE_NORMAL,STEEP_LOW_RATE_NORMAL
2012-05-24,0.0019653145863633,4.13956734830982,-0.06563739188815976,0.0,0.0,NON_RISK,STEEP_LOW_RATE_NORMAL,,STEEP_LOW_RATE,STEEP_LOW_RATE_NORMAL,STEEP_LOW_RATE_NORMAL
2012-05-25,-0.0032446205003002,4.126136023229121,-0.06866904396115325,0.0,0.0,NON_RISK,STEEP_LOW_RATE_NORMAL,,STEEP_LOW_RATE,STEEP_LOW_RATE_NORMAL,STEEP_LOW_RATE_NORMAL
2012-05-29,0.012112181021624,4.176112529662316,-0.05738859483056857,0.0,0.0,NON_RISK,STEEP_LOW_RATE_NORMAL,,STEEP_LOW_RATE,STEEP_LOW_RATE_NORMAL,STEEP_LOW_RATE_NORMAL
2012-05-30,-0.0145102201671877,4.115516217413965,-0.07106609385167917,0.0,0.0,NON_RISK,STEEP_LOW_RATE_NORMAL,,STEEP_LOW_RATE,STEEP_LOW_RATE_NORMAL,STEEP_LOW_RATE_NORMAL
2012-05-31,-0.00220088623122,4.1064584344366954,-0.07311057169543445,0.0,0.0,NON_RISK,STEEP_LOW_RATE_NORMAL,,STEEP_LOW_RATE,STEEP_LOW_RATE_NORMAL,STEEP_LOW_RATE_NORMAL
2012-06-01,-0.0251769410478378,4.003070372517486,-0.09644681218972262,0.0,0.0,NON_RISK,STEEP_LOW_RATE_NORMAL,,STEEP_LOW_RATE,STEEP_LOW_RATE_NORMAL,STEEP_LOW_RATE_NORMAL
2012-06-04,-0.0004678213056537,4.001197650909192,-0.09686951362177154,0.0,0.0,NON_RISK,STEEP_LOW_RATE_NORMAL,,STEEP_LOW_RATE,STEEP_LOW_RATE_NORMAL,STEEP_LOW_RATE_NORMAL
2012-06-05,0.007572157603195,4.03149535012341,-0.0900308672426654,0.0,0.0,NON_RISK,STEEP_LOW_RATE_NORMAL,,STEEP_LOW_RATE,STEEP_LOW_RATE_NORMAL,STEEP_LOW_RATE_NORMAL
2012-06-06,0.0224683827163361,4.122076530569112,-0.06958533250782117,0.0,0.0,NON_RISK,STEEP_LOW_RATE_NORMAL,,STEEP_LOW_RATE,STEEP_LOW_RATE_NORMAL,STEEP_LOW_RATE_NORMAL
2012-06-07,0.000606393901241,4.124576132637698,-0.06902113472782856,0.0,0.0,NON_RISK,STEEP_LOW_RATE_NORMAL,,STEEP_LOW_RATE,STEEP_LOW_RATE_NORMAL,STEEP_LOW_RATE_NORMAL
2012-06-08,0.0079515302942305,4.1573728247072275,-0.061618428077328535,0.0,0.0,NON_RISK,STEEP_LOW_RATE_NORMAL,,STEEP_LOW_RATE,STEEP_LOW_RATE_NORMAL,STEEP_LOW_RATE_NORMAL
2012-06-11,-0.0126974481059336,4.104584799008489,-0.07353347939038102,0.0,0.0,NON_RISK,STEEP_LOW_RATE_NORMAL,,STEEP_LOW_RATE,STEEP_LOW_RATE_NORMAL,STEEP_LOW_RATE_NORMAL
2012-06-12,0.0114903606180141,4.1517479585363155,-0.06288804496805966,0.0,0.0,NON_RISK,STEEP_LOW_RATE_NORMAL,,STEEP_LOW_RATE,STEEP_LOW_RATE_NORMAL,STEEP_LOW_RATE_NORMAL
2012-06-13,-0.0063946331978147,4.125199053211699,-0.06888053218577606,0.0,0.0,NON_RISK,STEEP_LOW_RATE_NORMAL,,STEEP_LOW_RATE,STEEP_LOW_RATE_NORMAL,STEEP_LOW_RATE_NORMAL
2012-06-14,0.0106003902173485,4.1689277728999805,-0.05901030248797523,0.0,0.0,NON_RISK,STEEP_LOW_RATE_NORMAL,,STEEP_LOW_RATE,STEEP_LOW_RATE_NORMAL,STEEP_LOW_RATE_NORMAL
2012-06-15,0.0102277706550661,4.211566610038737,-0.04938607567304221,0.0,0.0,NON_RISK,STEEP_LOW_RATE_NORMAL,,STEEP_LOW_RATE,STEEP_LOW_RATE_NORMAL,STEEP_LOW_RATE_NORMAL
2012-06-18,0.0019380530378201,4.219728849501305,-0.047543735469206205,0.0,0.0,NON_RISK,STEEP_LOW_RATE_NORMAL,,STEEP_LOW_RATE,STEEP_LOW_RATE_NORMAL,STEEP_LOW_RATE_NORMAL
2012-06-19,0.0096730371803508,4.26054644355353,-0.038330590609741866,0.0,0.0,NON_RISK,STEEP_LOW_RATE_NORMAL,,STEEP_LOW_RATE,STEEP_LOW_RATE_NORMAL,STEEP_LOW_RATE_NORMAL
2012-06-20,-0.0016215720777027,4.253637660404907,-0.03989000687199007,0.0,0.0,NON_RISK,STEEP_LOW_RATE_NORMAL,,STEEP_LOW_RATE,STEEP_LOW_RATE_NORMAL,STEEP_LOW_RATE_NORMAL
2012-06-21,-0.0224387607225621,4.158191302742602,-0.06143368527513038,0.0,0.0,NON_RISK,STEEP_LOW_RATE_NORMAL,,STEEP_LOW_RATE,STEEP_LOW_RATE_NORMAL,STEEP_LOW_RATE_NORMAL
2012-06-22,0.0077015490417564,4.190215816985679,-0.054205270773336145,0.0,0.0,NON_RISK,STEEP_LOW_RATE_NORMAL,,STEEP_LOW_RATE,STEEP_LOW_RATE_NORMAL,STEEP_LOW_RATE_NORMAL
2012-06-25,-0.0160344962698147,4.123027817098504,-0.06937061283113144,0.0,0.0,NON_RISK,STEEP_LOW_RATE_NORMAL,,STEEP_LOW_RATE,STEEP_LOW_RATE_NORMAL,STEEP_LOW_RATE_NORMAL
2012-06-26,0.0050257170342373,4.143748988231531,-0.06469353286747492,0.0,0.0,NON_RISK,STEEP_LOW_RATE_NORMAL,,STEEP_LOW_RATE,STEEP_LOW_RATE_NORMAL,STEEP_LOW_RATE_NORMAL
2012-06-27,0.009016505695879,4.181111124586214,-0.05626033677918185,0.0,0.0,NON_RISK,STEEP_LOW_RATE_NORMAL,,STEEP_LOW_RATE,STEEP_LOW_RATE_NORMAL,STEEP_LOW_RATE_NORMAL
2012-06-28,-0.0028537262579243,4.169179377982682,-0.058953511436759864,0.0,0.0,NON_RISK,STEEP_LOW_RATE_NORMAL,,STEEP_LOW_RATE,STEEP_LOW_RATE_NORMAL,STEEP_LOW_RATE_NORMAL
2012-06-29,0.0249266224756419,4.273102938370888,-0.03549640088431549,0.0,0.0,NON_RISK,STEEP_LOW_RATE_NORMAL,,STEEP_LOW_RATE,STEEP_LOW_RATE_NORMAL,STEEP_LOW_RATE_NORMAL
2012-07-02,0.0030127743514414,4.285976833304681,-0.03259056917902681,0.0,0.0,NON_RISK,STEEP_LOW_RATE_NORMAL,,STEEP_LOW_RATE,STEEP_LOW_RATE_NORMAL,STEEP_LOW_RATE_NORMAL
2012-07-03,0.0065927154129943,4.314233058833345,-0.026212714113777458,0.0,0.0,NON_RISK,STEEP_LOW_RATE_NORMAL,,STEEP_LOW_RATE,STEEP_LOW_RATE_NORMAL,STEEP_LOW_RATE_NORMAL
2012-07-05,-0.004511945068142,4.294767476260727,-0.030606388855751065,0.0,0.0,NON_RISK,STEEP_LOW_RATE_NORMAL,,STEEP_LOW_RATE,STEEP_LOW_RATE_NORMAL,STEEP_LOW_RATE_NORMAL
2012-07-06,-0.0095038870124087,4.253950491421778,-0.0398193962066169,0.0,0.0,NON_RISK,STEEP_LOW_RATE_NORMAL,,STEEP_LOW_RATE,STEEP_LOW_RATE_NORMAL,STEEP_LOW_RATE_NORMAL
2012-07-09,-0.0012541003151361,4.248615610769912,-0.041023559004421783,0.0,0.0,NON_RISK,STEEP_LOW_RATE_NORMAL,,STEEP_LOW_RATE,STEEP_LOW_RATE_NORMAL,STEEP_LOW_RATE_NORMAL
2012-07-10,-0.0087202524599444,4.211566610038738,-0.049386075673041985,0.0,0.0,NON_RISK,STEEP_LOW_RATE_NORMAL,,STEEP_LOW_RATE,STEEP_LOW_RATE_NORMAL,STEEP_LOW_RATE_NORMAL
2012-07-11,0.0001489919860393,4.212194099712304,-0.049244441816500006,0.0,0.0,NON_RISK,STEEP_LOW_RATE_NORMAL,,STEEP_LOW_RATE,STEEP_LOW_RATE_NORMAL,STEEP_LOW_RATE_NORMAL
2012-07-12,-0.0048452062859178,4.191785150382873,-0.05385104862338186,0.0,0.0,NON_RISK,STEEP_LOW_RATE_NORMAL,,STEEP_LOW_RATE,STEEP_LOW_RATE_NORMAL,STEEP_LOW_RATE_NORMAL
2012-07-13,0.0167779133753731,4.262114558524172,-0.03797664347698482,0.0,0.0,NON_RISK,STEEP_LOW_RATE_NORMAL,,STEEP_LOW_RATE,STEEP_LOW_RATE_NORMAL,STEEP_LOW_RATE_NORMAL
2012-07-16,-0.002357386176519,4.2520671085811665,-0.040244504039140705,0.0,0.0,NON_RISK,STEEP_LOW_RATE_NORMAL,,STEEP_LOW_RATE,STEEP_LOW_RATE_NORMAL,STEEP_LOW_RATE_NORMAL
2012-07-17,0.0068670806300099,4.281266396260007,-0.033653785663282254,0.0,0.0,NON_RISK,STEEP_LOW_RATE_NORMAL,,STEEP_LOW_RATE,STEEP_LOW_RATE_NORMAL,STEEP_LOW_RATE_NORMAL
2012-07-18,0.0074070801232808,4.312978079486214,-0.02649598182686108,0.0,0.0,NON_RISK,STEEP_LOW_RATE_NORMAL,,STEEP_LOW_RATE,STEEP_LOW_RATE_NORMAL,STEEP_LOW_RATE_NORMAL
2012-07-19,0.0026201389021802,4.324278681136527,-0.02394526607741676,0.0,0.0,NON_RISK,STEEP_LOW_RATE_NORMAL,,STEEP_LOW_RATE,STEEP_LOW_RATE_NORMAL,STEEP_LOW_RATE_NORMAL
2012-07-20,-0.009147965043217,4.284720330924362,-0.03287418066360703,0.0,0.0,NON_RISK,STEEP_LOW_RATE_NORMAL,,STEEP_LOW_RATE,STEEP_LOW_RATE_NORMAL,STEEP_LOW_RATE_NORMAL
2012-07-23,-0.0101122497183893,4.241392168964595,-0.04265399845783857,0.0,0.0,NON_RISK,STEEP_LOW_RATE_NORMAL,,STEEP_LOW_RATE,STEEP_LOW_RATE_NORMAL,STEEP_LOW_RATE_NORMAL
2012-07-24,-0.0085868722297255,4.204971876333537,-0.05087460625271978,0.0,0.0,NON_RISK,STEEP_LOW_RATE_NORMAL,,STEEP_LOW_RATE,STEEP_LOW_RATE_NORMAL,STEEP_LOW_RATE_NORMAL
2012-07-25,0.0002242006774988,4.205914633877074,-0.050661811696410375,0.0,0.0,NON_RISK,STEEP_LOW_RATE_NORMAL,,STEEP_LOW_RATE,STEEP_LOW_RATE_NORMAL,STEEP_LOW_RATE_NORMAL
2012-07-26,0.016497109002721,4.275300066048284,-0.03500047612352031,0.0,0.0,NON_RISK,STEEP_LOW_RATE_NORMAL,,STEEP_LOW_RATE,STEEP_LOW_RATE_NORMAL,STEEP_LOW_RATE_NORMAL
2012-07-27,0.0184328586149429,4.354106067702208,-0.017212776336417934,0.0,0.0,NON_RISK,STEEP_LOW_RATE_NORMAL,,STEEP_LOW_RATE,STEEP_LOW_RATE_NORMAL,STEEP_LOW_RATE_NORMAL
2012-07-30,0.0,4.354106067702208,-0.017212776336417934,0.0,0.0,NON_RISK,STEEP_LOW_RATE_NORMAL,,STEEP_LOW_RATE,STEEP_LOW_RATE_NORMAL,STEEP_LOW_RATE_NORMAL
2012-07-31,-0.0069939590153849,4.32365362831606,-0.02408634989956504,0.0,0.0,NON_RISK,STEEP_LOW_RATE_NORMAL,,STEEP_LOW_RATE,STEEP_LOW_RATE_NORMAL,STEEP_LOW_RATE_NORMAL
2012-08-01,-0.0008716223927766,4.31988503499501,-0.024936978090408846,0.0,0.0,NON_RISK,STEEP_LOW_RATE_NORMAL,,STEEP_LOW_RATE,STEEP_LOW_RATE_NORMAL,STEEP_LOW_RATE_NORMAL
2012-08-02,-0.0069048124052663,4.290057039216052,-0.031669605340006735,0.0,0.0,NON_RISK,STEEP_LOW_RATE_NORMAL,,STEEP_LOW_RATE,STEEP_LOW_RATE_NORMAL,STEEP_LOW_RATE_NORMAL
2012-08-03,0.0198333206119745,4.3751431159184815,-0.012464398164395374,0.0,0.0,NON_RISK,STEEP_LOW_RATE_NORMAL,,STEEP_LOW_RATE,STEEP_LOW_RATE_NORMAL,STEEP_LOW_RATE_NORMAL
2012-08-06,0.0019374437105346,4.383619709431106,-0.010551103523690042,0.0,0.0,NON_RISK,STEEP_LOW_RATE_NORMAL,,STEEP_LOW_RATE,STEEP_LOW_RATE_NORMAL,STEEP_LOW_RATE_NORMAL
2012-08-07,0.0050137988215481,4.405598296764367,-0.0055902058125549825,0.0,0.0,NON_RISK,STEEP_LOW_RATE_NORMAL,,STEEP_LOW_RATE,STEEP_LOW_RATE_NORMAL,STEEP_LOW_RATE_NORMAL
2012-08-08,0.0012114161434664,4.410935309662696,-0.004385561734655208,0.0,0.0,NON_RISK,STEEP_LOW_RATE_NORMAL,,STEEP_LOW_RATE,STEEP_LOW_RATE_NORMAL,STEEP_LOW_RATE_NORMAL
2012-08-09,0.0008545132199215,4.414704512197021,-0.003534796035212673,0.0,0.0,NON_RISK,STEEP_LOW_RATE_NORMAL,,STEEP_LOW_RATE,STEEP_LOW_RATE_NORMAL,STEEP_LOW_RATE_NORMAL
2012-08-10,0.0016356021848418,4.421925212542602,-0.0019049753704889483,0.0,0.0,NON_RISK,STEEP_LOW_RATE_NORMAL,,STEEP_LOW_RATE,STEEP_LOW_RATE_NORMAL,STEEP_LOW_RATE_NORMAL
2012-08-13,-0.000497422372558,4.419725648012105,-0.002401450165678498,0.0,0.0,NON_RISK,STEEP_LOW_RATE_NORMAL,,STEEP_LOW_RATE,STEEP_LOW_RATE_NORMAL,STEEP_LOW_RATE_NORMAL
2012-08-14,0.0001420437217605,4.420353442292309,-0.002259747554837155,0.0,0.0,NON_RISK,STEEP_LOW_RATE_NORMAL,,STEEP_LOW_RATE,STEEP_LOW_RATE_NORMAL,STEEP_LOW_RATE_NORMAL
2012-08-15,0.0011366707557871,4.425377928780406,-0.0011256453880110762,0.0,0.0,NON_RISK,STEEP_LOW_RATE_NORMAL,,STEEP_LOW_RATE,STEEP_LOW_RATE_NORMAL,STEEP_LOW_RATE_NORMAL
2012-08-16,0.0073784914317855,4.4580305419103246,0.0,0.0,0.0,NON_RISK,STEEP_LOW_RATE_NORMAL,,STEEP_LOW_RATE,STEEP_LOW_RATE_NORMAL,STEEP_LOW_RATE_NORMAL
2012-08-17,0.0013381965292438,4.463996262908772,0.0,0.0,0.0,NON_RISK,STEEP_LOW_RATE_NORMAL,,STEEP_LOW_RATE,STEEP_LOW_RATE_NORMAL,STEEP_LOW_RATE_NORMAL
2012-08-20,7.069281827809526e-05,4.46431183538538,0.0,0.0,0.0,NON_RISK,STEEP_LOW_RATE_NORMAL,,STEEP_LOW_RATE,STEEP_LOW_RATE_NORMAL,STEEP_LOW_RATE_NORMAL
2012-08-21,-0.0030242924565313,4.45081045077802,-0.0030242924565314633,0.0,0.0,NON_RISK,STEEP_LOW_RATE_NORMAL,,STEEP_LOW_RATE,STEEP_LOW_RATE_NORMAL,STEEP_LOW_RATE_NORMAL
2012-08-22,0.000423155032424,4.452693833618632,-0.002602417168679927,0.0,0.0,NON_RISK,STEEP_LOW_RATE_NORMAL,,STEEP_LOW_RATE,STEEP_LOW_RATE_NORMAL,STEEP_LOW_RATE_NORMAL
2012-08-23,-0.0081794523941244,4.4162732363809365,-0.010760583215463582,0.0,0.0,NON_RISK,STEEP_LOW_RATE_NORMAL,,STEEP_LOW_RATE,STEEP_LOW_RATE_NORMAL,STEEP_LOW_RATE_NORMAL
2012-08-24,0.0060427845145525,4.442959823905772,-0.004782822586532953,0.0,0.0,NON_RISK,STEEP_LOW_RATE_NORMAL,,STEEP_LOW_RATE,STEEP_LOW_RATE_NORMAL,STEEP_LOW_RATE_NORMAL
2012-08-27,0.0002116428524465,4.443900144596209,-0.004572191984301366,0.0,0.0,NON_RISK,STEEP_LOW_RATE_NORMAL,,STEEP_LOW_RATE,STEEP_LOW_RATE_NORMAL,STEEP_LOW_RATE_NORMAL
2012-08-28,-0.0009886229194913,4.43950680306133,-0.0055562947300048515,0.0,0.0,NON_RISK,STEEP_LOW_RATE_NORMAL,,STEEP_LOW_RATE,STEEP_LOW_RATE_NORMAL,STEEP_LOW_RATE_NORMAL
2012-08-29,0.0007777937950361,4.442959823905772,-0.004782822586532953,0.0,0.0,NON_RISK,STEEP_LOW_RATE_NORMAL,,STEEP_LOW_RATE,STEEP_LOW_RATE_NORMAL,STEEP_LOW_RATE_NORMAL
2012-08-30,-0.0072079234367069,4.410935309662694,-0.011956271804224983,0.0,0.0,NON_RISK,STEEP_LOW_RATE_NORMAL,,STEEP_LOW_RATE,STEEP_LOW_RATE_NORMAL,STEEP_LOW_RATE_NORMAL
2012-08-31,0.0047690870347334,4.431971444059054,-0.0072442052703367565,0.0,0.0,NON_RISK,STEEP_LOW_RATE_NORMAL,,STEEP_LOW_RATE,STEEP_LOW_RATE_NORMAL,STEEP_LOW_RATE_NORMAL
2012-09-04,-0.0009211111148531,4.42788910590122,-0.008158643667197096,0.0,0.0,NON_RISK,STEEP_LOW_RATE_NORMAL,,STEEP_LOW_RATE,STEEP_LOW_RATE_NORMAL,STEEP_LOW_RATE_NORMAL
2012-09-05,-0.0008506910609401,4.424122340219996,-0.009002394242900058,0.0,0.0,NON_RISK,STEEP_LOW_RATE_NORMAL,,STEEP_LOW_RATE,STEEP_LOW_RATE_NORMAL,STEEP_LOW_RATE_NORMAL
2012-09-06,0.0202966789362004,4.513917330933913,0.0,0.0,0.0,NON_RISK,STEEP_LOW_RATE_NORMAL,,STEEP_LOW_RATE,STEEP_LOW_RATE_NORMAL,STEEP_LOW_RATE_NORMAL
2012-09-07,0.0038949064910001,4.531498616846005,0.0,0.0,0.0,NON_RISK,STEEP_LOW_RATE_NORMAL,,STEEP_LOW_RATE,STEEP_LOW_RATE_NORMAL,STEEP_LOW_RATE_NORMAL
2012-09-10,-0.0056812869158787,4.505753873044796,-0.005681286915878658,0.0,0.0,NON_RISK,STEEP_LOW_RATE_NORMAL,,STEEP_LOW_RATE,STEEP_LOW_RATE_NORMAL,STEEP_LOW_RATE_NORMAL
2012-09-11,0.0027873097431247,4.518312804715256,-0.002909812679127932,0.0,0.0,NON_RISK,STEEP_LOW_RATE_NORMAL,,STEEP_LOW_RATE,STEEP_LOW_RATE_NORMAL,STEEP_LOW_RATE_NORMAL
2012-09-12,0.00333554210666,4.533383827326445,0.0,0.0,0.0,NON_RISK,STEEP_LOW_RATE_NORMAL,,STEEP_LOW_RATE,STEEP_LOW_RATE_NORMAL,STEEP_LOW_RATE_NORMAL
2012-09-13,0.0152362991028269,4.60245581926751,0.0,0.0,0.0,NON_RISK,STEEP_LOW_RATE_NORMAL,,STEEP_LOW_RATE,STEEP_LOW_RATE_NORMAL,STEEP_LOW_RATE_NORMAL
2012-09-14,0.0044341621757852,4.622863854777028,0.0,0.0,0.0,NON_RISK,STEEP_LOW_RATE_NORMAL,,STEEP_LOW_RATE,STEEP_LOW_RATE_NORMAL,STEEP_LOW_RATE_NORMAL
2012-09-17,-0.0033959072524212,4.607165037885635,-0.0033959072524212264,0.0,0.0,NON_RISK,STEEP_LOW_RATE_NORMAL,,STEEP_LOW_RATE,STEEP_LOW_RATE_NORMAL,STEEP_LOW_RATE_NORMAL
2012-09-18,-0.0008175886147446,4.6033982722044104,-0.004210719412059527,0.0,0.0,NON_RISK,STEEP_LOW_RATE_NORMAL,,STEEP_LOW_RATE,STEEP_LOW_RATE_NORMAL,STEEP_LOW_RATE_NORMAL
2012-09-19,0.0005454389052841,4.605909144718589,-0.0036675771969619797,0.0,0.0,NON_RISK,STEEP_LOW_RATE_NORMAL,,STEEP_LOW_RATE,STEEP_LOW_RATE_NORMAL,STEEP_LOW_RATE_NORMAL
2012-09-20,6.79194936419325e-05,4.606221975735458,-0.003599906803306241,0.0,0.0,NON_RISK,STEEP_LOW_RATE_NORMAL,,STEEP_LOW_RATE,STEEP_LOW_RATE_NORMAL,STEEP_LOW_RATE_NORMAL
2012-09-21,-0.0004178054698261,4.604297470998763,-0.004016208212378913,0.0,0.0,NON_RISK,STEEP_LOW_RATE_NORMAL,,STEEP_LOW_RATE,STEEP_LOW_RATE_NORMAL,STEEP_LOW_RATE_NORMAL
2012-09-24,-0.0015080494579358,4.5973539626934485,-0.005518201029697023,0.0,0.0,NON_RISK,STEEP_LOW_RATE_NORMAL,,STEEP_LOW_RATE,STEEP_LOW_RATE_NORMAL,STEEP_LOW_RATE_NORMAL
2012-09-25,-0.0106420583065108,4.548428653766797,-0.016101534319102773,0.0,0.0,NON_RISK,STEEP_LOW_RATE_NORMAL,,STEEP_LOW_RATE,STEEP_LOW_RATE_NORMAL,STEEP_LOW_RATE_NORMAL
2012-09-26,-0.0056208290051411,4.5228627140618896,-0.021631859353115734,0.0,0.0,NON_RISK,STEEP_LOW_RATE_NORMAL,,STEEP_LOW_RATE,STEEP_LOW_RATE_NORMAL,STEEP_LOW_RATE_NORMAL
2012-09-27,0.0094213389252091,4.565474136603258,-0.012414321506454717,0.0,0.0,NON_RISK,STEEP_LOW_RATE_NORMAL,,STEEP_LOW_RATE,STEEP_LOW_RATE_NORMAL,STEEP_LOW_RATE_NORMAL
2012-09-28,-0.0046322088366382,4.544325906964241,-0.016989024613309867,0.0,0.0,NON_RISK,STEEP_LOW_RATE_NORMAL,,STEEP_LOW_RATE,STEEP_LOW_RATE_NORMAL,STEEP_LOW_RATE_NORMAL
2012-10-01,0.0026396454911865,4.556321316355041,-0.014394224124343546,0.0,0.0,NON_RISK,STEEP_LOW_RATE_NORMAL,,STEEP_LOW_RATE,STEEP_LOW_RATE_NORMAL,STEEP_LOW_RATE_NORMAL
2012-10-02,0.0010391728868399,4.561056121930728,-0.013370009324940701,0.0,0.0,NON_RISK,STEEP_LOW_RATE_NORMAL,,STEEP_LOW_RATE,STEEP_LOW_RATE_NORMAL,STEEP_LOW_RATE_NORMAL
2012-10-03,0.0040826537703642,4.579677334903772,-0.009341940673556759,0.0,0.0,NON_RISK,STEEP_LOW_RATE_NORMAL,,STEEP_LOW_RATE,STEEP_LOW_RATE_NORMAL,STEEP_LOW_RATE_NORMAL
2012-10-04,0.0071680721018791,4.612504792243704,-0.002240832275997029,0.0,0.0,NON_RISK,STEEP_LOW_RATE_NORMAL,,STEEP_LOW_RATE,STEEP_LOW_RATE_NORMAL,STEEP_LOW_RATE_NORMAL
2012-10-05,6.835068670318911e-05,4.612820060113676,-0.002172634751718583,0.0,0.0,NON_RISK,STEEP_LOW_RATE_NORMAL,,STEEP_LOW_RATE,STEEP_LOW_RATE_NORMAL,STEEP_LOW_RATE_NORMAL
2012-10-08,-0.0034211968133454,4.597038694823479,-0.005586398553974914,0.0,0.0,NON_RISK,STEEP_LOW_RATE_NORMAL,,STEEP_LOW_RATE,STEEP_LOW_RATE_NORMAL,STEEP_LOW_RATE_NORMAL
2012-10-09,-0.0098874734109203,4.55158559695944,-0.015418636597730018,0.0,0.0,NON_RISK,STEEP_LOW_RATE_NORMAL,,STEEP_LOW_RATE,STEEP_LOW_RATE_NORMAL,STEEP_LOW_RATE_NORMAL
2012-10-10,-0.006379921757419,4.522546836978644,-0.021700188660049413,0.0,0.0,NON_RISK,STEEP_LOW_RATE_NORMAL,,STEEP_LOW_RATE,STEEP_LOW_RATE_NORMAL,STEEP_LOW_RATE_NORMAL
2012-10-11,0.0005576819988131,4.525068979938416,-0.021154608465822844,0.0,0.0,NON_RISK,STEEP_LOW_RATE_NORMAL,,STEEP_LOW_RATE,STEEP_LOW_RATE_NORMAL,STEEP_LOW_RATE_NORMAL
2012-10-12,-0.003277854034859,4.510236464324509,-0.02436312078196634,0.0,0.0,NON_RISK,STEEP_LOW_RATE_NORMAL,,STEEP_LOW_RATE,STEEP_LOW_RATE_NORMAL,STEEP_LOW_RATE_NORMAL
2012-10-15,0.0083278195218576,4.547796899600305,-0.01623819293297002,0.0,0.0,NON_RISK,STEEP_LOW_RATE_NORMAL,,STEEP_LOW_RATE,STEEP_LOW_RATE_NORMAL,STEEP_LOW_RATE_NORMAL
2012-10-16,0.0101335124796841,4.593882056237474,-0.006269230384019608,0.0,0.0,NON_RISK,STEEP_LOW_RATE_NORMAL,,STEEP_LOW_RATE,STEEP_LOW_RATE_NORMAL,STEEP_LOW_RATE_NORMAL
2012-10-17,0.0045346709139408,4.614713799579969,-0.001762988366753926,0.0,0.0,NON_RISK,STEEP_LOW_RATE_NORMAL,,STEEP_LOW_RATE,STEEP_LOW_RATE_NORMAL,STEEP_LOW_RATE_NORMAL
2012-10-18,-0.0025991851481621,4.602719304009082,-0.004357591181736731,0.0,0.0,NON_RISK,STEEP_LOW_RATE_NORMAL,,STEEP_LOW_RATE,STEEP_LOW_RATE_NORMAL,STEEP_LOW_RATE_NORMAL
2012-10-19,-0.0166645809027455,4.526016915794795,-0.02094955465369308,0.0,0.0,NON_RISK,STEEP_LOW_RATE_NORMAL,,STEEP_LOW_RATE,STEEP_LOW_RATE_NORMAL,STEEP_LOW_RATE_NORMAL
2012-10-22,0.0001397847153858,4.526649583781201,-0.020812698365841875,0.0,0.0,NON_RISK,STEEP_LOW_RATE_NORMAL,,STEEP_LOW_RATE,STEEP_LOW_RATE_NORMAL,STEEP_LOW_RATE_NORMAL
2012-10-23,-0.0138763875580055,4.463836039817369,-0.03440028085519509,0.0,0.0,NON_RISK,STEEP_LOW_RATE_NORMAL,,STEEP_LOW_RATE,STEEP_LOW_RATE_NORMAL,STEEP_LOW_RATE_NORMAL
2012-10-24,-0.0028282236604527,4.451211313113176,-0.037131212827406834,0.0,0.0,NON_RISK,STEEP_LOW_RATE_NORMAL,,STEEP_LOW_RATE,STEEP_LOW_RATE_NORMAL,STEEP_LOW_RATE_NORMAL
2012-10-25,0.0029074832227946,4.464153135327167,-0.03433168798294983,0.0,0.0,NON_RISK,STEEP_LOW_RATE_NORMAL,,STEEP_LOW_RATE,STEEP_LOW_RATE_NORMAL,STEEP_LOW_RATE_NORMAL
2012-10-26,-0.0005659320762781,4.461626727874468,-0.03487819065576547,0.0,0.0,NON_RISK,STEEP_LOW_RATE_NORMAL,,STEEP_LOW_RATE,STEEP_LOW_RATE_NORMAL,STEEP_LOW_RATE_NORMAL
2012-10-31,0.0,4.461626727874468,-0.03487819065576547,0.0,0.0,NON_RISK,STEEP_LOW_RATE_NORMAL,,STEEP_LOW_RATE,STEEP_LOW_RATE_NORMAL,STEEP_LOW_RATE_NORMAL
2012-11-01,0.0104705514885976,4.508342420251581,-0.02477283305825828,0.0,0.0,NON_RISK,STEEP_LOW_RATE_NORMAL,,STEEP_LOW_RATE,STEEP_LOW_RATE_NORMAL,STEEP_LOW_RATE_NORMAL
2012-11-02,-0.0088915680705952,4.468256186736362,-0.03344413179741457,0.0,0.0,NON_RISK,STEEP_LOW_RATE_NORMAL,,STEEP_LOW_RATE,STEEP_LOW_RATE_NORMAL,STEEP_LOW_RATE_NORMAL
2012-11-05,0.0020482053950867,4.477408093164665,-0.03146442685350925,0.0,0.0,NON_RISK,STEEP_LOW_RATE_NORMAL,,STEEP_LOW_RATE,STEEP_LOW_RATE_NORMAL,STEEP_LOW_RATE_NORMAL
2012-11-06,0.0078255748832709,4.512446385480689,-0.0238850791987395,0.0,0.0,NON_RISK,STEEP_LOW_RATE_NORMAL,,STEEP_LOW_RATE,STEEP_LOW_RATE_NORMAL,STEEP_LOW_RATE_NORMAL
2012-11-07,-0.0226636781447187,4.410177752954855,-0.046007433596036984,0.0,0.0,NON_RISK,STEEP_LOW_RATE_NORMAL,,STEEP_LOW_RATE,STEEP_LOW_RATE_NORMAL,STEEP_LOW_RATE_NORMAL
2012-11-08,-0.0120240868523535,4.357149392619009,-0.057478323070977666,0.0,0.0,NON_RISK,STEEP_LOW_RATE_NORMAL,,STEEP_LOW_RATE,STEEP_LOW_RATE_NORMAL,STEEP_LOW_RATE_NORMAL
2012-11-09,0.0008693959753311,4.360937480764869,-0.05665889851839323,0.0,0.0,NON_RISK,STEEP_LOW_RATE_NORMAL,,STEEP_LOW_RATE,STEEP_LOW_RATE_NORMAL,STEEP_LOW_RATE_NORMAL
2012-11-12,0.0007960677869498,4.364409082614208,-0.05590793505539782,0.0,0.0,NON_RISK,STEEP_LOW_RATE_NORMAL,,STEEP_LOW_RATE,STEEP_LOW_RATE_NORMAL,STEEP_LOW_RATE_NORMAL
2012-11-13,-0.0034714503758614,4.3492582530639545,-0.05918530380909748,0.0,0.0,NON_RISK,STEEP_LOW_RATE_NORMAL,,STEEP_LOW_RATE,STEEP_LOW_RATE_NORMAL,STEEP_LOW_RATE_NORMAL
2012-11-14,-0.0134989667521533,4.290547760509316,-0.07188533011291565,0.0,0.0,NON_RISK,STEEP_LOW_RATE_NORMAL,,STEEP_LOW_RATE,STEEP_LOW_RATE_NORMAL,STEEP_LOW_RATE_NORMAL
2012-11-15,-0.0016919483930183,4.283288375120754,-0.07345565223716788,0.0,0.0,NON_RISK,STEEP_LOW_RATE_NORMAL,,STEEP_LOW_RATE,STEEP_LOW_RATE_NORMAL,STEEP_LOW_RATE_NORMAL
2012-11-16,0.0049375239302436,4.3044372139730465,-0.06888081734765694,0.0,0.0,NON_RISK,STEEP_LOW_RATE_NORMAL,,STEEP_LOW_RATE,STEEP_LOW_RATE_NORMAL,STEEP_LOW_RATE_NORMAL
2012-11-19,0.0202387862148925,4.391553798522074,-0.050036095269370806,0.0,0.0,NON_RISK,STEEP_LOW_RATE_NORMAL,,STEEP_LOW_RATE,STEEP_LOW_RATE_NORMAL,STEEP_LOW_RATE_NORMAL
2012-11-20,0.0004309456576345,4.393446319561816,-0.0496267124497175,0.0,0.0,NON_RISK,STEEP_LOW_RATE_NORMAL,,STEEP_LOW_RATE,STEEP_LOW_RATE_NORMAL,STEEP_LOW_RATE_NORMAL
2012-11-21,0.0018683600696205,4.4016548592333065,-0.0478510729480246,0.0,0.0,NON_RISK,STEEP_LOW_RATE_NORMAL,,STEEP_LOW_RATE,STEEP_LOW_RATE_NORMAL,STEEP_LOW_RATE_NORMAL
2012-11-23,0.013624845781663,4.461626727874468,-0.03487819065576547,0.0,0.0,NON_RISK,STEEP_LOW_RATE_NORMAL,,STEEP_LOW_RATE,STEEP_LOW_RATE_NORMAL,STEEP_LOW_RATE_NORMAL
2012-11-26,-0.0021224570608325,4.452157116723092,-0.03692662025457161,0.0,0.0,NON_RISK,STEEP_LOW_RATE_NORMAL,,STEEP_LOW_RATE,STEEP_LOW_RATE_NORMAL,STEEP_LOW_RATE_NORMAL
2012-11-27,-0.0051043073293144,4.429431938520943,-0.041842442765473886,0.0,0.0,NON_RISK,STEEP_LOW_RATE_NORMAL,,STEEP_LOW_RATE,STEEP_LOW_RATE_NORMAL,STEEP_LOW_RATE_NORMAL
2012-11-28,0.0080524117142941,4.4650995481503575,-0.03412696362745904,0.0,0.0,NON_RISK,STEEP_LOW_RATE_NORMAL,,STEEP_LOW_RATE,STEEP_LOW_RATE_NORMAL,STEEP_LOW_RATE_NORMAL
2012-11-29,0.0046656646593776,4.485932205312766,-0.02962052393620984,0.0,0.0,NON_RISK,STEEP_LOW_RATE_NORMAL,,STEEP_LOW_RATE,STEEP_LOW_RATE_NORMAL,STEEP_LOW_RATE_NORMAL
2012-11-30,0.0002107018905723,4.486877399709405,-0.029416063146030624,0.0,0.0,NON_RISK,STEEP_LOW_RATE_NORMAL,,STEEP_LOW_RATE,STEEP_LOW_RATE_NORMAL,STEEP_LOW_RATE_NORMAL
2012-12-03,-0.0049242125173736,4.464783061853835,-0.03419542471704873,0.0,0.0,NON_RISK,STEEP_LOW_RATE_NORMAL,,STEEP_LOW_RATE,STEEP_LOW_RATE_NORMAL,STEEP_LOW_RATE_NORMAL
2012-12-04,-0.0014136072110885,4.458471612321652,-0.035560693029170976,0.0,0.0,NON_RISK,STEEP_LOW_RATE_NORMAL,,STEEP_LOW_RATE,STEEP_LOW_RATE_NORMAL,STEEP_LOW_RATE_NORMAL
2012-12-05,0.0017701936151828,4.466363970303258,-0.03385344872574003,0.0,0.0,NON_RISK,STEEP_LOW_RATE_NORMAL,,STEEP_LOW_RATE,STEEP_LOW_RATE_NORMAL,STEEP_LOW_RATE_NORMAL
2012-12-06,0.0033915928462693,4.481512058393773,-0.030576672993990472,0.0,0.0,NON_RISK,STEEP_LOW_RATE_NORMAL,,STEEP_LOW_RATE,STEEP_LOW_RATE_NORMAL,STEEP_LOW_RATE_NORMAL
2012-12-07,0.003028522020489,4.495084416347706,-0.027640753100977022,0.0,0.0,NON_RISK,STEEP_LOW_RATE_NORMAL,,STEEP_LOW_RATE,STEEP_LOW_RATE_NORMAL,STEEP_LOW_RATE_NORMAL
2012-12-10,0.0004219010702299,4.496980897273737,-0.027230513694062264,0.0,0.0,NON_RISK,STEEP_LOW_RATE_NORMAL,,STEEP_LOW_RATE,STEEP_LOW_RATE_NORMAL,STEEP_LOW_RATE_NORMAL
2012-12-11,0.0068079229220687,4.527595996604392,-0.020607974010351193,0.0,0.0,NON_RISK,STEEP_LOW_RATE_NORMAL,,STEEP_LOW_RATE,STEEP_LOW_RATE_NORMAL,STEEP_LOW_RATE_NORMAL
2012-12-12,0.0004881003423966,4.529805917760568,-0.02012993242712513,0.0,0.0,NON_RISK,STEEP_LOW_RATE_NORMAL,,STEEP_LOW_RATE,STEEP_LOW_RATE_NORMAL,STEEP_LOW_RATE_NORMAL
2012-12-13,-0.0061322700380243,4.502027924653019,-0.026138760283659135,0.0,0.0,NON_RISK,STEEP_LOW_RATE_NORMAL,,STEEP_LOW_RATE,STEEP_LOW_RATE_NORMAL,STEEP_LOW_RATE_NORMAL
2012-12-14,-0.0037156095860235,4.485300146539633,-0.029757248441405815,0.0,0.0,NON_RISK,STEEP_LOW_RATE_NORMAL,,STEEP_LOW_RATE,STEEP_LOW_RATE_NORMAL,STEEP_LOW_RATE_NORMAL
2012-12-17,0.0117524792879648,4.538013543612146,-0.01835449059941552,0.0,0.0,NON_RISK,STEEP_LOW_RATE_NORMAL,,STEEP_LOW_RATE,STEEP_LOW_RATE_NORMAL,STEEP_LOW_RATE_NORMAL
2012-12-18,0.0111289830739764,4.5885170195284815,-0.007429774340651396,0.0,0.0,NON_RISK,STEEP_LOW_RATE_NORMAL,,STEEP_LOW_RATE,STEEP_LOW_RATE_NORMAL,STEEP_LOW_RATE_NORMAL
2012-12-19,-0.0074293605322339,4.554427272282113,-0.014803936400635487,0.0,0.0,NON_RISK,STEEP_LOW_RATE_NORMAL,,STEEP_LOW_RATE,STEEP_LOW_RATE_NORMAL,STEEP_LOW_RATE_NORMAL
2012-12-20,0.0057519372876848,4.580624052333601,-0.009137150426738017,0.0,0.0,NON_RISK,STEEP_LOW_RATE_NORMAL,,STEEP_LOW_RATE,STEEP_LOW_RATE_NORMAL,STEEP_LOW_RATE_NORMAL
2012-12-21,-0.0090767726256322,4.539046769327067,-0.018130987215500438,0.0,0.0,NON_RISK,STEEP_LOW_RATE_NORMAL,,STEEP_LOW_RATE,STEEP_LOW_RATE_NORMAL,STEEP_LOW_RATE_NORMAL
2012-12-24,-0.0030816022640649,4.5250592325260115,-0.02115671698831245,0.0,0.0,NON_RISK,STEEP_LOW_RATE_NORMAL,,STEEP_LOW_RATE,STEEP_LOW_RATE_NORMAL,STEEP_LOW_RATE_NORMAL
2012-12-26,-0.0042151621573246,4.505985374089415,-0.025282700152814752,0.0,0.0,NON_RISK,STEEP_LOW_RATE_NORMAL,,STEEP_LOW_RATE,STEEP_LOW_RATE_NORMAL,STEEP_LOW_RATE_NORMAL
2012-12-27,-0.001339976114057,4.499947461317845,-0.026588798052568197,0.0,0.0,NON_RISK,STEEP_LOW_RATE_NORMAL,,STEEP_LOW_RATE,STEEP_LOW_RATE_NORMAL,STEEP_LOW_RATE_NORMAL
2012-12-28,-0.0108083819790172,4.451310310270413,-0.03710979814587023,0.0,0.0,NON_RISK,STEEP_LOW_RATE_NORMAL,,STEEP_LOW_RATE,STEEP_LOW_RATE_NORMAL,STEEP_LOW_RATE_NORMAL
2012-12-31,0.0169967687669874,4.526968202324187,-0.02074377603695765,0.0,0.0,NON_RISK,STEEP_LOW_RATE_NORMAL,,STEEP_LOW_RATE,STEEP_LOW_RATE_NORMAL,STEEP_LOW_RATE_NORMAL
2013-01-02,0.0256298646062096,4.642993784426372,0.0,0.0,0.0,NON_RISK,STEEP_LOW_RATE_NORMAL,,STEEP_LOW_RATE,STEEP_LOW_RATE_NORMAL,STEEP_LOW_RATE_NORMAL
2013-01-03,-0.0022593274672695,4.632503741038855,-0.002259327467269645,0.0,0.0,NON_RISK,STEEP_LOW_RATE_NORMAL,,STEEP_LOW_RATE,STEEP_LOW_RATE_NORMAL,STEEP_LOW_RATE_NORMAL
2013-01-04,0.0043913951143701,4.652846895334554,0.0,0.0,0.0,NON_RISK,STEEP_LOW_RATE_NORMAL,,STEEP_LOW_RATE,STEEP_LOW_RATE_NORMAL,STEEP_LOW_RATE_NORMAL
2013-01-07,-0.0027324500737679,4.640133223492167,-0.002732450073767878,0.0,0.0,NON_RISK,STEEP_LOW_RATE_NORMAL,,STEEP_LOW_RATE,STEEP_LOW_RATE_NORMAL,STEEP_LOW_RATE_NORMAL
2013-01-08,-0.0028777279728129,4.6267801823173444,-0.005602314798569319,0.0,0.0,NON_RISK,STEEP_LOW_RATE_NORMAL,,STEEP_LOW_RATE,STEEP_LOW_RATE_NORMAL,STEEP_LOW_RATE_NORMAL
2013-01-09,0.0025426349403374,4.6385443952701655,-0.0030739244995854342,0.0,0.0,NON_RISK,STEEP_LOW_RATE_NORMAL,,STEEP_LOW_RATE,STEEP_LOW_RATE_NORMAL,STEEP_LOW_RATE_NORMAL
2013-01-10,0.0079492476416114,4.675417333364777,0.0,0.0,0.0,NON_RISK,STEEP_LOW_RATE_NORMAL,,STEEP_LOW_RATE,STEEP_LOW_RATE_NORMAL,STEEP_LOW_RATE_NORMAL
2013-01-11,-6.775671144887419e-05,4.675100542461617,-6.775671144887419e-05,0.0,0.0,NON_RISK,STEEP_LOW_RATE_NORMAL,,STEEP_LOW_RATE,STEEP_LOW_RATE_NORMAL,STEEP_LOW_RATE_NORMAL
2013-01-14,-0.0006803495414678,4.671919839951238,-0.0007480601546689947,0.0,0.0,NON_RISK,STEEP_LOW_RATE_NORMAL,,STEEP_LOW_RATE,STEEP_LOW_RATE_NORMAL,STEEP_LOW_RATE_NORMAL
2013-01-15,0.0006808127320978,4.675100542461617,-6.775671144887419e-05,0.0,0.0,NON_RISK,STEEP_LOW_RATE_NORMAL,,STEEP_LOW_RATE,STEEP_LOW_RATE_NORMAL,STEEP_LOW_RATE_NORMAL
2013-01-16,-0.0001359786911552,4.674464828408834,-0.00020372618913511165,0.0,0.0,NON_RISK,STEEP_LOW_RATE_NORMAL,,STEEP_LOW_RATE,STEEP_LOW_RATE_NORMAL,STEEP_LOW_RATE_NORMAL
2013-01-17,0.0064602246358083,4.704662921252541,0.0,0.0,0.0,NON_RISK,STEEP_LOW_RATE_NORMAL,,STEEP_LOW_RATE,STEEP_LOW_RATE_NORMAL,STEEP_LOW_RATE_NORMAL
2013-01-18,0.0022296472577223,4.71515266003342,0.0,0.0,0.0,NON_RISK,STEEP_LOW_RATE_NORMAL,,STEEP_LOW_RATE,STEEP_LOW_RATE_NORMAL,STEEP_LOW_RATE_NORMAL
2013-01-22,0.0053938500909689,4.7405854866376735,0.0,0.0,0.0,NON_RISK,STEEP_LOW_RATE_NORMAL,,STEEP_LOW_RATE,STEEP_LOW_RATE_NORMAL,STEEP_LOW_RATE_NORMAL
2013-01-23,0.0016089468755167,4.748212836844519,0.0,0.0,0.0,NON_RISK,STEEP_LOW_RATE_NORMAL,,STEEP_LOW_RATE,STEEP_LOW_RATE_NORMAL,STEEP_LOW_RATE_NORMAL
2013-01-24,0.0002677698218793,4.749484264950086,0.0,0.0,0.0,NON_RISK,STEEP_LOW_RATE_NORMAL,,STEEP_LOW_RATE,STEEP_LOW_RATE_NORMAL,STEEP_LOW_RATE_NORMAL
2013-01-25,0.0056221740257254,4.7761866920200795,0.0,0.0,0.0,NON_RISK,STEEP_LOW_RATE_NORMAL,,STEEP_LOW_RATE,STEEP_LOW_RATE_NORMAL,STEEP_LOW_RATE_NORMAL
2013-01-28,-0.0011978430152174,4.770465570151669,-0.0011978430152174147,0.0,0.0,NON_RISK,STEEP_LOW_RATE_NORMAL,,STEEP_LOW_RATE,STEEP_LOW_RATE_NORMAL,STEEP_LOW_RATE_NORMAL
2013-01-29,0.0039310854195202,4.789218677798815,0.0,0.0,0.0,NON_RISK,STEEP_LOW_RATE_NORMAL,,STEEP_LOW_RATE,STEEP_LOW_RATE_NORMAL,STEEP_LOW_RATE_NORMAL
2013-01-30,-0.0039156924978347,4.770465570151669,-0.003915692497834633,0.0,0.0,NON_RISK,STEEP_LOW_RATE_NORMAL,,STEEP_LOW_RATE,STEEP_LOW_RATE_NORMAL,STEEP_LOW_RATE_NORMAL
2013-01-31,-0.0024655405068452,4.758703794051949,-0.006371578706214187,0.0,0.0,NON_RISK,STEEP_LOW_RATE_NORMAL,,STEEP_LOW_RATE,STEEP_LOW_RATE_NORMAL,STEEP_LOW_RATE_NORMAL
2013-02-01,0.0102871789173226,4.807657431395904,0.0,0.0,0.0,NON_RISK,STEEP_LOW_RATE_NORMAL,,STEEP_LOW_RATE,STEEP_LOW_RATE_NORMAL,STEEP_LOW_RATE_NORMAL
2013-02-04,-0.0112404563672171,4.753617167809772,-0.011240456367216933,0.0,0.0,NON_RISK,STEEP_LOW_RATE_NORMAL,,STEEP_LOW_RATE,STEEP_LOW_RATE_NORMAL,STEEP_LOW_RATE_NORMAL
2013-02-05,0.0100976838227071,4.801617690984507,-0.0012562751189288957,0.0,0.0,NON_RISK,STEEP_LOW_RATE_NORMAL,,STEEP_LOW_RATE,STEEP_LOW_RATE_NORMAL,STEEP_LOW_RATE_NORMAL
2013-02-06,0.0007286527302368,4.805116402824597,-0.0005285377769873589,0.0,0.0,NON_RISK,STEEP_LOW_RATE_NORMAL,,STEEP_LOW_RATE,STEEP_LOW_RATE_NORMAL,STEEP_LOW_RATE_NORMAL
2013-02-07,-0.0013235012115824,4.798756825443664,-0.001851339468181612,0.0,0.0,NON_RISK,STEEP_LOW_RATE_NORMAL,,STEEP_LOW_RATE,STEEP_LOW_RATE_NORMAL,STEEP_LOW_RATE_NORMAL
2013-02-08,0.0055644468018078,4.8254592525136575,0.0,0.0,0.0,NON_RISK,STEEP_LOW_RATE_NORMAL,,STEEP_LOW_RATE,STEEP_LOW_RATE_NORMAL,STEEP_LOW_RATE_NORMAL
2013-02-11,-0.0001978965646732,4.824504310704615,-0.00019789656467306127,0.0,0.0,NON_RISK,STEEP_LOW_RATE_NORMAL,,STEEP_LOW_RATE,STEEP_LOW_RATE_NORMAL,STEEP_LOW_RATE_NORMAL
2013-02-12,0.0016470021038641,4.832450279454447,0.0,0.0,0.0,NON_RISK,STEEP_LOW_RATE_NORMAL,,STEEP_LOW_RATE,STEEP_LOW_RATE_NORMAL,STEEP_LOW_RATE_NORMAL
2013-02-13,0.0008556178047167,4.836585009953956,0.0,0.0,0.0,NON_RISK,STEEP_LOW_RATE_NORMAL,,STEEP_LOW_RATE,STEEP_LOW_RATE_NORMAL,STEEP_LOW_RATE_NORMAL
2013-02-14,0.0009200703306826,4.8410350083234395,0.0,0.0,0.0,NON_RISK,STEEP_LOW_RATE_NORMAL,,STEEP_LOW_RATE,STEEP_LOW_RATE_NORMAL,STEEP_LOW_RATE_NORMAL
2013-02-15,-0.0011819230953398,4.835313277241753,-0.0011819230953398208,0.0,0.0,NON_RISK,STEEP_LOW_RATE_NORMAL,,STEEP_LOW_RATE,STEEP_LOW_RATE_NORMAL,STEEP_LOW_RATE_NORMAL
2013-02-19,0.0074945386969944,4.871551719710133,0.0,0.0,0.0,NON_RISK,STEEP_LOW_RATE_NORMAL,,STEEP_LOW_RATE,STEEP_LOW_RATE_NORMAL,STEEP_LOW_RATE_NORMAL
2013-02-20,-0.0124636972331582,4.810834174019995,-0.0124636972331581,0.0,0.0,NON_RISK,STEEP_LOW_RATE_NORMAL,,STEEP_LOW_RATE,STEEP_LOW_RATE_NORMAL,STEEP_LOW_RATE_NORMAL
2013-02-21,-0.0060791095327497,4.781588586132232,-0.018467038585244455,0.0,0.0,NON_RISK,STEEP_LOW_RATE_NORMAL,,STEEP_LOW_RATE,STEEP_LOW_RATE_NORMAL,STEEP_LOW_RATE_NORMAL
2013-02-22,0.0097724586297827,4.8283164627748505,-0.008875048326050572,0.0,0.0,NON_RISK,STEEP_LOW_RATE_NORMAL,,STEEP_LOW_RATE,STEEP_LOW_RATE_NORMAL,STEEP_LOW_RATE_NORMAL
2013-02-25,-0.0190263837795863,4.736451060744802,-0.027732572030123026,0.0,0.0,NON_RISK,STEEP_LOW_RATE_NORMAL,,STEEP_LOW_RATE,STEEP_LOW_RATE_NORMAL,STEEP_LOW_RATE_NORMAL
2013-02-26,0.0068457295013661,4.7688755235031195,-0.021076692215252213,0.0,0.0,NON_RISK,STEEP_LOW_RATE_NORMAL,,STEEP_LOW_RATE,STEEP_LOW_RATE_NORMAL,STEEP_LOW_RATE_NORMAL
2013-02-27,0.0125981669853867,4.828954613680735,-0.00874405291789293,0.0,0.0,NON_RISK,STEEP_LOW_RATE_NORMAL,,STEEP_LOW_RATE,STEEP_LOW_RATE_NORMAL,STEEP_LOW_RATE_NORMAL
2013-02-28,-0.0019749469566932,4.819417684462437,-0.010701730833886813,0.0,0.0,NON_RISK,STEEP_LOW_RATE_NORMAL,,STEEP_LOW_RATE,STEEP_LOW_RATE_NORMAL,STEEP_LOW_RATE_NORMAL
2013-03-01,0.0032982392936318,4.835313277241755,-0.007438788409401043,0.0,0.0,NON_RISK,STEEP_LOW_RATE_NORMAL,,STEEP_LOW_RATE,STEEP_LOW_RATE_NORMAL,STEEP_LOW_RATE_NORMAL
2013-03-04,0.005324821615074,4.861060457896067,-0.0021535770156392298,0.0,0.0,NON_RISK,STEEP_LOW_RATE_NORMAL,,STEEP_LOW_RATE,STEEP_LOW_RATE_NORMAL,STEEP_LOW_RATE_NORMAL
2013-03-05,0.0089589331318105,4.904610373488046,0.0,0.0,0.0,NON_RISK,STEEP_LOW_RATE_NORMAL,,STEEP_LOW_RATE,STEEP_LOW_RATE_NORMAL,STEEP_LOW_RATE_NORMAL
2013-03-06,0.0013609949311417,4.911285523345588,0.0,0.0,0.0,NON_RISK,STEEP_LOW_RATE_NORMAL,,STEEP_LOW_RATE,STEEP_LOW_RATE_NORMAL,STEEP_LOW_RATE_NORMAL
2013-03-07,0.0018126483483289,4.920187956937652,0.0,0.0,0.0,NON_RISK,STEEP_LOW_RATE_NORMAL,,STEEP_LOW_RATE,STEEP_LOW_RATE_NORMAL,STEEP_LOW_RATE_NORMAL
2013-03-08,0.004263958561212,4.941167434499409,0.0,0.0,0.0,NON_RISK,STEEP_LOW_RATE_NORMAL,,STEEP_LOW_RATE,STEEP_LOW_RATE_NORMAL,STEEP_LOW_RATE_NORMAL
2013-03-11,0.0037957102531398,4.959922674393019,0.0,0.0,0.0,NON_RISK,STEEP_LOW_RATE_NORMAL,,STEEP_LOW_RATE,STEEP_LOW_RATE_NORMAL,STEEP_LOW_RATE_NORMAL
2013-03-12,-0.002243192641768,4.948796612346083,-0.002243192641767977,0.0,0.0,NON_RISK,STEEP_LOW_RATE_NORMAL,,STEEP_LOW_RATE,STEEP_LOW_RATE_NORMAL,STEEP_LOW_RATE_NORMAL
2013-03-13,0.0014129183143021,4.955788857713423,-0.0008334437754319302,0.0,0.0,NON_RISK,STEEP_LOW_RATE_NORMAL,,STEEP_LOW_RATE,STEEP_LOW_RATE_NORMAL,STEEP_LOW_RATE_NORMAL
2013-03-14,0.0053242050709576,4.982174493880256,0.0,0.0,0.0,NON_RISK,STEEP_LOW_RATE_NORMAL,,STEEP_LOW_RATE,STEEP_LOW_RATE_NORMAL,STEEP_LOW_RATE_NORMAL
2013-03-15,-0.0013203030821602,4.975596513540126,-0.0013203030821602457,0.0,0.0,NON_RISK,STEEP_LOW_RATE_NORMAL,,STEEP_LOW_RATE,STEEP_LOW_RATE_NORMAL,STEEP_LOW_RATE_NORMAL
2013-03-18,-0.0055186881164025,4.948137748188839,-0.00683170485763307,0.0,0.0,NON_RISK,STEEP_LOW_RATE_NORMAL,,STEEP_LOW_RATE,STEEP_LOW_RATE_NORMAL,STEEP_LOW_RATE_NORMAL
2013-03-19,-0.0023232073324188,4.9366421982904285,-0.009139040723233682,0.0,0.0,NON_RISK,STEEP_LOW_RATE_NORMAL,,STEEP_LOW_RATE,STEEP_LOW_RATE_NORMAL,STEEP_LOW_RATE_NORMAL
2013-03-20,0.006985419656444,4.971126715739198,-0.0022174611014987855,0.0,0.0,NON_RISK,STEEP_LOW_RATE_NORMAL,,STEEP_LOW_RATE,STEEP_LOW_RATE_NORMAL,STEEP_LOW_RATE_NORMAL
2013-03-21,-0.0085425553608911,4.92866059056399,-0.010741073678169788,0.0,0.0,NON_RISK,STEEP_LOW_RATE_NORMAL,,STEEP_LOW_RATE,STEEP_LOW_RATE_NORMAL,STEEP_LOW_RATE_NORMAL
2013-03-22,0.0080331086769056,4.968253056719573,-0.0027942492134275243,0.0,0.0,NON_RISK,STEEP_LOW_RATE_NORMAL,,STEEP_LOW_RATE,STEEP_LOW_RATE_NORMAL,STEEP_LOW_RATE_NORMAL
2013-03-25,-0.0041772146466146,4.947499597282956,-0.006959791681301453,0.0,0.0,NON_RISK,STEEP_LOW_RATE_NORMAL,,STEEP_LOW_RATE,STEEP_LOW_RATE_NORMAL,STEEP_LOW_RATE_NORMAL
2013-03-26,0.008002212500257,4.98709054040535,0.0,0.0,0.0,NON_RISK,STEEP_LOW_RATE_NORMAL,,STEEP_LOW_RATE,STEEP_LOW_RATE_NORMAL,STEEP_LOW_RATE_NORMAL
2013-03-27,0.0,4.98709054040535,0.0,0.0,0.0,NON_RISK,STEEP_LOW_RATE_NORMAL,,STEEP_LOW_RATE,STEEP_LOW_RATE_NORMAL,STEEP_LOW_RATE_NORMAL
2013-03-28,0.0030736187955313,5.002418955625356,0.0,0.0,0.0,NON_RISK,STEEP_LOW_RATE_NORMAL,,STEEP_LOW_RATE,STEEP_LOW_RATE_NORMAL,STEEP_LOW_RATE_NORMAL
2013-04-01,-0.0039576669986896,4.982621047211058,-0.003957666998689713,0.0,0.0,NON_RISK,STEEP_LOW_RATE_NORMAL,,STEEP_LOW_RATE,STEEP_LOW_RATE_NORMAL,STEEP_LOW_RATE_NORMAL
2013-04-02,0.0049345993494505,5.007208285789185,0.0,0.0,0.0,NON_RISK,STEEP_LOW_RATE_NORMAL,,STEEP_LOW_RATE,STEEP_LOW_RATE_NORMAL,STEEP_LOW_RATE_NORMAL
2013-04-03,-0.0101393229959563,4.956438583671539,-0.010139322995956435,0.0,0.0,NON_RISK,STEEP_LOW_RATE_NORMAL,,STEEP_LOW_RATE,STEEP_LOW_RATE_NORMAL,STEEP_LOW_RATE_NORMAL
2013-04-04,0.0040586656361598,4.976555110628824,-0.0061218094816141155,0.0,0.0,NON_RISK,STEEP_LOW_RATE_NORMAL,,STEEP_LOW_RATE,STEEP_LOW_RATE_NORMAL,STEEP_LOW_RATE_NORMAL
2013-04-05,-0.0044911001554999,4.954204903197625,-0.0105854159775991,0.0,0.0,NON_RISK,STEEP_LOW_RATE_NORMAL,,STEEP_LOW_RATE,STEEP_LOW_RATE_NORMAL,STEEP_LOW_RATE_NORMAL
2013-04-08,0.0067667342729349,4.987728691311235,-0.0038903104017531387,0.0,0.0,NON_RISK,STEEP_LOW_RATE_NORMAL,,STEEP_LOW_RATE,STEEP_LOW_RATE_NORMAL,STEEP_LOW_RATE_NORMAL
2013-04-09,0.0034573023978328,5.0049727776754445,-0.0004464579834005944,0.0,0.0,NON_RISK,STEEP_LOW_RATE_NORMAL,,STEEP_LOW_RATE,STEEP_LOW_RATE_NORMAL,STEEP_LOW_RATE_NORMAL
2013-04-10,0.0122484790582255,5.066276081929791,0.0,0.0,0.0,NON_RISK,STEEP_LOW_RATE_NORMAL,,STEEP_LOW_RATE,STEEP_LOW_RATE_NORMAL,STEEP_LOW_RATE_NORMAL
2013-04-11,0.0032770184471173,5.082878362108465,0.0,0.0,0.0,NON_RISK,STEEP_LOW_RATE_NORMAL,,STEEP_LOW_RATE,STEEP_LOW_RATE_NORMAL,STEEP_LOW_RATE_NORMAL
2013-04-12,-0.0024496161492962,5.070427261187736,-0.0024496161492961743,0.0,0.0,NON_RISK,STEEP_LOW_RATE_NORMAL,,STEEP_LOW_RATE,STEEP_LOW_RATE_NORMAL,STEEP_LOW_RATE_NORMAL
2013-04-15,-0.02317350542058,4.952927687565945,-0.025566355376762107,0.0,0.0,NON_RISK,STEEP_LOW_RATE_NORMAL,,STEEP_LOW_RATE,STEEP_LOW_RATE_NORMAL,STEEP_LOW_RATE_NORMAL
2013-04-16,0.0147629058113989,5.026047292508151,-0.011180883261731167,0.0,0.0,NON_RISK,STEEP_LOW_RATE_NORMAL,,STEEP_LOW_RATE,STEEP_LOW_RATE_NORMAL,STEEP_LOW_RATE_NORMAL
2013-04-17,-0.0146119507950363,4.952606936776497,-0.02562945954070195,0.0,0.0,NON_RISK,STEEP_LOW_RATE_NORMAL,,STEEP_LOW_RATE,STEEP_LOW_RATE_NORMAL,STEEP_LOW_RATE_NORMAL
2013-04-18,-0.006253450006996,4.921636056893063,-0.031722637003753884,0.0,0.0,NON_RISK,STEEP_LOW_RATE_NORMAL,,STEEP_LOW_RATE,STEEP_LOW_RATE_NORMAL,STEEP_LOW_RATE_NORMAL
2013-04-19,0.0086932572482492,4.964421105217894,-0.023305152799571016,0.0,0.0,NON_RISK,STEEP_LOW_RATE_NORMAL,,STEEP_LOW_RATE,STEEP_LOW_RATE_NORMAL,STEEP_LOW_RATE_NORMAL
2013-04-22,0.0044378968708065,4.986452694106106,-0.01897068179344752,0.0,0.0,NON_RISK,STEEP_LOW_RATE_NORMAL,,STEEP_LOW_RATE,STEEP_LOW_RATE_NORMAL,STEEP_LOW_RATE_NORMAL
2013-04-23,0.0103092594576783,5.037859328703085,-0.008856996016466723,0.0,0.0,NON_RISK,STEEP_LOW_RATE_NORMAL,,STEEP_LOW_RATE,STEEP_LOW_RATE_NORMAL,STEEP_LOW_RATE_NORMAL
2013-04-24,0.0006340203237193,5.041053433905522,-0.008228591208228941,0.0,0.0,NON_RISK,STEEP_LOW_RATE_NORMAL,,STEEP_LOW_RATE,STEEP_LOW_RATE_NORMAL,STEEP_LOW_RATE_NORMAL
2013-04-25,0.0040537450690019,5.0614885794057916,-0.0042082027502622354,0.0,0.0,NON_RISK,STEEP_LOW_RATE_NORMAL,,STEEP_LOW_RATE,STEEP_LOW_RATE_NORMAL,STEEP_LOW_RATE_NORMAL
2013-04-26,-0.0017664998141904,5.052547460770744,-0.005967268775076362,0.0,0.0,NON_RISK,STEEP_LOW_RATE_NORMAL,,STEEP_LOW_RATE,STEEP_LOW_RATE_NORMAL,STEEP_LOW_RATE_NORMAL
2013-04-29,0.0066988112826325,5.086393522706991,0.0,0.0,0.0,NON_RISK,STEEP_LOW_RATE_NORMAL,,STEEP_LOW_RATE,STEEP_LOW_RATE_NORMAL,STEEP_LOW_RATE_NORMAL
2013-04-30,0.0023849824616204,5.0985244820515465,0.0,0.0,0.0,NON_RISK,STEEP_LOW_RATE_NORMAL,,STEEP_LOW_RATE,STEEP_LOW_RATE_NORMAL,STEEP_LOW_RATE_NORMAL
2013-05-01,-0.0087675627421838,5.053822848762599,-0.008767562742183821,0.0,0.0,NON_RISK,STEEP_LOW_RATE_NORMAL,,STEEP_LOW_RATE,STEEP_LOW_RATE_NORMAL,STEEP_LOW_RATE_NORMAL
2013-05-02,0.0092875131190672,5.1007602947719235,0.0,0.0,0.0,NON_RISK,STEEP_LOW_RATE_NORMAL,,STEEP_LOW_RATE,STEEP_LOW_RATE_NORMAL,STEEP_LOW_RATE_NORMAL
2013-05-03,0.0101409933390068,5.152487070945076,0.0,0.0,0.0,NON_RISK,STEEP_LOW_RATE_NORMAL,,STEEP_LOW_RATE,STEEP_LOW_RATE_NORMAL,STEEP_LOW_RATE_NORMAL
2013-05-06,0.0025407893106419,5.165578455018155,0.0,0.0,0.0,NON_RISK,STEEP_LOW_RATE_NORMAL,,STEEP_LOW_RATE,STEEP_LOW_RATE_NORMAL,STEEP_LOW_RATE_NORMAL
2013-05-07,0.00506811043676,5.191758177097935,0.0,0.0,0.0,NON_RISK,STEEP_LOW_RATE_NORMAL,,STEEP_LOW_RATE,STEEP_LOW_RATE_NORMAL,STEEP_LOW_RATE_NORMAL
2013-05-08,0.0045512416584234,5.215387123194003,0.0,0.0,0.0,NON_RISK,STEEP_LOW_RATE_NORMAL,,STEEP_LOW_RATE,STEEP_LOW_RATE_NORMAL,STEEP_LOW_RATE_NORMAL
2013-05-09,-0.0028156062898383,5.200702646405996,-0.002815606289838346,0.0,0.0,NON_RISK,STEEP_LOW_RATE_NORMAL,,STEEP_LOW_RATE,STEEP_LOW_RATE_NORMAL,STEEP_LOW_RATE_NORMAL
2013-05-10,0.0032535793472741,5.2176235451276565,0.0,0.0,0.0,NON_RISK,STEEP_LOW_RATE_NORMAL,,STEEP_LOW_RATE,STEEP_LOW_RATE_NORMAL,STEEP_LOW_RATE_NORMAL
2013-05-13,0.0007956072763855,5.2217747243856,0.0,0.0,0.0,NON_RISK,STEEP_LOW_RATE_NORMAL,,STEEP_LOW_RATE,STEEP_LOW_RATE_NORMAL,STEEP_LOW_RATE_NORMAL
2013-05-14,0.0103337389096991,5.275735181032667,0.0,0.0,0.0,NON_RISK,STEEP_LOW_RATE_NORMAL,,STEEP_LOW_RATE,STEEP_LOW_RATE_NORMAL,STEEP_LOW_RATE_NORMAL
2013-05-15,0.0053865424776109,5.3041531526859265,0.0,0.0,0.0,NON_RISK,STEEP_LOW_RATE_NORMAL,,STEEP_LOW_RATE,STEEP_LOW_RATE_NORMAL,STEEP_LOW_RATE_NORMAL
2013-05-16,-0.00469553883611,5.279247295564814,-0.004695538836110069,0.0,0.0,NON_RISK,STEEP_LOW_RATE_NORMAL,,STEEP_LOW_RATE,STEEP_LOW_RATE_NORMAL,STEEP_LOW_RATE_NORMAL
2013-05-17,0.0096772555644797,5.330335920832083,0.0,0.0,0.0,NON_RISK,STEEP_LOW_RATE_NORMAL,,STEEP_LOW_RATE,STEEP_LOW_RATE_NORMAL,STEEP_LOW_RATE_NORMAL
2013-05-20,-6.011744617429038e-05,5.330015474649271,-6.01174461744014e-05,0.0,0.0,NON_RISK,STEEP_LOW_RATE_NORMAL,,STEEP_LOW_RATE,STEEP_LOW_RATE_NORMAL,STEEP_LOW_RATE_NORMAL
2013-05-21,0.0014381049110219,5.3376805960791875,0.0,0.0,0.0,NON_RISK,STEEP_LOW_RATE_NORMAL,,STEEP_LOW_RATE,STEEP_LOW_RATE_NORMAL,STEEP_LOW_RATE_NORMAL
2013-05-22,-0.0074180548840645,5.298085388463866,-0.007418054884064551,0.0,0.0,NON_RISK,STEEP_LOW_RATE_NORMAL,,STEEP_LOW_RATE,STEEP_LOW_RATE_NORMAL,STEEP_LOW_RATE_NORMAL
2013-05-23,-0.0028925090512362,5.282760628523512,-0.010289107144406007,0.0,0.0,NON_RISK,STEEP_LOW_RATE_NORMAL,,STEEP_LOW_RATE,STEEP_LOW_RATE_NORMAL,STEEP_LOW_RATE_NORMAL
2013-05-24,-0.0008465715122285,5.278288393869482,-0.011126968191639719,0.0,0.0,NON_RISK,STEEP_LOW_RATE_NORMAL,,STEEP_LOW_RATE,STEEP_LOW_RATE_NORMAL,STEEP_LOW_RATE_NORMAL
2013-05-28,0.0059883847219781,5.309896815445525,-0.005205216035982341,0.0,0.0,NON_RISK,STEEP_LOW_RATE_NORMAL,,STEEP_LOW_RATE,STEEP_LOW_RATE_NORMAL,STEEP_LOW_RATE_NORMAL
2013-05-29,-0.0064940414112453,5.275414125636582,-0.011665454558735466,0.0,0.0,NON_RISK,STEEP_LOW_RATE_NORMAL,,STEEP_LOW_RATE,STEEP_LOW_RATE_NORMAL,STEEP_LOW_RATE_NORMAL
2013-05-30,0.0036922932659906,5.294892501687982,-0.008016233572056719,0.0,0.0,NON_RISK,STEEP_LOW_RATE_NORMAL,,STEEP_LOW_RATE,STEEP_LOW_RATE_NORMAL,STEEP_LOW_RATE_NORMAL
2013-05-31,-0.014352067530045,5.2188998469394265,-0.022253251576539013,0.0,0.0,NON_RISK,STEEP_LOW_RATE_NORMAL,,STEEP_LOW_RATE,STEEP_LOW_RATE_NORMAL,STEEP_LOW_RATE_NORMAL
2013-06-03,0.0055064878548394,5.2476376555622215,-0.016869300981236623,0.0,0.0,NON_RISK,STEEP_LOW_RATE_NORMAL,,STEEP_LOW_RATE,STEEP_LOW_RATE_NORMAL,STEEP_LOW_RATE_NORMAL
2013-06-04,-0.0048069410529204,5.222412570684848,-0.02159515229873632,0.0,0.0,NON_RISK,STEEP_LOW_RATE_NORMAL,,STEEP_LOW_RATE,STEEP_LOW_RATE_NORMAL,STEEP_LOW_RATE_NORMAL
2013-06-05,-0.0140008828345147,5.149294184169193,-0.035293683936122866,0.0,0.0,NON_RISK,STEEP_LOW_RATE_NORMAL,,STEEP_LOW_RATE,STEEP_LOW_RATE_NORMAL,STEEP_LOW_RATE_NORMAL
2013-06-06,0.0090530853665014,5.1959111839957055,-0.026560115303193577,0.0,0.0,NON_RISK,STEEP_LOW_RATE_NORMAL,,STEEP_LOW_RATE,STEEP_LOW_RATE_NORMAL,STEEP_LOW_RATE_NORMAL
2013-06-07,0.0127207688412334,5.262007169086894,-0.014177211549128543,0.0,0.0,NON_RISK,STEEP_LOW_RATE_NORMAL,,STEEP_LOW_RATE,STEEP_LOW_RATE_NORMAL,STEEP_LOW_RATE_NORMAL
2013-06-10,0.0,5.262007169086894,-0.014177211549128543,0.0,0.0,NON_RISK,STEEP_LOW_RATE_NORMAL,,STEEP_LOW_RATE,STEEP_LOW_RATE_NORMAL,STEEP_LOW_RATE_NORMAL
2013-06-11,-0.0103157427002467,5.20772565704374,-0.024346705782827494,0.0,0.0,NON_RISK,STEEP_LOW_RATE_NORMAL,,STEEP_LOW_RATE,STEEP_LOW_RATE_NORMAL,STEEP_LOW_RATE_NORMAL
2013-06-12,-0.0082773376632492,5.164619553322823,-0.032422517541324414,0.0,0.0,NON_RISK,STEEP_LOW_RATE_NORMAL,,STEEP_LOW_RATE,STEEP_LOW_RATE_NORMAL,STEEP_LOW_RATE_NORMAL
2013-06-13,0.0152086877263559,5.243166639334742,-0.017706933759556787,0.0,0.0,NON_RISK,STEEP_LOW_RATE_NORMAL,,STEEP_LOW_RATE,STEEP_LOW_RATE_NORMAL,STEEP_LOW_RATE_NORMAL
2013-06-14,-0.0062728498551377,5.210277042240729,-0.02386871067782581,0.0,0.0,NON_RISK,STEEP_LOW_RATE_NORMAL,,STEEP_LOW_RATE,STEEP_LOW_RATE_NORMAL,STEEP_LOW_RATE_NORMAL
2013-06-17,0.0077220984632739,5.250511314581847,-0.01633092874859743,0.0,0.0,NON_RISK,STEEP_LOW_RATE_NORMAL,,STEEP_LOW_RATE,STEEP_LOW_RATE_NORMAL,STEEP_LOW_RATE_NORMAL
2013-06-18,0.0079056579494996,5.292020061094909,-0.00855437753578192,0.0,0.0,NON_RISK,STEEP_LOW_RATE_NORMAL,,STEEP_LOW_RATE,STEEP_LOW_RATE_NORMAL,STEEP_LOW_RATE_NORMAL
2013-06-19,-0.0138170704780647,5.218899846939428,-0.02225325157653868,0.0,0.0,NON_RISK,STEEP_LOW_RATE_NORMAL,,STEEP_LOW_RATE,STEEP_LOW_RATE_NORMAL,STEEP_LOW_RATE_NORMAL
2013-06-20,-0.0247781447576418,5.089585191056329,-0.04648000204528879,0.0,0.0,NON_RISK,STEEP_MID_RATE_NORMAL,,STEEP_MID_RATE,STEEP_MID_RATE_NORMAL,STEEP_MID_RATE_NORMAL
2013-06-21,0.003210001679363,5.105922768066881,-0.04341920125054788,0.0,0.0,NON_RISK,STEEP_MID_RATE_NORMAL,,STEEP_MID_RATE,STEEP_MID_RATE_NORMAL,STEEP_MID_RATE_NORMAL
2013-06-24,-0.0126358185240029,5.041405254572013,-0.05550638262709162,0.0,0.0,NON_RISK,STEEP_MID_RATE_NORMAL,,STEEP_MID_RATE,STEEP_MID_RATE_NORMAL,STEEP_MID_RATE_NORMAL
2013-06-25,0.0096143673352591,5.089875176575374,-0.04642567404386089,0.0,0.0,NON_RISK,STEEP_MID_RATE_NORMAL,,STEEP_MID_RATE,STEEP_MID_RATE_NORMAL,STEEP_MID_RATE_NORMAL
2013-06-26,0.0030337367800301997,5.105316518104313,-0.04353278053871523,2.0,0.001,FULL_RISK,STEEP_MID_RATE_STRESS,CREDIT,STEEP_MID_RATE,STEEP_MID_RATE_STRESS,STEEP_MID_RATE_STRESS
2013-06-27,0.0053881785354292,5.1328248749837355,-0.03837916439697231,0.0,0.0,FULL_RISK,STEEP_MID_RATE_STRESS,CREDIT,STEEP_MID_RATE,STEEP_MID_RATE_STRESS,STEEP_MID_RATE_STRESS
2013-06-28,-0.0011691784324309,5.126823686842459,-0.03950347073813554,0.0,0.0,FULL_RISK,STEEP_MID_RATE_STRESS,CREDIT,STEEP_MID_RATE,STEEP_MID_RATE_STRESS,STEEP_MID_RATE_STRESS
2013-07-01,0.0003811956012398,5.128778009480216,-0.03913733368617478,0.0,0.0,FULL_RISK,STEEP_MID_RATE_STRESS,CREDIT,STEEP_MID_RATE,STEEP_MID_RATE_STRESS,STEEP_MID_RATE_STRESS
2013-07-02,0.0003908233994527,5.130782455936919,-0.03876180607251889,0.0,0.0,FULL_RISK,STEEP_MID_RATE_STRESS,CREDIT,STEEP_MID_RATE,STEEP_MID_RATE_STRESS,STEEP_MID_RATE_STRESS
2013-07-03,-0.0019525641478552,5.120764274063013,-0.040638685307530675,0.0,0.0,FULL_RISK,STEEP_MID_RATE_STRESS,CREDIT,STEEP_MID_RATE,STEEP_MID_RATE_STRESS,STEEP_MID_RATE_STRESS
2013-07-05,-0.0168235982617082,5.034614593123268,-0.05677859465374113,0.0,0.0,FULL_RISK,STEEP_MID_RATE_STRESS,CREDIT,STEEP_MID_RATE,STEEP_MID_RATE_STRESS,STEEP_MID_RATE_STRESS
2013-07-08,0.0047052425618733,5.0583036759894595,-0.05234050915203603,2.0,0.001,NON_RISK,STEEP_MID_RATE_NORMAL,,STEEP_MID_RATE,STEEP_MID_RATE_NORMAL,STEEP_MID_RATE_NORMAL
2013-07-09,0.0071971361947846,5.094708976460136,-0.045520074730122984,0.0,0.0,NON_RISK,STEEP_MID_RATE_NORMAL,,STEEP_MID_RATE,STEEP_MID_RATE_NORMAL,STEEP_MID_RATE_NORMAL
2013-07-10,0.0003637735349408,5.096562296753998,-0.04517286019367739,0.0,0.0,NON_RISK,STEEP_MID_RATE_NORMAL,,STEEP_MID_RATE,STEEP_MID_RATE_NORMAL,STEEP_MID_RATE_NORMAL
2013-07-11,0.0136205191556215,5.165980121144754,-0.032167618845638124,0.0,0.0,NON_RISK,STEEP_MID_RATE_NORMAL,,STEEP_MID_RATE,STEEP_MID_RATE_NORMAL,STEEP_MID_RATE_NORMAL
2013-07-12,0.0004175838151585,5.168137350832775,-0.03176346770748162,0.0,0.0,NON_RISK,STEEP_MID_RATE_NORMAL,,STEEP_MID_RATE,STEEP_MID_RATE_NORMAL,STEEP_MID_RATE_NORMAL
2013-07-15,0.0038213818135672,5.187886776915265,-0.02806346623174749,0.0,0.0,NON_RISK,STEEP_MID_RATE_NORMAL,,STEEP_MID_RATE,STEEP_MID_RATE_NORMAL,STEEP_MID_RATE_NORMAL
2013-07-16,-0.0037467865337365,5.16844887260097,-0.03170510494811685,0.0,0.0,NON_RISK,STEEP_MID_RATE_NORMAL,,STEEP_MID_RATE,STEEP_MID_RATE_NORMAL,STEEP_MID_RATE_NORMAL
2013-07-17,0.0025663926061789,5.181713141573027,-0.029220080088854794,0.0,0.0,NON_RISK,STEEP_MID_RATE_NORMAL,,STEEP_MID_RATE,STEEP_MID_RATE_NORMAL,STEEP_MID_RATE_NORMAL
2013-07-18,0.0054779897817267,5.210098513214404,-0.023902157607275987,0.0,0.0,NON_RISK,STEEP_MID_RATE_NORMAL,,STEEP_MID_RATE,STEEP_MID_RATE_NORMAL,STEEP_MID_RATE_NORMAL
2013-07-19,0.001776674049994,5.219355160040744,-0.022167949900441686,0.0,0.0,NON_RISK,STEEP_MID_RATE_NORMAL,,STEEP_MID_RATE,STEEP_MID_RATE_NORMAL,STEEP_MID_RATE_NORMAL
2013-07-22,0.0019506734406391,5.229536417528699,-0.02026051889090663,0.0,0.0,NON_RISK,STEEP_MID_RATE_NORMAL,,STEEP_MID_RATE,STEEP_MID_RATE_NORMAL,STEEP_MID_RATE_NORMAL
2013-07-23,-0.0021243530336135,5.21842703597573,-0.022341831429751657,0.0,0.0,NON_RISK,STEEP_MID_RATE_NORMAL,,STEEP_MID_RATE,STEEP_MID_RATE_NORMAL,STEEP_MID_RATE_NORMAL
2013-07-24,-0.0036651623974514,5.199300653429628,-0.025925107386756574,0.0,0.0,NON_RISK,STEEP_MID_RATE_NORMAL,,STEEP_MID_RATE,STEEP_MID_RATE_NORMAL,STEEP_MID_RATE_NORMAL
2013-07-25,0.0024327959956229,5.211949491239332,-0.023555381888570093,0.0,0.0,NON_RISK,STEEP_MID_RATE_NORMAL,,STEEP_MID_RATE,STEEP_MID_RATE_NORMAL,STEEP_MID_RATE_NORMAL
2013-07-26,0.0010653112653689,5.217501839746882,-0.02251516443688728,0.0,0.0,NON_RISK,STEEP_MID_RATE_NORMAL,,STEEP_MID_RATE,STEEP_MID_RATE_NORMAL,STEEP_MID_RATE_NORMAL
2013-07-29,-0.0030746898458805,5.201459639819349,-0.02552062713529535,0.0,0.0,NON_RISK,STEEP_MID_RATE_NORMAL,,STEEP_MID_RATE,STEEP_MID_RATE_NORMAL,STEEP_MID_RATE_NORMAL
2013-07-30,0.0,5.201459639819349,-0.02552062713529535,0.0,0.0,NON_RISK,STEEP_MID_RATE_NORMAL,,STEEP_MID_RATE,STEEP_MID_RATE_NORMAL,STEEP_MID_RATE_NORMAL
2013-07-31,0.0007116022691566,5.205161010301971,-0.02482718540231854,0.0,0.0,NON_RISK,STEEP_MID_RATE_NORMAL,,STEEP_MID_RATE,STEEP_MID_RATE_NORMAL,STEEP_MID_RATE_NORMAL
2013-08-01,0.0115583233923104,5.265323944568086,-0.01355582264780908,0.0,0.0,NON_RISK,STEEP_MID_RATE_NORMAL,,STEEP_MID_RATE,STEEP_MID_RATE_NORMAL,STEEP_MID_RATE_NORMAL
2013-08-02,0.0016995418621448,5.274272583029633,-0.011879319473729999,0.0,0.0,NON_RISK,STEEP_MID_RATE_NORMAL,,STEEP_MID_RATE,STEEP_MID_RATE_NORMAL,STEEP_MID_RATE_NORMAL
2013-08-05,-0.0014625101461432,5.266558905863428,-0.013324455994613627,0.0,0.0,NON_RISK,STEEP_MID_RATE_NORMAL,,STEEP_MID_RATE,STEEP_MID_RATE_NORMAL,STEEP_MID_RATE_NORMAL
2013-08-06,-0.0056824903512853,5.236631735696383,-0.018931230253273368,0.0,0.0,NON_RISK,STEEP_MID_RATE_NORMAL,,STEEP_MID_RATE,STEEP_MID_RATE_NORMAL,STEEP_MID_RATE_NORMAL
2013-08-07,-0.0032403590986125,5.219663168405536,-0.022110245367686687,0.0,0.0,NON_RISK,STEEP_MID_RATE_NORMAL,,STEEP_MID_RATE,STEEP_MID_RATE_NORMAL,STEEP_MID_RATE_NORMAL
2013-08-08,0.0036645187751476,5.2387907220861045,-0.018526750001812253,0.0,0.0,NON_RISK,STEEP_MID_RATE_NORMAL,,STEEP_MID_RATE,STEEP_MID_RATE_NORMAL,STEEP_MID_RATE_NORMAL
2013-08-09,-0.0028857020766615,5.223673132820186,-0.02135898939751968,0.0,0.0,NON_RISK,STEEP_MID_RATE_NORMAL,,STEEP_MID_RATE,STEEP_MID_RATE_NORMAL,STEEP_MID_RATE_NORMAL
2013-08-12,-0.001181408736035,5.21750183974688,-0.022515164436887614,0.0,0.0,NON_RISK,STEEP_MID_RATE_NORMAL,,STEEP_MID_RATE,STEEP_MID_RATE_NORMAL,STEEP_MID_RATE_NORMAL
2013-08-13,0.0029569591681053,5.232929779646526,-0.019624781690685267,0.0,0.0,NON_RISK,STEEP_MID_RATE_NORMAL,,STEEP_MID_RATE,STEEP_MID_RATE_NORMAL,STEEP_MID_RATE_NORMAL
2013-08-14,-0.0051290693440417,5.206089719934218,-0.02465319416857381,0.0,0.0,NON_RISK,STEEP_MID_RATE_NORMAL,,STEEP_MID_RATE,STEEP_MID_RATE_NORMAL,STEEP_MID_RATE_NORMAL
2013-08-15,-0.0139862224230817,5.1332761911567,-0.03829461153457436,0.0,0.0,NON_RISK,STEEP_MID_RATE_NORMAL,,STEEP_MID_RATE,STEEP_MID_RATE_NORMAL,STEEP_MID_RATE_NORMAL
2013-08-16,-0.0033059440716988,5.116305867164153,-0.0414739557622924,0.0,0.0,NON_RISK,STEEP_MID_RATE_NORMAL,,STEEP_MID_RATE,STEEP_MID_RATE_NORMAL,STEEP_MID_RATE_NORMAL
2013-08-19,-0.0063922127418496,5.083601351608865,-0.04760105815566351,0.0,0.0,NON_RISK,STEEP_MID_RATE_NORMAL,,STEEP_MID_RATE,STEEP_MID_RATE_NORMAL,STEEP_MID_RATE_NORMAL
2013-08-20,0.0049160864961224,5.108592775565179,-0.04291898257874138,0.0,0.0,NON_RISK,STEEP_MID_RATE_NORMAL,,STEEP_MID_RATE,STEEP_MID_RATE_NORMAL,STEEP_MID_RATE_NORMAL
2013-08-21,-0.006160465776833,5.077121464603533,-0.04881504743222154,0.0,0.0,NON_RISK,STEEP_MID_RATE_NORMAL,,STEEP_MID_RATE,STEEP_MID_RATE_NORMAL,STEEP_MID_RATE_NORMAL
2013-08-22,0.0091158077111028,5.1234035276007726,-0.040144228306919105,0.0,0.0,NON_RISK,STEEP_MID_RATE_NORMAL,,STEEP_MID_RATE,STEEP_MID_RATE_NORMAL,STEEP_MID_RATE_NORMAL
2013-08-23,0.0033723181664353,5.14068127439088,-0.036907289250880715,0.0,0.0,NON_RISK,STEEP_MID_RATE_NORMAL,,STEEP_MID_RATE,STEEP_MID_RATE_NORMAL,STEEP_MID_RATE_NORMAL
2013-08-26,-0.0037219598593321,5.121547865037977,-0.04049188166110418,0.0,0.0,NON_RISK,STEEP_MID_RATE_NORMAL,,STEEP_MID_RATE,STEEP_MID_RATE_NORMAL,STEEP_MID_RATE_NORMAL
2013-08-27,-0.0160833687197171,5.039176122308891,-0.055924004517910575,0.0,0.0,NON_RISK,STEEP_MID_RATE_NORMAL,,STEEP_MID_RATE,STEEP_MID_RATE_NORMAL,STEEP_MID_RATE_NORMAL
2013-08-28,0.0035509303674616,5.057069885828586,-0.05257165639636163,0.0,0.0,NON_RISK,STEEP_MID_RATE_NORMAL,,STEEP_MID_RATE,STEEP_MID_RATE_NORMAL,STEEP_MID_RATE_NORMAL
2013-08-29,0.0015861160998078,5.065090985792352,-0.05106892504715754,0.0,0.0,NON_RISK,STEEP_MID_RATE_NORMAL,,STEEP_MID_RATE,STEEP_MID_RATE_NORMAL,STEEP_MID_RATE_NORMAL
2013-08-30,-0.0031679022896019,5.049045272461418,-0.05407504597217516,0.0,0.0,NON_RISK,STEEP_MID_RATE_NORMAL,,STEEP_MID_RATE,STEEP_MID_RATE_NORMAL,STEEP_MID_RATE_NORMAL
2013-09-03,0.0045224776242025,5.071879466729711,-0.04979712153340943,0.0,0.0,NON_RISK,STEEP_MID_RATE_NORMAL,,STEEP_MID_RATE,STEEP_MID_RATE_NORMAL,STEEP_MID_RATE_NORMAL
2013-09-04,0.0082727191804727,5.1138377012751715,-0.04193635995537848,0.0,0.0,NON_RISK,STEEP_MID_RATE_NORMAL,,STEEP_MID_RATE,STEEP_MID_RATE_NORMAL,STEEP_MID_RATE_NORMAL
2013-09-05,0.0012675860386905,5.120319930549438,-0.04072193186108075,0.0,0.0,NON_RISK,STEEP_MID_RATE_NORMAL,,STEEP_MID_RATE,STEEP_MID_RATE_NORMAL,STEEP_MID_RATE_NORMAL
2013-09-06,0.000481690445272,5.122786339736719,-0.040259856781299286,0.0,0.0,NON_RISK,STEEP_MID_RATE_NORMAL,,STEEP_MID_RATE,STEEP_MID_RATE_NORMAL,STEEP_MID_RATE_NORMAL
2013-09-09,0.0095759038463758,5.171841649151566,-0.03106947745233002,0.0,0.0,NON_RISK,STEEP_MID_RATE_NORMAL,,STEEP_MID_RATE,STEEP_MID_RATE_NORMAL,STEEP_MID_RATE_NORMAL
2013-09-10,0.007397145283656,5.210098513214404,-0.023902157607275987,0.0,0.0,NON_RISK,STEEP_MID_RATE_NORMAL,,STEEP_MID_RATE,STEEP_MID_RATE_NORMAL,STEEP_MID_RATE_NORMAL
2013-09-11,0.0031380640277003,5.2264481359394965,-0.020839100080547568,0.0,0.0,NON_RISK,STEEP_MID_RATE_NORMAL,,STEEP_MID_RATE,STEEP_MID_RATE_NORMAL,STEEP_MID_RATE_NORMAL
2013-09-12,-0.0026557779472059,5.2125678502378525,-0.023439534005320062,0.0,0.0,NON_RISK,STEEP_MID_RATE_NORMAL,,STEEP_MID_RATE,STEEP_MID_RATE_NORMAL,STEEP_MID_RATE_NORMAL
2013-09-13,0.0022488859201812,5.224290320684242,-0.021243360923138943,0.0,0.0,NON_RISK,STEEP_MID_RATE_NORMAL,,STEEP_MID_RATE,STEEP_MID_RATE_NORMAL,STEEP_MID_RATE_NORMAL
2013-09-16,0.0057876472803573,5.254526670350547,-0.01557866272285413,0.0,0.0,NON_RISK,STEEP_MID_RATE_NORMAL,,STEEP_MID_RATE,STEEP_MID_RATE_NORMAL,STEEP_MID_RATE_NORMAL
2013-09-17,0.0044625245559206,5.277975124646726,-0.011185658331882564,0.0,0.0,NON_RISK,STEEP_MID_RATE_NORMAL,,STEEP_MID_RATE,STEEP_MID_RATE_NORMAL,STEEP_MID_RATE_NORMAL
2013-09-18,0.0115741603649661,5.3390632551416894,0.0,0.0,0.0,NON_RISK,STEEP_MID_RATE_NORMAL,,STEEP_MID_RATE,STEEP_MID_RATE_NORMAL,STEEP_MID_RATE_NORMAL
2013-09-19,-0.0016756303053721,5.330116958949075,-0.001675630305372211,0.0,0.0,NON_RISK,STEEP_MID_RATE_NORMAL,,STEEP_MID_RATE,STEEP_MID_RATE_NORMAL,STEEP_MID_RATE_NORMAL
2013-09-20,-0.0069916072369248,5.292850874645231,-0.008655522193327436,0.0,0.0,NON_RISK,STEEP_MID_RATE_NORMAL,,STEEP_MID_RATE,STEEP_MID_RATE_NORMAL,STEEP_MID_RATE_NORMAL
2013-09-23,-0.0046276935413421,5.268357182837349,-0.013243160630518558,0.0,0.0,NON_RISK,STEEP_MID_RATE_NORMAL,,STEEP_MID_RATE,STEEP_MID_RATE_NORMAL,STEEP_MID_RATE_NORMAL
2013-09-24,-0.0023540029665394,5.25595545440016,-0.015565989157647397,0.0,0.0,NON_RISK,STEEP_MID_RATE_NORMAL,,STEEP_MID_RATE,STEEP_MID_RATE_NORMAL,STEEP_MID_RATE_NORMAL
2013-09-25,-0.0028900929116797,5.240765254797294,-0.018411094914399295,0.0,0.0,NON_RISK,STEEP_MID_RATE_NORMAL,,STEEP_MID_RATE,STEEP_MID_RATE_NORMAL,STEEP_MID_RATE_NORMAL
2013-09-26,0.0038454082422196,5.26091813670363,-0.014636484848311815,0.0,0.0,NON_RISK,STEEP_MID_RATE_NORMAL,,STEEP_MID_RATE,STEEP_MID_RATE_NORMAL,STEEP_MID_RATE_NORMAL
2013-09-27,-0.004596902311151,5.236734209962241,-0.01916610466843649,0.0,0.0,NON_RISK,STEEP_MID_RATE_NORMAL,,STEEP_MID_RATE,STEEP_MID_RATE_NORMAL,STEEP_MID_RATE_NORMAL
2013-09-30,-0.0053286303684519,5.208829589019525,-0.024392605949507096,0.0,0.0,NON_RISK,STEEP_MID_RATE_NORMAL,,STEEP_MID_RATE,STEEP_MID_RATE_NORMAL,STEEP_MID_RATE_NORMAL
2013-10-01,0.0079164894674828,5.250065233598911,-0.01666922029010809,0.0,0.0,NON_RISK,STEEP_MID_RATE_NORMAL,,STEEP_MID_RATE,STEEP_MID_RATE_NORMAL,STEEP_MID_RATE_NORMAL
2013-10-02,-0.0009450380039566,5.245103722429909,-0.017598505247394147,0.0,0.0,NON_RISK,STEEP_MID_RATE_NORMAL,,STEEP_MID_RATE,STEEP_MID_RATE_NORMAL,STEEP_MID_RATE_NORMAL
2013-10-03,-0.0092205199242986,5.196741139052231,-0.02665675780342125,0.0,0.0,NON_RISK,STEEP_MID_RATE_NORMAL,,STEEP_MID_RATE,STEEP_MID_RATE_NORMAL,STEEP_MID_RATE_NORMAL
2013-10-04,0.007576695719625,5.236115265396488,-0.019282032226544565,0.0,0.0,NON_RISK,STEEP_MID_RATE_NORMAL,,STEEP_MID_RATE,STEEP_MID_RATE_NORMAL,STEEP_MID_RATE_NORMAL
2013-10-07,-0.0086450903236585,5.190848575982049,-0.027760427639980767,0.0,0.0,NON_RISK,STEEP_MID_RATE_NORMAL,,STEEP_MID_RATE,STEEP_MID_RATE_NORMAL,STEEP_MID_RATE_NORMAL
2013-10-08,-0.0116460322742578,5.130395785935376,-0.03908316107799614,0.0,0.0,NON_RISK,STEEP_MID_RATE_NORMAL,,STEEP_MID_RATE,STEEP_MID_RATE_NORMAL,STEEP_MID_RATE_NORMAL
2013-10-09,0.0007248831581028,5.134114723435003,-0.03838660864512411,0.0,0.0,NON_RISK,STEEP_MID_RATE_NORMAL,,STEEP_MID_RATE,STEEP_MID_RATE_NORMAL,STEEP_MID_RATE_NORMAL
2013-10-10,0.02155795041449,5.244795714065118,-0.01765619483638614,0.0,0.0,NON_RISK,STEEP_MID_RATE_NORMAL,,STEEP_MID_RATE,STEEP_MID_RATE_NORMAL,STEEP_MID_RATE_NORMAL
2013-10-11,0.0064432768122644,5.278589384674618,-0.011326681774903813,0.0,0.0,NON_RISK,STEEP_MID_RATE_NORMAL,,STEEP_MID_RATE,STEEP_MID_RATE_NORMAL,STEEP_MID_RATE_NORMAL
2013-10-14,0.0039940145248389,5.2996721473476684,-0.007377906181592064,0.0,0.0,NON_RISK,STEEP_MID_RATE_NORMAL,,STEEP_MID_RATE,STEEP_MID_RATE_NORMAL,STEEP_MID_RATE_NORMAL
2013-10-15,-0.0072544114447687,5.261226145068428,-0.014578795259318489,0.0,0.0,NON_RISK,STEEP_MID_RATE_NORMAL,,STEEP_MID_RATE,STEEP_MID_RATE_NORMAL,STEEP_MID_RATE_NORMAL
2013-10-16,0.0139657514098474,5.334703121521444,-0.0008166476799177369,0.0,0.0,NON_RISK,STEEP_MID_RATE_NORMAL,,STEEP_MID_RATE,STEEP_MID_RATE_NORMAL,STEEP_MID_RATE_NORMAL
2013-10-17,0.0066835215503477,5.37035772479884,0.0,0.0,0.0,NON_RISK,STEEP_MID_RATE_NORMAL,,STEEP_MID_RATE,STEEP_MID_RATE_NORMAL,STEEP_MID_RATE_NORMAL
2013-10-18,0.0067541826015029,5.406630101507523,0.0,0.0,0.0,NON_RISK,STEEP_MID_RATE_NORMAL,,STEEP_MID_RATE,STEEP_MID_RATE_NORMAL,STEEP_MID_RATE_NORMAL
2013-10-21,5.783508336798526e-05,5.406942794410184,0.0,0.0,0.0,NON_RISK,STEEP_MID_RATE_NORMAL,,STEEP_MID_RATE,STEEP_MID_RATE_NORMAL,STEEP_MID_RATE_NORMAL
2013-10-22,0.0057907548059907,5.438253074382632,0.0,0.0,0.0,NON_RISK,STEEP_MID_RATE_NORMAL,,STEEP_MID_RATE,STEEP_MID_RATE_NORMAL,STEEP_MID_RATE_NORMAL
2013-10-23,-0.0047885498614538,5.412211728376747,-0.004788549861453717,0.0,0.0,NON_RISK,STEEP_MID_RATE_NORMAL,,STEEP_MID_RATE,STEEP_MID_RATE_NORMAL,STEEP_MID_RATE_NORMAL
2013-10-24,0.0033226286482646,5.430194498115925,-0.0014818317861424735,0.0,0.0,NON_RISK,STEEP_MID_RATE_NORMAL,,STEEP_MID_RATE,STEEP_MID_RATE_NORMAL,STEEP_MID_RATE_NORMAL
2013-10-25,0.0045676921670085,5.454997954990302,0.0,0.0,0.0,NON_RISK,STEEP_MID_RATE_NORMAL,,STEEP_MID_RATE,STEEP_MID_RATE_NORMAL,STEEP_MID_RATE_NORMAL
2013-10-28,0.0015909615436222,5.4636766469572295,0.0,0.0,0.0,NON_RISK,STEEP_MID_RATE_NORMAL,,STEEP_MID_RATE,STEEP_MID_RATE_NORMAL,STEEP_MID_RATE_NORMAL
2013-10-29,0.0053336499984835,5.492817985896988,0.0,0.0,0.0,NON_RISK,STEEP_MID_RATE_NORMAL,,STEEP_MID_RATE,STEEP_MID_RATE_NORMAL,STEEP_MID_RATE_NORMAL
2013-10-30,-0.0049668791217202,5.465535822923426,-0.004966879121720225,0.0,0.0,NON_RISK,STEEP_MID_RATE_NORMAL,,STEEP_MID_RATE,STEEP_MID_RATE_NORMAL,STEEP_MID_RATE_NORMAL
2013-10-31,-0.0028358389011228,5.4500364438213,-0.0077886327538125855,0.0,0.0,NON_RISK,STEEP_MID_RATE_NORMAL,,STEEP_MID_RATE,STEEP_MID_RATE_NORMAL,STEEP_MID_RATE_NORMAL
2013-11-01,0.00238909833671,5.463057116824243,-0.005418142226659817,0.0,0.0,NON_RISK,STEEP_MID_RATE_NORMAL,,STEEP_MID_RATE,STEEP_MID_RATE_NORMAL,STEEP_MID_RATE_NORMAL
2013-11-04,0.0035186188175095,5.48227953239663,-0.0019185877863449052,0.0,0.0,NON_RISK,STEEP_MID_RATE_NORMAL,,STEEP_MID_RATE,STEEP_MID_RATE_NORMAL,STEEP_MID_RATE_NORMAL
2013-11-05,-0.0031671569287164,5.4649162927904404,-0.005079668246460334,0.0,0.0,NON_RISK,STEEP_MID_RATE_NORMAL,,STEEP_MID_RATE,STEEP_MID_RATE_NORMAL,STEEP_MID_RATE_NORMAL
2013-11-06,0.0051056030159799,5.492817985896989,0.0,0.0,0.0,NON_RISK,STEEP_MID_RATE_NORMAL,,STEEP_MID_RATE,STEEP_MID_RATE_NORMAL,STEEP_MID_RATE_NORMAL
2013-11-07,-0.0126429359627484,5.423372639846262,-0.012642935962748236,0.0,0.0,NON_RISK,STEEP_MID_RATE_NORMAL,,STEEP_MID_RATE,STEEP_MID_RATE_NORMAL,STEEP_MID_RATE_NORMAL
2013-11-08,0.0134916304081889,5.496542779068951,0.0,0.0,0.0,NON_RISK,STEEP_MID_RATE_NORMAL,,STEEP_MID_RATE,STEEP_MID_RATE_NORMAL,STEEP_MID_RATE_NORMAL
2013-11-11,0.0001683233017617,5.497467975297799,0.0,0.0,0.0,NON_RISK,STEEP_MID_RATE_NORMAL,,STEEP_MID_RATE,STEEP_MID_RATE_NORMAL,STEEP_MID_RATE_NORMAL
2013-11-12,-0.0020298717187539,5.486308820529987,-0.002029871718753906,0.0,0.0,NON_RISK,STEEP_MID_RATE_NORMAL,,STEEP_MID_RATE,STEEP_MID_RATE_NORMAL,STEEP_MID_RATE_NORMAL
2013-11-13,0.0080245732275927,5.5303341074095185,0.0,0.0,0.0,NON_RISK,STEEP_MID_RATE_NORMAL,,STEEP_MID_RATE,STEEP_MID_RATE_NORMAL,STEEP_MID_RATE_NORMAL
2013-11-14,0.0049891973078239,5.557926035449573,0.0,0.0,0.0,NON_RISK,STEEP_MID_RATE_NORMAL,,STEEP_MID_RATE,STEEP_MID_RATE_NORMAL,STEEP_MID_RATE_NORMAL
2013-11-15,0.0043511448371047,5.5821093766237295,0.0,0.0,0.0,NON_RISK,STEEP_MID_RATE_NORMAL,,STEEP_MID_RATE,STEEP_MID_RATE_NORMAL,STEEP_MID_RATE_NORMAL
2013-11-18,-0.0034992778635166,5.562576024850382,-0.003499277863516559,0.0,0.0,NON_RISK,STEEP_MID_RATE_NORMAL,,STEEP_MID_RATE,STEEP_MID_RATE_NORMAL,STEEP_MID_RATE_NORMAL
2013-11-19,-0.0021738064013282,5.550484061479687,-0.0056654775122250145,0.0,0.0,NON_RISK,STEEP_MID_RATE_NORMAL,,STEEP_MID_RATE,STEEP_MID_RATE_NORMAL,STEEP_MID_RATE_NORMAL
2013-11-20,-0.0031275003122752,5.533124920844131,-0.008775259041811645,0.0,0.0,NON_RISK,STEEP_MID_RATE_NORMAL,,STEEP_MID_RATE,STEEP_MID_RATE_NORMAL,STEEP_MID_RATE_NORMAL
2013-11-21,0.0080683268405239,5.577767981154949,-0.0007777338593473182,0.0,0.0,NON_RISK,STEEP_MID_RATE_NORMAL,,STEEP_MID_RATE,STEEP_MID_RATE_NORMAL,STEEP_MID_RATE_NORMAL
2013-11-22,0.005002934256898,5.605673187664898,0.0,0.0,0.0,NON_RISK,STEEP_MID_RATE_NORMAL,,STEEP_MID_RATE,STEEP_MID_RATE_NORMAL,STEEP_MID_RATE_NORMAL
2013-11-25,-0.0009961281992757,5.600089218526741,-0.0009961281992757476,0.0,0.0,NON_RISK,STEEP_MID_RATE_NORMAL,,STEEP_MID_RATE,STEEP_MID_RATE_NORMAL,STEEP_MID_RATE_NORMAL
2013-11-26,0.000277198929391,5.601641557262611,-0.0007192053955551447,0.0,0.0,NON_RISK,STEEP_MID_RATE_NORMAL,,STEEP_MID_RATE,STEEP_MID_RATE_NORMAL,STEEP_MID_RATE_NORMAL
2013-11-27,0.0024352458348055,5.615282931533009,0.0,0.0,0.0,NON_RISK,STEEP_MID_RATE_NORMAL,,STEEP_MID_RATE,STEEP_MID_RATE_NORMAL,STEEP_MID_RATE_NORMAL
2013-11-29,-0.0006626013767592,5.6115622373316825,-0.0006626013767592198,0.0,0.0,NON_RISK,STEEP_MID_RATE_NORMAL,,STEEP_MID_RATE,STEEP_MID_RATE_NORMAL,STEEP_MID_RATE_NORMAL
2013-12-02,-0.0025966485660936,5.59699098229457,-0.003257529399937953,0.0,0.0,NON_RISK,STEEP_MID_RATE_NORMAL,,STEEP_MID_RATE,STEEP_MID_RATE_NORMAL,STEEP_MID_RATE_NORMAL
2013-12-03,-0.0043207754399922,5.572807641120414,-0.007564229786903853,0.0,0.0,NON_RISK,STEEP_MID_RATE_NORMAL,,STEEP_MID_RATE,STEEP_MID_RATE_NORMAL,STEEP_MID_RATE_NORMAL
2013-12-04,-0.000111065122935,5.57218869655466,-0.007674454787727658,0.0,0.0,NON_RISK,STEEP_MID_RATE_NORMAL,,STEEP_MID_RATE,STEEP_MID_RATE_NORMAL,STEEP_MID_RATE_NORMAL
2013-12-05,-0.0043952835901075,5.547697347015711,-0.01203600697264362,0.0,0.0,NON_RISK,STEEP_MID_RATE_NORMAL,,STEEP_MID_RATE,STEEP_MID_RATE_NORMAL,STEEP_MID_RATE_NORMAL
2013-12-06,0.0111766268663995,5.60970189023102,-0.0009939020651387187,0.0,0.0,NON_RISK,STEEP_MID_RATE_NORMAL,,STEEP_MID_RATE,STEEP_MID_RATE_NORMAL,STEEP_MID_RATE_NORMAL
2013-12-09,0.0025421857849914,5.623962794634405,0.0,0.0,0.0,NON_RISK,STEEP_MID_RATE_NORMAL,,STEEP_MID_RATE,STEEP_MID_RATE_NORMAL,STEEP_MID_RATE_NORMAL
2013-12-10,-0.0035830829506661,5.60381166942977,-0.0035830829506661166,0.0,0.0,NON_RISK,STEEP_MID_RATE_NORMAL,,STEEP_MID_RATE,STEEP_MID_RATE_NORMAL,STEEP_MID_RATE_NORMAL
2013-12-11,-0.0112308547876118,5.54087607431328,-0.014773696653966994,0.0,0.0,NON_RISK,STEEP_MID_RATE_NORMAL,,STEEP_MID_RATE,STEEP_MID_RATE_NORMAL,STEEP_MID_RATE_NORMAL
2013-12-12,-0.0033012738406544,5.522584125074842,-0.018026198476327804,0.0,0.0,NON_RISK,STEEP_MID_RATE_NORMAL,,STEEP_MID_RATE,STEEP_MID_RATE_NORMAL,STEEP_MID_RATE_NORMAL
2013-12-13,-0.0001122872347757,5.521964009374621,-0.018136461599123188,0.0,0.0,NON_RISK,STEEP_MID_RATE_NORMAL,,STEEP_MID_RATE,STEEP_MID_RATE_NORMAL,STEEP_MID_RATE_NORMAL
2013-12-16,0.006231846051441,5.556376038982641,-0.012017639184285778,0.0,0.0,NON_RISK,STEEP_MID_RATE_NORMAL,,STEEP_MID_RATE,STEEP_MID_RATE_NORMAL,STEEP_MID_RATE_NORMAL
2013-12-17,-0.003180249551106,5.538705376578891,-0.015159669643770579,0.0,0.0,NON_RISK,STEEP_MID_RATE_NORMAL,,STEEP_MID_RATE,STEEP_MID_RATE_NORMAL,STEEP_MID_RATE_NORMAL
2013-12-18,0.0170726403128718,5.633265701272191,0.0,0.0,0.0,NON_RISK,STEEP_MID_RATE_NORMAL,,STEEP_MID_RATE,STEEP_MID_RATE_NORMAL,STEEP_MID_RATE_NORMAL
2013-12-19,-0.0011562146511512,5.626752436934552,-0.0011562146511512328,0.0,0.0,NON_RISK,STEEP_MID_RATE_NORMAL,,STEEP_MID_RATE,STEEP_MID_RATE_NORMAL,STEEP_MID_RATE_NORMAL
2013-12-20,0.0058171124489452,5.659483888582577,0.0,0.0,0.0,NON_RISK,STEEP_MID_RATE_NORMAL,,STEEP_MID_RATE,STEEP_MID_RATE_NORMAL,STEEP_MID_RATE_NORMAL
2013-12-23,0.0053424949508327,5.6897196526816485,0.0,0.0,0.0,NON_RISK,STEEP_MID_RATE_NORMAL,,STEEP_MID_RATE,STEEP_MID_RATE_NORMAL,STEEP_MID_RATE_NORMAL
2013-12-24,0.002191302611666,5.702187550216217,0.0,0.0,0.0,NON_RISK,STEEP_MID_RATE_NORMAL,,STEEP_MID_RATE,STEEP_MID_RATE_NORMAL,STEEP_MID_RATE_NORMAL
2013-12-26,0.0050842652004485,5.731178983944212,0.0,0.0,0.0,NON_RISK,STEEP_MID_RATE_NORMAL,,STEEP_MID_RATE,STEEP_MID_RATE_NORMAL,STEEP_MID_RATE_NORMAL
2013-12-27,-5.476430556561329e-05,5.730865119907084,-5.4764305565724314e-05,0.0,0.0,NON_RISK,STEEP_MID_RATE_NORMAL,,STEEP_MID_RATE,STEEP_MID_RATE_NORMAL,STEEP_MID_RATE_NORMAL
2013-12-30,-0.0001629736030787,5.729931140169734,-0.00021772898350824743,0.0,0.0,NON_RISK,STEEP_MID_RATE_NORMAL,,STEEP_MID_RATE,STEEP_MID_RATE_NORMAL,STEEP_MID_RATE_NORMAL
2013-12-31,0.0047327277561999,5.75704934431793,0.0,0.0,0.0,NON_RISK,STEEP_MID_RATE_NORMAL,,STEEP_MID_RATE,STEEP_MID_RATE_NORMAL,STEEP_MID_RATE_NORMAL
2014-01-02,-0.0095835083222152,5.701876614015256,-0.009583508322215106,0.0,0.0,NON_RISK,STEEP_MID_RATE_NORMAL,,STEEP_MID_RATE,STEEP_MID_RATE_NORMAL,STEEP_MID_RATE_NORMAL
2014-01-03,-0.0001644183492931,5.700939120874506,-0.009746350966889583,0.0,0.0,NON_RISK,STEEP_MID_RATE_NORMAL,,STEEP_MID_RATE,STEEP_MID_RATE_NORMAL,STEEP_MID_RATE_NORMAL
2014-01-06,-0.0028974640384848,5.684420854786181,-0.012615575303941418,0.0,0.0,NON_RISK,STEEP_MID_RATE_NORMAL,,STEEP_MID_RATE,STEEP_MID_RATE_NORMAL,STEEP_MID_RATE_NORMAL
2014-01-07,0.0061419229947505,5.719334129946032,-0.006551136201242147,0.0,0.0,NON_RISK,STEEP_MID_RATE_NORMAL,,STEEP_MID_RATE,STEEP_MID_RATE_NORMAL,STEEP_MID_RATE_NORMAL
2014-01-08,0.0002179751369102,5.720580802586042,-0.006334589049142303,0.0,0.0,NON_RISK,STEEP_MID_RATE_NORMAL,,STEEP_MID_RATE,STEEP_MID_RATE_NORMAL,STEEP_MID_RATE_NORMAL
2014-01-09,0.0006539876253135,5.724321991640539,-0.005684744166678302,0.0,0.0,NON_RISK,STEEP_MID_RATE_NORMAL,,STEEP_MID_RATE,STEEP_MID_RATE_NORMAL,STEEP_MID_RATE_NORMAL
2014-01-10,0.0027223662132389,5.739905692424283,-0.002977853908889605,0.0,0.0,NON_RISK,STEEP_MID_RATE_NORMAL,,STEEP_MID_RATE,STEEP_MID_RATE_NORMAL,STEEP_MID_RATE_NORMAL
2014-01-13,-0.0133050406537241,5.663536013838035,-0.016243274095295024,0.0,0.0,NON_RISK,STEEP_MID_RATE_NORMAL,,STEEP_MID_RATE,STEEP_MID_RATE_NORMAL,STEEP_MID_RATE_NORMAL
2014-01-14,0.0108978812805782,5.725256556945121,-0.005522410087415275,0.0,0.0,NON_RISK,STEEP_MID_RATE_NORMAL,,STEEP_MID_RATE,STEEP_MID_RATE_NORMAL,STEEP_MID_RATE_NORMAL
2014-01-15,0.005390045475824,5.756115950147815,-0.0001621306530985578,0.0,0.0,NON_RISK,STEEP_MID_RATE_NORMAL,,STEEP_MID_RATE,STEEP_MID_RATE_NORMAL,STEEP_MID_RATE_NORMAL
2014-01-16,-0.0012997987890721,5.7486341576060545,-0.0014617187049440483,0.0,0.0,NON_RISK,STEEP_MID_RATE_NORMAL,,STEEP_MID_RATE,STEEP_MID_RATE_NORMAL,STEEP_MID_RATE_NORMAL
2014-01-17,-0.0042292073732587,5.72432199164054,-0.005684744166678191,0.0,0.0,NON_RISK,STEEP_MID_RATE_NORMAL,,STEEP_MID_RATE,STEEP_MID_RATE_NORMAL,STEEP_MID_RATE_NORMAL
2014-01-21,0.0029402537131149,5.741152950631527,-0.002761205043707471,0.0,0.0,NON_RISK,STEEP_MID_RATE_NORMAL,,STEEP_MID_RATE,STEEP_MID_RATE_NORMAL,STEEP_MID_RATE_NORMAL
2014-01-22,0.000651746200442,5.744894725253258,-0.0021112584481611796,0.0,0.0,NON_RISK,STEEP_MID_RATE_NORMAL,,STEEP_MID_RATE,STEEP_MID_RATE_NORMAL,STEEP_MID_RATE_NORMAL
2014-01-23,-0.0081929950809412,5.697826831028733,-0.010286955999021963,0.0,0.0,NON_RISK,STEEP_MID_RATE_NORMAL,,STEEP_MID_RATE,STEEP_MID_RATE_NORMAL,STEEP_MID_RATE_NORMAL
2014-01-24,-0.0213363424470013,5.576256046558192,-0.03140381243009094,0.0,0.0,NON_RISK,STEEP_MID_RATE_NORMAL,,STEEP_MID_RATE,STEEP_MID_RATE_NORMAL,STEEP_MID_RATE_NORMAL
2014-01-27,-0.0049192319760474,5.548825149507335,-0.03616856176786243,0.0,0.0,NON_RISK,STEEP_MID_RATE_NORMAL,,STEEP_MID_RATE,STEEP_MID_RATE_NORMAL,STEEP_MID_RATE_NORMAL
2014-01-28,0.0059546328861079,5.581866366221854,-0.03042929938910066,0.0,0.0,NON_RISK,STEEP_MID_RATE_NORMAL,,STEEP_MID_RATE,STEEP_MID_RATE_NORMAL,STEEP_MID_RATE_NORMAL
2014-01-29,-0.0096052320037883,5.528251244760151,-0.0397422509125438,0.0,0.0,NON_RISK,STEEP_MID_RATE_NORMAL,,STEEP_MID_RATE,STEEP_MID_RATE_NORMAL,STEEP_MID_RATE_NORMAL
2014-01-30,0.0106009544905287,5.5868559846180625,-0.029562602215290057,0.0,0.0,NON_RISK,STEEP_MID_RATE_NORMAL,,STEEP_MID_RATE,STEEP_MID_RATE_NORMAL,STEEP_MID_RATE_NORMAL
2014-01-31,-0.0058588628152601,5.554123361835571,-0.035248261799708636,0.0,0.0,NON_RISK,STEEP_MID_RATE_NORMAL,,STEEP_MID_RATE,STEEP_MID_RATE_NORMAL,STEEP_MID_RATE_NORMAL
2014-02-03,-0.0225051452124932,5.429127009049361,-0.05696013976191139,0.0,0.0,NON_RISK,STEEP_MID_RATE_NORMAL,,STEEP_MID_RATE,STEEP_MID_RATE_NORMAL,STEEP_MID_RATE_NORMAL
2014-02-04,0.007004855381004,5.467157258592854,-0.05035428192242131,0.0,0.0,NON_RISK,STEEP_MID_RATE_NORMAL,,STEEP_MID_RATE,STEEP_MID_RATE_NORMAL,STEEP_MID_RATE_NORMAL
2014-02-05,-0.0012545366231404,5.460298509587481,-0.051545647254758076,0.0,0.0,NON_RISK,STEEP_MID_RATE_NORMAL,,STEEP_MID_RATE,STEEP_MID_RATE_NORMAL,STEEP_MID_RATE_NORMAL
2014-02-06,0.0131871968970493,5.532304541150077,-0.03903819295724309,0.0,0.0,NON_RISK,STEEP_MID_RATE_NORMAL,,STEEP_MID_RATE,STEEP_MID_RATE_NORMAL,STEEP_MID_RATE_NORMAL
2014-02-07,0.0123955176724241,5.600880319859135,-0.02712657389551998,0.0,0.0,NON_RISK,STEEP_MID_RATE_NORMAL,,STEEP_MID_RATE,STEEP_MID_RATE_NORMAL,STEEP_MID_RATE_NORMAL
2014-02-10,0.0018367193315547,5.611167565016345,-0.025339678466637983,0.0,0.0,NON_RISK,STEEP_MID_RATE_NORMAL,,STEEP_MID_RATE,STEEP_MID_RATE_NORMAL,STEEP_MID_RATE_NORMAL
2014-02-11,0.0109438631965443,5.672575415220771,-0.014673129244676897,0.0,0.0,NON_RISK,STEEP_MID_RATE_NORMAL,,STEEP_MID_RATE,STEEP_MID_RATE_NORMAL,STEEP_MID_RATE_NORMAL
2014-02-12,0.00049446095343,5.675380282268985,-0.014185923580722903,0.0,0.0,NON_RISK,STEEP_MID_RATE_NORMAL,,STEEP_MID_RATE,STEEP_MID_RATE_NORMAL,STEEP_MID_RATE_NORMAL
2014-02-13,0.0051630672257332,5.70468265219794,-0.009096099232096089,0.0,0.0,NON_RISK,STEEP_MID_RATE_NORMAL,,STEEP_MID_RATE,STEEP_MID_RATE_NORMAL,STEEP_MID_RATE_NORMAL
2014-02-14,0.0055190087442729,5.7361668456387225,-0.003627291939024002,0.0,0.0,NON_RISK,STEEP_MID_RATE_NORMAL,,STEEP_MID_RATE,STEEP_MID_RATE_NORMAL,STEEP_MID_RATE_NORMAL
2014-02-18,0.0011952941608823,5.743023252375162,-0.00243633345901606,0.0,0.0,NON_RISK,STEEP_MID_RATE_NORMAL,,STEEP_MID_RATE,STEEP_MID_RATE_NORMAL,STEEP_MID_RATE_NORMAL
2014-02-19,-0.0066218892567659,5.704993588398902,-0.00904208958542374,0.0,0.0,NON_RISK,STEEP_MID_RATE_NORMAL,,STEEP_MID_RATE,STEEP_MID_RATE_NORMAL,STEEP_MID_RATE_NORMAL
2014-02-20,0.0059008410315068,5.73865784864981,-0.003194604487153141,0.0,0.0,NON_RISK,STEEP_MID_RATE_NORMAL,,STEEP_MID_RATE,STEEP_MID_RATE_NORMAL,STEEP_MID_RATE_NORMAL
2014-02-21,-0.001140388497382,5.732113549248799,-0.004331349894324155,0.0,0.0,NON_RISK,STEEP_MID_RATE_NORMAL,,STEEP_MID_RATE,STEEP_MID_RATE_NORMAL,STEEP_MID_RATE_NORMAL
2014-02-24,0.0055467400988027,5.763908093323308,0.0,0.0,0.0,NON_RISK,STEEP_MID_RATE_NORMAL,,STEEP_MID_RATE,STEEP_MID_RATE_NORMAL,STEEP_MID_RATE_NORMAL
2014-02-25,-0.0003787351586715,5.761725098677015,-0.0003787351586714838,0.0,0.0,NON_RISK,STEEP_MID_RATE_NORMAL,,STEEP_MID_RATE,STEEP_MID_RATE_NORMAL,STEEP_MID_RATE_NORMAL
2014-02-26,5.457560001143058e-05,5.762039548281376,-0.00032418022835856153,0.0,0.0,NON_RISK,STEEP_MID_RATE_NORMAL,,STEEP_MID_RATE,STEEP_MID_RATE_NORMAL,STEEP_MID_RATE_NORMAL
2014-02-27,0.0052474065555641,5.792275312380448,0.0,0.0,0.0,NON_RISK,STEEP_MID_RATE_NORMAL,,STEEP_MID_RATE,STEEP_MID_RATE_NORMAL,STEEP_MID_RATE_NORMAL
2014-02-28,0.0025291824466771,5.806925033426841,0.0,0.0,0.0,NON_RISK,STEEP_MID_RATE_NORMAL,,STEEP_MID_RATE,STEEP_MID_RATE_NORMAL,STEEP_MID_RATE_NORMAL
2014-03-03,-0.007032141168802,5.766089916835133,-0.00703214116880202,0.0,0.0,NON_RISK,STEEP_MID_RATE_NORMAL,,STEEP_MID_RATE,STEEP_MID_RATE_NORMAL,STEEP_MID_RATE_NORMAL
2014-03-04,0.0140555270754103,5.84713534978046,0.0,0.0,0.0,NON_RISK,STEEP_MID_RATE_NORMAL,,STEEP_MID_RATE,STEEP_MID_RATE_NORMAL,STEEP_MID_RATE_NORMAL
2014-03-05,0.000906221179858,5.852434147675928,0.0,0.0,0.0,NON_RISK,STEEP_MID_RATE_NORMAL,,STEEP_MID_RATE,STEEP_MID_RATE_NORMAL,STEEP_MID_RATE_NORMAL
2014-03-06,0.0022905666833759,5.865839538351246,0.0,0.0,0.0,NON_RISK,STEEP_MID_RATE_NORMAL,,STEEP_MID_RATE,STEEP_MID_RATE_NORMAL,STEEP_MID_RATE_NORMAL
2014-03-07,0.0004250619649104,5.8683328836312665,0.0,0.0,0.0,NON_RISK,STEEP_MID_RATE_NORMAL,,STEEP_MID_RATE,STEEP_MID_RATE_NORMAL,STEEP_MID_RATE_NORMAL
2014-03-10,-0.0005312513813883,5.865215323680391,-0.0005312513813883202,0.0,0.0,NON_RISK,STEEP_MID_RATE_NORMAL,,STEEP_MID_RATE,STEEP_MID_RATE_NORMAL,STEEP_MID_RATE_NORMAL
2014-03-11,-0.004942744808785,5.836225061086863,-0.005471370350165761,0.0,0.0,NON_RISK,STEEP_MID_RATE_NORMAL,,STEEP_MID_RATE,STEEP_MID_RATE_NORMAL,STEEP_MID_RATE_NORMAL
2014-03-12,0.000267087022711,5.837783841062301,-0.005205744659471767,0.0,0.0,NON_RISK,STEEP_MID_RATE_NORMAL,,STEEP_MID_RATE,STEEP_MID_RATE_NORMAL,STEEP_MID_RATE_NORMAL
2014-03-13,-0.0112129544545632,5.772325036736884,-0.016360327336266134,0.0,0.0,NON_RISK,STEEP_MID_RATE_NORMAL,,STEEP_MID_RATE,STEEP_MID_RATE_NORMAL,STEEP_MID_RATE_NORMAL
2014-03-14,-0.0028080689299209,5.7561159501478185,-0.019122455339310784,0.0,0.0,NON_RISK,STEEP_MID_RATE_NORMAL,,STEEP_MID_RATE,STEEP_MID_RATE_NORMAL,STEEP_MID_RATE_NORMAL
2014-03-17,0.0090437592821879,5.808172877201318,-0.010251634940096066,0.0,0.0,NON_RISK,STEEP_MID_RATE_NORMAL,,STEEP_MID_RATE,STEEP_MID_RATE_NORMAL,STEEP_MID_RATE_NORMAL
2014-03-18,0.0071375980541357,5.849629280627713,-0.0031872089355605704,0.0,0.0,NON_RISK,STEEP_MID_RATE_NORMAL,,STEEP_MID_RATE,STEEP_MID_RATE_NORMAL,STEEP_MID_RATE_NORMAL
2014-03-19,-0.0053288994242057,5.8184571945223595,-0.008499124043904627,0.0,0.0,NON_RISK,STEEP_MID_RATE_NORMAL,,STEEP_MID_RATE,STEEP_MID_RATE_NORMAL,STEEP_MID_RATE_NORMAL
2014-03-20,0.0058395124373442,5.852434147675928,-0.0027092423471213323,0.0,0.0,NON_RISK,STEEP_MID_RATE_NORMAL,,STEEP_MID_RATE,STEEP_MID_RATE_NORMAL,STEEP_MID_RATE_NORMAL
2014-03-21,-0.0038783447246327,5.8297363905730295,-0.006577079695989196,0.0,0.0,NON_RISK,STEEP_MID_RATE_NORMAL,,STEEP_MID_RATE,STEEP_MID_RATE_NORMAL,STEEP_MID_RATE_NORMAL
2014-03-24,-0.0041353161422572,5.805628587571989,-0.010685197534410662,0.0,0.0,NON_RISK,STEEP_MID_RATE_NORMAL,,STEEP_MID_RATE,STEEP_MID_RATE_NORMAL,STEEP_MID_RATE_NORMAL
2014-03-25,0.0047456573367312,5.833180111472936,-0.005990248483753069,0.0,0.0,NON_RISK,STEEP_MID_RATE_NORMAL,,STEEP_MID_RATE,STEEP_MID_RATE_NORMAL,STEEP_MID_RATE_NORMAL
2014-03-26,-0.0071922260595171,5.7912265614653435,-0.013139391322022353,0.0,0.0,NON_RISK,STEEP_MID_RATE_NORMAL,,STEEP_MID_RATE,STEEP_MID_RATE_NORMAL,STEEP_MID_RATE_NORMAL
2014-03-27,-0.0021083033542256,5.779016899080726,-0.015219992853451214,0.0,0.0,NON_RISK,STEEP_MID_RATE_NORMAL,,STEEP_MID_RATE,STEEP_MID_RATE_NORMAL,STEEP_MID_RATE_NORMAL
2014-03-28,0.0049296328375498,5.80750533055519,-0.010365388992458868,0.0,0.0,NON_RISK,STEEP_MID_RATE_NORMAL,,STEEP_MID_RATE,STEEP_MID_RATE_NORMAL,STEEP_MID_RATE_NORMAL
2014-03-31,0.0081946063736477,5.855095550751951,-0.002255722901514101,0.0,0.0,NON_RISK,STEEP_MID_RATE_NORMAL,,STEEP_MID_RATE,STEEP_MID_RATE_NORMAL,STEEP_MID_RATE_NORMAL
2014-04-01,0.0066307531291831,5.893919243896766,0.0,0.0,0.0,NON_RISK,STEEP_MID_RATE_NORMAL,,STEEP_MID_RATE,STEEP_MID_RATE_NORMAL,STEEP_MID_RATE_NORMAL
2014-04-02,0.0033467404302061,5.913644661722685,0.0,0.0,0.0,NON_RISK,STEEP_MID_RATE_NORMAL,,STEEP_MID_RATE,STEEP_MID_RATE_NORMAL,STEEP_MID_RATE_NORMAL
2014-04-03,-0.0013238931926145,5.9058156278114895,-0.0013238931926145003,0.0,0.0,NON_RISK,STEEP_MID_RATE_NORMAL,,STEEP_MID_RATE,STEEP_MID_RATE_NORMAL,STEEP_MID_RATE_NORMAL
2014-04-04,-0.0118218669886032,5.835997861000288,-0.013130109291987546,0.0,0.0,NON_RISK,STEEP_MID_RATE_NORMAL,,STEEP_MID_RATE,STEEP_MID_RATE_NORMAL,STEEP_MID_RATE_NORMAL
2014-04-07,-0.0110515320425096,5.7715011436394255,-0.024036533510935043,0.0,0.0,NON_RISK,STEEP_MID_RATE_NORMAL,,STEEP_MID_RATE,STEEP_MID_RATE_NORMAL,STEEP_MID_RATE_NORMAL
2014-04-08,0.004122863273553,5.795296253737805,-0.02001276957861786,0.0,0.0,NON_RISK,STEEP_MID_RATE_NORMAL,,STEEP_MID_RATE,STEEP_MID_RATE_NORMAL,STEEP_MID_RATE_NORMAL
2014-04-09,0.010751151901915,5.85760236407834,-0.009476778002420527,0.0,0.0,NON_RISK,STEEP_MID_RATE_NORMAL,,STEEP_MID_RATE,STEEP_MID_RATE_NORMAL,STEEP_MID_RATE_NORMAL
2014-04-10,-0.0210061763642703,5.734556535746743,-0.030283883496607045,0.0,0.0,NON_RISK,STEEP_MID_RATE_NORMAL,,STEEP_MID_RATE,STEEP_MID_RATE_NORMAL,STEEP_MID_RATE_NORMAL
2014-04-11,-0.0090089363346783,5.682894281008588,-0.03901999425289748,0.0,0.0,NON_RISK,STEEP_MID_RATE_NORMAL,,STEEP_MID_RATE,STEEP_MID_RATE_NORMAL,STEEP_MID_RATE_NORMAL
2014-04-14,0.0078788748697957,5.727669093946933,-0.03144855303524052,0.0,0.0,NON_RISK,STEEP_MID_RATE_NORMAL,,STEEP_MID_RATE,STEEP_MID_RATE_NORMAL,STEEP_MID_RATE_NORMAL
2014-04-15,0.0068873555255826,5.767117587329837,-0.024777794875176617,0.0,0.0,NON_RISK,STEEP_MID_RATE_NORMAL,,STEEP_MID_RATE,STEEP_MID_RATE_NORMAL,STEEP_MID_RATE_NORMAL
2014-04-16,0.0104778555618767,5.827544612418238,-0.014559557469143836,0.0,0.0,NON_RISK,STEEP_MID_RATE_NORMAL,,STEEP_MID_RATE,STEEP_MID_RATE_NORMAL,STEEP_MID_RATE_NORMAL
2014-04-17,0.0013968095747924,5.835684582530394,-0.013183084823628954,0.0,0.0,NON_RISK,STEEP_MID_RATE_NORMAL,,STEEP_MID_RATE,STEEP_MID_RATE_NORMAL,STEEP_MID_RATE_NORMAL
2014-04-21,0.0034874039044876,5.856035971728869,-0.009741655660628457,0.0,0.0,NON_RISK,STEEP_MID_RATE_NORMAL,,STEEP_MID_RATE,STEEP_MID_RATE_NORMAL,STEEP_MID_RATE_NORMAL
2014-04-22,0.004544117810284,5.8826464890856665,-0.005241805081333539,0.0,0.0,NON_RISK,STEEP_MID_RATE_NORMAL,,STEEP_MID_RATE,STEEP_MID_RATE_NORMAL,STEEP_MID_RATE_NORMAL
2014-04-23,-0.002341613358066,5.868871605486043,-0.007571144158600718,0.0,0.0,NON_RISK,STEEP_MID_RATE_NORMAL,,STEEP_MID_RATE,STEEP_MID_RATE_NORMAL,STEEP_MID_RATE_NORMAL
2014-04-24,0.0020272304199104,5.880769160535233,-0.0055592621924421826,0.0,0.0,NON_RISK,STEEP_MID_RATE_NORMAL,,STEEP_MID_RATE,STEEP_MID_RATE_NORMAL,STEEP_MID_RATE_NORMAL
2014-04-25,-0.0081988605037669,5.83255355453315,-0.013712543080989348,0.0,0.0,NON_RISK,STEEP_MID_RATE_NORMAL,,STEEP_MID_RATE,STEEP_MID_RATE_NORMAL,STEEP_MID_RATE_NORMAL
2014-04-28,0.0031669032507242,5.851024687345024,-0.010589066127524083,0.0,0.0,NON_RISK,STEEP_MID_RATE_NORMAL,,STEEP_MID_RATE,STEEP_MID_RATE_NORMAL,STEEP_MID_RATE_NORMAL
2014-04-29,0.0046553949870011,5.87826351834331,-0.005982967425889996,0.0,0.0,NON_RISK,STEEP_MID_RATE_NORMAL,,STEEP_MID_RATE,STEEP_MID_RATE_NORMAL,STEEP_MID_RATE_NORMAL
2014-04-30,0.0029828920026537,5.895797743581668,-0.003017921968923032,0.0,0.0,NON_RISK,STEEP_MID_RATE_NORMAL,,STEEP_MID_RATE,STEEP_MID_RATE_NORMAL,STEEP_MID_RATE_NORMAL
2014-05-01,0.0001060731443853,5.89642312938699,-0.0029121689450103405,0.0,0.0,NON_RISK,STEEP_MID_RATE_NORMAL,,STEEP_MID_RATE,STEEP_MID_RATE_NORMAL,STEEP_MID_RATE_NORMAL
2014-05-02,-0.0014338217476934,5.887968709670473,-0.00434181516153731,0.0,0.0,NON_RISK,STEEP_MID_RATE_NORMAL,,STEEP_MID_RATE,STEEP_MID_RATE_NORMAL,STEEP_MID_RATE_NORMAL
2014-05-05,0.001915037800515,5.899244392317742,-0.0024350921011794258,0.0,0.0,NON_RISK,STEEP_MID_RATE_NORMAL,,STEEP_MID_RATE,STEEP_MID_RATE_NORMAL,STEEP_MID_RATE_NORMAL
2014-05-06,-0.0087044303338855,5.847894830482248,-0.011118326345513685,0.0,0.0,NON_RISK,STEEP_MID_RATE_NORMAL,,STEEP_MID_RATE,STEEP_MID_RATE_NORMAL,STEEP_MID_RATE_NORMAL
2014-05-07,0.0058889216657564,5.88233262504854,-0.005294879632660177,0.0,0.0,NON_RISK,STEEP_MID_RATE_NORMAL,,STEEP_MID_RATE,STEEP_MID_RATE_NORMAL,STEEP_MID_RATE_NORMAL
2014-05-08,-0.0010640554618875,5.876073496890218,-0.006353301048954596,0.0,0.0,NON_RISK,STEEP_MID_RATE_NORMAL,,STEEP_MID_RATE,STEEP_MID_RATE_NORMAL,STEEP_MID_RATE_NORMAL
2014-05-09,0.0014923008239293,5.884842366211097,-0.004870481261415205,0.0,0.0,NON_RISK,STEEP_MID_RATE_NORMAL,,STEEP_MID_RATE,STEEP_MID_RATE_NORMAL,STEEP_MID_RATE_NORMAL
2014-05-12,0.0097357016024672,5.942135435466086,0.0,0.0,0.0,NON_RISK,STEEP_MID_RATE_NORMAL,,STEEP_MID_RATE,STEEP_MID_RATE_NORMAL,STEEP_MID_RATE_NORMAL
2014-05-13,0.0008957732804726,5.947458241618126,0.0,0.0,0.0,NON_RISK,STEEP_MID_RATE_NORMAL,,STEEP_MID_RATE,STEEP_MID_RATE_NORMAL,STEEP_MID_RATE_NORMAL
2014-05-14,-0.0047379343012088,5.919279575210156,-0.004737934301208724,0.0,0.0,NON_RISK,STEEP_MID_RATE_NORMAL,,STEEP_MID_RATE,STEEP_MID_RATE_NORMAL,STEEP_MID_RATE_NORMAL
2014-05-15,-0.0087802248080228,5.867306969838274,-0.013476558980941244,0.0,0.0,NON_RISK,STEEP_MID_RATE_NORMAL,,STEEP_MID_RATE,STEEP_MID_RATE_NORMAL,STEEP_MID_RATE_NORMAL
2014-05-16,0.0034685084206189,5.887657773469514,-0.01005479411862864,0.0,0.0,NON_RISK,STEEP_MID_RATE_NORMAL,,STEEP_MID_RATE,STEEP_MID_RATE_NORMAL,STEEP_MID_RATE_NORMAL
2014-05-19,0.0036692574152208,5.9092611054130995,-0.0064224303312862,0.0,0.0,NON_RISK,STEEP_MID_RATE_NORMAL,,STEEP_MID_RATE,STEEP_MID_RATE_NORMAL,STEEP_MID_RATE_NORMAL
2014-05-20,-0.0063051973558779,5.872002047916057,-0.01268713299642088,0.0,0.0,NON_RISK,STEEP_MID_RATE_NORMAL,,STEEP_MID_RATE,STEEP_MID_RATE_NORMAL,STEEP_MID_RATE_NORMAL
2014-05-21,0.008424207412788,5.921469011096018,-0.004369804623468254,0.0,0.0,NON_RISK,STEEP_MID_RATE_NORMAL,,STEEP_MID_RATE,STEEP_MID_RATE_NORMAL,STEEP_MID_RATE_NORMAL
2014-05-22,0.0024324678186029,5.935872793904364,-0.0019479662139854081,0.0,0.0,NON_RISK,STEEP_MID_RATE_NORMAL,,STEEP_MID_RATE,STEEP_MID_RATE_NORMAL,STEEP_MID_RATE_NORMAL
2014-05-23,0.0040083015009821,5.959665561733811,0.0,0.0,0.0,NON_RISK,STEEP_MID_RATE_NORMAL,,STEEP_MID_RATE,STEEP_MID_RATE_NORMAL,STEEP_MID_RATE_NORMAL
2014-05-27,0.0061470323929211,5.996299818992765,0.0,0.0,0.0,NON_RISK,STEEP_MID_RATE_NORMAL,,STEEP_MID_RATE,STEEP_MID_RATE_NORMAL,STEEP_MID_RATE_NORMAL
2014-05-28,-0.0007308482409837,5.991917433817643,-0.0007308482409836836,0.0,0.0,NON_RISK,STEEP_MID_RATE_NORMAL,,STEEP_MID_RATE,STEEP_MID_RATE_NORMAL,STEEP_MID_RATE_NORMAL
2014-05-29,0.0051724515356301,6.022910336349562,0.0,0.0,0.0,NON_RISK,STEEP_MID_RATE_NORMAL,,STEEP_MID_RATE,STEEP_MID_RATE_NORMAL,STEEP_MID_RATE_NORMAL
2014-05-30,0.0016117679085323,6.032617869945658,0.0,0.0,0.0,NON_RISK,STEEP_MID_RATE_NORMAL,,STEEP_MID_RATE,STEEP_MID_RATE_NORMAL,STEEP_MID_RATE_NORMAL
2014-06-02,0.0011417003278335,6.03950531174547,0.0,0.0,0.0,NON_RISK,STEEP_MID_RATE_NORMAL,,STEEP_MID_RATE,STEEP_MID_RATE_NORMAL,STEEP_MID_RATE_NORMAL
2014-06-03,-0.0005181337102988,6.036376040449925,-0.0005181337102988515,0.0,0.0,NON_RISK,STEEP_MID_RATE_NORMAL,,STEEP_MID_RATE,STEEP_MID_RATE_NORMAL,STEEP_MID_RATE_NORMAL
2014-06-04,0.0020227778836225,6.0485862884017765,0.0,0.0,0.0,NON_RISK,STEEP_MID_RATE_NORMAL,,STEEP_MID_RATE,STEEP_MID_RATE_NORMAL,STEEP_MID_RATE_NORMAL
2014-06-05,0.0065216456871655,6.08803302508298,0.0,0.0,0.0,NON_RISK,STEEP_MID_RATE_NORMAL,,STEEP_MID_RATE,STEEP_MID_RATE_NORMAL,STEEP_MID_RATE_NORMAL
2014-06-06,0.0047831003596967,6.117152698035101,0.0,0.0,0.0,NON_RISK,STEEP_MID_RATE_NORMAL,,STEEP_MID_RATE,STEEP_MID_RATE_NORMAL,STEEP_MID_RATE_NORMAL
2014-06-09,0.0010236880299721,6.123414754029591,0.0,0.0,0.0,NON_RISK,STEEP_MID_RATE_NORMAL,,STEEP_MID_RATE,STEEP_MID_RATE_NORMAL,STEEP_MID_RATE_NORMAL
2014-06-10,0.000102417120547,6.124041896536614,0.0,0.0,0.0,NON_RISK,STEEP_MID_RATE_NORMAL,,STEEP_MID_RATE,STEEP_MID_RATE_NORMAL,STEEP_MID_RATE_NORMAL
2014-06-11,-0.003476948993752,6.102748915226756,-0.0034769489937520603,0.0,0.0,NON_RISK,STEEP_MID_RATE_NORMAL,,STEEP_MID_RATE,STEEP_MID_RATE_NORMAL,STEEP_MID_RATE_NORMAL
2014-06-12,-0.0070795813141962,6.059544008041286,-0.010531914964821532,0.0,0.0,NON_RISK,STEEP_MID_RATE_NORMAL,,STEEP_MID_RATE,STEEP_MID_RATE_NORMAL,STEEP_MID_RATE_NORMAL
2014-06-13,0.0030482710889403,6.07801514085316,-0.007515748007779655,0.0,0.0,NON_RISK,STEEP_MID_RATE_NORMAL,,STEEP_MID_RATE,STEEP_MID_RATE_NORMAL,STEEP_MID_RATE_NORMAL
2014-06-16,0.0008244935670136,6.083026425237005,-0.006697451126649656,0.0,0.0,NON_RISK,STEEP_MID_RATE_NORMAL,,STEEP_MID_RATE,STEEP_MID_RATE_NORMAL,STEEP_MID_RATE_NORMAL
2014-06-17,0.0027792904357542,6.0999329224011065,-0.003936774852755676,0.0,0.0,NON_RISK,STEEP_MID_RATE_NORMAL,,STEEP_MID_RATE,STEEP_MID_RATE_NORMAL,STEEP_MID_RATE_NORMAL
2014-06-18,0.0073400219926111,6.144706564204983,0.0,0.0,0.0,NON_RISK,STEEP_MID_RATE_NORMAL,,STEEP_MID_RATE,STEEP_MID_RATE_NORMAL,STEEP_MID_RATE_NORMAL
2014-06-19,0.0011206834034125,6.151592834870328,0.0,0.0,0.0,NON_RISK,STEEP_MID_RATE_NORMAL,,STEEP_MID_RATE,STEEP_MID_RATE_NORMAL,STEEP_MID_RATE_NORMAL
2014-06-20,0.0020300119262963,6.164080641690834,0.0,0.0,0.0,NON_RISK,STEEP_MID_RATE_NORMAL,,STEEP_MID_RATE,STEEP_MID_RATE_NORMAL,STEEP_MID_RATE_NORMAL
2014-06-23,-0.0003060793224228,6.162193944064666,-0.0003060793224227698,0.0,0.0,NON_RISK,STEEP_MID_RATE_NORMAL,,STEEP_MID_RATE,STEEP_MID_RATE_NORMAL,STEEP_MID_RATE_NORMAL
2014-06-24,-0.0060241587819824,6.12507190930025,-0.006328394233966916,0.0,0.0,NON_RISK,STEEP_MID_RATE_NORMAL,,STEEP_MID_RATE,STEEP_MID_RATE_NORMAL,STEEP_MID_RATE_NORMAL
2014-06-25,0.0045195699530002,6.15275460026149,-0.0018374259013972383,0.0,0.0,NON_RISK,STEEP_MID_RATE_NORMAL,,STEEP_MID_RATE,STEEP_MID_RATE_NORMAL,STEEP_MID_RATE_NORMAL
2014-06-26,-0.000715499763451,6.148352305800431,-0.002551610987050368,0.0,0.0,NON_RISK,STEEP_MID_RATE_NORMAL,,STEEP_MID_RATE,STEEP_MID_RATE_NORMAL,STEEP_MID_RATE_NORMAL
2014-06-27,0.0019440327708382,6.160304904169566,-0.0006125386315893877,0.0,0.0,NON_RISK,STEEP_MID_RATE_NORMAL,,STEEP_MID_RATE,STEEP_MID_RATE_NORMAL,STEEP_MID_RATE_NORMAL
2014-06-30,-0.0005102547614193,6.157161579260419,-0.0011224808422554133,0.0,0.0,NON_RISK,STEEP_MID_RATE_NORMAL,,STEEP_MID_RATE,STEEP_MID_RATE_NORMAL,STEEP_MID_RATE_NORMAL
2014-07-01,0.0066930946439931,6.198372044448767,0.0,0.0,0.0,NON_RISK,STEEP_MID_RATE_NORMAL,,STEEP_MID_RATE,STEEP_MID_RATE_NORMAL,STEEP_MID_RATE_NORMAL
2014-07-02,0.0010148089170169,6.204662207670463,0.0,0.0,0.0,NON_RISK,STEEP_MID_RATE_NORMAL,,STEEP_MID_RATE,STEEP_MID_RATE_NORMAL,STEEP_MID_RATE_NORMAL
2014-07-03,0.004918277543968,6.235178458474356,0.0,0.0,0.0,NON_RISK,STEEP_MID_RATE_NORMAL,,STEEP_MID_RATE,STEEP_MID_RATE_NORMAL,STEEP_MID_RATE_NORMAL
2014-07-07,-0.0034816540040006,6.213469724428751,-0.0034816540040004673,0.0,0.0,NON_RISK,STEEP_MID_RATE_NORMAL,,STEEP_MID_RATE,STEEP_MID_RATE_NORMAL,STEEP_MID_RATE_NORMAL
2014-07-08,-0.0064297263591921,6.173518814359549,-0.009888994280669472,0.0,0.0,NON_RISK,STEEP_MID_RATE_NORMAL,,STEEP_MID_RATE,STEEP_MID_RATE_NORMAL,STEEP_MID_RATE_NORMAL
2014-07-09,0.0044842921724501,6.201202676455256,-0.005449047247865546,0.0,0.0,NON_RISK,STEEP_MID_RATE_NORMAL,,STEEP_MID_RATE,STEEP_MID_RATE_NORMAL,STEEP_MID_RATE_NORMAL
2014-07-10,-0.003957100221547,6.176663895970396,-0.009384585043340832,0.0,0.0,NON_RISK,STEEP_MID_RATE_NORMAL,,STEEP_MID_RATE,STEEP_MID_RATE_NORMAL,STEEP_MID_RATE_NORMAL
2014-07-11,0.0013754989964138,6.185159890960489,-0.00802199453423591,0.0,0.0,NON_RISK,STEEP_MID_RATE_NORMAL,,STEEP_MID_RATE,STEEP_MID_RATE_NORMAL,STEEP_MID_RATE_NORMAL
2014-07-14,0.0050350853159344,6.216302698704171,-0.0030273006451853046,0.0,0.0,NON_RISK,STEEP_MID_RATE_NORMAL,,STEEP_MID_RATE,STEEP_MID_RATE_NORMAL,STEEP_MID_RATE_NORMAL
2014-07-15,-0.0018725746795009,6.204662207670465,-0.004894206478150753,0.0,0.0,NON_RISK,STEEP_MID_RATE_NORMAL,,STEEP_MID_RATE,STEEP_MID_RATE_NORMAL,STEEP_MID_RATE_NORMAL
2014-07-16,0.0037015903947021,6.227629325700749,-0.0012107324311377843,0.0,0.0,NON_RISK,STEEP_MID_RATE_NORMAL,,STEEP_MID_RATE,STEEP_MID_RATE_NORMAL,STEEP_MID_RATE_NORMAL
2014-07-17,-0.0113657391562064,6.156847715223293,-0.012562710718343917,0.0,0.0,NON_RISK,STEEP_MID_RATE_NORMAL,,STEEP_MID_RATE,STEEP_MID_RATE_NORMAL,STEEP_MID_RATE_NORMAL
2014-07-18,0.0102189097908369,6.21976398662108,-0.002472178135066061,0.0,0.0,NON_RISK,STEEP_MID_RATE_NORMAL,,STEEP_MID_RATE,STEEP_MID_RATE_NORMAL,STEEP_MID_RATE_NORMAL
2014-07-21,-0.001871344302497,6.208124666721841,-0.004338896141095283,0.0,0.0,NON_RISK,STEEP_MID_RATE_NORMAL,,STEEP_MID_RATE,STEEP_MID_RATE_NORMAL,STEEP_MID_RATE_NORMAL
2014-07-22,0.0043578042009266,6.235178458474358,0.0,0.0,0.0,NON_RISK,STEEP_MID_RATE_NORMAL,,STEEP_MID_RATE,STEEP_MID_RATE_NORMAL,STEEP_MID_RATE_NORMAL
2014-07-23,0.0022202083000724,6.249021853440296,0.0,0.0,0.0,NON_RISK,STEEP_MID_RATE_NORMAL,,STEEP_MID_RATE,STEEP_MID_RATE_NORMAL,STEEP_MID_RATE_NORMAL
2014-07-24,5.050722276722652e-05,6.249337474179125,0.0,0.0,0.0,NON_RISK,STEEP_MID_RATE_NORMAL,,STEEP_MID_RATE,STEEP_MID_RATE_NORMAL,STEEP_MID_RATE_NORMAL
2014-07-25,-0.0046821297792036,6.220077265090978,-0.00468212977920357,0.0,0.0,NON_RISK,STEEP_MID_RATE_NORMAL,,STEEP_MID_RATE,STEEP_MID_RATE_NORMAL,STEEP_MID_RATE_NORMAL
2014-07-28,0.0004049024736707,6.222595789762037,-0.004279123111462391,0.0,0.0,NON_RISK,STEEP_MID_RATE_NORMAL,,STEEP_MID_RATE,STEEP_MID_RATE_NORMAL,STEEP_MID_RATE_NORMAL
2014-07-29,-0.0042974185939977,6.195854690912182,-0.008558152522234796,0.0,0.0,NON_RISK,STEEP_MID_RATE_NORMAL,,STEEP_MID_RATE,STEEP_MID_RATE_NORMAL,STEEP_MID_RATE_NORMAL
2014-07-30,0.0001521603221641,6.196797454158034,-0.008407294411315602,0.0,0.0,NON_RISK,STEEP_MID_RATE_NORMAL,,STEEP_MID_RATE,STEEP_MID_RATE_NORMAL,STEEP_MID_RATE_NORMAL
2014-07-31,-0.0197479720162097,6.074423271443202,-0.02798923941275855,0.0,0.0,NON_RISK,STEEP_MID_RATE_NORMAL,,STEEP_MID_RATE,STEEP_MID_RATE_NORMAL,STEEP_MID_RATE_NORMAL
2014-08-01,-0.0030556497854017,6.055861961277377,-0.030959363884755176,0.0,0.0,NON_RISK,STEEP_MID_RATE_NORMAL,,STEEP_MID_RATE,STEEP_MID_RATE_NORMAL,STEEP_MID_RATE_NORMAL
2014-08-04,0.007221129093347,6.09959212227125,-0.023961796354667886,0.0,0.0,NON_RISK,STEEP_MID_RATE_NORMAL,,STEEP_MID_RATE,STEEP_MID_RATE_NORMAL,STEEP_MID_RATE_NORMAL
2014-08-05,-0.0096965858091443,6.040446903856866,-0.03342603454931803,0.0,0.0,NON_RISK,STEEP_MID_RATE_NORMAL,,STEEP_MID_RATE,STEEP_MID_RATE_NORMAL,STEEP_MID_RATE_NORMAL
2014-08-06,0.0003126348692283,6.042335358184734,-0.03312384982402983,0.0,0.0,NON_RISK,STEEP_MID_RATE_NORMAL,,STEEP_MID_RATE,STEEP_MID_RATE_NORMAL,STEEP_MID_RATE_NORMAL
2014-08-07,-0.005414597258802,6.009618545717545,-0.03835909477637367,0.0,0.0,NON_RISK,STEEP_MID_RATE_NORMAL,,STEEP_MID_RATE,STEEP_MID_RATE_NORMAL,STEEP_MID_RATE_NORMAL
2014-08-08,0.0115685613648617,6.079141186643089,-0.027234292953332906,0.0,0.0,NON_RISK,STEEP_MID_RATE_NORMAL,,STEEP_MID_RATE,STEEP_MID_RATE_NORMAL,STEEP_MID_RATE_NORMAL
2014-08-11,0.00289781140299,6.096757391294131,-0.0244154013950153,0.0,0.0,NON_RISK,STEEP_MID_RATE_NORMAL,,STEEP_MID_RATE,STEEP_MID_RATE_NORMAL,STEEP_MID_RATE_NORMAL
2014-08-12,-0.0013928545084612,6.088265495274673,-0.025774248801567534,0.0,0.0,NON_RISK,STEEP_MID_RATE_NORMAL,,STEEP_MID_RATE,STEEP_MID_RATE_NORMAL,STEEP_MID_RATE_NORMAL
2014-08-13,0.0067689312806031,6.129476546030254,-0.019179781639911297,0.0,0.0,NON_RISK,STEEP_MID_RATE_NORMAL,,STEEP_MID_RATE,STEEP_MID_RATE_NORMAL,STEEP_MID_RATE_NORMAL
2014-08-14,0.0047219091924519,6.158419377677873,-0.014548437634694045,0.0,0.0,NON_RISK,STEEP_MID_RATE_NORMAL,,STEEP_MID_RATE,STEEP_MID_RATE_NORMAL,STEEP_MID_RATE_NORMAL
2014-08-15,-0.000204240461766,6.1571615792604275,-0.014749706716839617,0.0,0.0,NON_RISK,STEEP_MID_RATE_NORMAL,,STEEP_MID_RATE,STEEP_MID_RATE_NORMAL,STEEP_MID_RATE_NORMAL
2014-08-18,0.0083788981829251,6.208751809228869,-0.0064943948247229155,0.0,0.0,NON_RISK,STEEP_MID_RATE_NORMAL,,STEEP_MID_RATE,STEEP_MID_RATE_NORMAL,STEEP_MID_RATE_NORMAL
2014-08-19,0.0052191037039621,6.241155928793398,-0.0013091860408454004,0.0,0.0,NON_RISK,STEEP_MID_RATE_NORMAL,,STEEP_MID_RATE,STEEP_MID_RATE_NORMAL,STEEP_MID_RATE_NORMAL
2014-08-20,0.0026716248019853,6.25782995576582,0.0,0.0,0.0,NON_RISK,STEEP_MID_RATE_NORMAL,,STEEP_MID_RATE,STEEP_MID_RATE_NORMAL,STEEP_MID_RATE_NORMAL
2014-08-21,0.0029156575931221,6.276075645192816,0.0,0.0,0.0,NON_RISK,STEEP_MID_RATE_NORMAL,,STEEP_MID_RATE,STEEP_MID_RATE_NORMAL,STEEP_MID_RATE_NORMAL
2014-08-22,-0.0015534698732275,6.266325950755912,-0.0015534698732274643,0.0,0.0,NON_RISK,STEEP_MID_RATE_NORMAL,,STEEP_MID_RATE,STEEP_MID_RATE_NORMAL,STEEP_MID_RATE_NORMAL
2014-08-25,0.0050701354565412,6.2980970721410845,0.0,0.0,0.0,NON_RISK,STEEP_MID_RATE_NORMAL,,STEEP_MID_RATE,STEEP_MID_RATE_NORMAL,STEEP_MID_RATE_NORMAL
2014-08-26,0.0006491532882235,6.302185502565016,0.0,0.0,0.0,NON_RISK,STEEP_MID_RATE_NORMAL,,STEEP_MID_RATE,STEEP_MID_RATE_NORMAL,STEEP_MID_RATE_NORMAL
2014-08-27,-0.0003990696983823,6.299670491297358,-0.0003990696983823261,0.0,0.0,NON_RISK,STEEP_MID_RATE_NORMAL,,STEEP_MID_RATE,STEEP_MID_RATE_NORMAL,STEEP_MID_RATE_NORMAL
2014-08-28,-0.0005496254218628,6.296208032245983,-0.0009484757813936762,0.0,0.0,NON_RISK,STEEP_MID_RATE_NORMAL,,STEEP_MID_RATE,STEEP_MID_RATE_NORMAL,STEEP_MID_RATE_NORMAL
2014-08-29,0.0028482217284582,6.314141028770319,0.0,0.0,0.0,NON_RISK,STEEP_MID_RATE_NORMAL,,STEEP_MID_RATE,STEEP_MID_RATE_NORMAL,STEEP_MID_RATE_NORMAL
2014-09-02,-0.0004983794784134,6.310994190457772,-0.0004983794784133577,0.0,0.0,NON_RISK,STEEP_MID_RATE_NORMAL,,STEEP_MID_RATE,STEEP_MID_RATE_NORMAL,STEEP_MID_RATE_NORMAL
2014-09-03,-0.0005481753129229,6.307534659242563,-0.0010462815920097013,0.0,0.0,NON_RISK,STEEP_MID_RATE_NORMAL,,STEEP_MID_RATE,STEEP_MID_RATE_NORMAL,STEEP_MID_RATE_NORMAL
2014-09-04,-0.0014462943800893,6.298412107312682,-0.0024910627409124864,0.0,0.0,NON_RISK,STEEP_MID_RATE_NORMAL,,STEEP_MID_RATE,STEEP_MID_RATE_NORMAL,STEEP_MID_RATE_NORMAL
2014-09-05,0.0044949431889125,6.3267231119154115,0.0,0.0,0.0,NON_RISK,STEEP_MID_RATE_NORMAL,,STEEP_MID_RATE,STEEP_MID_RATE_NORMAL,STEEP_MID_RATE_NORMAL
2014-09-08,-0.0025853272290499,6.310366462383517,-0.0025853272290499163,0.0,0.0,NON_RISK,STEEP_MID_RATE_NORMAL,,STEEP_MID_RATE,STEEP_MID_RATE_NORMAL,STEEP_MID_RATE_NORMAL
2014-09-09,-0.0063312752134226,6.270413795612615,-0.00890023402426865,0.0,0.0,NON_RISK,STEEP_MID_RATE_NORMAL,,STEEP_MID_RATE,STEEP_MID_RATE_NORMAL,STEEP_MID_RATE_NORMAL
2014-09-10,0.0037624180855306,6.294005713880989,-0.005171302340196249,0.0,0.0,NON_RISK,STEEP_MID_RATE_NORMAL,,STEEP_MID_RATE,STEEP_MID_RATE_NORMAL,STEEP_MID_RATE_NORMAL
2014-09-11,0.0011499212638863,6.3012433248864035,-0.004027327666832892,0.0,0.0,NON_RISK,STEEP_MID_RATE_NORMAL,,STEEP_MID_RATE,STEEP_MID_RATE_NORMAL,STEEP_MID_RATE_NORMAL
2014-09-12,-0.005841135174105,6.264436910860815,-0.00984493867564551,0.0,0.0,NON_RISK,STEEP_MID_RATE_NORMAL,,STEEP_MID_RATE,STEEP_MID_RATE_NORMAL,STEEP_MID_RATE_NORMAL
2014-09-15,-0.0007534072046293,6.259717238959227,-0.010590928632547403,0.0,0.0,NON_RISK,STEEP_MID_RATE_NORMAL,,STEEP_MID_RATE,STEEP_MID_RATE_NORMAL,STEEP_MID_RATE_NORMAL
2014-09-16,0.0075383493704306,6.306905174466609,-0.003132417382306296,0.0,0.0,NON_RISK,STEEP_MID_RATE_NORMAL,,STEEP_MID_RATE,STEEP_MID_RATE_NORMAL,STEEP_MID_RATE_NORMAL
2014-09-17,0.0013467227564392,6.315398827187767,-0.0017899131236385202,0.0,0.0,NON_RISK,STEEP_MID_RATE_NORMAL,,STEEP_MID_RATE,STEEP_MID_RATE_NORMAL,STEEP_MID_RATE_NORMAL
2014-09-18,0.0053299479207231,6.349059574035274,0.0,0.0,0.0,NON_RISK,STEEP_MID_RATE_NORMAL,,STEEP_MID_RATE,STEEP_MID_RATE_NORMAL,STEEP_MID_RATE_NORMAL
2014-09-19,-0.0009008925919845,6.343339753298958,-0.0009008925919844479,0.0,0.0,NON_RISK,STEEP_MID_RATE_NORMAL,,STEEP_MID_RATE,STEEP_MID_RATE_NORMAL,STEEP_MID_RATE_NORMAL
2014-09-22,-0.0077232947456302,6.294348270712557,-0.008617229478592559,0.0,0.0,NON_RISK,STEEP_MID_RATE_NORMAL,,STEEP_MID_RATE,STEEP_MID_RATE_NORMAL,STEEP_MID_RATE_NORMAL
2014-09-23,-0.0057240821062359,6.258318904405754,-0.014291985855764744,0.0,0.0,NON_RISK,STEEP_MID_RATE_NORMAL,,STEEP_MID_RATE,STEEP_MID_RATE_NORMAL,STEEP_MID_RATE_NORMAL
2014-09-24,0.0078281240965012,6.307309801424922,-0.006575741198127871,0.0,0.0,NON_RISK,STEEP_MID_RATE_NORMAL,,STEEP_MID_RATE,STEEP_MID_RATE_NORMAL,STEEP_MID_RATE_NORMAL
2014-09-25,-0.0161358694350403,6.20553587398278,-0.022605505331756537,0.0,0.0,NON_RISK,STEEP_MID_RATE_NORMAL,,STEEP_MID_RATE,STEEP_MID_RATE_NORMAL,STEEP_MID_RATE_NORMAL
2014-09-26,0.0079453809670564,6.254841220606308,-0.014839733716513814,0.0,0.0,NON_RISK,STEEP_MID_RATE_NORMAL,,STEEP_MID_RATE,STEEP_MID_RATE_NORMAL,STEEP_MID_RATE_NORMAL
2014-09-29,-0.0018188151881366,6.243464820394887,-0.01663155817157891,0.0,0.0,NON_RISK,STEEP_MID_RATE_NORMAL,,STEEP_MID_RATE,STEEP_MID_RATE_NORMAL,STEEP_MID_RATE_NORMAL
2014-09-30,-0.0026326523357966,6.22702794815201,-0.01922042539690716,0.0,0.0,NON_RISK,STEEP_MID_RATE_NORMAL,,STEEP_MID_RATE,STEEP_MID_RATE_NORMAL,STEEP_MID_RATE_NORMAL
2014-10-01,-0.0135516783097824,6.142641268572629,-0.032511634684733504,0.0,0.0,NON_RISK,STEEP_MID_RATE_NORMAL,,STEEP_MID_RATE,STEEP_MID_RATE_NORMAL,STEEP_MID_RATE_NORMAL
2014-10-02,-0.0039725936822485,6.118239050676779,-0.03635507285243378,2.0,0.001,FULL_RISK,STEEP_MID_RATE_STRESS,CREDIT,STEEP_MID_RATE,STEEP_MID_RATE_STRESS,STEEP_MID_RATE_STRESS
2014-10-03,-0.0002886014100809,6.116473318259541,-0.036633182137225995,0.0,0.0,FULL_RISK,STEEP_MID_RATE_STRESS,CREDIT,STEEP_MID_RATE,STEEP_MID_RATE_STRESS,STEEP_MID_RATE_STRESS
2014-10-06,0.0016355008831667,6.126476815773421,-0.03505759485579785,0.0,0.0,FULL_RISK,STEEP_MID_RATE_STRESS,CREDIT,STEEP_MID_RATE,STEEP_MID_RATE_STRESS,STEEP_MID_RATE_STRESS
2014-10-07,0.0058577825650325,6.162364384849934,-0.02940517205868365,0.0,0.0,FULL_RISK,STEEP_MID_RATE_STRESS,CREDIT,STEEP_MID_RATE,STEEP_MID_RATE_STRESS,STEEP_MID_RATE_STRESS
2014-10-08,0.0035326129403863,6.184133633019231,-0.025976436209626086,0.0,0.0,FULL_RISK,STEEP_MID_RATE_STRESS,CREDIT,STEEP_MID_RATE,STEEP_MID_RATE_STRESS,STEEP_MID_RATE_STRESS
2014-10-09,-0.0017125010513835,6.173543297670789,-0.02764445258668946,0.0,0.0,FULL_RISK,STEEP_MID_RATE_STRESS,CREDIT,STEEP_MID_RATE,STEEP_MID_RATE_STRESS,STEEP_MID_RATE_STRESS
2014-10-10,0.0039078526760956,6.197668595367584,-0.02384463035861395,0.0,0.0,FULL_RISK,STEEP_MID_RATE_STRESS,CREDIT,STEEP_MID_RATE,STEEP_MID_RATE_STRESS,STEEP_MID_RATE_STRESS
2014-10-13,0.0052207832063668,6.230025279488906,-0.018748334797985433,0.0,0.0,FULL_RISK,STEEP_MID_RATE_STRESS,CREDIT,STEEP_MID_RATE,STEEP_MID_RATE_STRESS,STEEP_MID_RATE_STRESS
2014-10-14,0.001983402488854,6.242381927133868,-0.016802117803031535,0.0,0.0,FULL_RISK,STEEP_MID_RATE_STRESS,CREDIT,STEEP_MID_RATE,STEEP_MID_RATE_STRESS,STEEP_MID_RATE_STRESS
2014-10-15,0.0056554743126036,6.277685557772235,-0.011241667436060365,0.0,0.0,FULL_RISK,STEEP_MID_RATE_STRESS,CREDIT,STEEP_MID_RATE,STEEP_MID_RATE_STRESS,STEEP_MID_RATE_STRESS
2014-10-16,-0.0027183087441917,6.260620870227257,-0.013929417857361237,0.0,0.0,FULL_RISK,STEEP_MID_RATE_STRESS,CREDIT,STEEP_MID_RATE,STEEP_MID_RATE_STRESS,STEEP_MID_RATE_STRESS
2014-10-17,-0.0029132802435177,6.242381927133869,-0.016802117803031313,0.0,0.0,FULL_RISK,STEEP_MID_RATE_STRESS,CREDIT,STEEP_MID_RATE,STEEP_MID_RATE_STRESS,STEEP_MID_RATE_STRESS
2014-10-20,0.0014138453546725,6.25120768982364,-0.015412028044563209,0.0,0.0,FULL_RISK,STEEP_MID_RATE_STRESS,CREDIT,STEEP_MID_RATE,STEEP_MID_RATE_STRESS,STEEP_MID_RATE_STRESS
2014-10-21,-0.0027296369970541,6.234144162037229,-0.018099595799667134,0.0,0.0,FULL_RISK,STEEP_MID_RATE_STRESS,CREDIT,STEEP_MID_RATE,STEEP_MID_RATE_STRESS,STEEP_MID_RATE_STRESS
2014-10-22,-0.0002832357371505,6.232378429619992,-0.01837770508445913,0.0,0.0,FULL_RISK,STEEP_MID_RATE_STRESS,CREDIT,STEEP_MID_RATE,STEEP_MID_RATE_STRESS,STEEP_MID_RATE_STRESS
2014-10-23,-0.0041534402143263,6.206492618419508,-0.022454814599440653,0.0,0.0,FULL_RISK,STEEP_MID_RATE_STRESS,CREDIT,STEEP_MID_RATE,STEEP_MID_RATE_STRESS,STEEP_MID_RATE_STRESS
2014-10-24,0.0008533060165782,6.211788655912654,-0.021620669411261284,0.0,0.0,FULL_RISK,STEEP_MID_RATE_STRESS,CREDIT,STEEP_MID_RATE,STEEP_MID_RATE_STRESS,STEEP_MID_RATE_STRESS
2014-10-27,0.0010420818859973,6.2182618483506245,-0.02060111803322051,0.0,0.0,FULL_RISK,STEEP_MID_RATE_STRESS,CREDIT,STEEP_MID_RATE,STEEP_MID_RATE_STRESS,STEEP_MID_RATE_STRESS
2014-10-28,-0.0024607928867157,6.202959993826467,-0.0230112158352217,0.0,0.0,FULL_RISK,STEEP_MID_RATE_STRESS,CREDIT,STEEP_MID_RATE,STEEP_MID_RATE_STRESS,STEEP_MID_RATE_STRESS
2014-10-29,-0.0033192530418617,6.182370799998413,-0.026254088828925326,0.0,0.0,FULL_RISK,STEEP_MID_RATE_STRESS,CREDIT,STEEP_MID_RATE,STEEP_MID_RATE_STRESS,STEEP_MID_RATE_STRESS
2014-10-30,0.0010466652891216,6.188841672919251,-0.025234902783278335,0.0,0.0,FULL_RISK,STEEP_MID_RATE_STRESS,CREDIT,STEEP_MID_RATE,STEEP_MID_RATE_STRESS,STEEP_MID_RATE_STRESS
2014-10-31,-0.0016165637773903,6.178837015646806,-0.026810672730903207,0.0,0.0,FULL_RISK,STEEP_MID_RATE_STRESS,CREDIT,STEEP_MID_RATE,STEEP_MID_RATE_STRESS,STEEP_MID_RATE_STRESS
2014-11-03,-0.0003714553720959,6.176541853444039,-0.027172169134583757,0.0,0.0,FULL_RISK,STEEP_MID_RATE_STRESS,CREDIT,STEEP_MID_RATE,STEEP_MID_RATE_STRESS,STEEP_MID_RATE_STRESS
2014-11-04,-9.576181670301054e-05,6.175950376575211,-0.027265328895006657,0.0,0.0,FULL_RISK,STEEP_MID_RATE_STRESS,CREDIT,STEEP_MID_RATE,STEEP_MID_RATE_STRESS,STEEP_MID_RATE_STRESS
2014-11-05,0.0002865618187173,6.177720168147431,-0.026986580278525407,0.0,0.0,FULL_RISK,STEEP_MID_RATE_STRESS,CREDIT,STEEP_MID_RATE,STEEP_MID_RATE_STRESS,STEEP_MID_RATE_STRESS
2014-11-06,-0.0030530928968703,6.158859014583208,-0.029957280638836403,0.0,0.0,FULL_RISK,STEEP_MID_RATE_STRESS,CREDIT,STEEP_MID_RATE,STEEP_MID_RATE_STRESS,STEEP_MID_RATE_STRESS
2014-11-07,0.0064116777687985,6.198347634008176,-0.023737679300323555,0.0,0.0,FULL_RISK,STEEP_MID_RATE_STRESS,CREDIT,STEEP_MID_RATE,STEEP_MID_RATE_STRESS,STEEP_MID_RATE_STRESS
2014-11-10,-0.0040891452181213,6.1730016904203175,-0.027729757700644675,0.0,0.0,FULL_RISK,STEEP_MID_RATE_STRESS,CREDIT,STEEP_MID_RATE,STEEP_MID_RATE_STRESS,STEEP_MID_RATE_STRESS
2014-11-11,9.591067325165348e-05,6.17359374716843,-0.027636506607123135,0.0,0.0,FULL_RISK,STEEP_MID_RATE_STRESS,CREDIT,STEEP_MID_RATE,STEEP_MID_RATE_STRESS,STEEP_MID_RATE_STRESS
2014-11-12,-0.0003815394638327,6.171238277520215,-0.028007501653042666,0.0,0.0,FULL_RISK,STEEP_MID_RATE_STRESS,CREDIT,STEEP_MID_RATE,STEEP_MID_RATE_STRESS,STEEP_MID_RATE_STRESS
2014-11-13,0.0016231482705635,6.181255112257607,-0.026429813710350136,0.0,0.0,FULL_RISK,STEEP_MID_RATE_STRESS,CREDIT,STEEP_MID_RATE,STEEP_MID_RATE_STRESS,STEEP_MID_RATE_STRESS
2014-11-14,0.0020981176043464,6.194224112425591,-0.024387148963428973,0.0,0.0,FULL_RISK,STEEP_MID_RATE_STRESS,CREDIT,STEEP_MID_RATE,STEEP_MID_RATE_STRESS,STEEP_MID_RATE_STRESS
2014-11-17,-0.0011424912375302,6.187147265653846,-0.025501778096960193,0.0,0.0,FULL_RISK,STEEP_MID_RATE_STRESS,CREDIT,STEEP_MID_RATE,STEEP_MID_RATE_STRESS,STEEP_MID_RATE_STRESS
2014-11-18,0.0011437980167419,6.194224112425591,-0.024387148963428973,0.0,0.0,FULL_RISK,STEEP_MID_RATE_STRESS,CREDIT,STEEP_MID_RATE,STEEP_MID_RATE_STRESS,STEEP_MID_RATE_STRESS
2014-11-19,-0.0026644086456367,6.177720168147433,-0.026986580278525074,0.0,0.0,FULL_RISK,STEEP_MID_RATE_STRESS,CREDIT,STEEP_MID_RATE,STEEP_MID_RATE_STRESS,STEEP_MID_RATE_STRESS
2014-11-20,0.0018129323067748,6.188919956622482,-0.02522257281498652,0.0,0.0,FULL_RISK,STEEP_MID_RATE_STRESS,CREDIT,STEEP_MID_RATE,STEEP_MID_RATE_STRESS,STEEP_MID_RATE_STRESS
2014-11-21,0.0019997614490629,6.201296320163072,-0.023273250494685094,0.0,0.0,FULL_RISK,STEEP_MID_RATE_STRESS,CREDIT,STEEP_MID_RATE,STEEP_MID_RATE_STRESS,STEEP_MID_RATE_STRESS
2014-11-24,0.0011401596915536,6.208366788262702,-0.02215962602523691,0.0,0.0,FULL_RISK,STEEP_MID_RATE_STRESS,CREDIT,STEEP_MID_RATE,STEEP_MID_RATE_STRESS,STEEP_MID_RATE_STRESS
2014-11-25,0.0024680774672205,6.223689518441054,-0.019746240231691248,0.0,0.0,FULL_RISK,STEEP_MID_RATE_STRESS,CREDIT,STEEP_MID_RATE,STEEP_MID_RATE_STRESS,STEEP_MID_RATE_STRESS
2014-11-26,0.0017047847924662,6.234299569685124,-0.018075118529280343,0.0,0.0,FULL_RISK,STEEP_MID_RATE_STRESS,CREDIT,STEEP_MID_RATE,STEEP_MID_RATE_STRESS,STEEP_MID_RATE_STRESS
2014-11-28,0.0038757216750395,6.258461979656042,-0.014269450982903664,0.0,0.0,FULL_RISK,STEEP_MID_RATE_STRESS,CREDIT,STEEP_MID_RATE,STEEP_MID_RATE_STRESS,STEEP_MID_RATE_STRESS
2014-12-01,-0.0024527694557932,6.243111415272098,-0.016687220765175148,0.0,0.0,FULL_RISK,STEEP_MID_RATE_STRESS,CREDIT,STEEP_MID_RATE,STEEP_MID_RATE_STRESS,STEEP_MID_RATE_STRESS
2014-12-02,-0.0044441757027949,6.2153659312105045,-0.02105723552689831,0.0,0.0,FULL_RISK,STEEP_MID_RATE_STRESS,CREDIT,STEEP_MID_RATE,STEEP_MID_RATE_STRESS,STEEP_MID_RATE_STRESS
2014-12-03,0.0003796283001376,6.217725460013703,-0.020685601149289412,0.0,0.0,FULL_RISK,STEEP_MID_RATE_STRESS,CREDIT,STEEP_MID_RATE,STEEP_MID_RATE_STRESS,STEEP_MID_RATE_STRESS
2014-12-04,0.0035135633206149,6.239571832127661,-0.017244717998137538,0.0,0.0,FULL_RISK,STEEP_MID_RATE_STRESS,CREDIT,STEEP_MID_RATE,STEEP_MID_RATE_STRESS,STEEP_MID_RATE_STRESS
2014-12-05,-0.0055829292641849,6.204736743950091,-0.022731371221557994,0.0,0.0,FULL_RISK,STEEP_MID_RATE_STRESS,CREDIT,STEEP_MID_RATE,STEEP_MID_RATE_STRESS,STEEP_MID_RATE_STRESS
2014-12-08,0.0033305454956327,6.225401901964241,-0.01947653359195689,0.0,0.0,FULL_RISK,STEEP_MID_RATE_STRESS,CREDIT,STEEP_MID_RATE,STEEP_MID_RATE_STRESS,STEEP_MID_RATE_STRESS
2014-12-09,0.0036980403487956,6.248423689385174,-0.015850518250238976,0.0,0.0,FULL_RISK,STEEP_MID_RATE_STRESS,CREDIT,STEEP_MID_RATE,STEEP_MID_RATE_STRESS,STEEP_MID_RATE_STRESS
2014-12-10,0.0045355215548175,6.276763549712013,-0.011386887062600382,0.0,0.0,FULL_RISK,STEEP_MID_RATE_STRESS,CREDIT,STEEP_MID_RATE,STEEP_MID_RATE_STRESS,STEEP_MID_RATE_STRESS
2014-12-11,-0.0016930489190992,6.266136681968732,-0.013060657424866284,0.0,0.0,FULL_RISK,STEEP_MID_RATE_STRESS,CREDIT,STEEP_MID_RATE,STEEP_MID_RATE_STRESS,STEEP_MID_RATE_STRESS
2014-12-12,0.0081972560814507,6.317501808992201,-0.00497046289691927,0.0,0.0,FULL_RISK,STEEP_MID_RATE_STRESS,CREDIT,STEEP_MID_RATE,STEEP_MID_RATE_STRESS,STEEP_MID_RATE_STRESS
2014-12-15,-0.0036448626611269,6.294475382537004,-0.008597208903424747,0.0,0.0,FULL_RISK,STEEP_MID_RATE_STRESS,CREDIT,STEEP_MID_RATE,STEEP_MID_RATE_STRESS,STEEP_MID_RATE_STRESS
2014-12-16,0.0050647625756081,6.326355405887565,-0.003575989149725234,0.0,0.0,FULL_RISK,STEEP_MID_RATE_STRESS,CREDIT,STEEP_MID_RATE,STEEP_MID_RATE_STRESS,STEEP_MID_RATE_STRESS
2014-12-17,-0.0069056387938162,6.282667880573198,-0.010456933454142892,0.0,0.0,FULL_RISK,STEEP_MID_RATE_STRESS,CREDIT,STEEP_MID_RATE,STEEP_MID_RATE_STRESS,STEEP_MID_RATE_STRESS
2014-12-18,-0.0056382235133312,6.2472447948025,-0.016036198439395632,0.0,0.0,FULL_RISK,STEEP_MID_RATE_STRESS,CREDIT,STEEP_MID_RATE,STEEP_MID_RATE_STRESS,STEEP_MID_RATE_STRESS
2014-12-19,0.0036854817914644,6.2702689017405655,-0.012409817765283826,0.0,0.0,FULL_RISK,STEEP_MID_RATE_STRESS,CREDIT,STEEP_MID_RATE,STEEP_MID_RATE_STRESS,STEEP_MID_RATE_STRESS
2014-12-22,0.0,6.2702689017405655,-0.012409817765283826,0.0,0.0,FULL_RISK,STEEP_MID_RATE_STRESS,CREDIT,STEEP_MID_RATE,STEEP_MID_RATE_STRESS,STEEP_MID_RATE_STRESS
2014-12-23,-0.0082849820758399,6.2183198362789485,-0.02059198472337398,0.0,0.0,FULL_RISK,STEEP_MID_RATE_STRESS,CREDIT,STEEP_MID_RATE,STEEP_MID_RATE_STRESS,STEEP_MID_RATE_STRESS
2014-12-24,0.0007225271141169,6.222812740964911,-0.01988433587655314,0.0,0.0,FULL_RISK,STEEP_MID_RATE_STRESS,CREDIT,STEEP_MID_RATE,STEEP_MID_RATE_STRESS,STEEP_MID_RATE_STRESS
2014-12-26,0.0013299511770374,6.231088778094241,-0.018580829895419315,0.0,0.0,FULL_RISK,STEEP_MID_RATE_STRESS,CREDIT,STEEP_MID_RATE,STEEP_MID_RATE_STRESS,STEEP_MID_RATE_STRESS
2014-12-29,0.0034159437821978,6.252373827062096,-0.01522835718357074,0.0,0.0,FULL_RISK,STEEP_MID_RATE_STRESS,CREDIT,STEEP_MID_RATE,STEEP_MID_RATE_STRESS,STEEP_MID_RATE_STRESS
2014-12-30,0.0011343697143781,6.259466330574486,-0.014111262056381246,0.0,0.0,FULL_RISK,STEEP_MID_RATE_STRESS,CREDIT,STEEP_MID_RATE,STEEP_MID_RATE_STRESS,STEEP_MID_RATE_STRESS
2014-12-31,0.0011337328603733,6.266562893241859,-0.012993527597502608,0.0,0.0,FULL_RISK,STEEP_MID_RATE_STRESS,CREDIT,STEEP_MID_RATE,STEEP_MID_RATE_STRESS,STEEP_MID_RATE_STRESS
2015-01-02,0.005094447243128,6.298487567297223,-0.007965275195222166,0.0,0.0,FULL_RISK,STEEP_MID_RATE_STRESS,CREDIT,STEEP_MID_RATE,STEEP_MID_RATE_STRESS,STEEP_MID_RATE_STRESS
2015-01-05,0.0061023473073607,6.336923125943964,-0.0019115347635013658,0.0,0.0,FULL_RISK,STEEP_MID_RATE_STRESS,CREDIT,STEEP_MID_RATE,STEEP_MID_RATE_STRESS,STEEP_MID_RATE_STRESS
2015-01-06,0.0067177867065202,6.379493223879671,0.0,0.0,0.0,FULL_RISK,STEEP_MID_RATE_STRESS,CREDIT,STEEP_MID_RATE,STEEP_MID_RATE_STRESS,STEEP_MID_RATE_STRESS
2015-01-07,0.0114609457232345,6.452608249460298,0.0,2.0,0.001,FULL_RISK,STEEP_LOW_RATE_STRESS,CREDIT,STEEP_LOW_RATE,STEEP_LOW_RATE_STRESS,STEEP_LOW_RATE_STRESS
2015-01-08,0.0177451142898257,6.5671105203144435,0.0,0.0,0.0,FULL_RISK,STEEP_LOW_RATE_STRESS,CREDIT,STEEP_LOW_RATE,STEEP_LOW_RATE_STRESS,STEEP_LOW_RATE_STRESS
2015-01-09,-0.008013640665922,6.514484056391248,-0.008013640665922028,0.0,0.0,FULL_RISK,STEEP_LOW_RATE_STRESS,CREDIT,STEEP_LOW_RATE,STEEP_LOW_RATE_STRESS,STEEP_LOW_RATE_STRESS
2015-01-12,-0.0078336386935095,6.4634519420188505,-0.01578450339383497,0.0,0.0,FULL_RISK,STEEP_LOW_RATE_STRESS,CREDIT,STEEP_LOW_RATE,STEEP_LOW_RATE_STRESS,STEEP_LOW_RATE_STRESS
2015-01-13,-0.0028126736611182,6.445272360981631,-0.018552780398003454,0.0,0.0,FULL_RISK,STEEP_LOW_RATE_STRESS,CREDIT,STEEP_LOW_RATE,STEEP_LOW_RATE_STRESS,STEEP_LOW_RATE_STRESS
2015-01-14,-0.0060372024719952,6.406360946751231,-0.024477975978317468,0.0,0.0,FULL_RISK,STEEP_LOW_RATE_STRESS,CREDIT,STEEP_LOW_RATE,STEEP_LOW_RATE_STRESS,STEEP_LOW_RATE_STRESS
2015-01-15,-0.0091607557421675,6.347673838921882,-0.033414494961484964,0.0,0.0,FULL_RISK,STEEP_LOW_RATE_STRESS,CREDIT,STEEP_LOW_RATE,STEEP_LOW_RATE_STRESS,STEEP_LOW_RATE_STRESS
2015-01-16,0.0131145719729441,6.430920864343197,-0.02073813978765282,0.0,0.0,FULL_RISK,STEEP_LOW_RATE_STRESS,CREDIT,STEEP_LOW_RATE,STEEP_LOW_RATE_STRESS,STEEP_LOW_RATE_STRESS
2015-01-20,0.0021325813692603,6.444635326365683,-0.018649784188936813,0.0,0.0,FULL_RISK,STEEP_LOW_RATE_STRESS,CREDIT,STEEP_LOW_RATE,STEEP_LOW_RATE_STRESS,STEEP_LOW_RATE_STRESS
2015-01-21,0.0050478675205831,6.4771669917116474,-0.013696058308226733,0.0,0.0,FULL_RISK,STEEP_LOW_RATE_STRESS,CREDIT,STEEP_LOW_RATE,STEEP_LOW_RATE_STRESS,STEEP_LOW_RATE_STRESS
2015-01-22,0.0148713863562748,6.573491444539502,0.0,0.0,0.0,FULL_RISK,STEEP_LOW_RATE_STRESS,CREDIT,STEEP_LOW_RATE,STEEP_LOW_RATE_STRESS,STEEP_LOW_RATE_STRESS
2015-01-23,-0.0054828142305889,6.537450212102726,-0.005482814230588939,0.0,0.0,FULL_RISK,STEEP_LOW_RATE_STRESS,CREDIT,STEEP_LOW_RATE,STEEP_LOW_RATE_STRESS,STEEP_LOW_RATE_STRESS
2015-01-26,0.0023415300669251,6.552757848335391,-0.003154122338036025,0.0,0.0,FULL_RISK,STEEP_LOW_RATE_STRESS,CREDIT,STEEP_LOW_RATE,STEEP_LOW_RATE_STRESS,STEEP_LOW_RATE_STRESS
2015-01-27,-0.0131906502350858,6.4663227114827855,-0.0163031676485621,0.0,0.0,FULL_RISK,STEEP_LOW_RATE_STRESS,CREDIT,STEEP_LOW_RATE,STEEP_LOW_RATE_STRESS,STEEP_LOW_RATE_STRESS
2015-01-28,-0.0128240420593171,6.383398317061613,-0.028918137200253935,0.0,0.0,FULL_RISK,STEEP_LOW_RATE_STRESS,CREDIT,STEEP_LOW_RATE,STEEP_LOW_RATE_STRESS,STEEP_LOW_RATE_STRESS
2015-01-29,0.0092433307770702,6.442402179188007,-0.019942106330782305,0.0,0.0,FULL_RISK,STEEP_LOW_RATE_STRESS,CREDIT,STEEP_LOW_RATE,STEEP_LOW_RATE_STRESS,STEEP_LOW_RATE_STRESS
2015-01-30,-0.0125748304715308,6.361390063955297,-0.03226616819595829,0.0,0.0,FULL_RISK,STEEP_LOW_RATE_STRESS,CREDIT,STEEP_LOW_RATE,STEEP_LOW_RATE_STRESS,STEEP_LOW_RATE_STRESS
2015-02-02,0.0123839235234777,6.44016903201033,-0.020281826431815086,0.0,0.0,FULL_RISK,STEEP_LOW_RATE_STRESS,CREDIT,STEEP_LOW_RATE,STEEP_LOW_RATE_STRESS,STEEP_LOW_RATE_STRESS
2015-02-03,0.0144610552255979,6.533300672044417,-0.006114067818323687,0.0,0.0,FULL_RISK,STEEP_LOW_RATE_STRESS,CREDIT,STEEP_LOW_RATE,STEEP_LOW_RATE_STRESS,STEEP_LOW_RATE_STRESS
2015-02-04,-0.0038079427457539,6.508422237144476,-0.00989872854388174,0.0,0.0,FULL_RISK,STEEP_LOW_RATE_STRESS,CREDIT,STEEP_LOW_RATE,STEEP_LOW_RATE_STRESS,STEEP_LOW_RATE_STRESS
2015-02-05,0.0100952103191389,6.5741261284742105,0.0,0.0,0.0,FULL_RISK,STEEP_LOW_RATE_STRESS,CREDIT,STEEP_LOW_RATE,STEEP_LOW_RATE_STRESS,STEEP_LOW_RATE_STRESS
2015-02-06,-0.0027651440421663,6.55594772277761,-0.002765144042166323,0.0,0.0,FULL_RISK,STEEP_LOW_RATE_STRESS,CREDIT,STEEP_LOW_RATE,STEEP_LOW_RATE_STRESS,STEEP_LOW_RATE_STRESS
2015-02-09,-0.0044759572262959,6.526603581192625,-0.007228724602004966,0.0,0.0,FULL_RISK,STEEP_LOW_RATE_STRESS,CREDIT,STEEP_LOW_RATE,STEEP_LOW_RATE_STRESS,STEEP_LOW_RATE_STRESS
2015-02-10,0.0106532630919458,6.596133206239906,0.0,0.0,0.0,FULL_RISK,STEEP_LOW_RATE_STRESS,CREDIT,STEEP_LOW_RATE,STEEP_LOW_RATE_STRESS,STEEP_LOW_RATE_STRESS
2015-02-11,0.0005805309898507,6.599962465979312,0.0,0.0,0.0,FULL_RISK,STEEP_LOW_RATE_STRESS,CREDIT,STEEP_LOW_RATE,STEEP_LOW_RATE_STRESS,STEEP_LOW_RATE_STRESS
2015-02-12,0.0096167450661903,6.66343262246106,0.0,0.0,0.0,FULL_RISK,STEEP_LOW_RATE_STRESS,CREDIT,STEEP_LOW_RATE,STEEP_LOW_RATE_STRESS,STEEP_LOW_RATE_STRESS
2015-02-13,0.0041163354683761,6.6908615465060315,0.0,0.0,0.0,FULL_RISK,STEEP_LOW_RATE_STRESS,CREDIT,STEEP_LOW_RATE,STEEP_LOW_RATE_STRESS,STEEP_LOW_RATE_STRESS
2015-02-17,0.0015730672615805,6.7013867217566085,0.0,0.0,0.0,FULL_RISK,STEEP_LOW_RATE_STRESS,CREDIT,STEEP_LOW_RATE,STEEP_LOW_RATE_STRESS,STEEP_LOW_RATE_STRESS
2015-02-18,9.532320001826022e-05,6.702025519383486,0.0,0.0,0.0,FULL_RISK,STEEP_LOW_RATE_STRESS,CREDIT,STEEP_LOW_RATE,STEEP_LOW_RATE_STRESS,STEEP_LOW_RATE_STRESS
2015-02-19,-0.0007141105312276,6.697239532379538,-0.0007141105312276075,0.0,0.0,FULL_RISK,STEEP_LOW_RATE_STRESS,CREDIT,STEEP_LOW_RATE,STEEP_LOW_RATE_STRESS,STEEP_LOW_RATE_STRESS
2015-02-20,0.0060004810353015,6.737426191182454,0.0,0.0,0.0,FULL_RISK,STEEP_LOW_RATE_STRESS,CREDIT,STEEP_LOW_RATE,STEEP_LOW_RATE_STRESS,STEEP_LOW_RATE_STRESS
2015-02-23,-0.0001415657679842,6.736472402269462,-0.0001415657679841864,0.0,0.0,NON_RISK,STEEP_LOW_RATE_NORMAL,,STEEP_LOW_RATE,STEEP_LOW_RATE_NORMAL,STEEP_LOW_RATE_NORMAL
2015-02-24,0.0028403527065703,6.755606359889985,0.0,0.0,0.0,NON_RISK,STEEP_LOW_RATE_NORMAL,,STEEP_LOW_RATE,STEEP_LOW_RATE_NORMAL,STEEP_LOW_RATE_NORMAL
2015-02-25,-0.000849457512858,6.7498677593136645,-0.0008494575128580317,0.0,0.0,NON_RISK,STEEP_LOW_RATE_NORMAL,,STEEP_LOW_RATE,STEEP_LOW_RATE_NORMAL,STEEP_LOW_RATE_NORMAL
2015-02-26,-0.0011813710608231,6.741893660878429,-0.0020298250491580516,0.0,0.0,NON_RISK,STEEP_LOW_RATE_NORMAL,,STEEP_LOW_RATE,STEEP_LOW_RATE_NORMAL,STEEP_LOW_RATE_NORMAL
2015-02-27,-0.0034063100852684,6.718928680507571,-0.005429220920890154,0.0,0.0,NON_RISK,STEEP_LOW_RATE_NORMAL,,STEEP_LOW_RATE,STEEP_LOW_RATE_NORMAL,STEEP_LOW_RATE_NORMAL
2015-03-02,0.0063134776387281,6.761348486488165,0.0,0.0,0.0,NON_RISK,STEEP_LOW_RATE_NORMAL,,STEEP_LOW_RATE,STEEP_LOW_RATE_NORMAL,STEEP_LOW_RATE_NORMAL
2015-03-03,-0.0041040932026102,6.733599282124291,-0.004104093202610071,0.0,0.0,NON_RISK,STEEP_LOW_RATE_NORMAL,,STEEP_LOW_RATE,STEEP_LOW_RATE_NORMAL,STEEP_LOW_RATE_NORMAL
2015-03-04,-0.0042155242865237,6.705213630814777,-0.008302316584564151,0.0,0.0,NON_RISK,STEEP_LOW_RATE_NORMAL,,STEEP_LOW_RATE,STEEP_LOW_RATE_NORMAL,STEEP_LOW_RATE_NORMAL
2015-03-05,0.0010941450269776,6.712550106963756,-0.007217255495989727,0.0,0.0,NON_RISK,STEEP_LOW_RATE_NORMAL,,STEEP_LOW_RATE,STEEP_LOW_RATE_NORMAL,STEEP_LOW_RATE_NORMAL
2015-03-06,-0.0140644980094212,6.618141459346225,-0.021180246429854166,0.0,0.0,NON_RISK,STEEP_LOW_RATE_NORMAL,,STEEP_LOW_RATE,STEEP_LOW_RATE_NORMAL,STEEP_LOW_RATE_NORMAL
2015-03-09,0.0041448607429617,6.645572734072436,-0.017123174858845736,0.0,0.0,NON_RISK,STEEP_LOW_RATE_NORMAL,,STEEP_LOW_RATE,STEEP_LOW_RATE_NORMAL,STEEP_LOW_RATE_NORMAL
2015-03-10,-0.0162223704904391,6.537765791059153,-0.033067766862752146,0.0,0.0,NON_RISK,STEEP_LOW_RATE_NORMAL,,STEEP_LOW_RATE,STEEP_LOW_RATE_NORMAL,STEEP_LOW_RATE_NORMAL
2015-03-11,-0.0023414170409101,6.522458154826488,-0.035331758470824925,0.0,0.0,NON_RISK,STEEP_LOW_RATE_NORMAL,,STEEP_LOW_RATE,STEEP_LOW_RATE_NORMAL,STEEP_LOW_RATE_NORMAL
2015-03-12,0.01271403252178,6.605384899928901,-0.02306693507529467,0.0,0.0,NON_RISK,STEEP_LOW_RATE_NORMAL,,STEEP_LOW_RATE,STEEP_LOW_RATE_NORMAL,STEEP_LOW_RATE_NORMAL
2015-03-13,-0.00613267852615,6.564876197796152,-0.029058151504044227,0.0,0.0,NON_RISK,STEEP_LOW_RATE_NORMAL,,STEEP_LOW_RATE,STEEP_LOW_RATE_NORMAL,STEEP_LOW_RATE_NORMAL
2015-03-16,0.0133607328033369,6.6525877545618926,-0.016085656898711775,0.0,0.0,NON_RISK,STEEP_LOW_RATE_NORMAL,,STEEP_LOW_RATE,STEEP_LOW_RATE_NORMAL,STEEP_LOW_RATE_NORMAL
2015-03-17,-0.0029725434159179,6.632812648633253,-0.01901038500112473,0.0,0.0,NON_RISK,STEEP_LOW_RATE_NORMAL,,STEEP_LOW_RATE,STEEP_LOW_RATE_NORMAL,STEEP_LOW_RATE_NORMAL
2015-03-18,0.0120216660042304,6.712550106963757,-0.007217255495989616,0.0,0.0,NON_RISK,STEEP_LOW_RATE_NORMAL,,STEEP_LOW_RATE,STEEP_LOW_RATE_NORMAL,STEEP_LOW_RATE_NORMAL
2015-03-19,-0.0045615132355936,6.681930720806257,-0.011745847125113618,0.0,0.0,NON_RISK,STEEP_LOW_RATE_NORMAL,,STEEP_LOW_RATE,STEEP_LOW_RATE_NORMAL,STEEP_LOW_RATE_NORMAL
2015-03-20,0.008826843285032,6.740911076120255,-0.0030226825919049682,0.0,0.0,NON_RISK,STEEP_LOW_RATE_NORMAL,,STEEP_LOW_RATE,STEEP_LOW_RATE_NORMAL,STEEP_LOW_RATE_NORMAL
2015-03-23,-0.0019484653154866,6.727776644693654,-0.0049652583152015595,0.0,0.0,NON_RISK,STEEP_LOW_RATE_NORMAL,,STEEP_LOW_RATE,STEEP_LOW_RATE_NORMAL,STEEP_LOW_RATE_NORMAL
2015-03-24,-0.0056189540798321,6.689973576667754,-0.010556312836566106,0.0,0.0,NON_RISK,STEEP_LOW_RATE_NORMAL,,STEEP_LOW_RATE,STEEP_LOW_RATE_NORMAL,STEEP_LOW_RATE_NORMAL
2015-03-25,-0.014654218782351,6.591937240227118,-0.02505583710107495,0.0,0.0,NON_RISK,STEEP_LOW_RATE_NORMAL,,STEEP_LOW_RATE,STEEP_LOW_RATE_NORMAL,STEEP_LOW_RATE_NORMAL
2015-03-26,-0.0023809254237315,6.576242329260219,-0.027377106445239607,0.0,0.0,NON_RISK,STEEP_LOW_RATE_NORMAL,,STEEP_LOW_RATE,STEEP_LOW_RATE_NORMAL,STEEP_LOW_RATE_NORMAL
2015-03-27,0.0022896493052948,6.59129961794086,-0.0251501411126982,0.0,0.0,NON_RISK,STEEP_LOW_RATE_NORMAL,,STEEP_LOW_RATE,STEEP_LOW_RATE_NORMAL,STEEP_LOW_RATE_NORMAL
2015-03-30,0.012199645113553,6.671711134116836,-0.013257318795275808,0.0,0.0,NON_RISK,STEEP_LOW_RATE_NORMAL,,STEEP_LOW_RATE,STEEP_LOW_RATE_NORMAL,STEEP_LOW_RATE_NORMAL
2015-03-31,-0.0087395079968286,6.613403661307691,-0.02188096434847664,0.0,0.0,NON_RISK,STEEP_LOW_RATE_NORMAL,,STEEP_LOW_RATE,STEEP_LOW_RATE_NORMAL,STEEP_LOW_RATE_NORMAL
2015-04-01,-0.0035360255989308,6.590018496665245,-0.02533961829734188,0.0,0.0,NON_RISK,STEEP_LOW_RATE_NORMAL,,STEEP_LOW_RATE,STEEP_LOW_RATE_NORMAL,STEEP_LOW_RATE_NORMAL
2015-04-02,0.0035972634437455,6.613724529296905,-0.021833508136175905,0.0,0.0,NON_RISK,STEEP_LOW_RATE_NORMAL,,STEEP_LOW_RATE,STEEP_LOW_RATE_NORMAL,STEEP_LOW_RATE_NORMAL
2015-04-06,0.0067333437532015,6.658257010041643,-0.01524717689859345,0.0,0.0,NON_RISK,STEEP_LOW_RATE_NORMAL,,STEEP_LOW_RATE,STEEP_LOW_RATE_NORMAL,STEEP_LOW_RATE_NORMAL
2015-04-07,-0.0026463560772146,6.640636891139462,-0.017853183516562177,0.0,0.0,NON_RISK,STEEP_LOW_RATE_NORMAL,,STEEP_LOW_RATE,STEEP_LOW_RATE_NORMAL,STEEP_LOW_RATE_NORMAL
2015-04-08,0.003376744788643,6.663060627154889,-0.014536724372319232,0.0,0.0,NON_RISK,STEEP_LOW_RATE_NORMAL,,STEEP_LOW_RATE,STEEP_LOW_RATE_NORMAL,STEEP_LOW_RATE_NORMAL
2015-04-09,0.0044236715998007,6.6925358192189845,-0.010177358467278408,0.0,0.0,NON_RISK,STEEP_LOW_RATE_NORMAL,,STEEP_LOW_RATE,STEEP_LOW_RATE_NORMAL,STEEP_LOW_RATE_NORMAL
2015-04-10,0.0054569407465536,6.729056590628651,-0.0047759549628371145,0.0,0.0,NON_RISK,STEEP_LOW_RATE_NORMAL,,STEEP_LOW_RATE,STEEP_LOW_RATE_NORMAL,STEEP_LOW_RATE_NORMAL
2015-04-13,-0.0045226391336402,6.698623495959395,-0.009276994175661746,0.0,0.0,NON_RISK,STEEP_LOW_RATE_NORMAL,,STEEP_LOW_RATE,STEEP_LOW_RATE_NORMAL,STEEP_LOW_RATE_NORMAL
2015-04-14,0.0019128651498498,6.711437059396781,-0.007381874664665888,0.0,0.0,NON_RISK,STEEP_LOW_RATE_NORMAL,,STEEP_LOW_RATE,STEEP_LOW_RATE_NORMAL,STEEP_LOW_RATE_NORMAL
2015-04-15,0.004487053531869,6.741551636758064,-0.0029279439995827383,0.0,0.0,NON_RISK,STEEP_LOW_RATE_NORMAL,,STEEP_LOW_RATE,STEEP_LOW_RATE_NORMAL,STEEP_LOW_RATE_NORMAL
2015-04-16,-0.0002850503885402,6.739629954844642,-0.003212159776548318,0.0,0.0,NON_RISK,STEEP_LOW_RATE_NORMAL,,STEEP_LOW_RATE,STEEP_LOW_RATE_NORMAL,STEEP_LOW_RATE_NORMAL
2015-04-17,-0.0115033623737463,6.662101549209109,-0.01467857151238261,0.0,0.0,NON_RISK,STEEP_LOW_RATE_NORMAL,,STEEP_LOW_RATE,STEEP_LOW_RATE_NORMAL,STEEP_LOW_RATE_NORMAL
2015-04-20,0.0091368902517283,6.7229724399101025,-0.005675797757614953,0.0,0.0,NON_RISK,STEEP_LOW_RATE_NORMAL,,STEEP_LOW_RATE,STEEP_LOW_RATE_NORMAL,STEEP_LOW_RATE_NORMAL
2015-04-21,-0.0011916041209991,6.714961318245343,-0.006860638574616051,0.0,0.0,NON_RISK,STEEP_LOW_RATE_NORMAL,,STEEP_LOW_RATE,STEEP_LOW_RATE_NORMAL,STEEP_LOW_RATE_NORMAL
2015-04-22,0.0049140548005939,6.7479590061470685,-0.001980297327944913,0.0,0.0,NON_RISK,STEEP_LOW_RATE_NORMAL,,STEEP_LOW_RATE,STEEP_LOW_RATE_NORMAL,STEEP_LOW_RATE_NORMAL
2015-04-23,0.002516425127883,6.764939739752062,0.0,0.0,0.0,NON_RISK,STEEP_LOW_RATE_NORMAL,,STEEP_LOW_RATE,STEEP_LOW_RATE_NORMAL,STEEP_LOW_RATE_NORMAL
2015-04-24,0.002320384549163,6.780637001400202,0.0,0.0,0.0,NON_RISK,STEEP_LOW_RATE_NORMAL,,STEEP_LOW_RATE,STEEP_LOW_RATE_NORMAL,STEEP_LOW_RATE_NORMAL
2015-04-27,-0.0041577668546081,6.752444693622651,-0.004157766854608114,0.0,0.0,NON_RISK,STEEP_LOW_RATE_NORMAL,,STEEP_LOW_RATE,STEEP_LOW_RATE_NORMAL,STEEP_LOW_RATE_NORMAL
2015-04-28,0.0031787110258905,6.773908764021986,-0.0009922721680614144,0.0,0.0,NON_RISK,STEEP_LOW_RATE_NORMAL,,STEEP_LOW_RATE,STEEP_LOW_RATE_NORMAL,STEEP_LOW_RATE_NORMAL
2015-04-29,-0.0041143548604823,6.746038499574269,-0.005102544468726045,0.0,0.0,NON_RISK,STEEP_LOW_RATE_NORMAL,,STEEP_LOW_RATE,STEEP_LOW_RATE_NORMAL,STEEP_LOW_RATE_NORMAL
2015-04-30,-0.0100207408279832,6.678438196154438,-0.015072154021024797,0.0,0.0,NON_RISK,STEEP_LOW_RATE_NORMAL,,STEEP_LOW_RATE,STEEP_LOW_RATE_NORMAL,STEEP_LOW_RATE_NORMAL
2015-05-01,0.010841533016668,6.750842704357823,-0.004394026259808115,0.0,0.0,NON_RISK,STEEP_LOW_RATE_NORMAL,,STEEP_LOW_RATE,STEEP_LOW_RATE_NORMAL,STEEP_LOW_RATE_NORMAL
2015-05-04,0.0028473642489996,6.770064812524832,-0.001559173404089731,0.0,0.0,NON_RISK,STEEP_LOW_RATE_NORMAL,,STEEP_LOW_RATE,STEEP_LOW_RATE_NORMAL,STEEP_LOW_RATE_NORMAL
2015-05-05,-0.0114517357592224,6.692535819218988,-0.012993053921485753,0.0,0.0,NON_RISK,STEEP_LOW_RATE_NORMAL,,STEEP_LOW_RATE,STEEP_LOW_RATE_NORMAL,STEEP_LOW_RATE_NORMAL
2015-05-06,-0.0041167874007672,6.664984072079244,-0.01705635168157138,0.0,0.0,NON_RISK,STEEP_LOW_RATE_NORMAL,,STEEP_LOW_RATE,STEEP_LOW_RATE_NORMAL,STEEP_LOW_RATE_NORMAL
2015-05-07,0.0039896428701797,6.6915749782622775,-0.013134757563269206,0.0,0.0,NON_RISK,STEEP_LOW_RATE_NORMAL,,STEEP_LOW_RATE,STEEP_LOW_RATE_NORMAL,STEEP_LOW_RATE_NORMAL
2015-05-08,0.0131659859550872,6.779676160443492,-0.00014170364178356376,0.0,0.0,NON_RISK,STEEP_LOW_RATE_NORMAL,,STEEP_LOW_RATE,STEEP_LOW_RATE_NORMAL,STEEP_LOW_RATE_NORMAL
2015-05-11,-0.0047726656108899,6.747319033179573,-0.0049136929485753544,0.0,0.0,NON_RISK,STEEP_LOW_RATE_NORMAL,,STEEP_LOW_RATE,STEEP_LOW_RATE_NORMAL,STEEP_LOW_RATE_NORMAL
2015-05-12,-0.0029915158947416,6.727134321044924,-0.007890509452759265,0.0,0.0,NON_RISK,STEEP_LOW_RATE_NORMAL,,STEEP_LOW_RATE,STEEP_LOW_RATE_NORMAL,STEEP_LOW_RATE_NORMAL
2015-05-13,0.0001907029390704,6.7284172053314695,-0.007701311257032217,0.0,0.0,NON_RISK,STEEP_LOW_RATE_NORMAL,,STEEP_LOW_RATE,STEEP_LOW_RATE_NORMAL,STEEP_LOW_RATE_NORMAL
2015-05-14,0.0104276189316627,6.798578575961909,0.0,0.0,0.0,NON_RISK,STEEP_LOW_RATE_NORMAL,,STEEP_LOW_RATE,STEEP_LOW_RATE_NORMAL,STEEP_LOW_RATE_NORMAL
2015-05-15,0.0010837004519523,6.805946198637313,0.0,0.0,0.0,NON_RISK,STEEP_LOW_RATE_NORMAL,,STEEP_LOW_RATE,STEEP_LOW_RATE_NORMAL,STEEP_LOW_RATE_NORMAL
2015-05-18,0.0031066642996184,6.827089988717744,0.0,0.0,0.0,NON_RISK,STEEP_LOW_RATE_NORMAL,,STEEP_LOW_RATE,STEEP_LOW_RATE_NORMAL,STEEP_LOW_RATE_NORMAL
2015-05-19,-0.0003280477560405,6.824850377166659,-0.00032804775604045044,0.0,0.0,NON_RISK,STEEP_LOW_RATE_NORMAL,,STEEP_LOW_RATE,STEEP_LOW_RATE_NORMAL,STEEP_LOW_RATE_NORMAL
2015-05-20,-0.0007044448654141,6.8200426463612445,-0.001032261529897216,0.0,0.0,NON_RISK,STEEP_LOW_RATE_NORMAL,,STEEP_LOW_RATE,STEEP_LOW_RATE_NORMAL,STEEP_LOW_RATE_NORMAL
2015-05-21,0.0029124827372926,6.839905902836371,0.0,0.0,0.0,NON_RISK,STEEP_LOW_RATE_NORMAL,,STEEP_LOW_RATE,STEEP_LOW_RATE_NORMAL,STEEP_LOW_RATE_NORMAL
2015-05-22,-0.0023889470409834,6.823565729869185,-0.002388947040983358,0.0,0.0,NON_RISK,STEEP_LOW_RATE_NORMAL,,STEEP_LOW_RATE,STEEP_LOW_RATE_NORMAL,STEEP_LOW_RATE_NORMAL
2015-05-26,-0.0107515889380731,6.750201556049708,-0.013114851002477113,0.0,0.0,NON_RISK,STEEP_LOW_RATE_NORMAL,,STEEP_LOW_RATE,STEEP_LOW_RATE_NORMAL,STEEP_LOW_RATE_NORMAL
2015-05-27,0.0094924638974436,6.8142776006209775,-0.0037468793546948653,0.0,0.0,NON_RISK,STEEP_LOW_RATE_NORMAL,,STEEP_LOW_RATE,STEEP_LOW_RATE_NORMAL,STEEP_LOW_RATE_NORMAL
2015-05-28,-0.0011286363421937,6.80658675927512,-0.0048712868326790115,0.0,0.0,NON_RISK,STEEP_LOW_RATE_NORMAL,,STEEP_LOW_RATE,STEEP_LOW_RATE_NORMAL,STEEP_LOW_RATE_NORMAL
2015-05-29,-0.00621265753102,6.7642997667845695,-0.011053680726872184,0.0,0.0,NON_RISK,STEEP_LOW_RATE_NORMAL,,STEEP_LOW_RATE,STEEP_LOW_RATE_NORMAL,STEEP_LOW_RATE_NORMAL
2015-06-01,0.0020365991869066,6.778075934189596,-0.009039593457146111,0.0,0.0,NON_RISK,STEEP_LOW_RATE_NORMAL,,STEEP_LOW_RATE,STEEP_LOW_RATE_NORMAL,STEEP_LOW_RATE_NORMAL
2015-06-02,-0.0009927337955282,6.77134710914107,-0.010023353342751506,0.0,0.0,NON_RISK,STEEP_LOW_RATE_NORMAL,,STEEP_LOW_RATE,STEEP_LOW_RATE_NORMAL,STEEP_LOW_RATE_NORMAL
2015-06-03,0.0026496314946673,6.789288683702775,-0.0074002800407833025,0.0,0.0,NON_RISK,STEEP_LOW_RATE_NORMAL,,STEEP_LOW_RATE,STEEP_LOW_RATE_NORMAL,STEEP_LOW_RATE_NORMAL
2015-06-04,-0.0084466332960756,6.731942051850342,-0.015784405885066133,0.0,0.0,NON_RISK,STEEP_MID_RATE_NORMAL,,STEEP_MID_RATE,STEEP_MID_RATE_NORMAL,STEEP_MID_RATE_NORMAL
2015-06-05,-0.0017134420876128,6.720407259007331,-0.017470802307307465,0.0,0.0,NON_RISK,STEEP_MID_RATE_NORMAL,,STEEP_MID_RATE,STEEP_MID_RATE_NORMAL,STEEP_MID_RATE_NORMAL
2015-06-08,-0.0061495271464494,6.679079932132869,-0.023512892280697972,0.0,0.0,NON_RISK,STEEP_MID_RATE_NORMAL,,STEEP_MID_RATE,STEEP_MID_RATE_NORMAL,STEEP_MID_RATE_NORMAL
2015-06-09,-0.000143770294136,6.6781196788464685,-0.02365328211939477,0.0,0.0,NON_RISK,STEEP_MID_RATE_NORMAL,,STEEP_MID_RATE,STEEP_MID_RATE_NORMAL,STEEP_MID_RATE_NORMAL
2015-06-10,0.0119931698410677,6.758211502373851,-0.011943790108083663,0.0,0.0,NON_RISK,STEEP_MID_RATE_NORMAL,,STEEP_MID_RATE,STEEP_MID_RATE_NORMAL,STEEP_MID_RATE_NORMAL
2015-06-11,0.0032235638158417,6.779997028432709,-0.008758727861858273,0.0,0.0,NON_RISK,STEEP_MID_RATE_NORMAL,,STEEP_MID_RATE,STEEP_MID_RATE_NORMAL,STEEP_MID_RATE_NORMAL
2015-06-12,-0.0076547991882864,6.728097512682878,-0.01634648074721723,0.0,0.0,NON_RISK,STEEP_MID_RATE_NORMAL,,STEEP_MID_RATE,STEEP_MID_RATE_NORMAL,STEEP_MID_RATE_NORMAL
2015-06-15,-0.0042857035546725,6.69926288125659,-0.020562128131245028,0.0,0.0,NON_RISK,STEEP_MID_RATE_NORMAL,,STEEP_MID_RATE,STEEP_MID_RATE_NORMAL,STEEP_MID_RATE_NORMAL
2015-06-16,0.0054517243266838,6.735785415677187,-0.015222502858702747,0.0,0.0,NON_RISK,STEEP_MID_RATE_NORMAL,,STEEP_MID_RATE,STEEP_MID_RATE_NORMAL,STEEP_MID_RATE_NORMAL
2015-06-17,0.0016169300506969,6.746676709530842,-0.013630186530324773,0.0,0.0,NON_RISK,STEEP_MID_RATE_NORMAL,,STEEP_MID_RATE,STEEP_MID_RATE_NORMAL,STEEP_MID_RATE_NORMAL
2015-06-18,0.0103996584781145,6.816839843172212,-0.0033722773371186454,0.0,0.0,NON_RISK,STEEP_MID_RATE_NORMAL,,STEEP_MID_RATE,STEEP_MID_RATE_NORMAL,STEEP_MID_RATE_NORMAL
2015-06-19,-0.0044393125414825,6.78657776056314,-0.007796619285525108,0.0,0.0,NON_RISK,STEEP_MID_RATE_NORMAL,,STEEP_MID_RATE,STEEP_MID_RATE_NORMAL,STEEP_MID_RATE_NORMAL
2015-06-22,0.0051231898377195,6.82134668677895,-0.0027133730084977215,0.0,0.0,NON_RISK,STEEP_MID_RATE_NORMAL,,STEEP_MID_RATE,STEEP_MID_RATE_NORMAL,STEEP_MID_RATE_NORMAL
2015-06-23,0.0007075635467532,6.8261732230342815,-0.0020077293455740275,0.0,0.0,NON_RISK,STEEP_MID_RATE_NORMAL,,STEEP_MID_RATE,STEEP_MID_RATE_NORMAL,STEEP_MID_RATE_NORMAL
2015-06-24,-0.0072627009885196,6.7765967680195445,-0.009255848796190791,0.0,0.0,NON_RISK,STEEP_MID_RATE_NORMAL,,STEEP_MID_RATE,STEEP_MID_RATE_NORMAL,STEEP_MID_RATE_NORMAL
2015-06-25,-0.0030401628959119,6.755994809964855,-0.012267872404022384,0.0,0.0,NON_RISK,STEEP_MID_RATE_NORMAL,,STEEP_MID_RATE,STEEP_MID_RATE_NORMAL,STEEP_MID_RATE_NORMAL
2015-06-26,-0.0001904971828597,6.754707811986141,-0.012456032591749544,0.0,0.0,NON_RISK,STEEP_MID_RATE_NORMAL,,STEEP_MID_RATE,STEEP_MID_RATE_NORMAL,STEEP_MID_RATE_NORMAL
2015-06-29,-0.0209706019022201,6.613057523495163,-0.03316542399320699,0.0,0.0,NON_RISK,STEEP_MID_RATE_NORMAL,,STEEP_MID_RATE,STEEP_MID_RATE_NORMAL,STEEP_MID_RATE_NORMAL
2015-06-30,0.0020933073349467,6.62690068531552,-0.031141542083571894,0.0,0.0,NON_RISK,STEEP_MID_RATE_NORMAL,,STEEP_MID_RATE,STEEP_MID_RATE_NORMAL,STEEP_MID_RATE_NORMAL
2015-07-01,0.0080153862498162,6.680017853947496,-0.02337576732197033,0.0,0.0,NON_RISK,STEEP_MID_RATE_NORMAL,,STEEP_MID_RATE,STEEP_MID_RATE_NORMAL,STEEP_MID_RATE_NORMAL
2015-07-02,-0.0009152852639072,6.673903732043141,-0.024269657090515317,0.0,0.0,NON_RISK,STEEP_MID_RATE_NORMAL,,STEEP_MID_RATE,STEEP_MID_RATE_NORMAL,STEEP_MID_RATE_NORMAL
2015-07-06,-0.0028461123384015,6.654909052286069,-0.027046695258422737,0.0,0.0,NON_RISK,STEEP_MID_RATE_NORMAL,,STEEP_MID_RATE,STEEP_MID_RATE_NORMAL,STEEP_MID_RATE_NORMAL
2015-07-07,0.0062888205476721,6.696760581076974,-0.020927966523638486,0.0,0.0,NON_RISK,STEEP_MID_RATE_NORMAL,,STEEP_MID_RATE,STEEP_MID_RATE_NORMAL,STEEP_MID_RATE_NORMAL
2015-07-08,0.0029745203444829,6.716680231667519,-0.01801569684134874,2.0,0.001,FULL_RISK,STEEP_MID_RATE_STRESS,CREDIT,STEEP_MID_RATE,STEEP_MID_RATE_STRESS,STEEP_MID_RATE_STRESS
2015-07-09,-0.006974432878122,6.669835196227945,-0.024864480451098125,0.0,0.0,FULL_RISK,STEEP_MID_RATE_STRESS,CREDIT,STEEP_MID_RATE,STEEP_MID_RATE_STRESS,STEEP_MID_RATE_STRESS
2015-07-10,-0.006927896911817,6.623627265569669,-0.03162011880558402,0.0,0.0,FULL_RISK,STEEP_MID_RATE_STRESS,CREDIT,STEEP_MID_RATE,STEEP_MID_RATE_STRESS,STEEP_MID_RATE_STRESS
2015-07-13,-0.0026755868989642,6.605905175234289,-0.034211103328928294,0.0,0.0,FULL_RISK,STEEP_MID_RATE_STRESS,CREDIT,STEEP_MID_RATE,STEEP_MID_RATE_STRESS,STEEP_MID_RATE_STRESS
2015-07-14,0.0031618233752437,6.6267918806319885,-0.031157449419882854,0.0,0.0,FULL_RISK,STEEP_MID_RATE_STRESS,CREDIT,STEEP_MID_RATE,STEEP_MID_RATE_STRESS,STEEP_MID_RATE_STRESS
2015-07-15,0.0038205742517052,6.6521100310625405,-0.02745591451717999,0.0,0.0,FULL_RISK,STEEP_MID_RATE_STRESS,CREDIT,STEEP_MID_RATE,STEEP_MID_RATE_STRESS,STEEP_MID_RATE_STRESS
2015-07-16,-0.0003802335149635,6.649580675883506,-0.02782570837326004,0.0,0.0,FULL_RISK,STEEP_MID_RATE_STRESS,CREDIT,STEEP_MID_RATE,STEEP_MID_RATE_STRESS,STEEP_MID_RATE_STRESS
2015-07-17,9.470148870005524e-05,6.650210401072743,-0.02773364202056705,0.0,0.0,FULL_RISK,STEEP_MID_RATE_STRESS,CREDIT,STEEP_MID_RATE,STEEP_MID_RATE_STRESS,STEEP_MID_RATE_STRESS
2015-07-20,-0.0019991773587222,6.636915451008179,-0.02967737491008693,0.0,0.0,FULL_RISK,STEEP_MID_RATE_STRESS,CREDIT,STEEP_MID_RATE,STEEP_MID_RATE_STRESS,STEEP_MID_RATE_STRESS
2015-07-21,0.0027669653139743,6.6552795658529,-0.026992525863098527,0.0,0.0,FULL_RISK,STEEP_MID_RATE_STRESS,CREDIT,STEEP_MID_RATE,STEEP_MID_RATE_STRESS,STEEP_MID_RATE_STRESS
2015-07-22,0.0012362561333467,6.663507196035323,-0.025789639405404463,0.0,0.0,FULL_RISK,STEEP_MID_RATE_STRESS,CREDIT,STEEP_MID_RATE,STEEP_MID_RATE_STRESS,STEEP_MID_RATE_STRESS
2015-07-23,0.0040842336859066,6.690722516591651,-0.021810736633504857,0.0,0.0,FULL_RISK,STEEP_MID_RATE_STRESS,CREDIT,STEEP_MID_RATE,STEEP_MID_RATE_STRESS,STEEP_MID_RATE_STRESS
2015-07-24,0.0009461549243667,6.697052976648296,-0.02088521804500798,0.0,0.0,FULL_RISK,STEEP_MID_RATE_STRESS,CREDIT,STEEP_MID_RATE,STEEP_MID_RATE_STRESS,STEEP_MID_RATE_STRESS
2015-07-27,0.0033082283122893,6.719208356914546,-0.01764608280236346,0.0,0.0,FULL_RISK,STEEP_MID_RATE_STRESS,CREDIT,STEEP_MID_RATE,STEEP_MID_RATE_STRESS,STEEP_MID_RATE_STRESS
2015-07-28,-0.0028262481574015,6.700218206676619,-0.02042245875075943,0.0,0.0,FULL_RISK,STEEP_MID_RATE_STRESS,CREDIT,STEEP_MID_RATE,STEEP_MID_RATE_STRESS,STEEP_MID_RATE_STRESS
2015-07-29,-0.001417221020579,6.690722516591651,-0.021810736633504857,0.0,0.0,FULL_RISK,STEEP_MID_RATE_STRESS,CREDIT,STEEP_MID_RATE,STEEP_MID_RATE_STRESS,STEEP_MID_RATE_STRESS
2015-07-30,0.0011355881183749,6.698320421584837,-0.020699916528503892,0.0,0.0,FULL_RISK,STEEP_MID_RATE_STRESS,CREDIT,STEEP_MID_RATE,STEEP_MID_RATE_STRESS,STEEP_MID_RATE_STRESS
2015-07-31,0.0058588822439584,6.737565092167205,-0.014962312657945676,0.0,0.0,FULL_RISK,STEEP_MID_RATE_STRESS,CREDIT,STEEP_MID_RATE,STEEP_MID_RATE_STRESS,STEEP_MID_RATE_STRESS
2015-08-03,0.0030491066261799,6.75810864653405,-0.01195882771843415,0.0,0.0,FULL_RISK,STEEP_MID_RATE_STRESS,CREDIT,STEEP_MID_RATE,STEEP_MID_RATE_STRESS,STEEP_MID_RATE_STRESS
2015-08-04,-0.0051593344205626,6.723241303976086,-0.017056462547519358,0.0,0.0,FULL_RISK,STEEP_MID_RATE_STRESS,CREDIT,STEEP_MID_RATE,STEEP_MID_RATE_STRESS,STEEP_MID_RATE_STRESS
2015-08-05,-0.0038670213700106,6.697242386177872,-0.02085752621236192,0.0,0.0,FULL_RISK,STEEP_MID_RATE_STRESS,CREDIT,STEEP_MID_RATE,STEEP_MID_RATE_STRESS,STEEP_MID_RATE_STRESS
2015-08-06,0.0035028929536005,6.720702109340969,-0.017427694940360228,0.0,0.0,FULL_RISK,STEEP_MID_RATE_STRESS,CREDIT,STEEP_MID_RATE,STEEP_MID_RATE_STRESS,STEEP_MID_RATE_STRESS
2015-08-07,0.0039621817117052,6.747330752328419,-0.013534564922824899,0.0,0.0,FULL_RISK,STEEP_MID_RATE_STRESS,CREDIT,STEEP_MID_RATE,STEEP_MID_RATE_STRESS,STEEP_MID_RATE_STRESS
2015-08-10,-0.0041344798282445,6.719434049438423,-0.017613086365411923,0.0,0.0,FULL_RISK,STEEP_MID_RATE_STRESS,CREDIT,STEEP_MID_RATE,STEEP_MID_RATE_STRESS,STEEP_MID_RATE_STRESS
2015-08-11,0.0066044858043916,6.763812456231485,-0.011124925939892116,0.0,0.0,FULL_RISK,STEEP_MID_RATE_STRESS,CREDIT,STEEP_MID_RATE,STEEP_MID_RATE_STRESS,STEEP_MID_RATE_STRESS
2015-08-12,-0.0003746814275935,6.76127818132441,-0.011495439064352575,0.0,0.0,FULL_RISK,STEEP_MID_RATE_STRESS,CREDIT,STEEP_MID_RATE,STEEP_MID_RATE_STRESS,STEEP_MID_RATE_STRESS
2015-08-13,-0.002625572146797,6.743525957654778,-0.014090829106527147,0.0,0.0,FULL_RISK,STEEP_MID_RATE_STRESS,CREDIT,STEEP_MID_RATE,STEEP_MID_RATE_STRESS,STEEP_MID_RATE_STRESS
2015-08-14,-0.0010343171322841,6.736551013224773,-0.015110571852858246,0.0,0.0,FULL_RISK,STEEP_MID_RATE_STRESS,CREDIT,STEEP_MID_RATE,STEEP_MID_RATE_STRESS,STEEP_MID_RATE_STRESS
2015-08-17,0.001788513728842,6.74859942719697,-0.013349083589225708,0.0,0.0,FULL_RISK,STEEP_MID_RATE_STRESS,CREDIT,STEEP_MID_RATE,STEEP_MID_RATE_STRESS,STEEP_MID_RATE_STRESS
2015-08-18,-0.001597329819311,6.737819688093323,-0.014925090519259165,0.0,0.0,FULL_RISK,STEEP_MID_RATE_STRESS,CREDIT,STEEP_MID_RATE,STEEP_MID_RATE_STRESS,STEEP_MID_RATE_STRESS
2015-08-19,0.0061162369790834,6.779029790028036,-0.00890013893072572,0.0,0.0,FULL_RISK,STEEP_MID_RATE_STRESS,CREDIT,STEEP_MID_RATE,STEEP_MID_RATE_STRESS,STEEP_MID_RATE_STRESS
2015-08-20,0.0027114992059633,6.7974111239209,-0.0062127724444058785,0.0,0.0,FULL_RISK,STEEP_MID_RATE_STRESS,CREDIT,STEEP_MID_RATE,STEEP_MID_RATE_STRESS,STEEP_MID_RATE_STRESS
2015-08-21,0.0040102912140722,6.824670722029596,-0.00222739625708257,0.0,0.0,FULL_RISK,STEEP_MID_RATE_STRESS,CREDIT,STEEP_MID_RATE,STEEP_MID_RATE_STRESS,STEEP_MID_RATE_STRESS
2015-08-24,0.0016724278019857,6.836084491084517,-0.0005586936145232091,0.0,0.0,FULL_RISK,STEEP_MID_RATE_STRESS,CREDIT,STEEP_MID_RATE,STEEP_MID_RATE_STRESS,STEEP_MID_RATE_STRESS
2015-08-25,-0.0054714745570855,6.798681028721461,-0.0060271112937115845,0.0,0.0,FULL_RISK,STEEP_MID_RATE_STRESS,CREDIT,STEEP_MID_RATE,STEEP_MID_RATE_STRESS,STEEP_MID_RATE_STRESS
2015-08-26,-0.0061546521660907,6.756837511801481,-0.012144668686223103,0.0,0.0,FULL_RISK,STEEP_MID_RATE_STRESS,CREDIT,STEEP_MID_RATE,STEEP_MID_RATE_STRESS,STEEP_MID_RATE_STRESS
2015-08-27,-0.0005631938955169,6.753032102161836,-0.012701022778472848,0.0,0.0,FULL_RISK,STEEP_MID_RATE_STRESS,CREDIT,STEEP_MID_RATE,STEEP_MID_RATE_STRESS,STEEP_MID_RATE_STRESS
2015-08-28,0.0001877763770943,6.754300162064381,-0.012515631353421264,0.0,0.0,FULL_RISK,STEEP_MID_RATE_STRESS,CREDIT,STEEP_MID_RATE,STEEP_MID_RATE_STRESS,STEEP_MID_RATE_STRESS
2015-08-31,-0.0016887596329997,6.742893772601524,-0.014183255093409675,0.0,0.0,FULL_RISK,STEEP_MID_RATE_STRESS,CREDIT,STEEP_MID_RATE,STEEP_MID_RATE_STRESS,STEEP_MID_RATE_STRESS
2015-09-01,0.0044907909145572,6.773174698693348,-0.009756158211964738,0.0,0.0,FULL_RISK,STEEP_MID_RATE_STRESS,CREDIT,STEEP_MID_RATE,STEEP_MID_RATE_STRESS,STEEP_MID_RATE_STRESS
2015-09-02,-0.0027179289154678,6.754765691330253,-0.01244757058292445,0.0,0.0,FULL_RISK,STEEP_MID_RATE_STRESS,CREDIT,STEEP_MID_RATE,STEEP_MID_RATE_STRESS,STEEP_MID_RATE_STRESS
2015-09-03,0.0024437439081657,6.771272608839529,-0.010034245349542226,0.0,0.0,FULL_RISK,STEEP_MID_RATE_STRESS,CREDIT,STEEP_MID_RATE,STEEP_MID_RATE_STRESS,STEEP_MID_RATE_STRESS
2015-09-04,0.0030945049627602,6.792226345531785,-0.006970791408813737,0.0,0.0,FULL_RISK,STEEP_MID_RATE_STRESS,CREDIT,STEEP_MID_RATE,STEEP_MID_RATE_STRESS,STEEP_MID_RATE_STRESS
2015-09-08,-0.004393800168603,6.762382660269598,-0.011333963312949336,0.0,0.0,FULL_RISK,STEEP_MID_RATE_STRESS,CREDIT,STEEP_MID_RATE,STEEP_MID_RATE_STRESS,STEEP_MID_RATE_STRESS
2015-09-09,0.0003757609796413,6.76492369980273,-0.010962461194465756,0.0,0.0,FULL_RISK,STEEP_MID_RATE_STRESS,CREDIT,STEEP_MID_RATE,STEEP_MID_RATE_STRESS,STEEP_MID_RATE_STRESS
2015-09-10,-0.0022524463469062,6.74968607212801,-0.013190215185701404,0.0,0.0,FULL_RISK,STEEP_MID_RATE_STRESS,CREDIT,STEEP_MID_RATE,STEEP_MID_RATE_STRESS,STEEP_MID_RATE_STRESS
2015-09-11,0.002634181345601,6.767465969267873,-0.010590779258886962,0.0,0.0,FULL_RISK,STEEP_MID_RATE_STRESS,CREDIT,STEEP_MID_RATE,STEEP_MID_RATE_STRESS,STEEP_MID_RATE_STRESS
2015-09-14,0.0009379698595626,6.773813648372662,-0.009662743231058424,0.0,0.0,FULL_RISK,STEEP_MID_RATE_STRESS,CREDIT,STEEP_MID_RATE,STEEP_MID_RATE_STRESS,STEEP_MID_RATE_STRESS
2015-09-15,-0.0078739421186134,6.720477031783102,-0.017460601468763493,0.0,0.0,FULL_RISK,STEEP_MID_RATE_STRESS,CREDIT,STEEP_MID_RATE,STEEP_MID_RATE_STRESS,STEEP_MID_RATE_STRESS
2015-09-16,-0.0002833035129543,6.718573097031269,-0.017738958331983357,0.0,0.0,FULL_RISK,STEEP_MID_RATE_STRESS,CREDIT,STEEP_MID_RATE,STEEP_MID_RATE_STRESS,STEEP_MID_RATE_STRESS
2015-09-17,0.0083170764457995,6.774451983085971,-0.009569418158699716,0.0,0.0,FULL_RISK,STEEP_MID_RATE_STRESS,CREDIT,STEEP_MID_RATE,STEEP_MID_RATE_STRESS,STEEP_MID_RATE_STRESS
2015-09-18,0.00468664697769,6.806201447998007,-0.004927619665701433,0.0,0.0,FULL_RISK,STEEP_MID_RATE_STRESS,CREDIT,STEEP_MID_RATE,STEEP_MID_RATE_STRESS,STEEP_MID_RATE_STRESS
2015-09-21,-0.0056912036803623,6.7674659692678745,-0.01059077925888674,0.0,0.0,FULL_RISK,STEEP_MID_RATE_STRESS,CREDIT,STEEP_MID_RATE,STEEP_MID_RATE_STRESS,STEEP_MID_RATE_STRESS
2015-09-22,0.0049728214100661,6.801119368931744,-0.005670623902668481,0.0,0.0,FULL_RISK,STEEP_MID_RATE_STRESS,CREDIT,STEEP_MID_RATE,STEEP_MID_RATE_STRESS,STEEP_MID_RATE_STRESS
2015-09-23,-0.0011207719229588,6.793496865298354,-0.006785040349571503,0.0,0.0,FULL_RISK,STEEP_MID_RATE_STRESS,CREDIT,STEEP_MID_RATE,STEEP_MID_RATE_STRESS,STEEP_MID_RATE_STRESS
2015-09-24,0.0014960694570183,6.803660408464877,-0.00529912178418479,0.0,0.0,FULL_RISK,STEEP_MID_RATE_STRESS,CREDIT,STEEP_MID_RATE,STEEP_MID_RATE_STRESS,STEEP_MID_RATE_STRESS
2015-09-25,-0.0026135551997501,6.785878666426999,-0.00789882743664172,0.0,0.0,FULL_RISK,STEEP_MID_RATE_STRESS,CREDIT,STEEP_MID_RATE,STEEP_MID_RATE_STRESS,STEEP_MID_RATE_STRESS
2015-09-28,0.0057078855620782,6.824611685293113,-0.002236027477646396,0.0,0.0,FULL_RISK,STEEP_MID_RATE_STRESS,CREDIT,STEEP_MID_RATE,STEEP_MID_RATE_STRESS,STEEP_MID_RATE_STRESS
2015-09-29,0.0034425638179549,6.848105846552495,0.0,0.0,0.0,FULL_RISK,STEEP_MID_RATE_STRESS,CREDIT,STEEP_MID_RATE,STEEP_MID_RATE_STRESS,STEEP_MID_RATE_STRESS
2015-09-30,0.0001850796358788,6.8493732914890355,0.0,0.0,0.0,FULL_RISK,STEEP_MID_RATE_STRESS,CREDIT,STEEP_MID_RATE,STEEP_MID_RATE_STRESS,STEEP_MID_RATE_STRESS
2015-10-01,0.0007804049055253,6.854718576005488,0.0,0.0,0.0,FULL_RISK,STEEP_MID_RATE_STRESS,CREDIT,STEEP_MID_RATE,STEEP_MID_RATE_STRESS,STEEP_MID_RATE_STRESS
2015-10-02,0.0048241151931098,6.887786528032488,0.0,0.0,0.0,FULL_RISK,STEEP_MID_RATE_STRESS,CREDIT,STEEP_MID_RATE,STEEP_MID_RATE_STRESS,STEEP_MID_RATE_STRESS
2015-10-05,0.016794445065825298,7.003463080502661,0.0,2.0,0.001,FULL_RISK,STEEP_LOW_RATE_STRESS,CREDIT,STEEP_LOW_RATE,STEEP_LOW_RATE_STRESS,STEEP_LOW_RATE_STRESS
2015-10-06,-0.0034261751399169,6.9794679894029175,-0.0034261751399168316,0.0,0.0,FULL_RISK,STEEP_LOW_RATE_STRESS,CREDIT,STEEP_LOW_RATE,STEEP_LOW_RATE_STRESS,STEEP_LOW_RATE_STRESS
2015-10-07,0.0081905282544578,7.036633519171207,0.0,0.0,0.0,FULL_RISK,STEEP_LOW_RATE_STRESS,CREDIT,STEEP_LOW_RATE,STEEP_LOW_RATE_STRESS,STEEP_LOW_RATE_STRESS
2015-10-08,0.0090266741234765,7.100150916875097,0.0,0.0,0.0,FULL_RISK,STEEP_LOW_RATE_STRESS,CREDIT,STEEP_LOW_RATE,STEEP_LOW_RATE_STRESS,STEEP_LOW_RATE_STRESS
2015-10-09,0.0005965873578535,7.104386777150957,0.0,0.0,0.0,FULL_RISK,STEEP_LOW_RATE_STRESS,CREDIT,STEEP_LOW_RATE,STEEP_LOW_RATE_STRESS,STEEP_LOW_RATE_STRESS
2015-10-12,0.0009435072763264,7.111089817769036,0.0,0.0,0.0,FULL_RISK,STEEP_LOW_RATE_STRESS,CREDIT,STEEP_LOW_RATE,STEEP_LOW_RATE_STRESS,STEEP_LOW_RATE_STRESS
2015-10-13,-0.0063019324117726,7.066276210363411,-0.006301932411772571,0.0,0.0,FULL_RISK,STEEP_LOW_RATE_STRESS,CREDIT,STEEP_LOW_RATE,STEEP_LOW_RATE_STRESS,STEEP_LOW_RATE_STRESS
2015-10-14,-0.0047942181719776,7.032398940547474,-0.011065937744863086,0.0,0.0,FULL_RISK,STEEP_LOW_RATE_STRESS,CREDIT,STEEP_LOW_RATE,STEEP_LOW_RATE_STRESS,STEEP_LOW_RATE_STRESS
2015-10-15,0.0153545315778926,7.14037813214845,0.0,0.0,0.0,FULL_RISK,STEEP_LOW_RATE_STRESS,CREDIT,STEEP_LOW_RATE,STEEP_LOW_RATE_STRESS,STEEP_LOW_RATE_STRESS
2015-10-16,0.0045469316961364,7.172844943799914,0.0,0.0,0.0,FULL_RISK,STEEP_LOW_RATE_STRESS,CREDIT,STEEP_LOW_RATE,STEEP_LOW_RATE_STRESS,STEEP_LOW_RATE_STRESS
2015-10-19,0.000491730502738,7.176372050450191,0.0,0.0,0.0,FULL_RISK,STEEP_LOW_RATE_STRESS,CREDIT,STEEP_LOW_RATE,STEEP_LOW_RATE_STRESS,STEEP_LOW_RATE_STRESS
2015-10-20,-0.0012786388902853,7.1671960620553286,-0.001278638890285344,0.0,0.0,FULL_RISK,STEEP_LOW_RATE_STRESS,CREDIT,STEEP_LOW_RATE,STEEP_LOW_RATE_STRESS,STEEP_LOW_RATE_STRESS
2015-10-21,-0.0062034235823977,7.122734908984307,-0.007474130534037671,0.0,0.0,FULL_RISK,STEEP_LOW_RATE_STRESS,CREDIT,STEEP_LOW_RATE,STEEP_LOW_RATE_STRESS,STEEP_LOW_RATE_STRESS
2015-10-22,0.0168936782040942,7.2430641004697565,0.0,0.0,0.0,FULL_RISK,STEEP_LOW_RATE_STRESS,CREDIT,STEEP_LOW_RATE,STEEP_LOW_RATE_STRESS,STEEP_LOW_RATE_STRESS
2015-10-23,0.0109615411327861,7.322459245534462,0.0,0.0,0.0,FULL_RISK,STEEP_LOW_RATE_STRESS,CREDIT,STEEP_LOW_RATE,STEEP_LOW_RATE_STRESS,STEEP_LOW_RATE_STRESS
2015-10-26,-0.0024576877414214,7.304462927209655,-0.0024576877414214104,0.0,0.0,FULL_RISK,STEEP_LOW_RATE_STRESS,CREDIT,STEEP_LOW_RATE,STEEP_LOW_RATE_STRESS,STEEP_LOW_RATE_STRESS
2015-10-27,-0.0019323576561885,7.290348092347917,-0.004385296265886129,0.0,0.0,FULL_RISK,STEEP_LOW_RATE_STRESS,CREDIT,STEEP_LOW_RATE,STEEP_LOW_RATE_STRESS,STEEP_LOW_RATE_STRESS
2015-10-28,0.0113746029639207,7.373272907367151,0.0,0.0,0.0,FULL_RISK,STEEP_LOW_RATE_STRESS,CREDIT,STEEP_LOW_RATE,STEEP_LOW_RATE_STRESS,STEEP_LOW_RATE_STRESS
2015-10-29,-0.0005742277345303,7.3690389695694805,-0.0005742277345303082,0.0,0.0,FULL_RISK,STEEP_LOW_RATE_STRESS,CREDIT,STEEP_LOW_RATE,STEEP_LOW_RATE_STRESS,STEEP_LOW_RATE_STRESS
2015-10-30,-0.004309312903998,7.33728347484785,-0.004881066111542043,0.0,0.0,FULL_RISK,STEEP_LOW_RATE_STRESS,CREDIT,STEEP_LOW_RATE,STEEP_LOW_RATE_STRESS,STEEP_LOW_RATE_STRESS
2015-11-02,0.0118305877511315,7.424087850851965,0.0,0.0,0.0,FULL_RISK,STEEP_LOW_RATE_STRESS,CREDIT,STEEP_LOW_RATE,STEEP_LOW_RATE_STRESS,STEEP_LOW_RATE_STRESS
2015-11-03,0.0028994791968777,7.445613839131303,0.0,0.0,0.0,FULL_RISK,STEEP_LOW_RATE_STRESS,CREDIT,STEEP_LOW_RATE,STEEP_LOW_RATE_STRESS,STEEP_LOW_RATE_STRESS
2015-11-04,-0.0030333662541877,7.423028565369969,-0.0030333662541877082,0.0,0.0,FULL_RISK,STEEP_LOW_RATE_STRESS,CREDIT,STEEP_LOW_RATE,STEEP_LOW_RATE_STRESS,STEEP_LOW_RATE_STRESS
2015-11-05,-0.0009983138992765,7.4156180527784334,-0.004028651901771041,0.0,0.0,FULL_RISK,STEEP_LOW_RATE_STRESS,CREDIT,STEEP_LOW_RATE,STEEP_LOW_RATE_STRESS,STEEP_LOW_RATE_STRESS
2015-11-06,-0.0005233336735233,7.411737210141427,-0.004549877246095235,0.0,0.0,FULL_RISK,STEEP_LOW_RATE_STRESS,CREDIT,STEEP_LOW_RATE,STEEP_LOW_RATE_STRESS,STEEP_LOW_RATE_STRESS
2015-11-09,-0.0027090826319597,7.391658201592784,-0.007246633884629983,2.0,0.001,FULL_RISK,STEEP_MID_RATE_STRESS,CREDIT,STEEP_MID_RATE,STEEP_MID_RATE_STRESS,STEEP_MID_RATE_STRESS
2015-11-10,0.0019010996747725,7.405710480595862,-0.00535931078317875,0.0,0.0,FULL_RISK,STEEP_MID_RATE_STRESS,CREDIT,STEEP_MID_RATE,STEEP_MID_RATE_STRESS,STEEP_MID_RATE_STRESS
2015-11-11,-0.0004739379045146,7.4022006336892465,-0.005830708707171062,0.0,0.0,FULL_RISK,STEEP_MID_RATE_STRESS,CREDIT,STEEP_MID_RATE,STEEP_MID_RATE_STRESS,STEEP_MID_RATE_STRESS
2015-11-12,0.0005698567676883,7.406418827816141,-0.005264174608299976,0.0,0.0,FULL_RISK,STEEP_MID_RATE_STRESS,CREDIT,STEEP_MID_RATE,STEEP_MID_RATE_STRESS,STEEP_MID_RATE_STRESS
2015-11-13,0.0037945301455408,7.434522707328791,-0.0014896195320016625,0.0,0.0,FULL_RISK,STEEP_MID_RATE_STRESS,CREDIT,STEEP_MID_RATE,STEEP_MID_RATE_STRESS,STEEP_MID_RATE_STRESS
2015-11-16,0.0013238545614437,7.444364934127046,-0.00016773701017003262,0.0,0.0,FULL_RISK,STEEP_MID_RATE_STRESS,CREDIT,STEEP_MID_RATE,STEEP_MID_RATE_STRESS,STEEP_MID_RATE_STRESS
2015-11-17,-0.0002832690008287,7.4422561763103525,-0.0004509584963033886,0.0,0.0,FULL_RISK,STEEP_MID_RATE_STRESS,CREDIT,STEEP_MID_RATE,STEEP_MID_RATE_STRESS,STEEP_MID_RATE_STRESS
2015-11-18,-0.0004721576071027,7.4387422584427005,-0.0009229031799216081,0.0,0.0,FULL_RISK,STEEP_MID_RATE_STRESS,CREDIT,STEEP_MID_RATE,STEEP_MID_RATE_STRESS,STEEP_MID_RATE_STRESS
2015-11-19,0.0021723672189906,7.454901938275461,0.0,0.0,0.0,FULL_RISK,STEEP_MID_RATE_STRESS,CREDIT,STEEP_MID_RATE,STEEP_MID_RATE_STRESS,STEEP_MID_RATE_STRESS
2015-11-20,-0.0013190524119691,7.445068531892787,-0.0013190524119689462,0.0,0.0,FULL_RISK,STEEP_MID_RATE_STRESS,CREDIT,STEEP_MID_RATE,STEEP_MID_RATE_STRESS,STEEP_MID_RATE_STRESS
2015-11-23,0.0013207946092843,7.454901938275463,0.0,0.0,0.0,FULL_RISK,STEEP_MID_RATE_STRESS,CREDIT,STEEP_MID_RATE,STEEP_MID_RATE_STRESS,STEEP_MID_RATE_STRESS
2015-11-24,0.0009427133708119,7.461929774010767,0.0,0.0,0.0,FULL_RISK,STEEP_MID_RATE_STRESS,CREDIT,STEEP_MID_RATE,STEEP_MID_RATE_STRESS,STEEP_MID_RATE_STRESS
2015-11-25,0.0005651134850626,7.466146611150651,0.0,0.0,0.0,FULL_RISK,STEEP_MID_RATE_STRESS,CREDIT,STEEP_MID_RATE,STEEP_MID_RATE_STRESS,STEEP_MID_RATE_STRESS
2015-11-27,0.0010353502170028,7.473876687664681,0.0,0.0,0.0,FULL_RISK,STEEP_MID_RATE_STRESS,CREDIT,STEEP_MID_RATE,STEEP_MID_RATE_STRESS,STEEP_MID_RATE_STRESS
2015-11-30,0.0003758374980333,7.476685650779583,0.0,0.0,0.0,FULL_RISK,STEEP_MID_RATE_STRESS,CREDIT,STEEP_MID_RATE,STEEP_MID_RATE_STRESS,STEEP_MID_RATE_STRESS
2015-12-01,0.0053185527997132,7.516450798180113,0.0,0.0,0.0,FULL_RISK,STEEP_MID_RATE_STRESS,CREDIT,STEEP_MID_RATE,STEEP_MID_RATE_STRESS,STEEP_MID_RATE_STRESS
2015-12-02,-0.0028091340546392,7.495336080272925,-0.0028091340546392285,0.0,0.0,FULL_RISK,STEEP_MID_RATE_STRESS,CREDIT,STEEP_MID_RATE,STEEP_MID_RATE_STRESS,STEEP_MID_RATE_STRESS
2015-12-03,-0.0105165851409614,7.416510740224615,-0.013296176698142648,0.0,0.0,FULL_RISK,STEEP_MID_RATE_STRESS,CREDIT,STEEP_MID_RATE,STEEP_MID_RATE_STRESS,STEEP_MID_RATE_STRESS
2015-12-04,0.0037011760293115,7.443960551997465,-0.009644212159307886,0.0,0.0,FULL_RISK,STEEP_MID_RATE_STRESS,CREDIT,STEEP_MID_RATE,STEEP_MID_RATE_STRESS,STEEP_MID_RATE_STRESS
2015-12-07,0.0032150226039613,7.467893053435134,-0.006460195915436007,0.0,0.0,FULL_RISK,STEEP_MID_RATE_STRESS,CREDIT,STEEP_MID_RATE,STEEP_MID_RATE_STRESS,STEEP_MID_RATE_STRESS
2015-12-08,0.000565025648294,7.472112604549042,-0.005898820443527186,0.0,0.0,FULL_RISK,STEEP_MID_RATE_STRESS,CREDIT,STEEP_MID_RATE,STEEP_MID_RATE_STRESS,STEEP_MID_RATE_STRESS
2015-12-09,0.0015075186607873,7.483376953735904,-0.004400194364635013,0.0,0.0,FULL_RISK,STEEP_MID_RATE_STRESS,CREDIT,STEEP_MID_RATE,STEEP_MID_RATE_STRESS,STEEP_MID_RATE_STRESS
2015-12-10,-0.0021631274445457,7.467189455669398,-0.006553803627989185,0.0,0.0,FULL_RISK,STEEP_MID_RATE_STRESS,CREDIT,STEEP_MID_RATE,STEEP_MID_RATE_STRESS,STEEP_MID_RATE_STRESS
2015-12-11,0.0080106906129029,7.5270068001466965,0.0,0.0,0.0,FULL_RISK,STEEP_MID_RATE_STRESS,CREDIT,STEEP_MID_RATE,STEEP_MID_RATE_STRESS,STEEP_MID_RATE_STRESS
2015-12-14,-0.0073866215119294,7.471407649796294,-0.00738662151192937,0.0,0.0,FULL_RISK,STEEP_MID_RATE_STRESS,CREDIT,STEEP_MID_RATE,STEEP_MID_RATE_STRESS,STEEP_MID_RATE_STRESS
2015-12-15,-0.0025429177533836,7.452408474640862,-0.00991075569433264,0.0,0.0,FULL_RISK,STEEP_MID_RATE_STRESS,CREDIT,STEEP_MID_RATE,STEEP_MID_RATE_STRESS,STEEP_MID_RATE_STRESS
2015-12-16,-0.0026446321923698,7.432699595278137,-0.012529177583142537,0.0,0.0,FULL_RISK,STEEP_MID_RATE_STRESS,CREDIT,STEEP_MID_RATE,STEEP_MID_RATE_STRESS,STEEP_MID_RATE_STRESS
2015-12-17,0.00416642704371,7.463667395879677,-0.008414952443750345,0.0,0.0,FULL_RISK,STEEP_MID_RATE_STRESS,CREDIT,STEEP_MID_RATE,STEEP_MID_RATE_STRESS,STEEP_MID_RATE_STRESS
2015-12-18,0.0035835216909423,7.49041360988679,-0.004861585917418476,0.0,0.0,FULL_RISK,STEEP_MID_RATE_STRESS,CREDIT,STEEP_MID_RATE,STEEP_MID_RATE_STRESS,STEEP_MID_RATE_STRESS
2015-12-21,0.0004695749151342,7.493930920221973,-0.004394293881078815,0.0,0.0,FULL_RISK,STEEP_MID_RATE_STRESS,CREDIT,STEEP_MID_RATE,STEEP_MID_RATE_STRESS,STEEP_MID_RATE_STRESS
2015-12-22,-0.0028176662722785,7.472815523821279,-0.0071995784996982115,0.0,0.0,FULL_RISK,STEEP_MID_RATE_STRESS,CREDIT,STEEP_MID_RATE,STEEP_MID_RATE_STRESS,STEEP_MID_RATE_STRESS
2015-12-23,-0.002260066543579,7.455926463469552,-0.00944337351678215,0.0,0.0,FULL_RISK,STEEP_MID_RATE_STRESS,CREDIT,STEEP_MID_RATE,STEEP_MID_RATE_STRESS,STEEP_MID_RATE_STRESS
2015-12-24,0.0018342073482409,7.469602178576792,-0.007626487273637905,0.0,0.0,FULL_RISK,STEEP_MID_RATE_STRESS,CREDIT,STEEP_MID_RATE,STEEP_MID_RATE_STRESS,STEEP_MID_RATE_STRESS
2015-12-28,0.0001885712899847,7.471010731095278,-0.007439354120196473,0.0,0.0,FULL_RISK,STEEP_MID_RATE_STRESS,CREDIT,STEEP_MID_RATE,STEEP_MID_RATE_STRESS,STEEP_MID_RATE_STRESS
2015-12-29,-0.005283541493074,7.431537335902336,-0.012683589477094692,0.0,0.0,FULL_RISK,STEEP_MID_RATE_STRESS,CREDIT,STEEP_MID_RATE,STEEP_MID_RATE_STRESS,STEEP_MID_RATE_STRESS
2015-12-30,0.0003795308261291,7.434357833406841,-0.012308872464158016,0.0,0.0,FULL_RISK,STEEP_MID_RATE_STRESS,CREDIT,STEEP_MID_RATE,STEEP_MID_RATE_STRESS,STEEP_MID_RATE_STRESS
2015-12-31,0.0011374303947904,7.4428138979723055,-0.011185442555033953,0.0,0.0,FULL_RISK,STEEP_MID_RATE_STRESS,CREDIT,STEEP_MID_RATE,STEEP_MID_RATE_STRESS,STEEP_MID_RATE_STRESS
2016-01-04,0.0042618625609263,7.474534147872015,-0.006971250812960461,0.0,0.0,FULL_RISK,STEEP_MID_RATE_STRESS,CREDIT,STEEP_MID_RATE,STEEP_MID_RATE_STRESS,STEEP_MID_RATE_STRESS
2016-01-05,-0.0002830333917676,7.47241860512026,-0.007252311107965648,0.0,0.0,FULL_RISK,STEEP_MID_RATE_STRESS,CREDIT,STEEP_MID_RATE,STEEP_MID_RATE_STRESS,STEEP_MID_RATE_STRESS
2016-01-06,0.0060369100855788,7.517528924361177,-0.0012591825724581618,0.0,0.0,FULL_RISK,STEEP_MID_RATE_STRESS,CREDIT,STEEP_MID_RATE,STEEP_MID_RATE_STRESS,STEEP_MID_RATE_STRESS
2016-01-07,0.0021573618721602,7.533746954635456,0.0,0.0,0.0,FULL_RISK,STEEP_MID_RATE_STRESS,CREDIT,STEEP_MID_RATE,STEEP_MID_RATE_STRESS,STEEP_MID_RATE_STRESS
2016-01-08,0.0025255684195064,7.552773948024636,0.0,0.0,0.0,FULL_RISK,STEEP_MID_RATE_STRESS,CREDIT,STEEP_MID_RATE,STEEP_MID_RATE_STRESS,STEEP_MID_RATE_STRESS
2016-01-11,-0.0031730155424849,7.528808878898678,-0.003173015542484947,0.0,0.0,FULL_RISK,STEEP_MID_RATE_STRESS,CREDIT,STEEP_MID_RATE,STEEP_MID_RATE_STRESS,STEEP_MID_RATE_STRESS
2016-01-12,0.0044938155851275,7.562641957576119,0.0,0.0,0.0,FULL_RISK,STEEP_MID_RATE_STRESS,CREDIT,STEEP_MID_RATE,STEEP_MID_RATE_STRESS,STEEP_MID_RATE_STRESS
2016-01-13,0.003914688254123,7.59224734321758,0.0,0.0,0.0,FULL_RISK,STEEP_MID_RATE_STRESS,CREDIT,STEEP_MID_RATE,STEEP_MID_RATE_STRESS,STEEP_MID_RATE_STRESS
2016-01-14,-0.0020420273354626,7.576743766605137,-0.0020420273354625484,0.0,0.0,FULL_RISK,STEEP_MID_RATE_STRESS,CREDIT,STEEP_MID_RATE,STEEP_MID_RATE_STRESS,STEEP_MID_RATE_STRESS
2016-01-15,0.0046512002765288,7.61198471930756,0.0,0.0,0.0,FULL_RISK,STEEP_MID_RATE_STRESS,CREDIT,STEEP_MID_RATE,STEEP_MID_RATE_STRESS,STEEP_MID_RATE_STRESS
2016-01-19,-0.0012964671381903,7.602116031262571,-0.001296467138190316,0.0,0.0,FULL_RISK,STEEP_MID_RATE_STRESS,CREDIT,STEEP_MID_RATE,STEEP_MID_RATE_STRESS,STEEP_MID_RATE_STRESS
2016-01-20,0.0049144956827247,7.639476597677783,0.0,0.0,0.0,FULL_RISK,STEEP_MID_RATE_STRESS,CREDIT,STEEP_MID_RATE,STEEP_MID_RATE_STRESS,STEEP_MID_RATE_STRESS
2016-01-21,-0.0024912364872624,7.620444854834061,-0.0024912364872623494,0.0,0.0,FULL_RISK,STEEP_MID_RATE_STRESS,CREDIT,STEEP_MID_RATE,STEEP_MID_RATE_STRESS,STEEP_MID_RATE_STRESS
2016-01-22,-0.0022202893507935,7.603525262274564,-0.004705994572212879,0.0,0.0,FULL_RISK,STEEP_MID_RATE_STRESS,CREDIT,STEEP_MID_RATE,STEEP_MID_RATE_STRESS,STEEP_MID_RATE_STRESS
2016-01-25,0.0033375326886706,7.628902276386539,-0.0013841682942596911,0.0,0.0,FULL_RISK,STEEP_MID_RATE_STRESS,CREDIT,STEEP_MID_RATE,STEEP_MID_RATE_STRESS,STEEP_MID_RATE_STRESS
2016-01-26,0.0007391573943664,7.634541235915029,-0.0006460340181229096,0.0,0.0,FULL_RISK,STEEP_MID_RATE_STRESS,CREDIT,STEEP_MID_RATE,STEEP_MID_RATE_STRESS,STEEP_MID_RATE_STRESS
2016-01-27,0.000738611444256,7.640180195443521,0.0,0.0,0.0,FULL_RISK,STEEP_MID_RATE_STRESS,CREDIT,STEEP_MID_RATE,STEEP_MID_RATE_STRESS,STEEP_MID_RATE_STRESS
2016-01-28,0.0012914162116692,7.6500468480079915,0.0,0.0,0.0,FULL_RISK,STEEP_MID_RATE_STRESS,CREDIT,STEEP_MID_RATE,STEEP_MID_RATE_STRESS,STEEP_MID_RATE_STRESS
2016-01-29,0.0233774659627806,7.828885557810975,0.0,2.0,0.001,FULL_RISK,STEEP_LOW_RATE_STRESS,CREDIT,STEEP_LOW_RATE,STEEP_LOW_RATE_STRESS,STEEP_LOW_RATE_STRESS
2016-02-01,-0.0003617646285892,7.826053343934886,-0.00036176462858916736,0.0,0.0,FULL_RISK,STEEP_LOW_RATE_STRESS,CREDIT,STEEP_LOW_RATE,STEEP_LOW_RATE_STRESS,STEEP_LOW_RATE_STRESS
2016-02-02,-0.0180219695396188,7.685012448955059,-0.018377214457091062,0.0,0.0,FULL_RISK,STEEP_LOW_RATE_STRESS,CREDIT,STEEP_LOW_RATE,STEEP_LOW_RATE_STRESS,STEEP_LOW_RATE_STRESS
2016-02-03,0.0059947597828762,7.731082252514958,-0.012492621660363579,0.0,0.0,FULL_RISK,STEEP_LOW_RATE_STRESS,CREDIT,STEEP_LOW_RATE,STEEP_LOW_RATE_STRESS,STEEP_LOW_RATE_STRESS
2016-02-04,0.0015684159159676,7.743207804967458,-0.010943799371040175,0.0,0.0,FULL_RISK,STEEP_LOW_RATE_STRESS,CREDIT,STEEP_LOW_RATE,STEEP_LOW_RATE_STRESS,STEEP_LOW_RATE_STRESS
2016-02-05,-0.0190499674041031,7.595699948679631,-0.029785287753847922,0.0,0.0,FULL_RISK,STEEP_LOW_RATE_STRESS,CREDIT,STEEP_LOW_RATE,STEEP_LOW_RATE_STRESS,STEEP_LOW_RATE_STRESS
2016-02-08,-0.0134611889830061,7.493452796212244,-0.04284553134948632,0.0,0.0,FULL_RISK,STEEP_LOW_RATE_STRESS,CREDIT,STEEP_LOW_RATE,STEEP_LOW_RATE_STRESS,STEEP_LOW_RATE_STRESS
2016-02-09,5.374370677735385e-05,7.4938555221420735,-0.042794090320382505,0.0,0.0,FULL_RISK,STEEP_LOW_RATE_STRESS,CREDIT,STEEP_LOW_RATE,STEEP_LOW_RATE_STRESS,STEEP_LOW_RATE_STRESS
2016-02-10,-0.0008626764368513,7.487390749561953,-0.04361984930387797,0.0,0.0,FULL_RISK,STEEP_LOW_RATE_STRESS,CREDIT,STEEP_LOW_RATE,STEEP_LOW_RATE_STRESS,STEEP_LOW_RATE_STRESS
2016-02-11,-0.0130081272293803,7.389993818075567,-0.056060563983787004,0.0,0.0,FULL_RISK,STEEP_LOW_RATE_STRESS,CREDIT,STEEP_LOW_RATE,STEEP_LOW_RATE_STRESS,STEEP_LOW_RATE_STRESS
2016-02-12,0.0206170045836955,7.542353354496313,-0.03659936030470967,0.0,0.0,FULL_RISK,STEEP_LOW_RATE_STRESS,CREDIT,STEEP_LOW_RATE,STEEP_LOW_RATE_STRESS,STEEP_LOW_RATE_STRESS
2016-02-16,0.0168784162810664,7.6696563341524,-0.02033868326248689,0.0,0.0,FULL_RISK,STEEP_LOW_RATE_STRESS,CREDIT,STEEP_LOW_RATE,STEEP_LOW_RATE_STRESS,STEEP_LOW_RATE_STRESS
2016-02-17,0.01633467253461,7.794937658823777,-0.004336236458754694,0.0,0.0,FULL_RISK,STEEP_LOW_RATE_STRESS,CREDIT,STEEP_LOW_RATE,STEEP_LOW_RATE_STRESS,STEEP_LOW_RATE_STRESS
2016-02-18,-0.0040961408164932,7.763008496517449,-0.008414615440099249,0.0,0.0,FULL_RISK,STEEP_LOW_RATE_STRESS,CREDIT,STEEP_LOW_RATE,STEEP_LOW_RATE_STRESS,STEEP_LOW_RATE_STRESS
2016-02-19,-0.000468401726658,7.759372289933619,-0.008879075746355936,0.0,0.0,FULL_RISK,STEEP_LOW_RATE_STRESS,CREDIT,STEEP_LOW_RATE,STEEP_LOW_RATE_STRESS,STEEP_LOW_RATE_STRESS
2016-02-22,0.0144792112796303,7.871721880716877,0.0,0.0,0.0,FULL_RISK,STEEP_LOW_RATE_STRESS,CREDIT,STEEP_LOW_RATE,STEEP_LOW_RATE_STRESS,STEEP_LOW_RATE_STRESS
2016-02-23,-0.0126295617718348,7.7723054829736595,-0.01262956177183483,0.0,0.0,FULL_RISK,STEEP_LOW_RATE_STRESS,CREDIT,STEEP_LOW_RATE,STEEP_LOW_RATE_STRESS,STEEP_LOW_RATE_STRESS
2016-02-24,0.00457553433331,7.807867933559979,-0.008111814432026465,0.0,0.0,FULL_RISK,STEEP_LOW_RATE_STRESS,CREDIT,STEEP_LOW_RATE,STEEP_LOW_RATE_STRESS,STEEP_LOW_RATE_STRESS
2016-02-25,0.0121117451195233,7.902434839898158,0.0,0.0,0.0,FULL_RISK,STEEP_LOW_RATE_STRESS,CREDIT,STEEP_LOW_RATE,STEEP_LOW_RATE_STRESS,STEEP_LOW_RATE_STRESS
2016-02-26,-0.002301056774449,7.884250888675168,-0.0023010567744490285,0.0,0.0,FULL_RISK,STEEP_LOW_RATE_STRESS,CREDIT,STEEP_LOW_RATE,STEEP_LOW_RATE_STRESS,STEEP_LOW_RATE_STRESS
2016-02-29,-0.0078425994582395,7.82241786692702,-0.010125609966075921,0.0,0.0,FULL_RISK,STEEP_LOW_RATE_STRESS,CREDIT,STEEP_LOW_RATE,STEEP_LOW_RATE_STRESS,STEEP_LOW_RATE_STRESS
2016-03-01,0.0235067225686118,8.006297273540625,0.0,0.0,0.0,FULL_RISK,STEEP_LOW_RATE_STRESS,CREDIT,STEEP_LOW_RATE,STEEP_LOW_RATE_STRESS,STEEP_LOW_RATE_STRESS
2016-03-02,0.0044925666843298,8.042266097936574,0.0,0.0,0.0,FULL_RISK,STEEP_LOW_RATE_STRESS,CREDIT,STEEP_LOW_RATE,STEEP_LOW_RATE_STRESS,STEEP_LOW_RATE_STRESS
2016-03-03,0.0039195493579635,8.073788156857313,0.0,0.0,0.0,FULL_RISK,STEEP_LOW_RATE_STRESS,CREDIT,STEEP_LOW_RATE,STEEP_LOW_RATE_STRESS,STEEP_LOW_RATE_STRESS
2016-03-04,0.0032537194530621,8.100057998443184,0.0,0.0,0.0,FULL_RISK,STEEP_LOW_RATE_STRESS,CREDIT,STEEP_LOW_RATE,STEEP_LOW_RATE_STRESS,STEEP_LOW_RATE_STRESS
2016-03-07,0.0007982044273415,8.106523500599264,0.0,0.0,0.0,NON_RISK,STEEP_LOW_RATE_NORMAL,,STEEP_LOW_RATE,STEEP_LOW_RATE_NORMAL,STEEP_LOW_RATE_NORMAL
2016-03-08,-0.0109178230664853,8.018017911335416,-0.010917823066485366,0.0,0.0,NON_RISK,STEEP_LOW_RATE_NORMAL,,STEEP_LOW_RATE,STEEP_LOW_RATE_NORMAL,STEEP_LOW_RATE_NORMAL
2016-03-09,0.0049395949215511,8.057623671891156,-0.006032157768307678,0.0,0.0,NON_RISK,STEEP_LOW_RATE_NORMAL,,STEEP_LOW_RATE,STEEP_LOW_RATE_NORMAL,STEEP_LOW_RATE_NORMAL
2016-03-10,0.0008024986019881,8.064089903623195,-0.0052344999644955426,0.0,0.0,NON_RISK,STEEP_LOW_RATE_NORMAL,,STEEP_LOW_RATE,STEEP_LOW_RATE_NORMAL,STEEP_LOW_RATE_NORMAL
2016-03-11,0.0161369835971185,8.194219990123653,0.0,0.0,0.0,NON_RISK,STEEP_LOW_RATE_NORMAL,,STEEP_LOW_RATE,STEEP_LOW_RATE_NORMAL,STEEP_LOW_RATE_NORMAL
2016-03-14,-0.00128228836744,8.183712637150073,-0.0012822883674399321,0.0,0.0,NON_RISK,STEEP_LOW_RATE_NORMAL,,STEEP_LOW_RATE,STEEP_LOW_RATE_NORMAL,STEEP_LOW_RATE_NORMAL
2016-03-15,-0.0016294791844687,8.170377447756163,-0.0029096780897055474,0.0,0.0,NON_RISK,STEEP_LOW_RATE_NORMAL,,STEEP_LOW_RATE,STEEP_LOW_RATE_NORMAL,STEEP_LOW_RATE_NORMAL
2016-03-16,0.0057872256525988,8.217661265713232,0.0,0.0,0.0,NON_RISK,STEEP_LOW_RATE_NORMAL,,STEEP_LOW_RATE,STEEP_LOW_RATE_NORMAL,STEEP_LOW_RATE_NORMAL
2016-03-17,0.0063440567427166,8.269794575075341,0.0,0.0,0.0,NON_RISK,STEEP_LOW_RATE_NORMAL,,STEEP_LOW_RATE,STEEP_LOW_RATE_NORMAL,STEEP_LOW_RATE_NORMAL
2016-03-18,0.0039295743211114,8.302291347478423,0.0,0.0,0.0,NON_RISK,STEEP_LOW_RATE_NORMAL,,STEEP_LOW_RATE,STEEP_LOW_RATE_NORMAL,STEEP_LOW_RATE_NORMAL
2016-03-21,0.0014191169259549,8.31407326965384,0.0,0.0,0.0,NON_RISK,STEEP_LOW_RATE_NORMAL,,STEEP_LOW_RATE,STEEP_LOW_RATE_NORMAL,STEEP_LOW_RATE_NORMAL
2016-03-22,-0.0005375683115853,8.309603887323876,-0.0005375683115852459,0.0,0.0,NON_RISK,STEEP_LOW_RATE_NORMAL,,STEEP_LOW_RATE,STEEP_LOW_RATE_NORMAL,STEEP_LOW_RATE_NORMAL
2016-03-23,-0.0065995091150857,8.25476458072673,-0.0071335297396986075,0.0,0.0,NON_RISK,STEEP_LOW_RATE_NORMAL,,STEEP_LOW_RATE,STEEP_LOW_RATE_NORMAL,STEEP_LOW_RATE_NORMAL
2016-03-24,-0.000442972622047,8.251107946016026,-0.007573342403372263,0.0,0.0,NON_RISK,STEEP_LOW_RATE_NORMAL,,STEEP_LOW_RATE,STEEP_LOW_RATE_NORMAL,STEEP_LOW_RATE_NORMAL
2016-03-28,0.0005907445423771,8.2559822430037,-0.0069870717716874475,0.0,0.0,NON_RISK,STEEP_LOW_RATE_NORMAL,,STEEP_LOW_RATE,STEEP_LOW_RATE_NORMAL,STEEP_LOW_RATE_NORMAL
2016-03-29,0.0092500639352401,8.332350606599691,0.0,0.0,0.0,NON_RISK,STEEP_LOW_RATE_NORMAL,,STEEP_LOW_RATE,STEEP_LOW_RATE_NORMAL,STEEP_LOW_RATE_NORMAL
2016-03-30,0.0043879538172983,8.368912576250988,0.0,0.0,0.0,NON_RISK,STEEP_LOW_RATE_NORMAL,,STEEP_LOW_RATE,STEEP_LOW_RATE_NORMAL,STEEP_LOW_RATE_NORMAL
2016-03-31,-0.0024269180686093,8.348601911105073,-0.002426918068609396,0.0,0.0,NON_RISK,STEEP_LOW_RATE_NORMAL,,STEEP_LOW_RATE,STEEP_LOW_RATE_NORMAL,STEEP_LOW_RATE_NORMAL
2016-04-01,0.0068117976546191,8.405470898022488,0.0,0.0,0.0,NON_RISK,STEEP_LOW_RATE_NORMAL,,STEEP_LOW_RATE,STEEP_LOW_RATE_NORMAL,STEEP_LOW_RATE_NORMAL
2016-04-04,-0.0032379900557554,8.37825406684075,-0.003237990055755313,0.0,0.0,NON_RISK,STEEP_LOW_RATE_NORMAL,,STEEP_LOW_RATE,STEEP_LOW_RATE_NORMAL,STEEP_LOW_RATE_NORMAL
2016-04-05,-0.0099879560048907,8.294572433823348,-0.013193605158424937,0.0,0.0,NON_RISK,STEEP_LOW_RATE_NORMAL,,STEEP_LOW_RATE,STEEP_LOW_RATE_NORMAL,STEEP_LOW_RATE_NORMAL
2016-04-06,0.010921246417461,8.385159503300612,-0.002416449354033734,0.0,0.0,NON_RISK,STEEP_LOW_RATE_NORMAL,,STEEP_LOW_RATE,STEEP_LOW_RATE_NORMAL,STEEP_LOW_RATE_NORMAL
2016-04-07,-0.0119656012131003,8.284826028575878,-0.014353136297812097,0.0,0.0,NON_RISK,STEEP_LOW_RATE_NORMAL,,STEEP_LOW_RATE,STEEP_LOW_RATE_NORMAL,STEEP_LOW_RATE_NORMAL
2016-04-08,0.0026965376688814,8.307166374042064,-0.011695302401624086,0.0,0.0,NON_RISK,STEEP_LOW_RATE_NORMAL,,STEEP_LOW_RATE,STEEP_LOW_RATE_NORMAL,STEEP_LOW_RATE_NORMAL
2016-04-11,-0.0023472079677548,8.287667726939448,-0.014015059062396418,0.0,0.0,NON_RISK,STEEP_LOW_RATE_NORMAL,,STEEP_LOW_RATE,STEEP_LOW_RATE_NORMAL,STEEP_LOW_RATE_NORMAL
2016-04-12,0.0093126780877583,8.36484810857874,-0.004832898708067135,0.0,0.0,NON_RISK,STEEP_LOW_RATE_NORMAL,,STEEP_LOW_RATE,STEEP_LOW_RATE_NORMAL,STEEP_LOW_RATE_NORMAL
2016-04-13,0.0101010382930979,8.449341759639442,0.0,0.0,0.0,NON_RISK,STEEP_LOW_RATE_NORMAL,,STEEP_LOW_RATE,STEEP_LOW_RATE_NORMAL,STEEP_LOW_RATE_NORMAL
2016-04-14,4.800897456980202e-05,8.449747403873111,0.0,0.0,0.0,NON_RISK,STEEP_LOW_RATE_NORMAL,,STEEP_LOW_RATE,STEEP_LOW_RATE_NORMAL,STEEP_LOW_RATE_NORMAL
2016-04-15,-0.0011057939215266,8.440403724555473,-0.0011057939215265433,0.0,0.0,NON_RISK,STEEP_LOW_RATE_NORMAL,,STEEP_LOW_RATE,STEEP_LOW_RATE_NORMAL,STEEP_LOW_RATE_NORMAL
2016-04-18,0.0070266732832469,8.499711683906625,0.0,0.0,0.0,NON_RISK,STEEP_LOW_RATE_NORMAL,,STEEP_LOW_RATE,STEEP_LOW_RATE_NORMAL,STEEP_LOW_RATE_NORMAL
2016-04-19,0.0031546217887268,8.526525059582573,0.0,0.0,0.0,NON_RISK,STEEP_LOW_RATE_NORMAL,,STEEP_LOW_RATE,STEEP_LOW_RATE_NORMAL,STEEP_LOW_RATE_NORMAL
2016-04-20,0.0009526857283672,8.534648158319403,0.0,0.0,0.0,NON_RISK,STEEP_LOW_RATE_NORMAL,,STEEP_LOW_RATE,STEEP_LOW_RATE_NORMAL,STEEP_LOW_RATE_NORMAL
2016-04-21,-0.0053784830246704,8.488744698078348,-0.005378483024670366,0.0,0.0,NON_RISK,STEEP_LOW_RATE_NORMAL,,STEEP_LOW_RATE,STEEP_LOW_RATE_NORMAL,STEEP_LOW_RATE_NORMAL
2016-04-22,0.0,8.488744698078348,-0.005378483024670366,0.0,0.0,NON_RISK,STEEP_LOW_RATE_NORMAL,,STEEP_LOW_RATE,STEEP_LOW_RATE_NORMAL,STEEP_LOW_RATE_NORMAL
2016-04-25,-0.0017225351812469,8.474122536691285,-0.0070917535796855,0.0,0.0,NON_RISK,STEEP_LOW_RATE_NORMAL,,STEEP_LOW_RATE,STEEP_LOW_RATE_NORMAL,STEEP_LOW_RATE_NORMAL
2016-04-26,0.0014859062323344,8.486714288182121,-0.0056163850281931715,0.0,0.0,NON_RISK,STEEP_LOW_RATE_NORMAL,,STEEP_LOW_RATE,STEEP_LOW_RATE_NORMAL,STEEP_LOW_RATE_NORMAL
2016-04-27,0.002058303910468,8.504182525388511,-0.003569641344991381,0.0,0.0,NON_RISK,STEEP_LOW_RATE_NORMAL,,STEEP_LOW_RATE,STEEP_LOW_RATE_NORMAL,STEEP_LOW_RATE_NORMAL
2016-04-28,-0.0090761796845938,8.426997036717502,-0.012613422323328516,0.0,0.0,NON_RISK,STEEP_LOW_RATE_NORMAL,,STEEP_LOW_RATE,STEEP_LOW_RATE_NORMAL,STEEP_LOW_RATE_NORMAL
2016-04-29,-0.0053982752842486,8.381505786893753,-0.01794360688159946,0.0,0.0,NON_RISK,STEEP_LOW_RATE_NORMAL,,STEEP_LOW_RATE,STEEP_LOW_RATE_NORMAL,STEEP_LOW_RATE_NORMAL
2016-05-02,0.0079483378927991,8.448124826938436,-0.010137890839310715,0.0,0.0,NON_RISK,STEEP_LOW_RATE_NORMAL,,STEEP_LOW_RATE,STEEP_LOW_RATE_NORMAL,STEEP_LOW_RATE_NORMAL
2016-05-03,-0.0087033118873871,8.374598161706013,-0.018752969500843042,0.0,0.0,NON_RISK,STEEP_LOW_RATE_NORMAL,,STEEP_LOW_RATE,STEEP_LOW_RATE_NORMAL,STEEP_LOW_RATE_NORMAL
2016-05-04,-0.0055783223216525,8.327881953845699,-0.02422668171413167,0.0,0.0,NON_RISK,STEEP_LOW_RATE_NORMAL,,STEEP_LOW_RATE,STEEP_LOW_RATE_NORMAL,STEEP_LOW_RATE_NORMAL
2016-05-05,-0.0001950119004566,8.3262579177591,-0.024416969123345456,0.0,0.0,NON_RISK,STEEP_LOW_RATE_NORMAL,,STEEP_LOW_RATE,STEEP_LOW_RATE_NORMAL,STEEP_LOW_RATE_NORMAL
2016-05-06,0.0036589826104129,8.356723550689996,-0.02084732777835363,0.0,0.0,NON_RISK,STEEP_LOW_RATE_NORMAL,,STEEP_LOW_RATE,STEEP_LOW_RATE_NORMAL,STEEP_LOW_RATE_NORMAL
2016-05-09,0.0008265949143635,8.363631175877737,-0.02003796515910994,0.0,0.0,NON_RISK,STEEP_LOW_RATE_NORMAL,,STEEP_LOW_RATE,STEEP_LOW_RATE_NORMAL,STEEP_LOW_RATE_NORMAL
2016-05-10,0.0124334332895312,8.467619826161258,-0.007853672572642245,0.0,0.0,NON_RISK,STEEP_LOW_RATE_NORMAL,,STEEP_LOW_RATE,STEEP_LOW_RATE_NORMAL,STEEP_LOW_RATE_NORMAL
2016-05-11,-0.0093544660230061,8.3884097642017,-0.017134671682411673,0.0,0.0,NON_RISK,STEEP_LOW_RATE_NORMAL,,STEEP_LOW_RATE,STEEP_LOW_RATE_NORMAL,STEEP_LOW_RATE_NORMAL
2016-05-12,0.0002904071449028,8.390845818331597,-0.01684924056859105,0.0,0.0,NON_RISK,STEEP_LOW_RATE_NORMAL,,STEEP_LOW_RATE,STEEP_LOW_RATE_NORMAL,STEEP_LOW_RATE_NORMAL
2016-05-13,-0.0087139454951269,8.31772844521264,-0.0254163626997691,0.0,0.0,NON_RISK,STEEP_LOW_RATE_NORMAL,,STEEP_LOW_RATE,STEEP_LOW_RATE_NORMAL,STEEP_LOW_RATE_NORMAL
2016-05-16,0.0098650345665218,8.399783123839606,-0.015802061429835534,0.0,0.0,NON_RISK,STEEP_LOW_RATE_NORMAL,,STEEP_LOW_RATE,STEEP_LOW_RATE_NORMAL,STEEP_LOW_RATE_NORMAL
2016-05-17,-0.0093332545834187,8.321385809499308,-0.0249878313509867,0.0,0.0,NON_RISK,STEEP_LOW_RATE_NORMAL,,STEEP_LOW_RATE,STEEP_LOW_RATE_NORMAL,STEEP_LOW_RATE_NORMAL
2016-05-18,0.0002928338814762,8.323822593205165,-0.024702314753154653,0.0,0.0,NON_RISK,STEEP_LOW_RATE_NORMAL,,STEEP_LOW_RATE,STEEP_LOW_RATE_NORMAL,STEEP_LOW_RATE_NORMAL
2016-05-19,-0.0034651214238708,8.29497953720895,-0.028081839656954988,0.0,0.0,NON_RISK,STEEP_LOW_RATE_NORMAL,,STEEP_LOW_RATE,STEEP_LOW_RATE_NORMAL,STEEP_LOW_RATE_NORMAL
2016-05-20,0.0063172022913755,8.34738060094832,-0.02194203602740652,0.0,0.0,NON_RISK,STEEP_LOW_RATE_NORMAL,,STEEP_LOW_RATE,STEEP_LOW_RATE_NORMAL,STEEP_LOW_RATE_NORMAL
2016-05-23,-0.0013625938192604,8.336006511734453,-0.023274731763993972,0.0,0.0,NON_RISK,STEEP_LOW_RATE_NORMAL,,STEEP_LOW_RATE,STEEP_LOW_RATE_NORMAL,STEEP_LOW_RATE_NORMAL
2016-05-24,0.0129623036377946,8.444060359266189,-0.010614122266412451,0.0,0.0,NON_RISK,STEEP_LOW_RATE_NORMAL,,STEEP_LOW_RATE,STEEP_LOW_RATE_NORMAL,STEEP_LOW_RATE_NORMAL
2016-05-25,0.006783262624127,8.501338638297073,-0.0039028580211429853,0.0,0.0,NON_RISK,STEEP_LOW_RATE_NORMAL,,STEEP_LOW_RATE,STEEP_LOW_RATE_NORMAL,STEEP_LOW_RATE_NORMAL
2016-05-26,0.000286635294691,8.50377542200293,-0.003617341423310938,0.0,0.0,NON_RISK,STEEP_LOW_RATE_NORMAL,,STEEP_LOW_RATE,STEEP_LOW_RATE_NORMAL,STEEP_LOW_RATE_NORMAL
2016-05-27,0.0042990695258608,8.540333743774427,0.0,0.0,0.0,NON_RISK,STEEP_LOW_RATE_NORMAL,,STEEP_LOW_RATE,STEEP_LOW_RATE_NORMAL,STEEP_LOW_RATE_NORMAL
2016-05-31,-0.0019027178376145,8.524083898420967,-0.0019027178376144205,0.0,0.0,NON_RISK,STEEP_LOW_RATE_NORMAL,,STEEP_LOW_RATE,STEEP_LOW_RATE_NORMAL,STEEP_LOW_RATE_NORMAL
2016-06-01,0.002049365889698,8.541552865203315,0.0,0.0,0.0,NON_RISK,STEEP_LOW_RATE_NORMAL,,STEEP_LOW_RATE,STEEP_LOW_RATE_NORMAL,STEEP_LOW_RATE_NORMAL
2016-06-02,0.0030438456935255,8.567552034108084,0.0,0.0,0.0,NON_RISK,STEEP_LOW_RATE_NORMAL,,STEEP_LOW_RATE,STEEP_LOW_RATE_NORMAL,STEEP_LOW_RATE_NORMAL
2016-06-03,-0.0029871770831683,8.541959239012945,-0.002987177083168313,0.0,0.0,NON_RISK,STEEP_LOW_RATE_NORMAL,,STEEP_LOW_RATE,STEEP_LOW_RATE_NORMAL,STEEP_LOW_RATE_NORMAL
2016-06-06,0.0050882657028907,8.585422997244306,0.0,0.0,0.0,NON_RISK,STEEP_LOW_RATE_NORMAL,,STEEP_LOW_RATE,STEEP_LOW_RATE_NORMAL,STEEP_LOW_RATE_NORMAL
2016-06-07,0.0015617339989184,8.598831144234198,0.0,0.0,0.0,NON_RISK,STEEP_LOW_RATE_NORMAL,,STEEP_LOW_RATE,STEEP_LOW_RATE_NORMAL,STEEP_LOW_RATE_NORMAL
2016-06-08,0.0032595266936799,8.626859263883276,0.0,0.0,0.0,NON_RISK,STEEP_LOW_RATE_NORMAL,,STEEP_LOW_RATE,STEEP_LOW_RATE_NORMAL,STEEP_LOW_RATE_NORMAL
2016-06-09,-0.0013653027058093,8.61508098958766,-0.001365302705809257,0.0,0.0,NON_RISK,STEEP_LOW_RATE_NORMAL,,STEEP_LOW_RATE,STEEP_LOW_RATE_NORMAL,STEEP_LOW_RATE_NORMAL
2016-06-10,-0.0094777081283228,8.533429766466487,-0.010830070893579569,0.0,0.0,NON_RISK,STEEP_LOW_RATE_NORMAL,,STEEP_LOW_RATE,STEEP_LOW_RATE_NORMAL,STEEP_LOW_RATE_NORMAL
2016-06-13,-0.0077120152279021,8.467619826161265,-0.01845856444983096,0.0,0.0,NON_RISK,STEEP_LOW_RATE_NORMAL,,STEEP_LOW_RATE,STEEP_LOW_RATE_NORMAL,STEEP_LOW_RATE_NORMAL
2016-06-14,-0.0019666177302672,8.450967254877973,-0.020388881239975953,0.0,0.0,NON_RISK,STEEP_LOW_RATE_NORMAL,,STEEP_LOW_RATE,STEEP_LOW_RATE_NORMAL,STEEP_LOW_RATE_NORMAL
2016-06-15,-0.0013937190785845,8.439188980582356,-0.02175418394578532,0.0,0.0,NON_RISK,STEEP_LOW_RATE_NORMAL,,STEEP_LOW_RATE,STEEP_LOW_RATE_NORMAL,STEEP_LOW_RATE_NORMAL
2016-06-16,0.0029838547651594,8.464370294836149,-0.018835240506054562,0.0,0.0,NON_RISK,STEEP_LOW_RATE_NORMAL,,STEEP_LOW_RATE,STEEP_LOW_RATE_NORMAL,STEEP_LOW_RATE_NORMAL
2016-06-17,-0.003723743116027,8.43285115421925,-0.022488846024908415,0.0,0.0,NON_RISK,STEEP_LOW_RATE_NORMAL,,STEEP_LOW_RATE,STEEP_LOW_RATE_NORMAL,STEEP_LOW_RATE_NORMAL
2016-06-20,0.0064400727945035,8.487159329517635,-0.016193603035869697,0.0,0.0,NON_RISK,STEEP_LOW_RATE_NORMAL,,STEEP_LOW_RATE,STEEP_LOW_RATE_NORMAL,STEEP_LOW_RATE_NORMAL
2016-06-21,0.0028381321658732,8.51124700940763,-0.013401430455654006,0.0,0.0,NON_RISK,STEEP_LOW_RATE_NORMAL,,STEEP_LOW_RATE,STEEP_LOW_RATE_NORMAL,STEEP_LOW_RATE_NORMAL
2016-06-22,-0.0016308905377232,8.49736609719576,-0.015010464727255313,0.0,0.0,NON_RISK,STEEP_LOW_RATE_NORMAL,,STEEP_LOW_RATE,STEEP_LOW_RATE_NORMAL,STEEP_LOW_RATE_NORMAL
2016-06-23,0.0130225028898016,8.608023071752195,-0.0021834356577415948,0.0,0.0,NON_RISK,STEEP_LOW_RATE_NORMAL,,STEEP_LOW_RATE,STEEP_LOW_RATE_NORMAL,STEEP_LOW_RATE_NORMAL
2016-06-24,-0.0359090595496135,8.298917058664198,-0.038014090086298524,0.0,0.0,NON_RISK,STEEP_LOW_RATE_NORMAL,,STEEP_LOW_RATE,STEEP_LOW_RATE_NORMAL,STEEP_LOW_RATE_NORMAL
2016-06-27,-0.0179099105783593,8.150284196246302,-0.05524317171049442,0.0,0.0,NON_RISK,STEEP_LOW_RATE_NORMAL,,STEEP_LOW_RATE,STEEP_LOW_RATE_NORMAL,STEEP_LOW_RATE_NORMAL
2016-06-28,0.0180359210982608,8.297282078938203,-0.038203612098421824,0.0,0.0,NON_RISK,STEEP_LOW_RATE_NORMAL,,STEEP_LOW_RATE,STEEP_LOW_RATE_NORMAL,STEEP_LOW_RATE_NORMAL
2016-06-29,0.0170278136872132,8.438566652288616,-0.021826322400198994,0.0,0.0,NON_RISK,STEEP_LOW_RATE_NORMAL,,STEEP_LOW_RATE,STEEP_LOW_RATE_NORMAL,STEEP_LOW_RATE_NORMAL
2016-06-30,0.0136455607315639,8.55371562602977,-0.00847859407649365,0.0,0.0,NON_RISK,STEEP_LOW_RATE_NORMAL,,STEEP_LOW_RATE,STEEP_LOW_RATE_NORMAL,STEEP_LOW_RATE_NORMAL
2016-07-01,0.0021006072126363,8.57168362276865,-0.0063957970597273706,0.0,0.0,NON_RISK,STEEP_LOW_RATE_NORMAL,,STEEP_LOW_RATE,STEEP_LOW_RATE_NORMAL,STEEP_LOW_RATE_NORMAL
2016-07-05,-0.0071933805986403,8.510024240098943,-0.013543170255885362,0.0,0.0,NON_RISK,STEEP_LOW_RATE_NORMAL,,STEEP_LOW_RATE,STEEP_LOW_RATE_NORMAL,STEEP_LOW_RATE_NORMAL
2016-07-06,0.005523211125969431,8.557026900664129,-0.008094760918553878,0.8417042797621586,0.00042085213988107926,NON_RISK,FLAT_MID_RATE_NORMAL,,FLAT_MID_RATE,FLAT_MID_RATE_NORMAL,FLAT_MID_RATE_NORMAL
2016-07-07,-0.0019425635513298613,8.54040433209915,-0.010021599882366505,0.0,0.0,NON_RISK,FLAT_MID_RATE_NORMAL,,FLAT_MID_RATE,FLAT_MID_RATE_NORMAL,FLAT_MID_RATE_NORMAL
2016-07-08,0.011154053770354031,8.63566446123995,0.0,0.0,0.0,NON_RISK,FLAT_MID_RATE_NORMAL,,FLAT_MID_RATE,FLAT_MID_RATE_NORMAL,FLAT_MID_RATE_NORMAL
2016-07-11,-0.0019235286334658322,8.619053513379752,-0.0019235286334656765,0.0,0.0,NON_RISK,FLAT_MID_RATE_NORMAL,,FLAT_MID_RATE,FLAT_MID_RATE_NORMAL,FLAT_MID_RATE_NORMAL
2016-07-12,-0.002759519403392795,8.5952690679707,-0.004677740022271504,0.0,0.0,NON_RISK,FLAT_MID_RATE_NORMAL,,FLAT_MID_RATE,FLAT_MID_RATE_NORMAL,FLAT_MID_RATE_NORMAL
2016-07-13,0.00379180729185447,8.627860671898082,-0.000903669819142916,0.0,0.0,NON_RISK,FLAT_MID_RATE_NORMAL,,FLAT_MID_RATE,FLAT_MID_RATE_NORMAL,FLAT_MID_RATE_NORMAL
2016-07-14,-1.32191201220851e-05,8.627746619171464,-0.0009168769935450349,0.0,0.0,NON_RISK,FLAT_MID_RATE_NORMAL,,FLAT_MID_RATE,FLAT_MID_RATE_NORMAL,FLAT_MID_RATE_NORMAL
2016-07-15,-0.0023966600296504805,8.607068843703344,-0.0033113395807530255,0.0,0.0,NON_RISK,FLAT_MID_RATE_NORMAL,,FLAT_MID_RATE,FLAT_MID_RATE_NORMAL,FLAT_MID_RATE_NORMAL
2016-07-18,0.0022199265381732773,8.626175904245365,-0.001098763973191974,0.0,0.0,NON_RISK,FLAT_MID_RATE_NORMAL,,FLAT_MID_RATE,FLAT_MID_RATE_NORMAL,FLAT_MID_RATE_NORMAL
2016-07-19,-2.554480353017931e-05,8.625955550276673,-0.0011242807090123819,0.0,0.0,NON_RISK,FLAT_MID_RATE_NORMAL,,FLAT_MID_RATE,FLAT_MID_RATE_NORMAL,FLAT_MID_RATE_NORMAL
2016-07-20,-0.0036101295851736276,8.594814732944227,-0.004730351495136342,0.0,0.0,NON_RISK,FLAT_MID_RATE_NORMAL,,FLAT_MID_RATE,FLAT_MID_RATE_NORMAL,FLAT_MID_RATE_NORMAL
2016-07-21,0.004223052796890295,8.63111108934094,-0.0005272752223579591,0.0,0.0,NON_RISK,FLAT_MID_RATE_NORMAL,,FLAT_MID_RATE,FLAT_MID_RATE_NORMAL,FLAT_MID_RATE_NORMAL
2016-07-22,-0.0005432524436189078,8.62642221715051,-0.0010702412224237179,0.0,0.0,NON_RISK,FLAT_MID_RATE_NORMAL,,FLAT_MID_RATE,FLAT_MID_RATE_NORMAL,FLAT_MID_RATE_NORMAL
2016-07-25,-0.004504213514171606,8.58756696962107,-0.005569634141618041,0.0,0.0,NON_RISK,FLAT_MID_RATE_NORMAL,,FLAT_MID_RATE,FLAT_MID_RATE_NORMAL,FLAT_MID_RATE_NORMAL
2016-07-26,0.0020450527310367224,8.605128996905254,-0.0035359716060935353,0.0,0.0,NON_RISK,FLAT_MID_RATE_NORMAL,,FLAT_MID_RATE,FLAT_MID_RATE_NORMAL,FLAT_MID_RATE_NORMAL
2016-07-27,0.00616601645628053,8.658188363908588,0.0,0.0,0.0,NON_RISK,FLAT_MID_RATE_NORMAL,,FLAT_MID_RATE,FLAT_MID_RATE_NORMAL,FLAT_MID_RATE_NORMAL
2016-07-28,-0.0005474318091945622,8.653448596188186,-0.0005474318091945873,0.0,0.0,NON_RISK,FLAT_MID_RATE_NORMAL,,FLAT_MID_RATE,FLAT_MID_RATE_NORMAL,FLAT_MID_RATE_NORMAL
2016-07-29,0.0052866284333223925,8.699196163583089,0.0,0.0,0.0,NON_RISK,FLAT_MID_RATE_NORMAL,,FLAT_MID_RATE,FLAT_MID_RATE_NORMAL,FLAT_MID_RATE_NORMAL
2016-08-01,0.00027658214204741847,8.701602205892103,0.0,0.014214800194533972,7.107400097266986e-06,NON_RISK,FLAT_MID_RATE_NORMAL,,FLAT_MID_RATE,FLAT_MID_RATE_NORMAL,FLAT_MID_RATE_NORMAL
2016-08-02,-0.0003942591341086826,8.698171519741049,-0.00039425913410873203,0.0,0.0,NON_RISK,FLAT_MID_RATE_NORMAL,,FLAT_MID_RATE,FLAT_MID_RATE_NORMAL,FLAT_MID_RATE_NORMAL
2016-08-03,-0.0002556574240120716,8.695947767616696,-0.0006498157628462842,0.0,0.0,NON_RISK,FLAT_MID_RATE_NORMAL,,FLAT_MID_RATE,FLAT_MID_RATE_NORMAL,FLAT_MID_RATE_NORMAL
2016-08-04,0.0013258257130062214,8.707477078765962,0.0,0.0,0.0,NON_RISK,FLAT_MID_RATE_NORMAL,,FLAT_MID_RATE,FLAT_MID_RATE_NORMAL,FLAT_MID_RATE_NORMAL
2016-08-05,-0.002596271010940057,8.684870108447937,-0.0025962710109400655,0.0,0.0,NON_RISK,FLAT_MID_RATE_NORMAL,,FLAT_MID_RATE,FLAT_MID_RATE_NORMAL,FLAT_MID_RATE_NORMAL
2016-08-08,-0.0007059457592579063,8.678739061225173,-0.0033003839436878124,0.0,0.0,NON_RISK,FLAT_MID_RATE_NORMAL,,FLAT_MID_RATE,FLAT_MID_RATE_NORMAL,FLAT_MID_RATE_NORMAL
2016-08-09,0.002037548560943124,8.696422413510174,-0.0012695600752996583,0.0,0.0,NON_RISK,FLAT_MID_RATE_NORMAL,,FLAT_MID_RATE,FLAT_MID_RATE_NORMAL,FLAT_MID_RATE_NORMAL
2016-08-10,0.0004891247941834602,8.700676049333314,-0.0007810562544267041,0.0,0.0,NON_RISK,FLAT_MID_RATE_NORMAL,,FLAT_MID_RATE,FLAT_MID_RATE_NORMAL,FLAT_MID_RATE_NORMAL
2016-08-11,-0.00014384546942596,8.699424496502674,-0.0009247893724492195,0.0,0.0,NON_RISK,FLAT_MID_RATE_NORMAL,,FLAT_MID_RATE,FLAT_MID_RATE_NORMAL,FLAT_MID_RATE_NORMAL
2016-08-12,-0.0013842832524493076,8.687382028866217,-0.002307792454458224,0.0,0.0,NON_RISK,FLAT_MID_RATE_NORMAL,,FLAT_MID_RATE,FLAT_MID_RATE_NORMAL,FLAT_MID_RATE_NORMAL
2016-08-15,0.003119585580944961,8.714483060579628,0.0,0.0,0.0,NON_RISK,FLAT_MID_RATE_NORMAL,,FLAT_MID_RATE,FLAT_MID_RATE_NORMAL,FLAT_MID_RATE_NORMAL
2016-08-16,-0.000984852982434651,8.70590057594704,-0.0009848529824347807,0.0,0.0,NON_RISK,FLAT_MID_RATE_NORMAL,,FLAT_MID_RATE,FLAT_MID_RATE_NORMAL,FLAT_MID_RATE_NORMAL
2016-08-17,0.0011996466252666921,8.71634458019288,0.0,0.0,0.0,NON_RISK,FLAT_MID_RATE_NORMAL,,FLAT_MID_RATE,FLAT_MID_RATE_NORMAL,FLAT_MID_RATE_NORMAL
2016-08-18,0.003279365702057147,8.744928661656475,0.0,0.0,0.0,NON_RISK,FLAT_MID_RATE_NORMAL,,FLAT_MID_RATE,FLAT_MID_RATE_NORMAL,FLAT_MID_RATE_NORMAL
2016-08-19,-0.004510320477009266,8.705486230843821,-0.0045103204770092775,0.0,0.0,NON_RISK,FLAT_MID_RATE_NORMAL,,FLAT_MID_RATE,FLAT_MID_RATE_NORMAL,FLAT_MID_RATE_NORMAL
2016-08-22,-0.0006410974928343055,8.699905165447325,-0.005148526414693766,0.0,0.0,NON_RISK,FLAT_MID_RATE_NORMAL,,FLAT_MID_RATE,FLAT_MID_RATE_NORMAL,FLAT_MID_RATE_NORMAL
2016-08-23,0.0011156482027736738,8.709611199009457,-0.004038622156161575,0.0,0.0,NON_RISK,FLAT_MID_RATE_NORMAL,,FLAT_MID_RATE,FLAT_MID_RATE_NORMAL,FLAT_MID_RATE_NORMAL
2016-08-24,-0.007597403200264521,8.643440771013044,-0.011605342315532119,0.0,0.0,NON_RISK,FLAT_MID_RATE_NORMAL,,FLAT_MID_RATE,FLAT_MID_RATE_NORMAL,FLAT_MID_RATE_NORMAL
2016-08-25,-0.0007636714460633497,8.63684002210048,-0.012360151093047334,0.0,0.0,NON_RISK,FLAT_MID_RATE_NORMAL,,FLAT_MID_RATE,FLAT_MID_RATE_NORMAL,FLAT_MID_RATE_NORMAL
2016-08-26,-0.00169409827707978,8.622208366299628,-0.01403331005945585,0.0,0.0,NON_RISK,FLAT_MID_RATE_NORMAL,,FLAT_MID_RATE,FLAT_MID_RATE_NORMAL,FLAT_MID_RATE_NORMAL
2016-08-29,0.003707488579627519,8.654175105348852,-0.010377849816608165,0.0,0.0,NON_RISK,FLAT_MID_RATE_NORMAL,,FLAT_MID_RATE,FLAT_MID_RATE_NORMAL,FLAT_MID_RATE_NORMAL
2016-08-30,-0.005127040853303586,8.609804796032085,-0.015451683009932604,0.0,0.0,NON_RISK,FLAT_MID_RATE_NORMAL,,FLAT_MID_RATE,FLAT_MID_RATE_NORMAL,FLAT_MID_RATE_NORMAL
2016-08-31,-0.002494511382293896,8.588327539969056,-0.017907649993082475,0.0,0.0,NON_RISK,FLAT_MID_RATE_NORMAL,,FLAT_MID_RATE,FLAT_MID_RATE_NORMAL,FLAT_MID_RATE_NORMAL
2016-09-01,0.0017191055192857648,8.603091781244451,-0.016219329613737177,0.0007282296414199418,3.641148207099709e-07,NON_RISK,FLAT_MID_RATE_NORMAL,,FLAT_MID_RATE,FLAT_MID_RATE_NORMAL,FLAT_MID_RATE_NORMAL
2016-09-02,0.006871970423864795,8.662211973518959,-0.009458817943272746,0.0,0.0,NON_RISK,FLAT_MID_RATE_NORMAL,,FLAT_MID_RATE,FLAT_MID_RATE_NORMAL,FLAT_MID_RATE_NORMAL
2016-09-06,0.008772321479262915,8.738199681672189,-0.0007694722558219125,0.0,0.0,NON_RISK,FLAT_MID_RATE_NORMAL,,FLAT_MID_RATE,FLAT_MID_RATE_NORMAL,FLAT_MID_RATE_NORMAL
2016-09-07,-0.001469135819562031,8.725362079521359,-0.0022374776161306897,0.0,0.0,NON_RISK,FLAT_MID_RATE_NORMAL,,FLAT_MID_RATE,FLAT_MID_RATE_NORMAL,FLAT_MID_RATE_NORMAL
2016-09-08,-0.0035329797757748084,8.694535551758097,-0.005762552428739021,0.0,0.0,NON_RISK,FLAT_MID_RATE_NORMAL,,FLAT_MID_RATE,FLAT_MID_RATE_NORMAL,FLAT_MID_RATE_NORMAL
2016-09-09,-0.01674956683565195,8.548905847428973,-0.022415599007341913,0.0,0.0,NON_RISK,FLAT_MID_RATE_NORMAL,,FLAT_MID_RATE,FLAT_MID_RATE_NORMAL,FLAT_MID_RATE_NORMAL
2016-09-12,0.007883184169279125,8.616298446670081,-0.014709121133302583,0.0,0.0,NON_RISK,FLAT_MID_RATE_NORMAL,,FLAT_MID_RATE,FLAT_MID_RATE_NORMAL,FLAT_MID_RATE_NORMAL
2016-09-13,-0.011170229024371455,8.52005241967844,-0.025715045905867817,0.0,0.0,NON_RISK,FLAT_MID_RATE_NORMAL,,FLAT_MID_RATE,FLAT_MID_RATE_NORMAL,FLAT_MID_RATE_NORMAL
2016-09-14,0.0011961970730045722,8.530244081444705,-0.024549609095507963,0.0,0.0,NON_RISK,FLAT_MID_RATE_NORMAL,,FLAT_MID_RATE,FLAT_MID_RATE_NORMAL,FLAT_MID_RATE_NORMAL
2016-09-15,0.003196447591659434,8.557510559595107,-0.021431633042718,0.0,0.0,NON_RISK,FLAT_MID_RATE_NORMAL,,FLAT_MID_RATE,FLAT_MID_RATE_NORMAL,FLAT_MID_RATE_NORMAL
2016-09-16,-0.003288796413571483,8.52936664955761,-0.024649945178401578,0.0,0.0,NON_RISK,FLAT_MID_RATE_NORMAL,,FLAT_MID_RATE,FLAT_MID_RATE_NORMAL,FLAT_MID_RATE_NORMAL
2016-09-19,0.0009707740912911478,8.537646737716125,-0.02370310061524117,0.0,0.0,NON_RISK,FLAT_MID_RATE_NORMAL,,FLAT_MID_RATE,FLAT_MID_RATE_NORMAL,FLAT_MID_RATE_NORMAL
2016-09-20,0.0004239673703223813,8.541266421352256,-0.02328918258615509,0.0,0.0,NON_RISK,FLAT_MID_RATE_NORMAL,,FLAT_MID_RATE,FLAT_MID_RATE_NORMAL,FLAT_MID_RATE_NORMAL
2016-09-21,0.012629901707909463,8.649141776715004,-0.010953420965166272,0.0,0.0,NON_RISK,FLAT_MID_RATE_NORMAL,,FLAT_MID_RATE,FLAT_MID_RATE_NORMAL,FLAT_MID_RATE_NORMAL
2016-09-22,0.004668054016798118,8.689516437727654,-0.0063364981091023065,0.0,0.0,NON_RISK,FLAT_MID_RATE_NORMAL,,FLAT_MID_RATE,FLAT_MID_RATE_NORMAL,FLAT_MID_RATE_NORMAL
2016-09-23,-0.002950513779155146,8.663877899743945,-0.00926831596327482,0.0,0.0,NON_RISK,FLAT_MID_RATE_NORMAL,,FLAT_MID_RATE,FLAT_MID_RATE_NORMAL,FLAT_MID_RATE_NORMAL
2016-09-26,-0.005071418938502344,8.619939745282311,-0.014292731388673041,0.0,0.0,NON_RISK,FLAT_MID_RATE_NORMAL,,FLAT_MID_RATE,FLAT_MID_RATE_NORMAL,FLAT_MID_RATE_NORMAL
2016-09-27,0.0006179394110724613,8.62526634577199,-0.013683624019617535,0.0,0.0,NON_RISK,FLAT_MID_RATE_NORMAL,,FLAT_MID_RATE,FLAT_MID_RATE_NORMAL,FLAT_MID_RATE_NORMAL
2016-09-28,0.0015998469483752683,8.639065451814199,-0.012105668775372669,0.0,0.0,NON_RISK,FLAT_MID_RATE_NORMAL,,FLAT_MID_RATE,FLAT_MID_RATE_NORMAL,FLAT_MID_RATE_NORMAL
2016-09-29,-0.005792851543165014,8.589020628180153,-0.017828393976491275,0.0,0.0,NON_RISK,FLAT_MID_RATE_NORMAL,,FLAT_MID_RATE,FLAT_MID_RATE_NORMAL,FLAT_MID_RATE_NORMAL
2016-09-30,0.003008632798671476,8.614861837350562,-0.01487340026868511,0.0,0.0,NON_RISK,FLAT_MID_RATE_NORMAL,,FLAT_MID_RATE,FLAT_MID_RATE_NORMAL,FLAT_MID_RATE_NORMAL
2016-10-03,-0.0024983755233621533,8.593338677398979,-0.017334616452866713,0.06168482021462873,3.084241010731437e-05,NON_RISK,FLAT_MID_RATE_NORMAL,,FLAT_MID_RATE,FLAT_MID_RATE_NORMAL,FLAT_MID_RATE_NORMAL
2016-10-04,-0.018274276268571678,8.436301632338788,-0.035292115151368986,0.0,0.0,NON_RISK,FLAT_MID_RATE_NORMAL,,FLAT_MID_RATE,FLAT_MID_RATE_NORMAL,FLAT_MID_RATE_NORMAL
2016-10-05,0.0017573114892401878,8.451126842123992,-0.03359682290156396,0.0,0.0,NON_RISK,FLAT_MID_RATE_NORMAL,,FLAT_MID_RATE,FLAT_MID_RATE_NORMAL,FLAT_MID_RATE_NORMAL
2016-10-06,-0.0037399129590606865,8.419520363328466,-0.03721108666727191,0.0,0.0,NON_RISK,FLAT_MID_RATE_NORMAL,,FLAT_MID_RATE,FLAT_MID_RATE_NORMAL,FLAT_MID_RATE_NORMAL
2016-10-07,-0.001606097977227283,8.4059977887037,-0.038757419993472375,0.0,0.0,NON_RISK,FLAT_MID_RATE_NORMAL,,FLAT_MID_RATE,FLAT_MID_RATE_NORMAL,FLAT_MID_RATE_NORMAL
2016-10-10,0.004451653911212656,8.443418381637429,-0.03447830070256219,0.0,0.0,NON_RISK,FLAT_MID_RATE_NORMAL,,FLAT_MID_RATE,FLAT_MID_RATE_NORMAL,FLAT_MID_RATE_NORMAL
2016-10-11,-0.009269009516432496,8.36515625630681,-0.04342773052167226,0.0,0.0,NON_RISK,FLAT_MID_RATE_NORMAL,,FLAT_MID_RATE,FLAT_MID_RATE_NORMAL,FLAT_MID_RATE_NORMAL
2016-10-12,0.0014355753694221293,8.377165068589731,-0.04205449893253699,0.0,0.0,NON_RISK,FLAT_MID_RATE_NORMAL,,FLAT_MID_RATE,FLAT_MID_RATE_NORMAL,FLAT_MID_RATE_NORMAL
2016-10-13,-0.0007404674575407996,8.370962050469993,-0.04276382640217502,0.0,0.0,NON_RISK,FLAT_MID_RATE_NORMAL,,FLAT_MID_RATE,FLAT_MID_RATE_NORMAL,FLAT_MID_RATE_NORMAL
2016-10-14,-0.002197080190710679,8.352570375571714,-0.04486695103701854,0.0,0.0,NON_RISK,FLAT_MID_RATE_NORMAL,,FLAT_MID_RATE,FLAT_MID_RATE_NORMAL,FLAT_MID_RATE_NORMAL
2016-10-17,-0.0007342756079522356,8.346437286881228,-0.04556828193722107,0.0,0.0,NON_RISK,FLAT_MID_RATE_NORMAL,,FLAT_MID_RATE,FLAT_MID_RATE_NORMAL,FLAT_MID_RATE_NORMAL
2016-10-18,0.006227119432324076,8.39841154870104,-0.0396249216388459,0.0,0.0,NON_RISK,FLAT_MID_RATE_NORMAL,,FLAT_MID_RATE,FLAT_MID_RATE_NORMAL,FLAT_MID_RATE_NORMAL
2016-10-19,0.004029913776564428,8.432256423102409,-0.03575469287988908,0.0,0.0,NON_RISK,FLAT_MID_RATE_NORMAL,,FLAT_MID_RATE,FLAT_MID_RATE_NORMAL,FLAT_MID_RATE_NORMAL
2016-10-20,-0.0023954238390857846,8.412057595049225,-0.03806446907529115,0.0,0.0,NON_RISK,FLAT_MID_RATE_NORMAL,,FLAT_MID_RATE,FLAT_MID_RATE_NORMAL,FLAT_MID_RATE_NORMAL
2016-10-21,0.0005911923907942699,8.41703073949034,-0.03749578010897403,0.0,0.0,NON_RISK,FLAT_MID_RATE_NORMAL,,FLAT_MID_RATE,FLAT_MID_RATE_NORMAL,FLAT_MID_RATE_NORMAL
2016-10-24,0.0013662699906108386,8.428530675999754,-0.036180739477500556,0.0,0.0,NON_RISK,FLAT_MID_RATE_NORMAL,,FLAT_MID_RATE,FLAT_MID_RATE_NORMAL,FLAT_MID_RATE_NORMAL
2016-10-25,0.0014986376045426808,8.441161989021849,-0.034736323689699145,0.0,0.0,NON_RISK,FLAT_MID_RATE_NORMAL,,FLAT_MID_RATE,FLAT_MID_RATE_NORMAL,FLAT_MID_RATE_NORMAL
2016-10-26,-0.003605235872260454,8.410729609015466,-0.038216326921723054,0.0,0.0,NON_RISK,FLAT_MID_RATE_NORMAL,,FLAT_MID_RATE,FLAT_MID_RATE_NORMAL,FLAT_MID_RATE_NORMAL
2016-10-27,-0.0006697374813050321,8.405096628151187,-0.03886046949649069,0.0,0.0,NON_RISK,FLAT_MID_RATE_NORMAL,,FLAT_MID_RATE,FLAT_MID_RATE_NORMAL,FLAT_MID_RATE_NORMAL
2016-10-28,0.000455312774767701,8.408923576019141,-0.038422850389918106,0.0,0.0,NON_RISK,FLAT_MID_RATE_NORMAL,,FLAT_MID_RATE,FLAT_MID_RATE_NORMAL,FLAT_MID_RATE_NORMAL
2016-10-31,-0.0003974420562476451,8.40558151614226,-0.03880502158949983,0.8899025294236733,0.0004449512647118366,NON_RISK,STEEP_LOW_RATE_NORMAL,,STEEP_LOW_RATE,STEEP_LOW_RATE_NORMAL,STEEP_LOW_RATE_NORMAL
2016-11-01,-0.0072454792075541,8.34467905003965,-0.04576933981997855,0.0,0.0,NON_RISK,STEEP_LOW_RATE_NORMAL,,STEEP_LOW_RATE,STEEP_LOW_RATE_NORMAL,STEEP_LOW_RATE_NORMAL
2016-11-02,-0.0060188632780929,8.294453567737895,-0.051512723699366436,0.0,0.0,NON_RISK,STEEP_LOW_RATE_NORMAL,,STEEP_LOW_RATE,STEEP_LOW_RATE_NORMAL,STEEP_LOW_RATE_NORMAL
2016-11-03,-0.0045769327134356,8.256490411863643,-0.05585388614254416,0.0,0.0,NON_RISK,STEEP_LOW_RATE_NORMAL,,STEEP_LOW_RATE,STEEP_LOW_RATE_NORMAL,STEEP_LOW_RATE_NORMAL
2016-11-04,-0.0011014062663247,8.247396661586167,-0.05689377458867284,0.0,0.0,NON_RISK,STEEP_LOW_RATE_NORMAL,,STEEP_LOW_RATE,STEEP_LOW_RATE_NORMAL,STEEP_LOW_RATE_NORMAL
2016-11-07,0.0220567613962903,8.429307521891335,-0.03609190560341913,0.0,0.0,NON_RISK,STEEP_LOW_RATE_NORMAL,,STEEP_LOW_RATE,STEEP_LOW_RATE_NORMAL,STEEP_LOW_RATE_NORMAL
2016-11-08,0.0045037933199236,8.467271380800012,-0.03175066276685545,0.0,0.0,NON_RISK,STEEP_LOW_RATE_NORMAL,,STEEP_LOW_RATE,STEEP_LOW_RATE_NORMAL,STEEP_LOW_RATE_NORMAL
2016-11-09,0.0106023027604111,8.55704395553382,-0.021484990145942073,0.0,0.0,NON_RISK,STEEP_LOW_RATE_NORMAL,,STEEP_LOW_RATE,STEEP_LOW_RATE_NORMAL,STEEP_LOW_RATE_NORMAL
2016-11-10,0.0024952376789684,8.578395814032257,-0.019043362623918036,0.0,0.0,NON_RISK,STEEP_LOW_RATE_NORMAL,,STEEP_LOW_RATE,STEEP_LOW_RATE_NORMAL,STEEP_LOW_RATE_NORMAL
2016-11-11,-0.0023048761768295,8.55862367388508,-0.021304346207908886,0.0,0.0,NON_RISK,STEEP_LOW_RATE_NORMAL,,STEEP_LOW_RATE,STEEP_LOW_RATE_NORMAL,STEEP_LOW_RATE_NORMAL
2016-11-14,0.0007857015945593,8.565348198152885,-0.020535383472136237,0.0,0.0,NON_RISK,STEEP_LOW_RATE_NORMAL,,STEEP_LOW_RATE,STEEP_LOW_RATE_NORMAL,STEEP_LOW_RATE_NORMAL
2016-11-15,0.0078025851244452,8.632180056589485,-0.012893027425295522,0.0,0.0,NON_RISK,STEEP_LOW_RATE_NORMAL,,STEEP_LOW_RATE,STEEP_LOW_RATE_NORMAL,STEEP_LOW_RATE_NORMAL
2016-11-16,-0.0018781671317085,8.61596737973221,-0.014746979296665574,0.0,0.0,NON_RISK,STEEP_LOW_RATE_NORMAL,,STEEP_LOW_RATE,STEEP_LOW_RATE_NORMAL,STEEP_LOW_RATE_NORMAL
2016-11-17,0.005140673102524,8.660259251493423,-0.009682115593955376,0.0,0.0,NON_RISK,STEEP_LOW_RATE_NORMAL,,STEEP_LOW_RATE,STEEP_LOW_RATE_NORMAL,STEEP_LOW_RATE_NORMAL
2016-11-18,-0.0022377094427847,8.640880107589393,-0.011898159275249398,0.0,0.0,NON_RISK,STEEP_LOW_RATE_NORMAL,,STEEP_LOW_RATE,STEEP_LOW_RATE_NORMAL,STEEP_LOW_RATE_NORMAL
2016-11-21,0.0075514804323708,8.706131544640316,-0.0044365275598269305,0.0,0.0,NON_RISK,STEEP_MID_RATE_NORMAL,,STEEP_MID_RATE,STEEP_MID_RATE_NORMAL,STEEP_MID_RATE_NORMAL
2016-11-22,0.0019533822381432,8.723137947362554,-0.002491811555818124,0.0,0.0,NON_RISK,STEEP_MID_RATE_NORMAL,,STEEP_MID_RATE,STEEP_MID_RATE_NORMAL,STEEP_MID_RATE_NORMAL
2016-11-23,0.000543930333074,8.727882726691714,-0.001949236594633641,0.0,0.0,NON_RISK,STEEP_MID_RATE_NORMAL,,STEEP_MID_RATE,STEEP_MID_RATE_NORMAL,STEEP_MID_RATE_NORMAL
2016-11-25,0.0037154676417778,8.76031089254397,0.0,0.0,0.0,NON_RISK,STEEP_MID_RATE_NORMAL,,STEEP_MID_RATE,STEEP_MID_RATE_NORMAL,STEEP_MID_RATE_NORMAL
2016-11-28,-0.0046949958084265,8.719181269622963,-0.004694995808426472,0.0,0.0,NON_RISK,STEEP_MID_RATE_NORMAL,,STEEP_MID_RATE,STEEP_MID_RATE_NORMAL,STEEP_MID_RATE_NORMAL
2016-11-29,0.001950216779895,8.736185563241929,-0.002753935288138498,0.0,0.0,NON_RISK,STEEP_MID_RATE_NORMAL,,STEEP_MID_RATE,STEEP_MID_RATE_NORMAL,STEEP_MID_RATE_NORMAL
2016-11-30,-0.0023988447818908,8.715228810089917,-0.005146173806733656,0.0,0.0,NON_RISK,STEEP_MID_RATE_NORMAL,,STEEP_MID_RATE,STEEP_MID_RATE_NORMAL,STEEP_MID_RATE_NORMAL
2016-12-01,-0.0036755271954242,8.683195749584087,-0.008802786100378768,0.0,0.0,NON_RISK,STEEP_MID_RATE_NORMAL,,STEEP_MID_RATE,STEEP_MID_RATE_NORMAL,STEEP_MID_RATE_NORMAL
2016-12-02,0.0005008491198097,8.687544720532403,-0.008306345848239194,0.0,0.0,NON_RISK,STEEP_MID_RATE_NORMAL,,STEEP_MID_RATE,STEEP_MID_RATE_NORMAL,STEEP_MID_RATE_NORMAL
2016-12-05,0.0060088801591233,8.739747135635106,-0.0023473775258782137,0.0,0.0,NON_RISK,STEEP_MID_RATE_NORMAL,,STEEP_MID_RATE,STEEP_MID_RATE_NORMAL,STEEP_MID_RATE_NORMAL
2016-12-06,0.0031672858482314,8.767428413054924,0.0,0.0,0.0,NON_RISK,STEEP_MID_RATE_NORMAL,,STEEP_MID_RATE,STEEP_MID_RATE_NORMAL,STEEP_MID_RATE_NORMAL
2016-12-07,0.013080756882577,8.882113012611494,0.0,0.0,0.0,NON_RISK,STEEP_MID_RATE_NORMAL,,STEEP_MID_RATE,STEEP_MID_RATE_NORMAL,STEEP_MID_RATE_NORMAL
2016-12-08,0.002448953875608,8.903864897697318,0.0,0.0,0.0,NON_RISK,STEEP_MID_RATE_NORMAL,,STEEP_MID_RATE,STEEP_MID_RATE_NORMAL,STEEP_MID_RATE_NORMAL
2016-12-09,0.0060404712044446,8.957648437220124,0.0,0.0,0.0,NON_RISK,STEEP_MID_RATE_NORMAL,,STEEP_MID_RATE,STEEP_MID_RATE_NORMAL,STEEP_MID_RATE_NORMAL
2016-12-12,-0.0011480677802643,8.947364449662416,-0.001148067780264328,0.0,0.0,NON_RISK,STEEP_MID_RATE_NORMAL,,STEEP_MID_RATE,STEEP_MID_RATE_NORMAL,STEEP_MID_RATE_NORMAL
2016-12-13,0.0066740369520021,9.007079490622493,0.0,0.0,0.0,NON_RISK,STEEP_MID_RATE_NORMAL,,STEEP_MID_RATE,STEEP_MID_RATE_NORMAL,STEEP_MID_RATE_NORMAL
2016-12-14,-0.0082541616780698,8.932733600259668,-0.008254161678069805,0.0,0.0,NON_RISK,STEEP_MID_RATE_NORMAL,,STEEP_MID_RATE,STEEP_MID_RATE_NORMAL,STEEP_MID_RATE_NORMAL
2016-12-15,0.0041172774780104,8.969512143129085,-0.004170868874036282,0.0,0.0,NON_RISK,STEEP_MID_RATE_NORMAL,,STEEP_MID_RATE,STEEP_MID_RATE_NORMAL,STEEP_MID_RATE_NORMAL
2016-12-16,-0.0019559842025764,8.951967919072308,-0.006118694922984003,0.0,0.0,NON_RISK,STEEP_MID_RATE_NORMAL,,STEEP_MID_RATE,STEEP_MID_RATE_NORMAL,STEEP_MID_RATE_NORMAL
2016-12-19,0.0021773569329244,8.971459548484217,-0.0039546605728705275,0.0,0.0,NON_RISK,STEEP_MID_RATE_NORMAL,,STEEP_MID_RATE,STEEP_MID_RATE_NORMAL,STEEP_MID_RATE_NORMAL
2016-12-20,0.0038576753814909,9.006068527120448,-0.00011224098811357663,0.0,0.0,NON_RISK,STEEP_MID_RATE_NORMAL,,STEEP_MID_RATE,STEEP_MID_RATE_NORMAL,STEEP_MID_RATE_NORMAL
2016-12-21,-0.0027826087499565,8.981008162034174,-0.0028945374153145353,0.0,0.0,NON_RISK,STEEP_MID_RATE_NORMAL,,STEEP_MID_RATE,STEEP_MID_RATE_NORMAL,STEEP_MID_RATE_NORMAL
2016-12-22,-0.001727250915584,8.965495707463432,-0.004616788738497801,0.0,0.0,NON_RISK,STEEP_MID_RATE_NORMAL,,STEEP_MID_RATE,STEEP_MID_RATE_NORMAL,STEEP_MID_RATE_NORMAL
2016-12-23,0.0014640970408321,8.978622063198323,-0.0031594511243958623,0.0,0.0,NON_RISK,STEEP_MID_RATE_NORMAL,,STEEP_MID_RATE,STEEP_MID_RATE_NORMAL,STEEP_MID_RATE_NORMAL
2016-12-27,0.0024806516453648,9.000894896792504,-0.0006866369766612701,0.0,0.0,NON_RISK,STEEP_MID_RATE_NORMAL,,STEEP_MID_RATE,STEEP_MID_RATE_NORMAL,STEEP_MID_RATE_NORMAL
2016-12-28,-0.0082642071864534,8.926509636501919,-0.008945169652877727,0.0,0.0,NON_RISK,STEEP_MID_RATE_NORMAL,,STEEP_MID_RATE,STEEP_MID_RATE_NORMAL,STEEP_MID_RATE_NORMAL
2016-12-29,-0.0002229640179705,8.924519346046912,-0.009166139219881075,0.0,0.0,NON_RISK,STEEP_MID_RATE_NORMAL,,STEEP_MID_RATE,STEEP_MID_RATE_NORMAL,STEEP_MID_RATE_NORMAL
2016-12-30,-0.0036549518149309,8.891900657865692,-0.012787589237634234,0.0,0.0,NON_RISK,STEEP_MID_RATE_NORMAL,,STEEP_MID_RATE,STEEP_MID_RATE_NORMAL,STEEP_MID_RATE_NORMAL
2017-01-03,0.0076502891233698,8.959926268754648,-0.00523512886912314,0.0,0.0,NON_RISK,STEEP_MID_RATE_NORMAL,,STEEP_MID_RATE,STEEP_MID_RATE_NORMAL,STEEP_MID_RATE_NORMAL
2017-01-04,0.0059489285227809,9.013228229696857,0.0,0.0,0.0,NON_RISK,STEEP_MID_RATE_NORMAL,,STEEP_MID_RATE,STEEP_MID_RATE_NORMAL,STEEP_MID_RATE_NORMAL
2017-01-05,-0.0007943549629439,9.006068527120451,-0.0007943549629438884,0.0,0.0,NON_RISK,STEEP_MID_RATE_NORMAL,,STEEP_MID_RATE,STEEP_MID_RATE_NORMAL,STEEP_MID_RATE_NORMAL
2017-01-06,0.0035776732766439,9.038289297817554,0.0,0.0,0.0,NON_RISK,STEEP_MID_RATE_NORMAL,,STEEP_MID_RATE,STEEP_MID_RATE_NORMAL,STEEP_MID_RATE_NORMAL
2017-01-09,-0.0033009202160031,9.008454625956304,-0.0033009202160030338,0.0,0.0,NON_RISK,STEEP_MID_RATE_NORMAL,,STEEP_MID_RATE,STEEP_MID_RATE_NORMAL,STEEP_MID_RATE_NORMAL
2017-01-10,0.0,9.008454625956304,-0.0033009202160030338,0.0,0.0,NON_RISK,STEEP_MID_RATE_NORMAL,,STEEP_MID_RATE,STEEP_MID_RATE_NORMAL,STEEP_MID_RATE_NORMAL
2017-01-11,0.002826199353425,9.033914314595542,-0.00048404992115813616,0.0,0.0,NON_RISK,STEEP_MID_RATE_NORMAL,,STEEP_MID_RATE,STEEP_MID_RATE_NORMAL,STEEP_MID_RATE_NORMAL
2017-01-12,-0.0025099049493733,9.011240048345124,-0.002992739951238499,0.0,0.0,NON_RISK,STEEP_MID_RATE_NORMAL,,STEEP_MID_RATE,STEEP_MID_RATE_NORMAL,STEEP_MID_RATE_NORMAL
2017-01-13,0.0022955869322871,9.031926133243807,-0.000704023113675234,0.0,0.0,NON_RISK,STEEP_MID_RATE_NORMAL,,STEEP_MID_RATE,STEEP_MID_RATE_NORMAL,STEEP_MID_RATE_NORMAL
2017-01-17,-0.0035236853004745,9.000100467893125,-0.004225227658252839,0.0,0.0,NON_RISK,STEEP_MID_RATE_NORMAL,,STEEP_MID_RATE,STEEP_MID_RATE_NORMAL,STEEP_MID_RATE_NORMAL
2017-01-18,0.002209924985502,9.019990014789151,-0.0020246401089221155,0.0,0.0,NON_RISK,STEEP_MID_RATE_NORMAL,,STEEP_MID_RATE,STEEP_MID_RATE_NORMAL,STEEP_MID_RATE_NORMAL
2017-01-19,-0.0037041849222643,8.986578303777394,-0.005721325389822063,0.0,0.0,NON_RISK,STEEP_MID_RATE_NORMAL,,STEEP_MID_RATE,STEEP_MID_RATE_NORMAL,STEEP_MID_RATE_NORMAL
2017-01-20,0.0036740689930763,9.019595612477154,-0.002068276940959901,0.0,0.0,NON_RISK,STEEP_MID_RATE_NORMAL,,STEEP_MID_RATE,STEEP_MID_RATE_NORMAL,STEEP_MID_RATE_NORMAL
2017-01-23,-0.0026022013914468,8.996124808224078,-0.004665096259273027,0.0,0.0,NON_RISK,STEEP_MID_RATE_NORMAL,,STEEP_MID_RATE,STEEP_MID_RATE_NORMAL,STEEP_MID_RATE_NORMAL
2017-01-24,0.0064115443590513,9.053803861491568,0.0,0.0,0.0,NON_RISK,STEEP_MID_RATE_NORMAL,,STEEP_MID_RATE,STEEP_MID_RATE_NORMAL,STEEP_MID_RATE_NORMAL
2017-01-25,0.0086554155944396,9.13216829662332,0.0,0.0,0.0,NON_RISK,STEEP_MID_RATE_NORMAL,,STEEP_MID_RATE,STEEP_MID_RATE_NORMAL,STEEP_MID_RATE_NORMAL
2017-01-26,-0.0010453710593806,9.122621792176636,-0.0010453710593806287,0.0,0.0,NON_RISK,STEEP_MID_RATE_NORMAL,,STEEP_MID_RATE,STEEP_MID_RATE_NORMAL,STEEP_MID_RATE_NORMAL
2017-01-27,-0.0015698901677989,9.10830027792055,-0.002613620109431669,0.0,0.0,NON_RISK,STEEP_MID_RATE_NORMAL,,STEEP_MID_RATE,STEEP_MID_RATE_NORMAL,STEEP_MID_RATE_NORMAL
2017-01-30,-0.0062013650212231,9.051816383174257,-0.008798777118329437,0.0,0.0,NON_RISK,STEEP_MID_RATE_NORMAL,,STEEP_MID_RATE,STEEP_MID_RATE_NORMAL,STEEP_MID_RATE_NORMAL
2017-01-31,-8.791991955481304e-05,9.051020548206024,-0.008885923450107747,0.0,0.0,NON_RISK,STEEP_MID_RATE_NORMAL,,STEEP_MID_RATE,STEEP_MID_RATE_NORMAL,STEEP_MID_RATE_NORMAL
2017-02-01,0.0003955190764552,9.054600399494229,-0.00849391892588891,0.0,0.0,NON_RISK,STEEP_MID_RATE_NORMAL,,STEEP_MID_RATE,STEEP_MID_RATE_NORMAL,STEEP_MID_RATE_NORMAL
2017-02-02,0.000658730787892,9.060564943549435,-0.007840783343903146,0.0,0.0,NON_RISK,STEEP_MID_RATE_NORMAL,,STEEP_MID_RATE,STEEP_MID_RATE_NORMAL,STEEP_MID_RATE_NORMAL
2017-02-03,0.0068930322226521,9.123019709660754,-0.0010017978934913074,0.0,0.0,NON_RISK,STEEP_MID_RATE_NORMAL,,STEEP_MID_RATE,STEEP_MID_RATE_NORMAL,STEEP_MID_RATE_NORMAL
2017-02-06,-0.0017877518767773,9.106710014052933,-0.0027877588042043433,0.0,0.0,NON_RISK,STEEP_MID_RATE_NORMAL,,STEEP_MID_RATE,STEEP_MID_RATE_NORMAL,STEEP_MID_RATE_NORMAL
2017-02-07,4.400377536972755e-05,9.107110743674749,-0.0027438777007466886,0.0,0.0,NON_RISK,STEEP_MID_RATE_NORMAL,,STEEP_MID_RATE,STEEP_MID_RATE_NORMAL,STEEP_MID_RATE_NORMAL
2017-02-08,0.001310251255133,9.119043346957284,-0.0014372216148150763,0.0,0.0,NON_RISK,STEEP_MID_RATE_NORMAL,,STEEP_MID_RATE,STEEP_MID_RATE_NORMAL,STEEP_MID_RATE_NORMAL
2017-02-09,0.0059327836291747,9.173144658039847,0.0,0.0,0.0,NON_RISK,STEEP_MID_RATE_NORMAL,,STEEP_MID_RATE,STEEP_MID_RATE_NORMAL,STEEP_MID_RATE_NORMAL
2017-02-10,0.0039459129573875,9.209341088405997,0.0,0.0,0.0,NON_RISK,STEEP_MID_RATE_NORMAL,,STEEP_MID_RATE,STEEP_MID_RATE_NORMAL,STEEP_MID_RATE_NORMAL
2017-02-13,0.005442608629071,9.259463927681814,0.0,0.0,0.0,NON_RISK,STEEP_MID_RATE_NORMAL,,STEEP_MID_RATE,STEEP_MID_RATE_NORMAL,STEEP_MID_RATE_NORMAL
2017-02-14,0.0039953041263069,9.296458302119472,0.0,0.0,0.0,NON_RISK,STEEP_MID_RATE_NORMAL,,STEEP_MID_RATE,STEEP_MID_RATE_NORMAL,STEEP_MID_RATE_NORMAL
2017-02-15,0.0052203177519616,9.344988768424397,0.0,0.0,0.0,NON_RISK,STEEP_MID_RATE_NORMAL,,STEEP_MID_RATE,STEEP_MID_RATE_NORMAL,STEEP_MID_RATE_NORMAL
2017-02-16,-0.000851240671053,9.33703393391418,-0.0008512406710531328,0.0,0.0,NON_RISK,STEEP_MID_RATE_NORMAL,,STEEP_MID_RATE,STEEP_MID_RATE_NORMAL,STEEP_MID_RATE_NORMAL
2017-02-17,0.0015766075086844,9.35175477172323,0.0,0.0,0.0,NON_RISK,STEEP_MID_RATE_NORMAL,,STEEP_MID_RATE,STEEP_MID_RATE_NORMAL,STEEP_MID_RATE_NORMAL
2017-02-21,0.0059549749973444,9.40744423757014,0.0,0.0,0.0,NON_RISK,STEEP_MID_RATE_NORMAL,,STEEP_MID_RATE,STEEP_MID_RATE_NORMAL,STEEP_MID_RATE_NORMAL
2017-02-22,-0.0008881864107852,9.39908867343811,-0.0008881864107852522,0.0,0.0,NON_RISK,STEEP_MID_RATE_NORMAL,,STEEP_MID_RATE,STEEP_MID_RATE_NORMAL,STEEP_MID_RATE_NORMAL
2017-02-23,0.0006772972287656,9.405454650149553,-0.00021149074821413816,0.0,0.0,NON_RISK,STEEP_MID_RATE_NORMAL,,STEEP_MID_RATE,STEEP_MID_RATE_NORMAL,STEEP_MID_RATE_NORMAL
2017-02-24,0.0012689139259867,9.417389362535364,0.0,0.0,0.0,NON_RISK,STEEP_MID_RATE_NORMAL,,STEEP_MID_RATE,STEEP_MID_RATE_NORMAL,STEEP_MID_RATE_NORMAL
2017-02-27,0.0015627069282122,9.43210598213787,0.0,0.0,0.0,NON_RISK,STEEP_MID_RATE_NORMAL,,STEEP_MID_RATE,STEEP_MID_RATE_NORMAL,STEEP_MID_RATE_NORMAL
2017-02-28,-0.0026993326540093,9.406645590464208,-0.0026993326540093454,0.0,0.0,NON_RISK,STEEP_MID_RATE_NORMAL,,STEEP_MID_RATE,STEEP_MID_RATE_NORMAL,STEEP_MID_RATE_NORMAL
2017-03-01,0.0139979151071325,9.53831901688241,0.0,0.0,0.0,NON_RISK,STEEP_MID_RATE_NORMAL,,STEEP_MID_RATE,STEEP_MID_RATE_NORMAL,STEEP_MID_RATE_NORMAL
2017-03-02,-0.0062973945478106,9.478252458710216,-0.006297394547810642,0.0,0.0,NON_RISK,STEEP_MID_RATE_NORMAL,,STEEP_MID_RATE,STEEP_MID_RATE_NORMAL,STEEP_MID_RATE_NORMAL
2017-03-03,0.0006294356633826,9.484218408834273,-0.005671922689142628,0.0,0.0,NON_RISK,STEEP_MID_RATE_NORMAL,,STEEP_MID_RATE,STEEP_MID_RATE_NORMAL,STEEP_MID_RATE_NORMAL
2017-03-06,-0.0029781910163698,9.455972594771794,-0.008633221636314192,0.0,0.0,NON_RISK,STEEP_MID_RATE_NORMAL,,STEEP_MID_RATE,STEEP_MID_RATE_NORMAL,STEEP_MID_RATE_NORMAL
2017-03-07,-0.0029865666951195,9.427731701950284,-0.011594004639223221,0.0,0.0,NON_RISK,STEEP_MID_RATE_NORMAL,,STEEP_MID_RATE,STEEP_MID_RATE_NORMAL,STEEP_MID_RATE_NORMAL
2017-03-08,-0.0018565916610199,9.41022825389011,-0.013429070967912016,0.0,0.0,NON_RISK,STEEP_MID_RATE_NORMAL,,STEEP_MID_RATE,STEEP_MID_RATE_NORMAL,STEEP_MID_RATE_NORMAL
2017-03-09,0.0012680461047906,9.422160857172647,-0.012178053544253165,0.0,0.0,NON_RISK,STEEP_MID_RATE_NORMAL,,STEEP_MID_RATE,STEEP_MID_RATE_NORMAL,STEEP_MID_RATE_NORMAL
2017-03-10,0.0035042929360573,9.455178868906835,-0.00871643607520578,0.0,0.0,NON_RISK,STEEP_MID_RATE_NORMAL,,STEEP_MID_RATE,STEEP_MID_RATE_NORMAL,STEEP_MID_RATE_NORMAL
2017-03-13,0.0005047922172922,9.459951769612966,-0.008216043847006693,0.0,0.0,NON_RISK,STEEP_MID_RATE_NORMAL,,STEEP_MID_RATE,STEEP_MID_RATE_NORMAL,STEEP_MID_RATE_NORMAL
2017-03-14,-0.0038267265472726,9.42375112104027,-0.012011329841176366,0.0,0.0,NON_RISK,STEEP_MID_RATE_NORMAL,,STEEP_MID_RATE,STEEP_MID_RATE_NORMAL,STEEP_MID_RATE_NORMAL
2017-03-15,0.0086536542678725,9.50530100514823,-0.0034616174690466073,0.0,0.0,NON_RISK,STEEP_MID_RATE_NORMAL,,STEEP_MID_RATE,STEEP_MID_RATE_NORMAL,STEEP_MID_RATE_NORMAL
2017-03-16,-0.0019671766913267,9.486602398566857,-0.005421984547174019,0.0,0.0,NON_RISK,STEEP_MID_RATE_NORMAL,,STEEP_MID_RATE,STEEP_MID_RATE_NORMAL,STEEP_MID_RATE_NORMAL
2017-03-17,-0.0017561405075443,9.469942591815768,-0.007168603288023712,0.0,0.0,NON_RISK,STEEP_MID_RATE_NORMAL,,STEEP_MID_RATE,STEEP_MID_RATE_NORMAL,STEEP_MID_RATE_NORMAL
2017-03-20,-0.0010966512641555,9.459557367300974,-0.008257393094321053,0.0,0.0,NON_RISK,STEEP_MID_RATE_NORMAL,,STEEP_MID_RATE,STEEP_MID_RATE_NORMAL,STEEP_MID_RATE_NORMAL
2017-03-21,-0.0128395254042895,9.33810114017018,-0.020990897490202776,0.0,0.0,NON_RISK,STEEP_MID_RATE_NORMAL,,STEEP_MID_RATE,STEEP_MID_RATE_NORMAL,STEEP_MID_RATE_NORMAL
2017-03-22,0.0023532350601529,9.360075887168483,-0.018687058945967783,0.0,0.0,NON_RISK,STEEP_MID_RATE_NORMAL,,STEEP_MID_RATE,STEEP_MID_RATE_NORMAL,STEEP_MID_RATE_NORMAL
2017-03-23,-0.0010672366607246,9.350086471034531,-0.01973435209230423,0.0,0.0,NON_RISK,STEEP_MID_RATE_NORMAL,,STEEP_MID_RATE,STEEP_MID_RATE_NORMAL,STEEP_MID_RATE_NORMAL
2017-03-24,-0.0007265624400829,9.343293049393152,-0.020446576293377317,0.0,0.0,NON_RISK,STEEP_MID_RATE_NORMAL,,STEEP_MID_RATE,STEEP_MID_RATE_NORMAL,STEEP_MID_RATE_NORMAL
2017-03-27,-0.0010261888851206,9.33370506591544,-0.021451783129166846,0.0,0.0,NON_RISK,STEEP_MID_RATE_NORMAL,,STEEP_MID_RATE,STEEP_MID_RATE_NORMAL,STEEP_MID_RATE_NORMAL
2017-03-28,0.0072767190710252,9.401623815571911,-0.014331162657545193,0.0,0.0,NON_RISK,STEEP_MID_RATE_NORMAL,,STEEP_MID_RATE,STEEP_MID_RATE_NORMAL,STEEP_MID_RATE_NORMAL
2017-03-29,0.0009348742881232,9.410413151943697,-0.013409686204909343,0.0,0.0,NON_RISK,STEEP_MID_RATE_NORMAL,,STEEP_MID_RATE,STEEP_MID_RATE_NORMAL,STEEP_MID_RATE_NORMAL
2017-03-30,0.0031843595828089,9.44037929124228,-0.010268027884869468,0.0,0.0,NON_RISK,STEEP_MID_RATE_NORMAL,,STEEP_MID_RATE,STEEP_MID_RATE_NORMAL,STEEP_MID_RATE_NORMAL
2017-03-31,-0.0023273674868729,9.418408059416095,-0.012571497897488793,0.0,0.0,NON_RISK,STEEP_MID_RATE_NORMAL,,STEEP_MID_RATE,STEEP_MID_RATE_NORMAL,STEEP_MID_RATE_NORMAL
2017-04-03,-0.0017395951792947,9.402023842159304,-0.014289223759644587,0.0,0.0,NON_RISK,STEEP_MID_RATE_NORMAL,,STEEP_MID_RATE,STEEP_MID_RATE_NORMAL,STEEP_MID_RATE_NORMAL
2017-04-04,0.0006376046940625,9.408018616694752,-0.013660729941725736,0.0,0.0,NON_RISK,STEEP_MID_RATE_NORMAL,,STEEP_MID_RATE,STEEP_MID_RATE_NORMAL,STEEP_MID_RATE_NORMAL
2017-04-05,-0.0029727955060884,9.380050501229846,-0.01659291489123349,0.0,0.0,NON_RISK,STEEP_MID_RATE_NORMAL,,STEEP_MID_RATE,STEEP_MID_RATE_NORMAL,STEEP_MID_RATE_NORMAL
2017-04-06,0.0028111482071782,9.40641921337962,-0.013828411827003673,0.0,0.0,NON_RISK,STEEP_MID_RATE_NORMAL,,STEEP_MID_RATE,STEEP_MID_RATE_NORMAL,STEEP_MID_RATE_NORMAL
2017-04-07,-0.0010193769057729,9.39683052686748,-0.014833692369116691,0.0,0.0,NON_RISK,STEEP_MID_RATE_NORMAL,,STEEP_MID_RATE,STEEP_MID_RATE_NORMAL,STEEP_MID_RATE_NORMAL
2017-04-10,0.0005950126226021,9.40242175964342,-0.014247505980713893,0.0,0.0,NON_RISK,STEEP_MID_RATE_NORMAL,,STEEP_MID_RATE,STEEP_MID_RATE_NORMAL,STEEP_MID_RATE_NORMAL
2017-04-11,-0.0011892428145956,9.391239997125966,-0.015419805051196112,0.0,0.0,NON_RISK,STEEP_MID_RATE_NORMAL,,STEEP_MID_RATE,STEEP_MID_RATE_NORMAL,STEEP_MID_RATE_NORMAL
2017-04-12,-0.0043821184533697,9.350086471034537,-0.019734352092303675,0.0,0.0,NON_RISK,STEEP_MID_RATE_NORMAL,,STEEP_MID_RATE,STEEP_MID_RATE_NORMAL,STEEP_MID_RATE_NORMAL
2017-04-13,-0.0064948501512901,9.289359060503562,-0.026101030583921436,0.0,0.0,NON_RISK,STEEP_MID_RATE_NORMAL,,STEEP_MID_RATE,STEEP_MID_RATE_NORMAL,STEEP_MID_RATE_NORMAL
2017-04-17,0.0088596774370544,9.371659785376602,-0.01747259985861538,0.0,0.0,NON_RISK,STEEP_MID_RATE_NORMAL,,STEEP_MID_RATE,STEEP_MID_RATE_NORMAL,STEEP_MID_RATE_NORMAL
2017-04-18,-0.0029840288665671,9.343694482049392,-0.0204044899828304,0.0,0.0,NON_RISK,STEEP_MID_RATE_NORMAL,,STEEP_MID_RATE,STEEP_MID_RATE_NORMAL,STEEP_MID_RATE_NORMAL
2017-04-19,-0.0018385282383941,9.326515835893217,-0.022205503990201048,0.0,0.0,NON_RISK,STEEP_MID_RATE_NORMAL,,STEEP_MID_RATE,STEEP_MID_RATE_NORMAL,STEEP_MID_RATE_NORMAL
2017-04-20,0.0081387224431741,9.40242175964342,-0.014247505980713893,0.0,0.0,NON_RISK,STEEP_MID_RATE_NORMAL,,STEEP_MID_RATE,STEEP_MID_RATE_NORMAL,STEEP_MID_RATE_NORMAL
2017-04-21,-0.0031867669763009,9.372458432482535,-0.017388869475460922,0.0,0.0,NON_RISK,STEEP_MID_RATE_NORMAL,,STEEP_MID_RATE,STEEP_MID_RATE_NORMAL,STEEP_MID_RATE_NORMAL
2017-04-24,0.0109982150460012,9.475538745832687,-0.006581900955357489,0.0,0.0,NON_RISK,STEEP_MID_RATE_NORMAL,,STEEP_MID_RATE,STEEP_MID_RATE_NORMAL,STEEP_MID_RATE_NORMAL
2017-04-25,0.0058184198346673,9.530671408415598,-0.0008017773837586395,0.0,0.0,NON_RISK,STEEP_MID_RATE_NORMAL,,STEEP_MID_RATE,STEEP_MID_RATE_NORMAL,STEEP_MID_RATE_NORMAL
2017-04-26,-0.000628850603464,9.524678039948999,-0.001430123789031068,0.0,0.0,NON_RISK,STEEP_MID_RATE_NORMAL,,STEEP_MID_RATE,STEEP_MID_RATE_NORMAL,STEEP_MID_RATE_NORMAL
2017-04-27,0.0008389458659219,9.532668729214851,-0.0005923777195496749,0.0,0.0,NON_RISK,STEEP_MID_RATE_NORMAL,,STEEP_MID_RATE,STEEP_MID_RATE_NORMAL,STEEP_MID_RATE_NORMAL
2017-04-28,-0.002179460326919,9.511892655909866,-0.002770546982730382,0.0,0.0,NON_RISK,STEEP_MID_RATE_NORMAL,,STEEP_MID_RATE,STEEP_MID_RATE_NORMAL,STEEP_MID_RATE_NORMAL
2017-05-01,0.0025202945091149,9.535865426741847,-0.00025723506796326845,0.0,0.0,NON_RISK,STEEP_MID_RATE_NORMAL,,STEEP_MID_RATE,STEEP_MID_RATE_NORMAL,STEEP_MID_RATE_NORMAL
2017-05-02,0.0003770311224666,9.539460744787382,0.0,0.0,0.0,NON_RISK,STEEP_MID_RATE_NORMAL,,STEEP_MID_RATE,STEEP_MID_RATE_NORMAL,STEEP_MID_RATE_NORMAL
2017-05-03,-0.0012146085251353,9.52787403444157,-0.001214608525135219,0.0,0.0,NON_RISK,STEEP_MID_RATE_NORMAL,,STEEP_MID_RATE,STEEP_MID_RATE_NORMAL,STEEP_MID_RATE_NORMAL
2017-05-04,0.0011739531451759,9.539059312131144,-4.208127345750601e-05,0.0,0.0,NON_RISK,STEEP_MID_RATE_NORMAL,,STEEP_MID_RATE,STEEP_MID_RATE_NORMAL,STEEP_MID_RATE_NORMAL
2017-05-05,0.0039372336183829,9.576616817142616,0.0,0.0,0.0,NON_RISK,STEEP_MID_RATE_NORMAL,,STEEP_MID_RATE,STEEP_MID_RATE_NORMAL,STEEP_MID_RATE_NORMAL
2017-05-08,-0.0001667910747981,9.575019522930756,-0.00016679107479811162,0.0,0.0,NON_RISK,STEEP_MID_RATE_NORMAL,,STEEP_MID_RATE,STEEP_MID_RATE_NORMAL,STEEP_MID_RATE_NORMAL
2017-05-09,-0.0009179444857249,9.566230186558974,-0.0010845824555755224,0.0,0.0,NON_RISK,STEEP_MID_RATE_NORMAL,,STEEP_MID_RATE,STEEP_MID_RATE_NORMAL,STEEP_MID_RATE_NORMAL
2017-05-10,0.0017957592302464,9.583408832715149,0.0,0.0,0.0,NON_RISK,STEEP_MID_RATE_NORMAL,,STEEP_MID_RATE,STEEP_MID_RATE_NORMAL,STEEP_MID_RATE_NORMAL
2017-05-11,-0.0020425495578513,9.563834245241178,-0.0020425495578513253,0.0,0.0,NON_RISK,STEEP_MID_RATE_NORMAL,,STEEP_MID_RATE,STEEP_MID_RATE_NORMAL,STEEP_MID_RATE_NORMAL
2017-05-12,-0.001671389663803,9.547849351537357,-0.0037105253254354764,0.0,0.0,NON_RISK,STEEP_MID_RATE_NORMAL,,STEEP_MID_RATE,STEEP_MID_RATE_NORMAL,STEEP_MID_RATE_NORMAL
2017-05-15,0.0055237817958186,9.600589587974598,0.0,0.0,0.0,NON_RISK,STEEP_MID_RATE_NORMAL,,STEEP_MID_RATE,STEEP_MID_RATE_NORMAL,STEEP_MID_RATE_NORMAL
2017-05-16,-0.0009158657875467,9.591796736430696,-0.0009158657875465437,0.0,0.0,NON_RISK,STEEP_MID_RATE_NORMAL,,STEEP_MID_RATE,STEEP_MID_RATE_NORMAL,STEEP_MID_RATE_NORMAL
2017-05-17,-0.0177437130151493,9.421602647839824,-0.018643327943001275,0.0,0.0,NON_RISK,STEEP_MID_RATE_NORMAL,,STEEP_MID_RATE,STEEP_MID_RATE_NORMAL,STEEP_MID_RATE_NORMAL
2017-05-18,0.0040284780498425,9.459557367300985,-0.014689954130553184,0.0,0.0,NON_RISK,STEEP_MID_RATE_NORMAL,,STEEP_MID_RATE,STEEP_MID_RATE_NORMAL,STEEP_MID_RATE_NORMAL
2017-05-19,0.0065041159166265,9.521083424937888,-0.008281383378401785,0.0,0.0,NON_RISK,STEEP_MID_RATE_NORMAL,,STEEP_MID_RATE,STEEP_MID_RATE_NORMAL,STEEP_MID_RATE_NORMAL
2017-05-22,0.0050775166008372,9.569426884085967,-0.003245915639146224,0.0,0.0,NON_RISK,STEEP_MID_RATE_NORMAL,,STEEP_MID_RATE,STEEP_MID_RATE_NORMAL,STEEP_MID_RATE_NORMAL
2017-05-23,0.0022125972653481,9.590600171840645,-0.001040500277864731,0.0,0.0,NON_RISK,STEEP_MID_RATE_NORMAL,,STEEP_MID_RATE,STEEP_MID_RATE_NORMAL,STEEP_MID_RATE_NORMAL
2017-05-24,0.002332989926052,9.612974945426343,0.0,0.0,0.0,NON_RISK,STEEP_MID_RATE_NORMAL,,STEEP_MID_RATE,STEEP_MID_RATE_NORMAL,STEEP_MID_RATE_NORMAL
2017-05-25,0.0047793740147035,9.65891894808451,0.0,0.0,0.0,NON_RISK,STEEP_MID_RATE_NORMAL,,STEEP_MID_RATE,STEEP_MID_RATE_NORMAL,STEEP_MID_RATE_NORMAL
2017-05-26,-0.0002068579148882,9.656920924250835,-0.00020685791488816996,0.0,0.0,NON_RISK,STEEP_MID_RATE_NORMAL,,STEEP_MID_RATE,STEEP_MID_RATE_NORMAL,STEEP_MID_RATE_NORMAL
2017-05-30,-0.000868371469338,9.648535129638562,-0.0010750497547148408,0.0,0.0,NON_RISK,STEEP_MID_RATE_NORMAL,,STEEP_MID_RATE,STEEP_MID_RATE_NORMAL,STEEP_MID_RATE_NORMAL
2017-05-31,-0.0002488318202193,9.646134267079804,-0.0013236140683469122,0.0,0.0,NON_RISK,STEEP_MID_RATE_NORMAL,,STEEP_MID_RATE,STEEP_MID_RATE_NORMAL,STEEP_MID_RATE_NORMAL
2017-06-01,0.0079524287147154,9.722844462211329,0.0,0.0,0.0,NON_RISK,STEEP_MID_RATE_NORMAL,,STEEP_MID_RATE,STEEP_MID_RATE_NORMAL,STEEP_MID_RATE_NORMAL
2017-06-02,0.0033282411992572,9.755204433724431,0.0,0.0,0.0,NON_RISK,STEEP_MID_RATE_NORMAL,,STEEP_MID_RATE,STEEP_MID_RATE_NORMAL,STEEP_MID_RATE_NORMAL
2017-06-05,-0.000433295418318797,9.750977548338534,-0.00043329541831893525,0.8397330424914629,0.0004198665212457314,NON_RISK,FLAT_MID_RATE_NORMAL,,FLAT_MID_RATE,FLAT_MID_RATE_NORMAL,FLAT_MID_RATE_NORMAL
2017-06-06,0.002870874650311754,9.778971382597817,0.0,0.0,0.0,NON_RISK,FLAT_MID_RATE_NORMAL,,FLAT_MID_RATE,FLAT_MID_RATE_NORMAL,FLAT_MID_RATE_NORMAL
2017-06-07,-0.0011436958802116906,9.767787213314831,-0.0011436958802117925,0.0,0.0,NON_RISK,FLAT_MID_RATE_NORMAL,,FLAT_MID_RATE,FLAT_MID_RATE_NORMAL,FLAT_MID_RATE_NORMAL
2017-06-08,-0.0024573144281718647,9.74378468886424,-0.003598199887995701,0.0,0.0,NON_RISK,FLAT_MID_RATE_NORMAL,,FLAT_MID_RATE,FLAT_MID_RATE_NORMAL,FLAT_MID_RATE_NORMAL
2017-06-09,-0.004711694540796757,9.697874951739019,-0.008292940810023519,0.0,0.0,NON_RISK,FLAT_MID_RATE_NORMAL,,FLAT_MID_RATE,FLAT_MID_RATE_NORMAL,FLAT_MID_RATE_NORMAL
2017-06-12,-0.0007460034152525454,9.69064030390433,-0.009032757663109292,0.0,0.0,NON_RISK,FLAT_MID_RATE_NORMAL,,FLAT_MID_RATE,FLAT_MID_RATE_NORMAL,FLAT_MID_RATE_NORMAL
2017-06-13,0.003255353258573051,9.722186761395303,-0.005806809221628906,0.0,0.0,NON_RISK,FLAT_MID_RATE_NORMAL,,FLAT_MID_RATE,FLAT_MID_RATE_NORMAL,FLAT_MID_RATE_NORMAL
2017-06-14,-0.00303548012268264,9.692675256732079,-0.008824662890343116,0.0,0.0,NON_RISK,FLAT_MID_RATE_NORMAL,,FLAT_MID_RATE,FLAT_MID_RATE_NORMAL,FLAT_MID_RATE_NORMAL
2017-06-15,-0.002868466001521551,9.664872147294354,-0.011667815646388857,0.0,0.0,NON_RISK,FLAT_MID_RATE_NORMAL,,FLAT_MID_RATE,FLAT_MID_RATE_NORMAL,FLAT_MID_RATE_NORMAL
2017-06-16,0.00019700213507280737,9.666776147742576,-0.011473112095910065,0.0,0.0,NON_RISK,FLAT_MID_RATE_NORMAL,,FLAT_MID_RATE,FLAT_MID_RATE_NORMAL,FLAT_MID_RATE_NORMAL
2017-06-19,0.0016283450095997045,9.68251699444167,-0.009863449271136249,0.0,0.0,NON_RISK,FLAT_MID_RATE_NORMAL,,FLAT_MID_RATE,FLAT_MID_RATE_NORMAL,FLAT_MID_RATE_NORMAL
2017-06-20,-0.004798993176376407,9.636050661455196,-0.014615107821765005,0.0,0.0,NON_RISK,FLAT_MID_RATE_NORMAL,,FLAT_MID_RATE,FLAT_MID_RATE_NORMAL,FLAT_MID_RATE_NORMAL
2017-06-21,0.001064748651925557,9.646310633406866,-0.013565920586190439,0.0,0.0,NON_RISK,FLAT_MID_RATE_NORMAL,,FLAT_MID_RATE,FLAT_MID_RATE_NORMAL,FLAT_MID_RATE_NORMAL
2017-06-22,0.0011543561936286223,9.657445911832205,-0.012427224297012707,0.0,0.0,NON_RISK,FLAT_MID_RATE_NORMAL,,FLAT_MID_RATE,FLAT_MID_RATE_NORMAL,FLAT_MID_RATE_NORMAL
2017-06-23,0.0024934977199500877,9.6815267311939,-0.009964713832512517,0.0,0.0,NON_RISK,FLAT_MID_RATE_NORMAL,,FLAT_MID_RATE,FLAT_MID_RATE_NORMAL,FLAT_MID_RATE_NORMAL
2017-06-26,-0.003379980635372913,9.648803358321619,-0.01331101392809464,0.0,0.0,NON_RISK,FLAT_MID_RATE_NORMAL,,FLAT_MID_RATE,FLAT_MID_RATE_NORMAL,FLAT_MID_RATE_NORMAL
2017-06-27,-0.003077326571421711,9.619110839364632,-0.01634737816266285,0.0,0.0,NON_RISK,FLAT_MID_RATE_NORMAL,,FLAT_MID_RATE,FLAT_MID_RATE_NORMAL,FLAT_MID_RATE_NORMAL
2017-06-28,0.0055105985161590775,9.672117897282803,-0.010926863484350235,0.0,0.0,NON_RISK,FLAT_MID_RATE_NORMAL,,FLAT_MID_RATE,FLAT_MID_RATE_NORMAL,FLAT_MID_RATE_NORMAL
2017-06-29,-0.007146830677107285,9.602992908381903,-0.017995601718303056,0.0,0.0,NON_RISK,FLAT_MID_RATE_NORMAL,,FLAT_MID_RATE,FLAT_MID_RATE_NORMAL,FLAT_MID_RATE_NORMAL
2017-06-30,1.697467362313785e-05,9.603155916052328,-0.01797893251414573,0.0,0.0,NON_RISK,FLAT_MID_RATE_NORMAL,,FLAT_MID_RATE,FLAT_MID_RATE_NORMAL,FLAT_MID_RATE_NORMAL
2017-07-03,-0.0059924933051489155,9.545609068517082,-0.02386368718657006,0.011550912127296531,5.775456063648265e-06,NON_RISK,FLAT_MID_RATE_NORMAL,,FLAT_MID_RATE,FLAT_MID_RATE_NORMAL,FLAT_MID_RATE_NORMAL
2017-07-05,0.0029045190163532885,9.573334471579264,-0.021028480703450536,0.0,0.0,NON_RISK,FLAT_MID_RATE_NORMAL,,FLAT_MID_RATE,FLAT_MID_RATE_NORMAL,FLAT_MID_RATE_NORMAL
2017-07-06,-0.005434662985887552,9.52130662507505,-0.026348860983609557,0.0,0.0,NON_RISK,FLAT_MID_RATE_NORMAL,,FLAT_MID_RATE,FLAT_MID_RATE_NORMAL,FLAT_MID_RATE_NORMAL
2017-07-07,-0.0006242253200151484,9.51536318440005,-0.026956638677445355,0.0,0.0,NON_RISK,FLAT_MID_RATE_NORMAL,,FLAT_MID_RATE,FLAT_MID_RATE_NORMAL,FLAT_MID_RATE_NORMAL
2017-07-10,0.0013183959797644293,9.527908200968362,-0.025673782221741104,0.0,0.0,NON_RISK,FLAT_MID_RATE_NORMAL,,FLAT_MID_RATE,FLAT_MID_RATE_NORMAL,FLAT_MID_RATE_NORMAL
2017-07-11,0.00012633514839999026,9.529111910664874,-0.025550690574428048,0.0,0.0,NON_RISK,FLAT_MID_RATE_NORMAL,,FLAT_MID_RATE,FLAT_MID_RATE_NORMAL,FLAT_MID_RATE_NORMAL
2017-07-12,0.00582549392615989,9.58462369422215,-0.019874042041018503,0.0,0.0,NON_RISK,FLAT_MID_RATE_NORMAL,,FLAT_MID_RATE,FLAT_MID_RATE_NORMAL,FLAT_MID_RATE_NORMAL
2017-07-13,0.0001948220936230288,9.586490990676847,-0.019683091849874823,0.0,0.0,NON_RISK,FLAT_MID_RATE_NORMAL,,FLAT_MID_RATE,FLAT_MID_RATE_NORMAL,FLAT_MID_RATE_NORMAL
2017-07-14,0.006169982884974441,9.645639476016283,-0.013634553304737618,0.0,0.0,NON_RISK,FLAT_MID_RATE_NORMAL,,FLAT_MID_RATE,FLAT_MID_RATE_NORMAL,FLAT_MID_RATE_NORMAL
2017-07-17,0.0018252399249924925,9.663245082289992,-0.011834199710796356,0.0,0.0,NON_RISK,FLAT_MID_RATE_NORMAL,,FLAT_MID_RATE,FLAT_MID_RATE_NORMAL,FLAT_MID_RATE_NORMAL
2017-07-18,0.003279868535784156,9.694939255788967,-0.008593145794289714,0.0,0.0,NON_RISK,FLAT_MID_RATE_NORMAL,,FLAT_MID_RATE,FLAT_MID_RATE_NORMAL,FLAT_MID_RATE_NORMAL
2017-07-19,0.0030014699954761916,9.724038325073181,-0.005617467868081927,0.0,0.0,NON_RISK,FLAT_MID_RATE_NORMAL,,FLAT_MID_RATE,FLAT_MID_RATE_NORMAL,FLAT_MID_RATE_NORMAL
2017-07-20,0.000832629878824494,9.732134849925473,-0.004789515260847588,0.0,0.0,NON_RISK,FLAT_MID_RATE_NORMAL,,FLAT_MID_RATE,FLAT_MID_RATE_NORMAL,FLAT_MID_RATE_NORMAL
2017-07-21,0.0031604291114958557,9.762892572222182,-0.0016442230728119789,0.0,0.0,NON_RISK,FLAT_MID_RATE_NORMAL,,FLAT_MID_RATE,FLAT_MID_RATE_NORMAL,FLAT_MID_RATE_NORMAL
2017-07-24,3.890186692637827e-05,9.763272366969844,-0.0016053851692326981,0.0,0.0,NON_RISK,FLAT_MID_RATE_NORMAL,,FLAT_MID_RATE,FLAT_MID_RATE_NORMAL,FLAT_MID_RATE_NORMAL
2017-07-25,4.824247131991581e-06,9.763319467408559,-0.0016005686668754127,0.0,0.0,NON_RISK,FLAT_MID_RATE_NORMAL,,FLAT_MID_RATE,FLAT_MID_RATE_NORMAL,FLAT_MID_RATE_NORMAL
2017-07-26,0.0034593093189754114,9.7970938094263,0.0,0.0,0.0,NON_RISK,FLAT_MID_RATE_NORMAL,,FLAT_MID_RATE,FLAT_MID_RATE_NORMAL,FLAT_MID_RATE_NORMAL
2017-07-27,-0.0008533816295259965,9.788733149546593,-0.0008533816295260843,0.0,0.0,NON_RISK,FLAT_MID_RATE_NORMAL,,FLAT_MID_RATE,FLAT_MID_RATE_NORMAL,FLAT_MID_RATE_NORMAL
2017-07-28,0.002523979792270406,9.813439714207977,0.0,0.0,0.0,NON_RISK,FLAT_MID_RATE_NORMAL,,FLAT_MID_RATE,FLAT_MID_RATE_NORMAL,FLAT_MID_RATE_NORMAL
2017-07-31,-0.00011395555046823572,9.812321418283357,-0.0001139555504683365,0.0,0.0,NON_RISK,FLAT_MID_RATE_NORMAL,,FLAT_MID_RATE,FLAT_MID_RATE_NORMAL,FLAT_MID_RATE_NORMAL
2017-08-01,0.000941291391861274,9.821557671968563,0.0,0.013127022255182919,6.5635111275914595e-06,NON_RISK,FLAT_MID_RATE_NORMAL,,FLAT_MID_RATE,FLAT_MID_RATE_NORMAL,FLAT_MID_RATE_NORMAL
2017-08-02,-0.0005868291648656542,9.815794095482241,-0.0005868291648657431,0.0,0.0,NON_RISK,FLAT_MID_RATE_NORMAL,,FLAT_MID_RATE,FLAT_MID_RATE_NORMAL,FLAT_MID_RATE_NORMAL
2017-08-03,-0.00046535288880535195,9.81122628734399,-0.0010519089710239182,0.0,0.0,NON_RISK,FLAT_MID_RATE_NORMAL,,FLAT_MID_RATE,FLAT_MID_RATE_NORMAL,FLAT_MID_RATE_NORMAL
2017-08-04,-0.002208279306587127,9.789560359361404,-0.0032578653687980186,0.0,0.0,NON_RISK,FLAT_MID_RATE_NORMAL,,FLAT_MID_RATE,FLAT_MID_RATE_NORMAL,FLAT_MID_RATE_NORMAL
2017-08-07,0.0005897870600329794,9.795334115384767,-0.002669999755602892,0.0,0.0,NON_RISK,FLAT_MID_RATE_NORMAL,,FLAT_MID_RATE,FLAT_MID_RATE_NORMAL,FLAT_MID_RATE_NORMAL
2017-08-08,-0.00020253451476655022,9.793350222142731,-0.0028719935032645028,0.0,0.0,NON_RISK,FLAT_MID_RATE_NORMAL,,FLAT_MID_RATE,FLAT_MID_RATE_NORMAL,FLAT_MID_RATE_NORMAL
2017-08-09,0.005046523718947877,9.842772596326737,0.0,0.0,0.0,NON_RISK,FLAT_MID_RATE_NORMAL,,FLAT_MID_RATE,FLAT_MID_RATE_NORMAL,FLAT_MID_RATE_NORMAL
2017-08-10,-0.005090863701094132,9.792664382597973,-0.005090863701094128,0.0,0.0,NON_RISK,FLAT_MID_RATE_NORMAL,,FLAT_MID_RATE,FLAT_MID_RATE_NORMAL,FLAT_MID_RATE_NORMAL
2017-08-11,-0.0009601208879722592,9.783262240975338,-0.006046096744489304,2.0,0.001,FULL_RISK,FLAT_LOWMID_RATE_STRESS,VIX,FLAT_MID_RATE,FLAT_LOWMID_RATE_STRESS,FLAT_LOWMID_RATE_STRESS
2017-08-14,3.987911202774086e-05,9.783652388786242,-0.0060064587454309315,0.0,0.0,FULL_RISK,FLAT_LOWMID_RATE_STRESS,VIX,FLAT_MID_RATE,FLAT_LOWMID_RATE_STRESS,FLAT_LOWMID_RATE_STRESS
2017-08-15,4.0271965861427006e-05,9.784046395701244,-0.0059664286714710135,0.0,0.0,FULL_RISK,FLAT_LOWMID_RATE_STRESS,VIX,FLAT_MID_RATE,FLAT_LOWMID_RATE_STRESS,FLAT_LOWMID_RATE_STRESS
2017-08-16,3.948621945371045e-05,9.78443273070437,-0.005927178043729109,0.0,0.0,FULL_RISK,FLAT_LOWMID_RATE_STRESS,VIX,FLAT_MID_RATE,FLAT_LOWMID_RATE_STRESS,FLAT_LOWMID_RATE_STRESS
2017-08-17,-0.007924955441457774,9.706891537293597,-0.013805160863296861,2.0,0.001,NON_RISK,FLAT_MID_RATE_NORMAL,,FLAT_MID_RATE,FLAT_MID_RATE_NORMAL,FLAT_MID_RATE_NORMAL
2017-08-18,-0.001558168322889429,9.691766566386463,-0.015341818421836684,0.0,0.0,NON_RISK,FLAT_MID_RATE_NORMAL,,FLAT_MID_RATE,FLAT_MID_RATE_NORMAL,FLAT_MID_RATE_NORMAL
2017-08-21,0.002030925732302927,9.711449824497612,-0.013342050783346826,0.0,0.0,NON_RISK,FLAT_MID_RATE_NORMAL,,FLAT_MID_RATE,FLAT_MID_RATE_NORMAL,FLAT_MID_RATE_NORMAL
2017-08-22,0.004197050988620444,9.752209274584457,-0.009200997062156824,0.0,0.0,NON_RISK,FLAT_MID_RATE_NORMAL,,FLAT_MID_RATE,FLAT_MID_RATE_NORMAL,FLAT_MID_RATE_NORMAL
2017-08-23,-0.0005053754601767903,9.747280747334573,-0.009701722564209314,0.0,0.0,NON_RISK,FLAT_MID_RATE_NORMAL,,FLAT_MID_RATE,FLAT_MID_RATE_NORMAL,FLAT_MID_RATE_NORMAL
2017-08-24,-0.002652262909678885,9.72142839613819,-0.012328253954971169,0.0,0.0,NON_RISK,FLAT_MID_RATE_NORMAL,,FLAT_MID_RATE,FLAT_MID_RATE_NORMAL,FLAT_MID_RATE_NORMAL
2017-08-25,0.0028993440198292796,9.749614161422732,-0.009464653784521215,0.0,0.0,NON_RISK,FLAT_MID_RATE_NORMAL,,FLAT_MID_RATE,FLAT_MID_RATE_NORMAL,FLAT_MID_RATE_NORMAL
2017-08-28,0.00668189258848769,9.814760036028558,-0.0028460029960089006,0.0,0.0,NON_RISK,FLAT_MID_RATE_NORMAL,,FLAT_MID_RATE,FLAT_MID_RATE_NORMAL,FLAT_MID_RATE_NORMAL
2017-08-29,-0.00024242284734983174,9.812380713954568,-0.0030877359072088995,0.0,0.0,NON_RISK,FLAT_MID_RATE_NORMAL,,FLAT_MID_RATE,FLAT_MID_RATE_NORMAL,FLAT_MID_RATE_NORMAL
2017-08-30,0.00254992801469135,9.8374015784279,-0.0005456813968091057,0.0,0.0,NON_RISK,FLAT_MID_RATE_NORMAL,,FLAT_MID_RATE,FLAT_MID_RATE_NORMAL,FLAT_MID_RATE_NORMAL
2017-08-31,0.008415039747951752,9.920183703726932,0.0,0.0,0.0,NON_RISK,FLAT_MID_RATE_NORMAL,,FLAT_MID_RATE,FLAT_MID_RATE_NORMAL,FLAT_MID_RATE_NORMAL
2017-09-01,0.0016143475269479535,9.936198327755912,0.0,0.025451149068421164,1.2725574534210582e-05,NON_RISK,FLAT_MID_RATE_NORMAL,,FLAT_MID_RATE,FLAT_MID_RATE_NORMAL,FLAT_MID_RATE_NORMAL
2017-09-05,0.0007147441054681965,9.94330016694144,0.0,0.0,0.0,NON_RISK,FLAT_MID_RATE_NORMAL,,FLAT_MID_RATE,FLAT_MID_RATE_NORMAL,FLAT_MID_RATE_NORMAL
2017-09-06,-0.0002623771094601209,9.940691272585143,-0.00026237710946008796,0.0,0.0,NON_RISK,FLAT_MID_RATE_NORMAL,,FLAT_MID_RATE,FLAT_MID_RATE_NORMAL,FLAT_MID_RATE_NORMAL
2017-09-07,0.004425839482377617,9.984687176501476,0.0,0.0,0.0,NON_RISK,FLAT_MID_RATE_NORMAL,,FLAT_MID_RATE,FLAT_MID_RATE_NORMAL,FLAT_MID_RATE_NORMAL
2017-09-08,-0.001206857632104366,9.972637080578341,-0.0012068576321042634,0.0,0.0,NON_RISK,FLAT_MID_RATE_NORMAL,,FLAT_MID_RATE,FLAT_MID_RATE_NORMAL,FLAT_MID_RATE_NORMAL
2017-09-11,5.426003445838882e-05,9.973178196209975,-0.0011526630817825234,0.0,0.0,NON_RISK,FLAT_MID_RATE_NORMAL,,FLAT_MID_RATE,FLAT_MID_RATE_NORMAL,FLAT_MID_RATE_NORMAL
2017-09-12,0.0031811856869934365,10.004904727941593,0.0,0.0,0.0,NON_RISK,FLAT_MID_RATE_NORMAL,,FLAT_MID_RATE,FLAT_MID_RATE_NORMAL,FLAT_MID_RATE_NORMAL
2017-09-13,-0.0029684384171335594,9.97520578438741,-0.0029684384171336786,0.0,0.0,NON_RISK,FLAT_MID_RATE_NORMAL,,FLAT_MID_RATE,FLAT_MID_RATE_NORMAL,FLAT_MID_RATE_NORMAL
2017-09-14,0.0017090409191430971,9.9922538192498,-0.0012644706807113382,0.0,0.0,NON_RISK,FLAT_MID_RATE_NORMAL,,FLAT_MID_RATE,FLAT_MID_RATE_NORMAL,FLAT_MID_RATE_NORMAL
2017-09-15,-0.0013914282940689238,9.978350314564178,-0.002654139554498114,0.0,0.0,NON_RISK,FLAT_MID_RATE_NORMAL,,FLAT_MID_RATE,FLAT_MID_RATE_NORMAL,FLAT_MID_RATE_NORMAL
2017-09-18,-0.002816095647046251,9.950250325678631,-0.005462760890698304,0.0,0.0,NON_RISK,FLAT_MID_RATE_NORMAL,,FLAT_MID_RATE,FLAT_MID_RATE_NORMAL,FLAT_MID_RATE_NORMAL
2017-09-19,0.001471404826742706,9.964891172035134,-0.0039993939966973535,0.0,0.0,NON_RISK,FLAT_MID_RATE_NORMAL,,FLAT_MID_RATE,FLAT_MID_RATE_NORMAL,FLAT_MID_RATE_NORMAL
2017-09-20,-0.003260272903737734,9.932402907358252,-0.007246627784556314,0.0,0.0,NON_RISK,FLAT_MID_RATE_NORMAL,,FLAT_MID_RATE,FLAT_MID_RATE_NORMAL,FLAT_MID_RATE_NORMAL
2017-09-21,-0.004805714035662066,9.88467061929851,-0.01201751659936301,0.0,0.0,NON_RISK,FLAT_MID_RATE_NORMAL,,FLAT_MID_RATE,FLAT_MID_RATE_NORMAL,FLAT_MID_RATE_NORMAL
2017-09-22,0.002084796533271543,9.905278146338153,-0.009957774143036446,0.0,0.0,NON_RISK,FLAT_MID_RATE_NORMAL,,FLAT_MID_RATE,FLAT_MID_RATE_NORMAL,FLAT_MID_RATE_NORMAL
2017-09-25,0.0033581976980011615,9.938542028607246,-0.006633016619239762,0.0,0.0,NON_RISK,FLAT_MID_RATE_NORMAL,,FLAT_MID_RATE,FLAT_MID_RATE_NORMAL,FLAT_MID_RATE_NORMAL
2017-09-26,-0.004477254305801956,9.894044648516271,-0.011080573222822743,0.0,0.0,NON_RISK,FLAT_MID_RATE_NORMAL,,FLAT_MID_RATE,FLAT_MID_RATE_NORMAL,FLAT_MID_RATE_NORMAL
2017-09-27,-0.0018550520005353312,9.875690681197655,-0.012915070183833977,0.0,0.0,NON_RISK,FLAT_MID_RATE_NORMAL,,FLAT_MID_RATE,FLAT_MID_RATE_NORMAL,FLAT_MID_RATE_NORMAL
2017-09-28,0.0014959230087593462,9.89046395411505,-0.011438467125722163,0.0,0.0,NON_RISK,FLAT_MID_RATE_NORMAL,,FLAT_MID_RATE,FLAT_MID_RATE_NORMAL,FLAT_MID_RATE_NORMAL
2017-09-29,-0.00022869315896674198,9.888202072669737,-0.011664544385508235,0.0,0.0,NON_RISK,FLAT_MID_RATE_NORMAL,,FLAT_MID_RATE,FLAT_MID_RATE_NORMAL,FLAT_MID_RATE_NORMAL
2017-10-02,-0.00017665023703099074,9.886455319429789,-0.01183913407800874,0.04700617687265762,2.3503088436328812e-05,NON_RISK,FLAT_MID_RATE_NORMAL,,FLAT_MID_RATE,FLAT_MID_RATE_NORMAL,FLAT_MID_RATE_NORMAL
2017-10-03,0.0014692597693806262,9.900981090492406,-0.010387269072033245,0.0,0.0,NON_RISK,FLAT_MID_RATE_NORMAL,,FLAT_MID_RATE,FLAT_MID_RATE_NORMAL,FLAT_MID_RATE_NORMAL
2017-10-04,0.001850870512392264,9.919306524436552,-0.008555624049670696,0.0,0.0,NON_RISK,FLAT_MID_RATE_NORMAL,,FLAT_MID_RATE,FLAT_MID_RATE_NORMAL,FLAT_MID_RATE_NORMAL
2017-10-05,0.0013155262320053967,9.93235563237275,-0.007251352965533808,0.0,0.0,NON_RISK,FLAT_MID_RATE_NORMAL,,FLAT_MID_RATE,FLAT_MID_RATE_NORMAL,FLAT_MID_RATE_NORMAL
2017-10-06,0.001257284663707979,9.944843430783827,-0.006003185316700521,0.0,0.0,NON_RISK,FLAT_MID_RATE_NORMAL,,FLAT_MID_RATE,FLAT_MID_RATE_NORMAL,FLAT_MID_RATE_NORMAL
2017-10-09,0.002361140758498533,9.968324605945137,-0.0036562189237340226,0.0,0.0,NON_RISK,FLAT_MID_RATE_NORMAL,,FLAT_MID_RATE,FLAT_MID_RATE_NORMAL,FLAT_MID_RATE_NORMAL
2017-10-10,0.002631429654345331,9.99455555091736,-0.0010344103522875736,0.0,0.0,NON_RISK,FLAT_MID_RATE_NORMAL,,FLAT_MID_RATE,FLAT_MID_RATE_NORMAL,FLAT_MID_RATE_NORMAL
2017-10-11,0.0022305508245754656,10.016848915042724,0.0,0.0,0.0,NON_RISK,FLAT_MID_RATE_NORMAL,,FLAT_MID_RATE,FLAT_MID_RATE_NORMAL,FLAT_MID_RATE_NORMAL
2017-10-12,-0.0005492083157654115,10.011347578320816,-0.000549208315765437,0.0,0.0,NON_RISK,FLAT_MID_RATE_NORMAL,,FLAT_MID_RATE,FLAT_MID_RATE_NORMAL,FLAT_MID_RATE_NORMAL
2017-10-13,0.0038103097942678004,10.049493914052311,0.0,0.0,0.0,NON_RISK,FLAT_MID_RATE_NORMAL,,FLAT_MID_RATE,FLAT_MID_RATE_NORMAL,FLAT_MID_RATE_NORMAL
2017-10-16,-0.002013827493133902,10.02925596691611,-0.002013827493133946,0.0,0.0,NON_RISK,FLAT_MID_RATE_NORMAL,,FLAT_MID_RATE,FLAT_MID_RATE_NORMAL,FLAT_MID_RATE_NORMAL
2017-10-17,-0.0023720181785411203,10.005466389445344,-0.004381068836252888,0.0,0.0,NON_RISK,FLAT_MID_RATE_NORMAL,,FLAT_MID_RATE,FLAT_MID_RATE_NORMAL,FLAT_MID_RATE_NORMAL
2017-10-18,-0.0009587955066644818,9.99587319322906,-0.005335663793802792,0.0,0.0,NON_RISK,FLAT_MID_RATE_NORMAL,,FLAT_MID_RATE,FLAT_MID_RATE_NORMAL,FLAT_MID_RATE_NORMAL
2017-10-19,0.0025781850136492564,10.021644403694182,-0.002771235108584569,0.0,0.0,NON_RISK,FLAT_MID_RATE_NORMAL,,FLAT_MID_RATE,FLAT_MID_RATE_NORMAL,FLAT_MID_RATE_NORMAL
2017-10-20,0.0004512965348040187,10.026167137086608,-0.002321189222582176,0.0,0.0,NON_RISK,FLAT_MID_RATE_NORMAL,,FLAT_MID_RATE,FLAT_MID_RATE_NORMAL,FLAT_MID_RATE_NORMAL
2017-10-23,-0.0016633317533610457,10.009490294922987,-0.003980660068203745,0.0,0.0,NON_RISK,FLAT_MID_RATE_NORMAL,,FLAT_MID_RATE,FLAT_MID_RATE_NORMAL,FLAT_MID_RATE_NORMAL
2017-10-24,-0.0005360268895129659,10.00412493897459,-0.0045145532168821,0.0,0.0,NON_RISK,FLAT_MID_RATE_NORMAL,,FLAT_MID_RATE,FLAT_MID_RATE_NORMAL,FLAT_MID_RATE_NORMAL
2017-10-25,-0.0028615502122661014,9.97549763313193,-0.007363184808432122,0.0,0.0,NON_RISK,FLAT_MID_RATE_NORMAL,,FLAT_MID_RATE,FLAT_MID_RATE_NORMAL,FLAT_MID_RATE_NORMAL
2017-10-26,-0.0026671775724978045,9.948891209570336,-0.010010723459546678,0.0,0.0,NON_RISK,FLAT_MID_RATE_NORMAL,,FLAT_MID_RATE,FLAT_MID_RATE_NORMAL,FLAT_MID_RATE_NORMAL
2017-10-27,0.006771941680194159,10.016264520624143,-0.0033065738147971535,0.0,0.0,NON_RISK,FLAT_MID_RATE_NORMAL,,FLAT_MID_RATE,FLAT_MID_RATE_NORMAL,FLAT_MID_RATE_NORMAL
2017-10-30,-0.001427346470940529,10.001967840808623,-0.004729200659272181,0.0,0.0,NON_RISK,FLAT_MID_RATE_NORMAL,,FLAT_MID_RATE,FLAT_MID_RATE_NORMAL,FLAT_MID_RATE_NORMAL
2017-10-31,-0.0006288683052395253,9.995677920243514,-0.0053550949201079945,0.0,0.0,NON_RISK,FLAT_MID_RATE_NORMAL,,FLAT_MID_RATE,FLAT_MID_RATE_NORMAL,FLAT_MID_RATE_NORMAL
2017-11-01,0.0022735392230799427,10.018403486056462,-0.0030937307153721116,0.0034694161831157477,1.7347080915578738e-06,NON_RISK,FLAT_MID_RATE_NORMAL,,FLAT_MID_RATE,FLAT_MID_RATE_NORMAL,FLAT_MID_RATE_NORMAL
2017-11-02,0.0005001021571112839,10.023413711250651,-0.0025951757396650565,0.0,0.0,NON_RISK,FLAT_MID_RATE_NORMAL,,FLAT_MID_RATE,FLAT_MID_RATE_NORMAL,FLAT_MID_RATE_NORMAL
2017-11-03,4.1065606640604355e-05,10.023825328815313,-0.0025542167054904974,0.0,0.0,NON_RISK,FLAT_MID_RATE_NORMAL,,FLAT_MID_RATE,FLAT_MID_RATE_NORMAL,FLAT_MID_RATE_NORMAL
2017-11-06,0.004414590837118027,10.068076416264773,0.0,0.0,0.0,NON_RISK,FLAT_MID_RATE_NORMAL,,FLAT_MID_RATE,FLAT_MID_RATE_NORMAL,FLAT_MID_RATE_NORMAL
2017-11-07,-0.0018933291341655877,10.049014233860854,-0.0018933291341656222,0.0,0.0,NON_RISK,FLAT_MID_RATE_NORMAL,,FLAT_MID_RATE,FLAT_MID_RATE_NORMAL,FLAT_MID_RATE_NORMAL
2017-11-08,0.002424157762292168,10.073374629719252,0.0,0.0,0.0,NON_RISK,FLAT_MID_RATE_NORMAL,,FLAT_MID_RATE,FLAT_MID_RATE_NORMAL,FLAT_MID_RATE_NORMAL
2017-11-09,-0.0004546942162161746,10.06879432453734,-0.00045469421621624484,0.0,0.0,NON_RISK,FLAT_MID_RATE_NORMAL,,FLAT_MID_RATE,FLAT_MID_RATE_NORMAL,FLAT_MID_RATE_NORMAL
2017-11-10,-0.0035401793870638116,10.033148986417027,-0.0039932639041884155,0.0,0.0,NON_RISK,FLAT_MID_RATE_NORMAL,,FLAT_MID_RATE,FLAT_MID_RATE_NORMAL,FLAT_MID_RATE_NORMAL
2017-11-13,0.0011579530406475775,10.04476690179312,-0.002839934875620731,0.0,0.0,NON_RISK,FLAT_MID_RATE_NORMAL,,FLAT_MID_RATE,FLAT_MID_RATE_NORMAL,FLAT_MID_RATE_NORMAL
2017-11-14,-0.000525140850656613,10.039491984357666,-0.003363584360460803,0.0,0.0,NON_RISK,FLAT_MID_RATE_NORMAL,,FLAT_MID_RATE,FLAT_MID_RATE_NORMAL,FLAT_MID_RATE_NORMAL
2017-11-15,-0.0034589746344536113,10.004765636240972,-0.006810924441930766,0.0,0.0,NON_RISK,FLAT_MID_RATE_NORMAL,,FLAT_MID_RATE,FLAT_MID_RATE_NORMAL,FLAT_MID_RATE_NORMAL
2017-11-16,0.0049816168144783774,10.054605544959385,-0.0018632370431744816,0.0,0.0,NON_RISK,FLAT_MID_RATE_NORMAL,,FLAT_MID_RATE,FLAT_MID_RATE_NORMAL,FLAT_MID_RATE_NORMAL
2017-11-17,0.0031973528914318607,10.086753667070768,0.0,0.0,0.0,NON_RISK,FLAT_MID_RATE_NORMAL,,FLAT_MID_RATE,FLAT_MID_RATE_NORMAL,FLAT_MID_RATE_NORMAL
2017-11-20,-0.004166217389025045,10.044730058544205,-0.0041662173890251175,0.0,0.0,NON_RISK,FLAT_MID_RATE_NORMAL,,FLAT_MID_RATE,FLAT_MID_RATE_NORMAL,FLAT_MID_RATE_NORMAL
2017-11-21,0.004536084559662186,10.090293803468743,0.0,0.0,0.0,NON_RISK,FLAT_MID_RATE_NORMAL,,FLAT_MID_RATE,FLAT_MID_RATE_NORMAL,FLAT_MID_RATE_NORMAL
2017-11-22,0.0032574152593513235,10.1231620804755,0.0,0.0,0.0,NON_RISK,FLAT_MID_RATE_NORMAL,,FLAT_MID_RATE,FLAT_MID_RATE_NORMAL,FLAT_MID_RATE_NORMAL
2017-11-24,0.0003261207467072887,10.126463453652224,0.0,0.0,0.0,NON_RISK,FLAT_MID_RATE_NORMAL,,FLAT_MID_RATE,FLAT_MID_RATE_NORMAL,FLAT_MID_RATE_NORMAL
2017-11-27,0.0014151346495036067,10.14079376296242,0.0,0.0,0.0,NON_RISK,FLAT_MID_RATE_NORMAL,,FLAT_MID_RATE,FLAT_MID_RATE_NORMAL,FLAT_MID_RATE_NORMAL
2017-11-28,0.005918274238790658,10.20080976145065,0.0,0.0,0.0,NON_RISK,FLAT_MID_RATE_NORMAL,,FLAT_MID_RATE,FLAT_MID_RATE_NORMAL,FLAT_MID_RATE_NORMAL
2017-11-29,-0.0029297740975645953,10.170923693237368,-0.0029297740975645636,0.0,0.0,NON_RISK,FLAT_MID_RATE_NORMAL,,FLAT_MID_RATE,FLAT_MID_RATE_NORMAL,FLAT_MID_RATE_NORMAL
2017-11-30,0.002006690338708934,10.191333587548334,-0.0009289629082317452,0.0,0.0,NON_RISK,FLAT_MID_RATE_NORMAL,,FLAT_MID_RATE,FLAT_MID_RATE_NORMAL,FLAT_MID_RATE_NORMAL
2017-12-01,0.0003719338103311951,10.195124089081906,-0.0005573746106147803,0.017569132033964985,8.784566016982493e-06,NON_RISK,FLAT_MID_RATE_NORMAL,,FLAT_MID_RATE,FLAT_MID_RATE_NORMAL,FLAT_MID_RATE_NORMAL
2017-12-04,-0.002077157744437824,10.173947208124765,-0.0026333746000635205,0.0,0.0,NON_RISK,FLAT_MID_RATE_NORMAL,,FLAT_MID_RATE,FLAT_MID_RATE_NORMAL,FLAT_MID_RATE_NORMAL
2017-12-05,-0.005001247630213732,10.123064778760213,-0.007621452071799095,0.0,0.0,NON_RISK,FLAT_MID_RATE_NORMAL,,FLAT_MID_RATE,FLAT_MID_RATE_NORMAL,FLAT_MID_RATE_NORMAL
2017-12-06,-0.0007199863614452602,10.11577631018348,-0.008335951091698268,0.0,0.0,NON_RISK,FLAT_MID_RATE_NORMAL,,FLAT_MID_RATE,FLAT_MID_RATE_NORMAL,FLAT_MID_RATE_NORMAL
2017-12-07,-0.003392043364017509,10.081463158278636,-0.011699718548132343,0.0,0.0,NON_RISK,FLAT_MID_RATE_NORMAL,,FLAT_MID_RATE,FLAT_MID_RATE_NORMAL,FLAT_MID_RATE_NORMAL
2017-12-08,0.0032310552047004376,10.114036922287188,-0.008506465779940409,0.0,0.0,NON_RISK,FLAT_MID_RATE_NORMAL,,FLAT_MID_RATE,FLAT_MID_RATE_NORMAL,FLAT_MID_RATE_NORMAL
2017-12-11,0.0002124034899530392,10.116185179026996,-0.00829586909300617,0.0,0.0,NON_RISK,FLAT_MID_RATE_NORMAL,,FLAT_MID_RATE,FLAT_MID_RATE_NORMAL,FLAT_MID_RATE_NORMAL
2017-12-12,0.001532768494894782,10.131690948957928,-0.006775816244895094,0.0,0.0,NON_RISK,FLAT_MID_RATE_NORMAL,,FLAT_MID_RATE,FLAT_MID_RATE_NORMAL,FLAT_MID_RATE_NORMAL
2017-12-13,0.003396566163508452,10.166103907614284,-0.0034022645895741555,0.0,0.0,NON_RISK,FLAT_MID_RATE_NORMAL,,FLAT_MID_RATE,FLAT_MID_RATE_NORMAL,FLAT_MID_RATE_NORMAL
2017-12-14,-0.003254736100830648,10.133015922221377,-0.006645927217020398,0.0,0.0,NON_RISK,FLAT_MID_RATE_NORMAL,,FLAT_MID_RATE,FLAT_MID_RATE_NORMAL,FLAT_MID_RATE_NORMAL
2017-12-15,0.005829574288047672,10.192087091301936,-0.0008550958553974475,0.0,0.0,NON_RISK,FLAT_MID_RATE_NORMAL,,FLAT_MID_RATE,FLAT_MID_RATE_NORMAL,FLAT_MID_RATE_NORMAL
2017-12-18,0.0056486301219047744,10.24965842145094,0.0,0.0,0.0,NON_RISK,FLAT_MID_RATE_NORMAL,,FLAT_MID_RATE,FLAT_MID_RATE_NORMAL,FLAT_MID_RATE_NORMAL
2017-12-19,-0.001997839820598428,10.229181245709034,-0.0019978398205983128,0.0,0.0,NON_RISK,FLAT_MID_RATE_NORMAL,,FLAT_MID_RATE,FLAT_MID_RATE_NORMAL,FLAT_MID_RATE_NORMAL
2017-12-20,0.0007576857680243183,10.23693175075745,-0.001241667787372891,0.0,0.0,NON_RISK,FLAT_MID_RATE_NORMAL,,FLAT_MID_RATE,FLAT_MID_RATE_NORMAL,FLAT_MID_RATE_NORMAL
2017-12-21,0.0018011110180548272,10.255369601324814,0.0,0.0,0.0,NON_RISK,FLAT_MID_RATE_NORMAL,,FLAT_MID_RATE,FLAT_MID_RATE_NORMAL,FLAT_MID_RATE_NORMAL
2017-12-22,0.0019445517172632454,10.275311697894239,0.0,0.0,0.0,NON_RISK,FLAT_MID_RATE_NORMAL,,FLAT_MID_RATE,FLAT_MID_RATE_NORMAL,FLAT_MID_RATE_NORMAL
2017-12-26,0.0020374735320333555,10.296247373512092,0.0,0.0,0.0,NON_RISK,FLAT_MID_RATE_NORMAL,,FLAT_MID_RATE,FLAT_MID_RATE_NORMAL,FLAT_MID_RATE_NORMAL
2017-12-27,0.0018070059837589794,10.31485275412629,0.0,0.0,0.0,NON_RISK,FLAT_MID_RATE_NORMAL,,FLAT_MID_RATE,FLAT_MID_RATE_NORMAL,FLAT_MID_RATE_NORMAL
2017-12-28,0.003267255436471826,10.348554012863616,0.0,0.0,0.0,NON_RISK,FLAT_MID_RATE_NORMAL,,FLAT_MID_RATE,FLAT_MID_RATE_NORMAL,FLAT_MID_RATE_NORMAL
2017-12-29,0.00035536126549074636,10.352231488113626,0.0,0.0,0.0,NON_RISK,FLAT_MID_RATE_NORMAL,,FLAT_MID_RATE,FLAT_MID_RATE_NORMAL,FLAT_MID_RATE_NORMAL
2018-01-02,0.008883177020945083,10.44419219298434,0.0,0.09030468593081592,4.515234296540796e-05,NON_RISK,FLAT_MID_RATE_NORMAL,,FLAT_MID_RATE,FLAT_MID_RATE_NORMAL,FLAT_MID_RATE_NORMAL
2018-01-03,0.0031340453961909444,10.476924765443696,0.0,0.0,0.0,NON_RISK,FLAT_MID_RATE_NORMAL,,FLAT_MID_RATE,FLAT_MID_RATE_NORMAL,FLAT_MID_RATE_NORMAL
2018-01-04,0.004539364066018724,10.524483341246333,0.0,0.0,0.0,NON_RISK,FLAT_MID_RATE_NORMAL,,FLAT_MID_RATE,FLAT_MID_RATE_NORMAL,FLAT_MID_RATE_NORMAL
2018-01-05,0.003922355659274528,10.56576410804081,0.0,0.0,0.0,NON_RISK,FLAT_MID_RATE_NORMAL,,FLAT_MID_RATE,FLAT_MID_RATE_NORMAL,FLAT_MID_RATE_NORMAL
2018-01-08,0.001120563898255314,10.577603721857761,0.0,0.0,0.0,NON_RISK,FLAT_MID_RATE_NORMAL,,FLAT_MID_RATE,FLAT_MID_RATE_NORMAL,FLAT_MID_RATE_NORMAL
2018-01-09,-0.0001907323697692314,10.575586230433412,-0.00019073236976907548,0.0,0.0,NON_RISK,FLAT_MID_RATE_NORMAL,,FLAT_MID_RATE,FLAT_MID_RATE_NORMAL,FLAT_MID_RATE_NORMAL
2018-01-10,-0.00012860002485980723,10.574226209781271,-0.00031930786644152054,0.0,0.0,NON_RISK,FLAT_MID_RATE_NORMAL,,FLAT_MID_RATE,FLAT_MID_RATE_NORMAL,FLAT_MID_RATE_NORMAL
2018-01-11,0.005865763261992742,10.636252117406606,0.0,0.0,0.0,NON_RISK,FLAT_MID_RATE_NORMAL,,FLAT_MID_RATE,FLAT_MID_RATE_NORMAL,FLAT_MID_RATE_NORMAL
2018-01-12,0.008512469263900535,10.726792886639126,0.0,0.0,0.0,NON_RISK,FLAT_MID_RATE_NORMAL,,FLAT_MID_RATE,FLAT_MID_RATE_NORMAL,FLAT_MID_RATE_NORMAL
2018-01-16,-0.0016120307909892881,10.7095009662173,-0.0016120307909891496,0.0,0.0,NON_RISK,FLAT_MID_RATE_NORMAL,,FLAT_MID_RATE,FLAT_MID_RATE_NORMAL,FLAT_MID_RATE_NORMAL
2018-01-17,0.009175435888343363,10.807765305728978,0.0,0.7121975027776748,0.0003560987513888374,NON_RISK,FLAT_MID_RATE_NORMAL,,FLAT_MID_RATE,FLAT_MID_RATE_NORMAL,FLAT_MID_RATE_NORMAL
2018-01-18,-0.0016806154775224,10.78960160807874,-0.001680615477522407,0.0,0.0,NON_RISK,FLAT_MID_RATE_NORMAL,,FLAT_MID_RATE,FLAT_MID_RATE_NORMAL,FLAT_MID_RATE_NORMAL
2018-01-19,0.0045493872655042,10.838687684234397,0.0,0.0,0.0,NON_RISK,FLAT_MID_RATE_NORMAL,,FLAT_MID_RATE,FLAT_MID_RATE_NORMAL,FLAT_MID_RATE_NORMAL
2018-01-22,0.0081310011319486,10.926817066063744,0.0,0.0,0.0,NON_RISK,FLAT_MID_RATE_NORMAL,,FLAT_MID_RATE,FLAT_MID_RATE_NORMAL,FLAT_MID_RATE_NORMAL
2018-01-23,0.0021226793753914,10.950011195288553,0.0,0.0,0.0,NON_RISK,FLAT_MID_RATE_NORMAL,,FLAT_MID_RATE,FLAT_MID_RATE_NORMAL,FLAT_MID_RATE_NORMAL
2018-01-24,-0.0003885957014216,10.945756068007546,-0.00038859570142157907,0.0,0.0,NON_RISK,FLAT_MID_RATE_NORMAL,,FLAT_MID_RATE,FLAT_MID_RATE_NORMAL,FLAT_MID_RATE_NORMAL
2018-01-25,0.0004238258056961,10.950395161892022,0.0,0.0,0.0,NON_RISK,FLAT_MID_RATE_NORMAL,,FLAT_MID_RATE,FLAT_MID_RATE_NORMAL,FLAT_MID_RATE_NORMAL
2018-01-26,0.0115776652569195,11.077175171507399,0.0,0.0,0.0,NON_RISK,FLAT_MID_RATE_NORMAL,,FLAT_MID_RATE,FLAT_MID_RATE_NORMAL,FLAT_MID_RATE_NORMAL
2018-01-29,-0.0066294993666314,11.003739045723826,-0.006629499366631375,0.0,0.0,NON_RISK,FLAT_MID_RATE_NORMAL,,FLAT_MID_RATE,FLAT_MID_RATE_NORMAL,FLAT_MID_RATE_NORMAL
2018-01-30,-0.0102572487663714,10.890870956971604,-0.01681874770880265,0.0,0.0,NON_RISK,FLAT_MID_RATE_NORMAL,,FLAT_MID_RATE,FLAT_MID_RATE_NORMAL,FLAT_MID_RATE_NORMAL
2018-01-31,-0.0009432630544060619,10.880598000767588,-0.017746146259873585,2.0,0.001,FULL_RISK,FLAT_LOWMID_RATE_STRESS,VIX,FLAT_MID_RATE,FLAT_LOWMID_RATE_STRESS,FLAT_LOWMID_RATE_STRESS
2018-02-01,5.75192976255412e-05,10.881223845122339,-0.01768964770811643,0.0,0.0,FULL_RISK,FLAT_LOWMID_RATE_STRESS,VIX,FLAT_MID_RATE,FLAT_LOWMID_RATE_STRESS,FLAT_LOWMID_RATE_STRESS
2018-02-02,5.75192976255412e-05,10.881849725475217,-0.017633145906602254,0.0,0.0,FULL_RISK,FLAT_LOWMID_RATE_STRESS,VIX,FLAT_MID_RATE,FLAT_LOWMID_RATE_STRESS,FLAT_LOWMID_RATE_STRESS
2018-02-05,5.8692537707294434e-05,10.882488408850554,-0.01757548830297606,0.0,0.0,FULL_RISK,FLAT_LOWMID_RATE_STRESS,VIX,FLAT_MID_RATE,FLAT_LOWMID_RATE_STRESS,FLAT_LOWMID_RATE_STRESS
2018-02-06,5.908354097372559e-05,10.883131384800354,-0.017517443184085657,0.0,0.0,FULL_RISK,FLAT_LOWMID_RATE_STRESS,VIX,FLAT_MID_RATE,FLAT_LOWMID_RATE_STRESS,FLAT_LOWMID_RATE_STRESS
2018-02-07,6.0256320597362745e-05,10.88378716225418,-0.017458242400160806,0.0,0.0,FULL_RISK,FLAT_LOWMID_RATE_STRESS,VIX,FLAT_MID_RATE,FLAT_LOWMID_RATE_STRESS,FLAT_LOWMID_RATE_STRESS
2018-02-08,6.0256320597362745e-05,10.884442979222742,-0.017399038049014548,0.0,0.0,FULL_RISK,FLAT_LOWMID_RATE_STRESS,VIX,FLAT_MID_RATE,FLAT_LOWMID_RATE_STRESS,FLAT_LOWMID_RATE_STRESS
2018-02-09,6.0256320597362745e-05,10.88509883570842,-0.017339830130432055,0.0,0.0,FULL_RISK,FLAT_LOWMID_RATE_STRESS,VIX,FLAT_MID_RATE,FLAT_LOWMID_RATE_STRESS,FLAT_LOWMID_RATE_STRESS
2018-02-12,6.338204629385835e-05,10.88578875554674,-0.017277547118054182,0.0,0.0,FULL_RISK,FLAT_LOWMID_RATE_STRESS,VIX,FLAT_MID_RATE,FLAT_LOWMID_RATE_STRESS,FLAT_LOWMID_RATE_STRESS
2018-02-13,6.18194899655311e-05,10.88646170945548,-0.01721679571723944,0.0,0.0,FULL_RISK,FLAT_LOWMID_RATE_STRESS,VIX,FLAT_MID_RATE,FLAT_LOWMID_RATE_STRESS,FLAT_LOWMID_RATE_STRESS
2018-02-14,6.142875511461199e-05,10.887130451245895,-0.017156424568452677,0.0,0.0,FULL_RISK,FLAT_LOWMID_RATE_STRESS,VIX,FLAT_MID_RATE,FLAT_LOWMID_RATE_STRESS,FLAT_LOWMID_RATE_STRESS
2018-02-15,6.142875511461199e-05,10.887799234116285,-0.017096049711141648,0.0,0.0,FULL_RISK,FLAT_LOWMID_RATE_STRESS,VIX,FLAT_MID_RATE,FLAT_LOWMID_RATE_STRESS,FLAT_LOWMID_RATE_STRESS
2018-02-16,6.260084472953231e-05,10.888480819545586,-0.01703451909356546,0.0,0.0,FULL_RISK,FLAT_LOWMID_RATE_STRESS,VIX,FLAT_MID_RATE,FLAT_LOWMID_RATE_STRESS,FLAT_LOWMID_RATE_STRESS
2018-02-20,6.455356152268443e-05,10.88918370976206,-0.016971065170919064,0.0,0.0,FULL_RISK,FLAT_LOWMID_RATE_STRESS,VIX,FLAT_MID_RATE,FLAT_LOWMID_RATE_STRESS,FLAT_LOWMID_RATE_STRESS
2018-02-21,6.377258964507249e-05,10.889878141206353,-0.016908374870048926,0.0,0.0,FULL_RISK,FLAT_LOWMID_RATE_STRESS,VIX,FLAT_MID_RATE,FLAT_LOWMID_RATE_STRESS,FLAT_LOWMID_RATE_STRESS
2018-02-22,6.338204629385835e-05,10.890568363966834,-0.01684606451115389,0.0,0.0,FULL_RISK,FLAT_LOWMID_RATE_STRESS,VIX,FLAT_MID_RATE,FLAT_LOWMID_RATE_STRESS,FLAT_LOWMID_RATE_STRESS
2018-02-23,6.338204629385835e-05,10.891258630475045,-0.016783750202900682,0.0,0.0,FULL_RISK,FLAT_LOWMID_RATE_STRESS,VIX,FLAT_MID_RATE,FLAT_LOWMID_RATE_STRESS,FLAT_LOWMID_RATE_STRESS
2018-02-26,0.010612033970771699,11.006837037046106,-0.006349825959439226,2.0,0.001,NON_RISK,FLAT_MID_RATE_NORMAL,,FLAT_MID_RATE,FLAT_MID_RATE_NORMAL,FLAT_MID_RATE_NORMAL
2018-02-27,-0.0124866040061561,10.869399021604218,-0.0187571422033318,0.0,0.0,NON_RISK,FLAT_MID_RATE_NORMAL,,FLAT_MID_RATE,FLAT_MID_RATE_NORMAL,FLAT_MID_RATE_NORMAL
2018-02-28,-0.0101299958009627,10.75929205515638,-0.028697128232536673,0.0,0.0,NON_RISK,FLAT_MID_RATE_NORMAL,,FLAT_MID_RATE,FLAT_MID_RATE_NORMAL,FLAT_MID_RATE_NORMAL
2018-03-01,-0.0145409577852156,10.602841643583545,-0.04282080228756602,0.0,0.0,NON_RISK,FLAT_MID_RATE_NORMAL,,FLAT_MID_RATE,FLAT_MID_RATE_NORMAL,FLAT_MID_RATE_NORMAL
2018-03-02,0.0051551605939634,10.657500995008583,-0.03788638980615722,0.0,0.0,NON_RISK,FLAT_MID_RATE_NORMAL,,FLAT_MID_RATE,FLAT_MID_RATE_NORMAL,FLAT_MID_RATE_NORMAL
2018-03-05,0.011557920261155,10.780679541692074,-0.026766357417364772,0.0,0.0,NON_RISK,FLAT_MID_RATE_NORMAL,,FLAT_MID_RATE,FLAT_MID_RATE_NORMAL,FLAT_MID_RATE_NORMAL
2018-03-06,0.0025350605782157,10.808009217404594,-0.02429915117666015,0.0,0.0,NON_RISK,FLAT_MID_RATE_NORMAL,,FLAT_MID_RATE,FLAT_MID_RATE_NORMAL,FLAT_MID_RATE_NORMAL
2018-03-07,-0.0003660640924733,10.804052793318982,-0.024656320222410044,0.0,0.0,NON_RISK,FLAT_MID_RATE_NORMAL,,FLAT_MID_RATE,FLAT_MID_RATE_NORMAL,FLAT_MID_RATE_NORMAL
2018-03-08,0.004838810851286,10.856331561213162,-0.019936816640968913,0.0,0.0,NON_RISK,FLAT_MID_RATE_NORMAL,,FLAT_MID_RATE,FLAT_MID_RATE_NORMAL,FLAT_MID_RATE_NORMAL
2018-03-09,0.0174023584403257,11.045257334388415,-0.002881405829988415,0.0,0.0,NON_RISK,FLAT_MID_RATE_NORMAL,,FLAT_MID_RATE,FLAT_MID_RATE_NORMAL,FLAT_MID_RATE_NORMAL
2018-03-12,-0.0012553825755708,11.031391310788129,-0.004133171138887004,0.0,0.0,NON_RISK,FLAT_MID_RATE_NORMAL,,FLAT_MID_RATE,FLAT_MID_RATE_NORMAL,FLAT_MID_RATE_NORMAL
2018-03-13,-0.0064626967984479,10.960098773481473,-0.010569156505448096,0.0,0.0,NON_RISK,FLAT_MID_RATE_NORMAL,,FLAT_MID_RATE,FLAT_MID_RATE_NORMAL,FLAT_MID_RATE_NORMAL
2018-03-14,-0.005131465774994,10.903857401734799,-0.015646387015563867,0.0,0.0,NON_RISK,FLAT_MID_RATE_NORMAL,,FLAT_MID_RATE,FLAT_MID_RATE_NORMAL,FLAT_MID_RATE_NORMAL
2018-03-15,-0.0010895463936625,10.891977143225727,-0.01671888594467985,0.0,0.0,NON_RISK,FLAT_MID_RATE_NORMAL,,FLAT_MID_RATE,FLAT_MID_RATE_NORMAL,FLAT_MID_RATE_NORMAL
2018-03-16,0.0010845567851274,10.903790110939866,-0.015652461740743417,0.0,0.0,NON_RISK,FLAT_MID_RATE_NORMAL,,FLAT_MID_RATE,FLAT_MID_RATE_NORMAL,FLAT_MID_RATE_NORMAL
2018-03-19,-0.0135304335888658,10.756257102976862,-0.02897111073552383,0.0,0.0,NON_RISK,FLAT_MID_RATE_NORMAL,,FLAT_MID_RATE,FLAT_MID_RATE_NORMAL,FLAT_MID_RATE_NORMAL
2018-03-20,-0.0009299839173512172,10.7462539568602,-0.029874151985823216,2.0,0.001,FULL_RISK,FLAT_LOWMID_RATE_STRESS,CREDIT,FLAT_MID_RATE,FLAT_LOWMID_RATE_STRESS,FLAT_LOWMID_RATE_STRESS
2018-03-21,6.728575822556593e-05,10.746977026705771,-0.02980887633256535,0.0,0.0,FULL_RISK,FLAT_LOWMID_RATE_STRESS,CREDIT,FLAT_MID_RATE,FLAT_LOWMID_RATE_STRESS,FLAT_LOWMID_RATE_STRESS
2018-03-22,6.650532175767054e-05,10.747691757870854,-0.029744353459719486,0.0,0.0,FULL_RISK,FLAT_LOWMID_RATE_STRESS,CREDIT,FLAT_MID_RATE,FLAT_LOWMID_RATE_STRESS,FLAT_LOWMID_RATE_STRESS
2018-03-23,6.728575822556593e-05,10.748414924459956,-0.029679069072869435,0.0,0.0,FULL_RISK,FLAT_LOWMID_RATE_STRESS,CREDIT,FLAT_MID_RATE,FLAT_LOWMID_RATE_STRESS,FLAT_LOWMID_RATE_STRESS
2018-03-26,6.923618085541428e-05,10.749159103659576,-0.029611887757407973,0.0,0.0,FULL_RISK,FLAT_LOWMID_RATE_STRESS,CREDIT,FLAT_MID_RATE,FLAT_LOWMID_RATE_STRESS,FLAT_LOWMID_RATE_STRESS
2018-03-27,6.845612637285114e-05,10.749894949453578,-0.029545458746165543,0.0,0.0,FULL_RISK,FLAT_LOWMID_RATE_STRESS,CREDIT,FLAT_MID_RATE,FLAT_LOWMID_RATE_STRESS,FLAT_LOWMID_RATE_STRESS
2018-03-28,6.689555910033285e-05,10.750614069686492,-0.02948053964704689,0.0,0.0,FULL_RISK,FLAT_LOWMID_RATE_STRESS,CREDIT,FLAT_MID_RATE,FLAT_LOWMID_RATE_STRESS,FLAT_LOWMID_RATE_STRESS
2018-03-29,6.689555910033285e-05,10.751333238025355,-0.02941561620512889,0.0,0.0,FULL_RISK,FLAT_LOWMID_RATE_STRESS,CREDIT,FLAT_MID_RATE,FLAT_LOWMID_RATE_STRESS,FLAT_LOWMID_RATE_STRESS
2018-04-02,6.845612637285114e-05,10.752069232652174,-0.029349173757896252,0.0,0.0,FULL_RISK,FLAT_LOWMID_RATE_STRESS,CREDIT,FLAT_MID_RATE,FLAT_LOWMID_RATE_STRESS,FLAT_LOWMID_RATE_STRESS
2018-04-03,6.767591914114135e-05,10.752796888820162,-0.02928348407106529,0.0,0.0,FULL_RISK,FLAT_LOWMID_RATE_STRESS,CREDIT,FLAT_MID_RATE,FLAT_LOWMID_RATE_STRESS,FLAT_LOWMID_RATE_STRESS
2018-04-04,6.611504619025155e-05,10.753507810483141,-0.029219305103777016,0.0,0.0,FULL_RISK,FLAT_LOWMID_RATE_STRESS,CREDIT,FLAT_MID_RATE,FLAT_LOWMID_RATE_STRESS,FLAT_LOWMID_RATE_STRESS
2018-04-05,6.650532175767054e-05,10.7542229759801,-0.029154743021306828,0.0,0.0,FULL_RISK,FLAT_LOWMID_RATE_STRESS,CREDIT,FLAT_MID_RATE,FLAT_LOWMID_RATE_STRESS,FLAT_LOWMID_RATE_STRESS
2018-04-06,6.689555910033285e-05,10.754942385738769,-0.029089797785041283,0.0,0.0,FULL_RISK,FLAT_LOWMID_RATE_STRESS,CREDIT,FLAT_MID_RATE,FLAT_LOWMID_RATE_STRESS,FLAT_LOWMID_RATE_STRESS
2018-04-09,6.806604185438658e-05,10.755674432097338,-0.029023711770580385,0.0,0.0,FULL_RISK,FLAT_LOWMID_RATE_STRESS,CREDIT,FLAT_MID_RATE,FLAT_LOWMID_RATE_STRESS,FLAT_LOWMID_RATE_STRESS
2018-04-10,6.728575822556593e-05,10.756398135806728,-0.0289583788948079,0.0,0.0,FULL_RISK,FLAT_LOWMID_RATE_STRESS,CREDIT,FLAT_MID_RATE,FLAT_LOWMID_RATE_STRESS,FLAT_LOWMID_RATE_STRESS
2018-04-11,6.689555910033285e-05,10.75711769107393,-0.02889342052265431,0.0,0.0,FULL_RISK,FLAT_LOWMID_RATE_STRESS,CREDIT,FLAT_MID_RATE,FLAT_LOWMID_RATE_STRESS,FLAT_LOWMID_RATE_STRESS
2018-04-12,6.767591914114135e-05,10.757845688900982,-0.02882769999230428,0.0,0.0,FULL_RISK,FLAT_LOWMID_RATE_STRESS,CREDIT,FLAT_MID_RATE,FLAT_LOWMID_RATE_STRESS,FLAT_LOWMID_RATE_STRESS
2018-04-13,6.806604185438658e-05,10.758577932875905,-0.028761596137884204,0.0,0.0,FULL_RISK,FLAT_LOWMID_RATE_STRESS,CREDIT,FLAT_MID_RATE,FLAT_LOWMID_RATE_STRESS,FLAT_LOWMID_RATE_STRESS
2018-04-16,6.923618085541428e-05,10.759322815723413,-0.028694351300100673,0.0,0.0,FULL_RISK,FLAT_LOWMID_RATE_STRESS,CREDIT,FLAT_MID_RATE,FLAT_LOWMID_RATE_STRESS,FLAT_LOWMID_RATE_STRESS
2018-04-17,6.962615083461188e-05,10.760071945956659,-0.028626723026497713,0.0,0.0,FULL_RISK,FLAT_LOWMID_RATE_STRESS,CREDIT,FLAT_MID_RATE,FLAT_LOWMID_RATE_STRESS,FLAT_LOWMID_RATE_STRESS
2018-04-18,7.001608264878278e-05,10.760825324043333,-0.02855871127485443,0.0,0.0,FULL_RISK,FLAT_LOWMID_RATE_STRESS,CREDIT,FLAT_MID_RATE,FLAT_LOWMID_RATE_STRESS,FLAT_LOWMID_RATE_STRESS
2018-04-19,7.040597630569856e-05,10.761582950456127,-0.028490316002498073,0.0,0.0,FULL_RISK,FLAT_LOWMID_RATE_STRESS,CREDIT,FLAT_MID_RATE,FLAT_LOWMID_RATE_STRESS,FLAT_LOWMID_RATE_STRESS
2018-04-20,7.001608264878278e-05,10.762336434337417,-0.028422294700169326,0.0,0.0,FULL_RISK,FLAT_LOWMID_RATE_STRESS,CREDIT,FLAT_MID_RATE,FLAT_LOWMID_RATE_STRESS,FLAT_LOWMID_RATE_STRESS
2018-04-23,7.23548724916867e-05,10.763115141817837,-0.0283519963191865,0.0,0.0,FULL_RISK,FLAT_LOWMID_RATE_STRESS,CREDIT,FLAT_MID_RATE,FLAT_LOWMID_RATE_STRESS,FLAT_LOWMID_RATE_STRESS
2018-04-24,7.23548724916867e-05,10.763893905641536,-0.0282816928517734,0.0,0.0,FULL_RISK,FLAT_LOWMID_RATE_STRESS,CREDIT,FLAT_MID_RATE,FLAT_LOWMID_RATE_STRESS,FLAT_LOWMID_RATE_STRESS
2018-04-25,7.157542840707798e-05,10.76466433595916,-0.028212141697648296,0.0,0.0,FULL_RISK,FLAT_LOWMID_RATE_STRESS,CREDIT,FLAT_MID_RATE,FLAT_LOWMID_RATE_STRESS,FLAT_LOWMID_RATE_STRESS
2018-04-26,7.040597630569856e-05,10.765422232661336,-0.028143722024722595,0.0,0.0,FULL_RISK,FLAT_LOWMID_RATE_STRESS,CREDIT,FLAT_MID_RATE,FLAT_LOWMID_RATE_STRESS,FLAT_LOWMID_RATE_STRESS
2018-04-27,7.001608264878278e-05,10.766175985354128,-0.028075676455241116,0.0,0.0,FULL_RISK,FLAT_LOWMID_RATE_STRESS,CREDIT,FLAT_MID_RATE,FLAT_LOWMID_RATE_STRESS,FLAT_LOWMID_RATE_STRESS
2018-04-30,7.23548724916867e-05,10.766954970644772,-0.028005352994739385,0.0,0.0,FULL_RISK,FLAT_LOWMID_RATE_STRESS,CREDIT,FLAT_MID_RATE,FLAT_LOWMID_RATE_STRESS,FLAT_LOWMID_RATE_STRESS
2018-05-01,7.157542840707798e-05,10.767725620059435,-0.027935782061470626,0.0,0.0,FULL_RISK,FLAT_LOWMID_RATE_STRESS,CREDIT,FLAT_MID_RATE,FLAT_LOWMID_RATE_STRESS,FLAT_LOWMID_RATE_STRESS
2018-05-02,7.118564917729664e-05,10.768492127597863,-0.027866585039074576,0.0,0.0,FULL_RISK,FLAT_LOWMID_RATE_STRESS,CREDIT,FLAT_MID_RATE,FLAT_LOWMID_RATE_STRESS,FLAT_LOWMID_RATE_STRESS
2018-05-03,7.079583181268667e-05,10.769254491955405,-0.027797762045329466,0.0,0.0,FULL_RISK,FLAT_LOWMID_RATE_STRESS,CREDIT,FLAT_MID_RATE,FLAT_LOWMID_RATE_STRESS,FLAT_LOWMID_RATE_STRESS
2018-05-04,7.079583181268667e-05,10.770016910285165,-0.027728934179203413,0.0,0.0,FULL_RISK,FLAT_LOWMID_RATE_STRESS,CREDIT,FLAT_MID_RATE,FLAT_LOWMID_RATE_STRESS,FLAT_LOWMID_RATE_STRESS
2018-05-07,7.196516950935816e-05,10.770791976377732,-0.02765896452714256,0.0,0.0,FULL_RISK,FLAT_LOWMID_RATE_STRESS,CREDIT,FLAT_MID_RATE,FLAT_LOWMID_RATE_STRESS,FLAT_LOWMID_RATE_STRESS
2018-05-08,7.23548724916867e-05,10.771571295657816,-0.027588610915502576,0.0,0.0,FULL_RISK,FLAT_LOWMID_RATE_STRESS,CREDIT,FLAT_MID_RATE,FLAT_LOWMID_RATE_STRESS,FLAT_LOWMID_RATE_STRESS
2018-05-09,7.274453736161313e-05,10.772354868628376,-0.027517873298878448,0.0,0.0,FULL_RISK,FLAT_LOWMID_RATE_STRESS,CREDIT,FLAT_MID_RATE,FLAT_LOWMID_RATE_STRESS,FLAT_LOWMID_RATE_STRESS
2018-05-10,7.31341641264649e-05,10.773142695797366,-0.0274467516314143,0.0,0.0,FULL_RISK,FLAT_LOWMID_RATE_STRESS,CREDIT,FLAT_MID_RATE,FLAT_LOWMID_RATE_STRESS,FLAT_LOWMID_RATE_STRESS
2018-05-11,7.39133033709205e-05,10.773938974361698,-0.027374867008123305,0.0,0.0,FULL_RISK,FLAT_LOWMID_RATE_STRESS,CREDIT,FLAT_MID_RATE,FLAT_LOWMID_RATE_STRESS,FLAT_LOWMID_RATE_STRESS
2018-05-14,7.469229028500557e-05,10.774743704539084,-0.027302219409351403,0.0,0.0,FULL_RISK,FLAT_LOWMID_RATE_STRESS,CREDIT,FLAT_MID_RATE,FLAT_LOWMID_RATE_STRESS,FLAT_LOWMID_RATE_STRESS
2018-05-15,7.430281586562337e-05,10.77554429833656,-0.027229945225267338,0.0,0.0,FULL_RISK,FLAT_LOWMID_RATE_STRESS,CREDIT,FLAT_MID_RATE,FLAT_LOWMID_RATE_STRESS,FLAT_LOWMID_RATE_STRESS
2018-05-16,7.39133033709205e-05,10.77634075441127,-0.027158044577098694,0.0,0.0,FULL_RISK,FLAT_LOWMID_RATE_STRESS,CREDIT,FLAT_MID_RATE,FLAT_LOWMID_RATE_STRESS,FLAT_LOWMID_RATE_STRESS
2018-05-17,7.39133033709205e-05,10.77713726935468,-0.027086138614515476,0.0,0.0,FULL_RISK,FLAT_LOWMID_RATE_STRESS,CREDIT,FLAT_MID_RATE,FLAT_LOWMID_RATE_STRESS,FLAT_LOWMID_RATE_STRESS
2018-05-18,7.352375279379153e-05,10.777929644931097,-0.027014606336281277,0.0,0.0,FULL_RISK,FLAT_LOWMID_RATE_STRESS,CREDIT,FLAT_MID_RATE,FLAT_LOWMID_RATE_STRESS,FLAT_LOWMID_RATE_STRESS
2018-05-21,7.469229028500557e-05,10.778734673180807,-0.02694193182881477,0.0,0.0,FULL_RISK,FLAT_LOWMID_RATE_STRESS,CREDIT,FLAT_MID_RATE,FLAT_LOWMID_RATE_STRESS,FLAT_LOWMID_RATE_STRESS
2018-05-22,7.469229028500557e-05,10.77953976155992,-0.026869251893122836,0.0,0.0,FULL_RISK,FLAT_LOWMID_RATE_STRESS,CREDIT,FLAT_MID_RATE,FLAT_LOWMID_RATE_STRESS,FLAT_LOWMID_RATE_STRESS
2018-05-23,7.39133033709205e-05,10.780336512952516,-0.026797324584918347,0.0,0.0,FULL_RISK,FLAT_LOWMID_RATE_STRESS,CREDIT,FLAT_MID_RATE,FLAT_LOWMID_RATE_STRESS,FLAT_LOWMID_RATE_STRESS
2018-05-24,7.352375279379153e-05,10.781129123749329,-0.02672577107199281,0.0,0.0,FULL_RISK,FLAT_LOWMID_RATE_STRESS,CREDIT,FLAT_MID_RATE,FLAT_LOWMID_RATE_STRESS,FLAT_LOWMID_RATE_STRESS
2018-05-25,7.31341641264649e-05,10.781917592616134,-0.02665459147479432,0.0,0.0,FULL_RISK,FLAT_LOWMID_RATE_STRESS,CREDIT,FLAT_MID_RATE,FLAT_LOWMID_RATE_STRESS,FLAT_LOWMID_RATE_STRESS
2018-05-29,7.469229028500557e-05,10.782722918734791,-0.026581890076993187,0.0,0.0,FULL_RISK,FLAT_LOWMID_RATE_STRESS,CREDIT,FLAT_MID_RATE,FLAT_LOWMID_RATE_STRESS,FLAT_LOWMID_RATE_STRESS
2018-05-30,7.469229028500557e-05,10.7835283050051,-0.026509183248958124,0.0,0.0,FULL_RISK,FLAT_LOWMID_RATE_STRESS,CREDIT,FLAT_MID_RATE,FLAT_LOWMID_RATE_STRESS,FLAT_LOWMID_RATE_STRESS
2018-05-31,7.430281586562337e-05,10.784329551523129,-0.026436850140054147,0.0,0.0,FULL_RISK,FLAT_LOWMID_RATE_STRESS,CREDIT,FLAT_MID_RATE,FLAT_LOWMID_RATE_STRESS,FLAT_LOWMID_RATE_STRESS
2018-06-01,7.39133033709205e-05,10.785126656944923,-0.02636489087160776,0.0,0.0,FULL_RISK,FLAT_LOWMID_RATE_STRESS,CREDIT,FLAT_MID_RATE,FLAT_LOWMID_RATE_STRESS,FLAT_LOWMID_RATE_STRESS
2018-06-04,7.508172663661661e-05,10.785936422876322,-0.026291788666500282,0.0,0.0,FULL_RISK,FLAT_LOWMID_RATE_STRESS,CREDIT,FLAT_MID_RATE,FLAT_LOWMID_RATE_STRESS,FLAT_LOWMID_RATE_STRESS
2018-06-05,7.508172663661661e-05,10.786746249606344,-0.02621868097275326,0.0,0.0,FULL_RISK,FLAT_LOWMID_RATE_STRESS,CREDIT,FLAT_MID_RATE,FLAT_LOWMID_RATE_STRESS,FLAT_LOWMID_RATE_STRESS
2018-06-06,7.508172663661661e-05,10.787556137139555,-0.02614556778995414,0.0,0.0,FULL_RISK,FLAT_LOWMID_RATE_STRESS,CREDIT,FLAT_MID_RATE,FLAT_LOWMID_RATE_STRESS,FLAT_LOWMID_RATE_STRESS
2018-06-07,7.469229028500557e-05,10.788361884414016,-0.026072828372008194,0.0,0.0,FULL_RISK,FLAT_LOWMID_RATE_STRESS,CREDIT,FLAT_MID_RATE,FLAT_LOWMID_RATE_STRESS,FLAT_LOWMID_RATE_STRESS
2018-06-08,7.430281586562337e-05,10.789163490080606,-0.026000462840708116,0.0,0.0,FULL_RISK,FLAT_LOWMID_RATE_STRESS,CREDIT,FLAT_MID_RATE,FLAT_LOWMID_RATE_STRESS,FLAT_LOWMID_RATE_STRESS
2018-06-11,7.508172663661661e-05,10.789973559104405,-0.025927333273714992,0.0,0.0,FULL_RISK,FLAT_LOWMID_RATE_STRESS,CREDIT,FLAT_MID_RATE,FLAT_LOWMID_RATE_STRESS,FLAT_LOWMID_RATE_STRESS
2018-06-12,7.430281586562337e-05,10.790775284522962,-0.025854956931719575,0.0,0.0,FULL_RISK,FLAT_LOWMID_RATE_STRESS,CREDIT,FLAT_MID_RATE,FLAT_LOWMID_RATE_STRESS,FLAT_LOWMID_RATE_STRESS
2018-06-13,7.469229028500557e-05,10.791581272242913,-0.025782195807383057,0.0,0.0,FULL_RISK,FLAT_LOWMID_RATE_STRESS,CREDIT,FLAT_MID_RATE,FLAT_LOWMID_RATE_STRESS,FLAT_LOWMID_RATE_STRESS
2018-06-14,7.469229028500557e-05,10.792387320163934,-0.0257094292483514,0.0,0.0,FULL_RISK,FLAT_LOWMID_RATE_STRESS,CREDIT,FLAT_MID_RATE,FLAT_LOWMID_RATE_STRESS,FLAT_LOWMID_RATE_STRESS
2018-06-15,7.469229028500557e-05,10.79319342829052,-0.02563665725421893,0.0,0.0,FULL_RISK,FLAT_LOWMID_RATE_STRESS,CREDIT,FLAT_MID_RATE,FLAT_LOWMID_RATE_STRESS,FLAT_LOWMID_RATE_STRESS
2018-06-18,7.508172663661661e-05,10.794003799889039,-0.02556350037207422,0.0,0.0,FULL_RISK,FLAT_LOWMID_RATE_STRESS,CREDIT,FLAT_MID_RATE,FLAT_LOWMID_RATE_STRESS,FLAT_LOWMID_RATE_STRESS
2018-06-19,7.508172663661661e-05,10.794814232331657,-0.025490337997184365,0.0,0.0,FULL_RISK,FLAT_LOWMID_RATE_STRESS,CREDIT,FLAT_MID_RATE,FLAT_LOWMID_RATE_STRESS,FLAT_LOWMID_RATE_STRESS
2018-06-20,7.469229028500557e-05,10.795620521729871,-0.025417549638624415,0.0,0.0,FULL_RISK,FLAT_LOWMID_RATE_STRESS,CREDIT,FLAT_MID_RATE,FLAT_LOWMID_RATE_STRESS,FLAT_LOWMID_RATE_STRESS
2018-06-21,7.469229028500557e-05,10.796426871351688,-0.025344755843335287,0.0,0.0,FULL_RISK,FLAT_LOWMID_RATE_STRESS,CREDIT,FLAT_MID_RATE,FLAT_LOWMID_RATE_STRESS,FLAT_LOWMID_RATE_STRESS
2018-06-22,7.430281586562337e-05,10.797229076269517,-0.025272336214196223,0.0,0.0,FULL_RISK,FLAT_LOWMID_RATE_STRESS,CREDIT,FLAT_MID_RATE,FLAT_LOWMID_RATE_STRESS,FLAT_LOWMID_RATE_STRESS
2018-06-25,7.469229028500557e-05,10.798035546037955,-0.025199531572584033,0.0,0.0,FULL_RISK,FLAT_LOWMID_RATE_STRESS,CREDIT,FLAT_MID_RATE,FLAT_LOWMID_RATE_STRESS,FLAT_LOWMID_RATE_STRESS
2018-06-26,7.469229028500557e-05,10.798842076043467,-0.025126721493026305,0.0,0.0,FULL_RISK,FLAT_LOWMID_RATE_STRESS,CREDIT,FLAT_MID_RATE,FLAT_LOWMID_RATE_STRESS,FLAT_LOWMID_RATE_STRESS
2018-06-27,7.430281586562337e-05,10.799644460417806,-0.02505428566332102,0.0,0.0,FULL_RISK,FLAT_LOWMID_RATE_STRESS,CREDIT,FLAT_MID_RATE,FLAT_LOWMID_RATE_STRESS,FLAT_LOWMID_RATE_STRESS
2018-06-28,7.430281586562337e-05,10.800446904411563,-0.02498184445142959,0.0,0.0,FULL_RISK,FLAT_LOWMID_RATE_STRESS,CREDIT,FLAT_MID_RATE,FLAT_LOWMID_RATE_STRESS,FLAT_LOWMID_RATE_STRESS
2018-06-29,7.430281586562337e-05,10.801249408029168,-0.02490939785695223,0.0,0.0,FULL_RISK,FLAT_LOWMID_RATE_STRESS,CREDIT,FLAT_MID_RATE,FLAT_LOWMID_RATE_STRESS,FLAT_LOWMID_RATE_STRESS
2018-07-02,7.663909151545134e-05,10.802077205971031,-0.02483466779905874,0.0,0.0,FULL_RISK,FLAT_LOWMID_RATE_STRESS,CREDIT,FLAT_MID_RATE,FLAT_LOWMID_RATE_STRESS,FLAT_LOWMID_RATE_STRESS
2018-07-03,7.62498073600959e-05,10.802900862277076,-0.024760311630334098,0.0,0.0,FULL_RISK,FLAT_LOWMID_RATE_STRESS,CREDIT,FLAT_MID_RATE,FLAT_LOWMID_RATE_STRESS,FLAT_LOWMID_RATE_STRESS
2018-07-05,7.5471124928006e-05,10.803716169357637,-0.02468670919397853,0.0,0.0,FULL_RISK,FLAT_LOWMID_RATE_STRESS,CREDIT,FLAT_MID_RATE,FLAT_LOWMID_RATE_STRESS,FLAT_LOWMID_RATE_STRESS
2018-07-06,7.586048516672328e-05,10.804535744507849,-0.024612721454548292,0.0,0.0,FULL_RISK,FLAT_LOWMID_RATE_STRESS,CREDIT,FLAT_MID_RATE,FLAT_LOWMID_RATE_STRESS,FLAT_LOWMID_RATE_STRESS
2018-07-09,7.663909151545134e-05,10.805363794311553,-0.02453796865964497,0.0,0.0,FULL_RISK,FLAT_LOWMID_RATE_STRESS,CREDIT,FLAT_MID_RATE,FLAT_LOWMID_RATE_STRESS,FLAT_LOWMID_RATE_STRESS
2018-07-10,7.663909151545134e-05,10.806191907576244,-0.024463210135755142,0.0,0.0,FULL_RISK,FLAT_LOWMID_RATE_STRESS,CREDIT,FLAT_MID_RATE,FLAT_LOWMID_RATE_STRESS,FLAT_LOWMID_RATE_STRESS
2018-07-11,7.586048516672328e-05,10.807011670537157,-0.024389205441578077,0.0,0.0,FULL_RISK,FLAT_LOWMID_RATE_STRESS,CREDIT,FLAT_MID_RATE,FLAT_LOWMID_RATE_STRESS,FLAT_LOWMID_RATE_STRESS
2018-07-12,7.62498073600959e-05,10.807835703095174,-0.024314815306434534,0.0,0.0,FULL_RISK,FLAT_LOWMID_RATE_STRESS,CREDIT,FLAT_MID_RATE,FLAT_LOWMID_RATE_STRESS,FLAT_LOWMID_RATE_STRESS
2018-07-13,7.62498073600959e-05,10.808659798485515,-0.02424041949905753,0.0,0.0,FULL_RISK,FLAT_LOWMID_RATE_STRESS,CREDIT,FLAT_MID_RATE,FLAT_LOWMID_RATE_STRESS,FLAT_LOWMID_RATE_STRESS
2018-07-16,7.780671582890974e-05,10.809500784806946,-0.024164498850660188,0.0,0.0,FULL_RISK,FLAT_LOWMID_RATE_STRESS,CREDIT,FLAT_MID_RATE,FLAT_LOWMID_RATE_STRESS,FLAT_LOWMID_RATE_STRESS
2018-07-17,7.780671582890974e-05,10.810341836562761,-0.02408857229512662,0.0,0.0,FULL_RISK,FLAT_LOWMID_RATE_STRESS,CREDIT,FLAT_MID_RATE,FLAT_LOWMID_RATE_STRESS,FLAT_LOWMID_RATE_STRESS
2018-07-18,7.702833764056116e-05,10.811174539223758,-0.024013399460166007,0.0,0.0,FULL_RISK,FLAT_LOWMID_RATE_STRESS,CREDIT,FLAT_MID_RATE,FLAT_LOWMID_RATE_STRESS,FLAT_LOWMID_RATE_STRESS
2018-07-19,7.702833764056116e-05,10.812007306026457,-0.023938220834766932,0.0,0.0,FULL_RISK,FLAT_LOWMID_RATE_STRESS,CREDIT,FLAT_MID_RATE,FLAT_LOWMID_RATE_STRESS,FLAT_LOWMID_RATE_STRESS
2018-07-20,7.663909151545134e-05,10.81283592844385,-0.023863416346748823,0.0,0.0,FULL_RISK,FLAT_LOWMID_RATE_STRESS,CREDIT,FLAT_MID_RATE,FLAT_LOWMID_RATE_STRESS,FLAT_LOWMID_RATE_STRESS
2018-07-23,7.702833764056116e-05,10.813668823220597,-0.023788226168399818,0.0,0.0,FULL_RISK,FLAT_LOWMID_RATE_STRESS,CREDIT,FLAT_MID_RATE,FLAT_LOWMID_RATE_STRESS,FLAT_LOWMID_RATE_STRESS
2018-07-24,7.780671582890974e-05,10.814510199277793,-0.023712270336324615,0.0,0.0,FULL_RISK,FLAT_LOWMID_RATE_STRESS,CREDIT,FLAT_MID_RATE,FLAT_LOWMID_RATE_STRESS,FLAT_LOWMID_RATE_STRESS
2018-07-25,7.741754574253079e-05,10.815347432115828,-0.023636688536355477,0.0,0.0,FULL_RISK,FLAT_LOWMID_RATE_STRESS,CREDIT,FLAT_MID_RATE,FLAT_LOWMID_RATE_STRESS,FLAT_LOWMID_RATE_STRESS
2018-07-26,7.663909151545134e-05,10.81617631051745,-0.023561860939175783,0.0,0.0,FULL_RISK,FLAT_LOWMID_RATE_STRESS,CREDIT,FLAT_MID_RATE,FLAT_LOWMID_RATE_STRESS,FLAT_LOWMID_RATE_STRESS
2018-07-27,7.702833764056116e-05,10.817009462598277,-0.02348664753251517,0.0,0.0,FULL_RISK,FLAT_LOWMID_RATE_STRESS,CREDIT,FLAT_MID_RATE,FLAT_LOWMID_RATE_STRESS,FLAT_LOWMID_RATE_STRESS
2018-07-30,7.897399806910954e-05,10.81786372508269,-0.023409528368902865,0.0,0.0,FULL_RISK,FLAT_LOWMID_RATE_STRESS,CREDIT,FLAT_MID_RATE,FLAT_LOWMID_RATE_STRESS,FLAT_LOWMID_RATE_STRESS
2018-07-31,7.81958479070255e-05,10.818709637109215,-0.02333316304891575,0.0,0.0,FULL_RISK,FLAT_LOWMID_RATE_STRESS,CREDIT,FLAT_MID_RATE,FLAT_LOWMID_RATE_STRESS,FLAT_LOWMID_RATE_STRESS
2018-08-01,7.81958479070255e-05,10.81955561528255,-0.023256791757477635,0.0,0.0,FULL_RISK,FLAT_LOWMID_RATE_STRESS,CREDIT,FLAT_MID_RATE,FLAT_LOWMID_RATE_STRESS,FLAT_LOWMID_RATE_STRESS
2018-08-02,7.780671582890974e-05,10.820397449371702,-0.02318079457623612,0.0,0.0,FULL_RISK,FLAT_LOWMID_RATE_STRESS,CREDIT,FLAT_MID_RATE,FLAT_LOWMID_RATE_STRESS,FLAT_LOWMID_RATE_STRESS
2018-08-03,7.741754574253079e-05,10.821235137986191,-0.023105171630718124,0.0,0.0,FULL_RISK,FLAT_LOWMID_RATE_STRESS,CREDIT,FLAT_MID_RATE,FLAT_LOWMID_RATE_STRESS,FLAT_LOWMID_RATE_STRESS
2018-08-06,7.936301616751074e-05,10.822093943845399,-0.023027642310660346,0.0,0.0,FULL_RISK,FLAT_LOWMID_RATE_STRESS,CREDIT,FLAT_MID_RATE,FLAT_LOWMID_RATE_STRESS,FLAT_LOWMID_RATE_STRESS
2018-08-07,7.936301616751074e-05,10.822952817862031,-0.02295010683764176,0.0,0.0,FULL_RISK,FLAT_LOWMID_RATE_STRESS,CREDIT,FLAT_MID_RATE,FLAT_LOWMID_RATE_STRESS,FLAT_LOWMID_RATE_STRESS
2018-08-08,7.936301616751074e-05,10.823811760041496,-0.0228725652111742,0.0,0.0,FULL_RISK,FLAT_LOWMID_RATE_STRESS,CREDIT,FLAT_MID_RATE,FLAT_LOWMID_RATE_STRESS,FLAT_LOWMID_RATE_STRESS
2018-08-09,7.936301616751074e-05,10.824670770389202,-0.022795017430769393,0.0,0.0,FULL_RISK,FLAT_LOWMID_RATE_STRESS,CREDIT,FLAT_MID_RATE,FLAT_LOWMID_RATE_STRESS,FLAT_LOWMID_RATE_STRESS
2018-08-10,7.897399806910954e-05,10.825525637917721,-0.022717843646362867,0.0,0.0,FULL_RISK,FLAT_LOWMID_RATE_STRESS,CREDIT,FLAT_MID_RATE,FLAT_LOWMID_RATE_STRESS,FLAT_LOWMID_RATE_STRESS
2018-08-13,7.97519962878468e-05,10.82638899519821,-0.022639903443457232,0.0,0.0,FULL_RISK,FLAT_LOWMID_RATE_STRESS,CREDIT,FLAT_MID_RATE,FLAT_LOWMID_RATE_STRESS,FLAT_LOWMID_RATE_STRESS
2018-08-14,8.01409384370011e-05,10.827256632172169,-0.02256157688812832,0.0,0.0,FULL_RISK,FLAT_LOWMID_RATE_STRESS,CREDIT,FLAT_MID_RATE,FLAT_LOWMID_RATE_STRESS,FLAT_LOWMID_RATE_STRESS
2018-08-15,7.97519962878468e-05,10.828120127502906,-0.02248362422263661,0.0,0.0,FULL_RISK,FLAT_LOWMID_RATE_STRESS,CREDIT,FLAT_MID_RATE,FLAT_LOWMID_RATE_STRESS,FLAT_LOWMID_RATE_STRESS
2018-08-16,7.97519962878468e-05,10.828983691699118,-0.022405665340264336,0.0,0.0,FULL_RISK,FLAT_LOWMID_RATE_STRESS,CREDIT,FLAT_MID_RATE,FLAT_LOWMID_RATE_STRESS,FLAT_LOWMID_RATE_STRESS
2018-08-17,7.897399806910954e-05,10.829838899836277,-0.02232846080716655,0.0,0.0,FULL_RISK,FLAT_LOWMID_RATE_STRESS,CREDIT,FLAT_MID_RATE,FLAT_LOWMID_RATE_STRESS,FLAT_LOWMID_RATE_STRESS
2018-08-20,7.97519962878468e-05,10.830702601108015,-0.022250489550202146,0.0,0.0,FULL_RISK,FLAT_LOWMID_RATE_STRESS,CREDIT,FLAT_MID_RATE,FLAT_LOWMID_RATE_STRESS,FLAT_LOWMID_RATE_STRESS
2018-08-21,8.01409384370011e-05,10.8315705837784,-0.02217213178687827,0.0,0.0,FULL_RISK,FLAT_LOWMID_RATE_STRESS,CREDIT,FLAT_MID_RATE,FLAT_LOWMID_RATE_STRESS,FLAT_LOWMID_RATE_STRESS
2018-08-22,8.052984262252316e-05,10.832442848452867,-0.022093387462539193,0.0,0.0,FULL_RISK,FLAT_LOWMID_RATE_STRESS,CREDIT,FLAT_MID_RATE,FLAT_LOWMID_RATE_STRESS,FLAT_LOWMID_RATE_STRESS
2018-08-23,8.01409384370011e-05,10.833310970588307,-0.02201501710890663,0.0,0.0,FULL_RISK,FLAT_LOWMID_RATE_STRESS,CREDIT,FLAT_MID_RATE,FLAT_LOWMID_RATE_STRESS,FLAT_LOWMID_RATE_STRESS
2018-08-24,8.052984262252316e-05,10.834183375415849,-0.021936260132147334,0.0,0.0,FULL_RISK,FLAT_LOWMID_RATE_STRESS,CREDIT,FLAT_MID_RATE,FLAT_LOWMID_RATE_STRESS,FLAT_LOWMID_RATE_STRESS
2018-08-27,8.16963274727911e-05,10.835068488408787,-0.021856355916565873,0.0,0.0,FULL_RISK,FLAT_LOWMID_RATE_STRESS,CREDIT,FLAT_MID_RATE,FLAT_LOWMID_RATE_STRESS,FLAT_LOWMID_RATE_STRESS
2018-08-28,8.20850798783912e-05,10.835957885871146,-0.02177606491740869,0.0,0.0,FULL_RISK,FLAT_LOWMID_RATE_STRESS,CREDIT,FLAT_MID_RATE,FLAT_LOWMID_RATE_STRESS,FLAT_LOWMID_RATE_STRESS
2018-08-29,8.20850798783912e-05,10.836847356339767,-0.021695767327558402,0.0,0.0,FULL_RISK,FLAT_LOWMID_RATE_STRESS,CREDIT,FLAT_MID_RATE,FLAT_LOWMID_RATE_STRESS,FLAT_LOWMID_RATE_STRESS
2018-08-30,8.130753713309069e-05,10.837728473708598,-0.02161622381983297,0.0,0.0,FULL_RISK,FLAT_LOWMID_RATE_STRESS,CREDIT,FLAT_MID_RATE,FLAT_LOWMID_RATE_STRESS,FLAT_LOWMID_RATE_STRESS
2018-08-31,8.130753713309069e-05,10.838609662718913,-0.02153667384462077,0.0,0.0,FULL_RISK,FLAT_LOWMID_RATE_STRESS,CREDIT,FLAT_MID_RATE,FLAT_LOWMID_RATE_STRESS,FLAT_LOWMID_RATE_STRESS
2018-09-04,8.20850798783912e-05,10.839499350858848,-0.021456356604335203,0.0,0.0,FULL_RISK,FLAT_LOWMID_RATE_STRESS,CREDIT,FLAT_MID_RATE,FLAT_LOWMID_RATE_STRESS,FLAT_LOWMID_RATE_STRESS
2018-09-05,8.24737943578846e-05,10.840393325499253,-0.021375652397119582,0.0,0.0,FULL_RISK,FLAT_LOWMID_RATE_STRESS,CREDIT,FLAT_MID_RATE,FLAT_LOWMID_RATE_STRESS,FLAT_LOWMID_RATE_STRESS
2018-09-06,8.20850798783912e-05,10.84128316005129,-0.021295321939375667,0.0,0.0,FULL_RISK,FLAT_LOWMID_RATE_STRESS,CREDIT,FLAT_MID_RATE,FLAT_LOWMID_RATE_STRESS,FLAT_LOWMID_RATE_STRESS
2018-09-07,8.24737943578846e-05,10.842177281809208,-0.02121460445102008,0.0,0.0,FULL_RISK,FLAT_LOWMID_RATE_STRESS,CREDIT,FLAT_MID_RATE,FLAT_LOWMID_RATE_STRESS,FLAT_LOWMID_RATE_STRESS
2018-09-10,8.286247091815468e-05,10.843075691408911,-0.02113349987464641,0.0,0.0,FULL_RISK,FLAT_LOWMID_RATE_STRESS,CREDIT,FLAT_MID_RATE,FLAT_LOWMID_RATE_STRESS,FLAT_LOWMID_RATE_STRESS
2018-09-11,8.286247091815468e-05,10.843974175453054,-0.02105238857774694,0.0,0.0,FULL_RISK,FLAT_LOWMID_RATE_STRESS,CREDIT,FLAT_MID_RATE,FLAT_LOWMID_RATE_STRESS,FLAT_LOWMID_RATE_STRESS
2018-09-12,8.325110956697301e-05,10.844876948335276,-0.020970890102888107,0.0,0.0,FULL_RISK,FLAT_LOWMID_RATE_STRESS,CREDIT,FLAT_MID_RATE,FLAT_LOWMID_RATE_STRESS,FLAT_LOWMID_RATE_STRESS
2018-09-13,8.286247091815468e-05,10.845775581636019,-0.02088976533174125,0.0,0.0,FULL_RISK,FLAT_LOWMID_RATE_STRESS,CREDIT,FLAT_MID_RATE,FLAT_LOWMID_RATE_STRESS,FLAT_LOWMID_RATE_STRESS
2018-09-14,8.325110956697301e-05,10.846678504487304,-0.020808253318316705,0.0,0.0,FULL_RISK,FLAT_LOWMID_RATE_STRESS,CREDIT,FLAT_MID_RATE,FLAT_LOWMID_RATE_STRESS,FLAT_LOWMID_RATE_STRESS
2018-09-17,8.363971031166706e-05,10.847585717535264,-0.020726354004284686,0.0,0.0,FULL_RISK,FLAT_LOWMID_RATE_STRESS,CREDIT,FLAT_MID_RATE,FLAT_LOWMID_RATE_STRESS,FLAT_LOWMID_RATE_STRESS
2018-09-18,8.363971031166706e-05,10.84849300646226,-0.020644447840217683,0.0,0.0,FULL_RISK,FLAT_LOWMID_RATE_STRESS,CREDIT,FLAT_MID_RATE,FLAT_LOWMID_RATE_STRESS,FLAT_LOWMID_RATE_STRESS
2018-09-19,8.325110956697301e-05,10.849396155542177,-0.02056291540383981,0.0,0.0,FULL_RISK,FLAT_LOWMID_RATE_STRESS,CREDIT,FLAT_MID_RATE,FLAT_LOWMID_RATE_STRESS,FLAT_LOWMID_RATE_STRESS
2018-09-20,8.363971031166706e-05,10.850303595893683,-0.020480995569815752,0.0,0.0,FULL_RISK,FLAT_LOWMID_RATE_STRESS,CREDIT,FLAT_MID_RATE,FLAT_LOWMID_RATE_STRESS,FLAT_LOWMID_RATE_STRESS
2018-09-21,8.402827315934225e-05,10.8512153281681,-0.020398688279346766,0.0,0.0,FULL_RISK,FLAT_LOWMID_RATE_STRESS,CREDIT,FLAT_MID_RATE,FLAT_LOWMID_RATE_STRESS,FLAT_LOWMID_RATE_STRESS
2018-09-24,8.558214573084477e-05,10.852143998459672,-0.020314851897129005,0.0,0.0,FULL_RISK,FLAT_LOWMID_RATE_STRESS,CREDIT,FLAT_MID_RATE,FLAT_LOWMID_RATE_STRESS,FLAT_LOWMID_RATE_STRESS
2018-09-25,8.519373439619393e-05,10.853068533133106,-0.020231388860829536,0.0,0.0,FULL_RISK,FLAT_LOWMID_RATE_STRESS,CREDIT,FLAT_MID_RATE,FLAT_LOWMID_RATE_STRESS,FLAT_LOWMID_RATE_STRESS
2018-09-26,8.480528519427821e-05,10.853988930705292,-0.02014829930433748,0.0,0.0,FULL_RISK,FLAT_LOWMID_RATE_STRESS,CREDIT,FLAT_MID_RATE,FLAT_LOWMID_RATE_STRESS,FLAT_LOWMID_RATE_STRESS
2018-09-27,8.402827315934225e-05,10.854900972652029,-0.020065964057975894,0.0,0.0,FULL_RISK,FLAT_LOWMID_RATE_STRESS,CREDIT,FLAT_MID_RATE,FLAT_LOWMID_RATE_STRESS,FLAT_LOWMID_RATE_STRESS
2018-09-28,8.441679811777014e-05,10.855817308636025,-0.019983241164295062,0.0,0.0,FULL_RISK,FLAT_LOWMID_RATE_STRESS,CREDIT,FLAT_MID_RATE,FLAT_LOWMID_RATE_STRESS,FLAT_LOWMID_RATE_STRESS
2018-10-01,8.597051920578025e-05,10.856750588886452,-0.019898988614707513,0.0,0.0,FULL_RISK,FLAT_LOWMID_RATE_STRESS,CREDIT,FLAT_MID_RATE,FLAT_LOWMID_RATE_STRESS,FLAT_LOWMID_RATE_STRESS
2018-10-02,8.597051920578025e-05,10.857683949371467,-0.01981472882188462,0.0,0.0,FULL_RISK,FLAT_LOWMID_RATE_STRESS,CREDIT,FLAT_MID_RATE,FLAT_LOWMID_RATE_STRESS,FLAT_LOWMID_RATE_STRESS
2018-10-03,8.597051920578025e-05,10.858617390097967,-0.019730461785203546,0.0,0.0,FULL_RISK,FLAT_LOWMID_RATE_STRESS,CREDIT,FLAT_MID_RATE,FLAT_LOWMID_RATE_STRESS,FLAT_LOWMID_RATE_STRESS
2018-10-04,8.558214573084477e-05,10.859546693873883,-0.019646568214728433,0.0,0.0,FULL_RISK,FLAT_LOWMID_RATE_STRESS,CREDIT,FLAT_MID_RATE,FLAT_LOWMID_RATE_STRESS,FLAT_LOWMID_RATE_STRESS
2018-10-05,8.558214573084477e-05,10.860476077181609,-0.01956266746446167,0.0,0.0,FULL_RISK,FLAT_LOWMID_RATE_STRESS,CREDIT,FLAT_MID_RATE,FLAT_LOWMID_RATE_STRESS,FLAT_LOWMID_RATE_STRESS
2018-10-08,8.558214573084477e-05,10.861405540027953,-0.019478759533788637,0.0,0.0,FULL_RISK,FLAT_LOWMID_RATE_STRESS,CREDIT,FLAT_MID_RATE,FLAT_LOWMID_RATE_STRESS,FLAT_LOWMID_RATE_STRESS
2018-10-09,8.6747152605815e-05,10.862347736031847,-0.019393702108108646,0.0,0.0,FULL_RISK,FLAT_LOWMID_RATE_STRESS,CREDIT,FLAT_MID_RATE,FLAT_LOWMID_RATE_STRESS,FLAT_LOWMID_RATE_STRESS
2018-10-10,8.75236346555841e-05,10.863298448186598,-0.019307875880751002,0.0,0.0,FULL_RISK,FLAT_LOWMID_RATE_STRESS,CREDIT,FLAT_MID_RATE,FLAT_LOWMID_RATE_STRESS,FLAT_LOWMID_RATE_STRESS
2018-10-11,8.713541254601331e-05,10.86424502617849,-0.019222422867935185,0.0,0.0,FULL_RISK,FLAT_LOWMID_RATE_STRESS,CREDIT+VIX,FLAT_MID_RATE,FLAT_LOWMID_RATE_STRESS,FLAT_LOWMID_RATE_STRESS
2018-10-12,8.75236346555841e-05,10.865195904390971,-0.019136581649595863,0.0,0.0,FULL_RISK,FLAT_LOWMID_RATE_STRESS,CREDIT+VIX,FLAT_MID_RATE,FLAT_LOWMID_RATE_STRESS,FLAT_LOWMID_RATE_STRESS
2018-10-15,8.907614494035876e-05,10.866163734156157,-0.01904921011757621,0.0,0.0,FULL_RISK,FLAT_LOWMID_RATE_STRESS,CREDIT+VIX,FLAT_MID_RATE,FLAT_LOWMID_RATE_STRESS,FLAT_LOWMID_RATE_STRESS
2018-10-16,8.868807407758084e-05,10.867127433290351,-0.01896221148125654,0.0,0.0,FULL_RISK,FLAT_LOWMID_RATE_STRESS,CREDIT+VIX,FLAT_MID_RATE,FLAT_LOWMID_RATE_STRESS,FLAT_LOWMID_RATE_STRESS
2018-10-17,8.907614494035876e-05,10.868095435108684,-0.018874824417014602,0.0,0.0,FULL_RISK,FLAT_LOWMID_RATE_STRESS,CREDIT+VIX,FLAT_MID_RATE,FLAT_LOWMID_RATE_STRESS,FLAT_LOWMID_RATE_STRESS
2018-10-18,8.907614494035876e-05,10.869063523152887,-0.018787429568669745,0.0,0.0,FULL_RISK,FLAT_LOWMID_RATE_STRESS,CREDIT+VIX,FLAT_MID_RATE,FLAT_LOWMID_RATE_STRESS,FLAT_LOWMID_RATE_STRESS
2018-10-19,8.868807407758084e-05,10.870027479463783,-0.01870040771553738,0.0,0.0,FULL_RISK,FLAT_LOWMID_RATE_STRESS,CREDIT+VIX,FLAT_MID_RATE,FLAT_LOWMID_RATE_STRESS,FLAT_LOWMID_RATE_STRESS
2018-10-22,9.024013079850235e-05,10.871008392165313,-0.01861185511197705,0.0,0.0,FULL_RISK,FLAT_LOWMID_RATE_STRESS,CREDIT+VIX,FLAT_MID_RATE,FLAT_LOWMID_RATE_STRESS,FLAT_LOWMID_RATE_STRESS
2018-10-23,8.985217329349204e-05,10.871985175895242,-0.01852367525431431,0.0,0.0,FULL_RISK,FLAT_LOWMID_RATE_STRESS,CREDIT+VIX,FLAT_MID_RATE,FLAT_LOWMID_RATE_STRESS,FLAT_LOWMID_RATE_STRESS
2018-10-24,8.985217329349204e-05,10.872962047391312,-0.018435487473499768,0.0,0.0,FULL_RISK,FLAT_LOWMID_RATE_STRESS,CREDIT+VIX,FLAT_MID_RATE,FLAT_LOWMID_RATE_STRESS,FLAT_LOWMID_RATE_STRESS
2018-10-25,8.985217329349204e-05,10.873939006661407,-0.01834729176882144,0.0,0.0,FULL_RISK,FLAT_LOWMID_RATE_STRESS,CREDIT+VIX,FLAT_MID_RATE,FLAT_LOWMID_RATE_STRESS,FLAT_LOWMID_RATE_STRESS
2018-10-26,8.946417800981266e-05,10.874911834676368,-0.018259469016188468,0.0,0.0,FULL_RISK,FLAT_LOWMID_RATE_STRESS,CREDIT+VIX,FLAT_MID_RATE,FLAT_LOWMID_RATE_STRESS,FLAT_LOWMID_RATE_STRESS
2018-10-29,9.024013079850235e-05,10.87589318814275,-0.018170876622262355,0.0,0.0,FULL_RISK,FLAT_LOWMID_RATE_STRESS,CREDIT+VIX,FLAT_MID_RATE,FLAT_LOWMID_RATE_STRESS,FLAT_LOWMID_RATE_STRESS
2018-10-30,8.985217329349204e-05,10.876870410782214,-0.018082657141723968,0.0,0.0,FULL_RISK,FLAT_LOWMID_RATE_STRESS,CREDIT+VIX,FLAT_MID_RATE,FLAT_LOWMID_RATE_STRESS,FLAT_LOWMID_RATE_STRESS
2018-10-31,8.985217329349204e-05,10.877847721227255,-0.017994429734473516,0.0,0.0,FULL_RISK,FLAT_LOWMID_RATE_STRESS,CREDIT+VIX,FLAT_MID_RATE,FLAT_LOWMID_RATE_STRESS,FLAT_LOWMID_RATE_STRESS
2018-11-01,8.907614494035876e-05,10.87881667796751,-0.01790695646396423,0.0,0.0,FULL_RISK,FLAT_LOWMID_RATE_STRESS,CREDIT+VIX,FLAT_MID_RATE,FLAT_LOWMID_RATE_STRESS,FLAT_LOWMID_RATE_STRESS
2018-11-02,8.946417800981266e-05,10.879789942359324,-0.017819094317095163,0.0,0.0,FULL_RISK,FLAT_LOWMID_RATE_STRESS,CREDIT+VIX,FLAT_MID_RATE,FLAT_LOWMID_RATE_STRESS,FLAT_LOWMID_RATE_STRESS
2018-11-05,9.101593250226969e-05,10.880780176586356,-0.017729700206078558,0.0,0.0,FULL_RISK,FLAT_LOWMID_RATE_STRESS,CREDIT+VIX,FLAT_MID_RATE,FLAT_LOWMID_RATE_STRESS,FLAT_LOWMID_RATE_STRESS
2018-11-06,9.062805053217105e-05,10.88176628048203,-0.017640678963712575,0.0,0.0,FULL_RISK,FLAT_LOWMID_RATE_STRESS,CREDIT+VIX,FLAT_MID_RATE,FLAT_LOWMID_RATE_STRESS,FLAT_LOWMID_RATE_STRESS
2018-11-07,9.101593250226969e-05,10.88275669458732,-0.017551268614056093,0.0,0.0,FULL_RISK,FLAT_LOWMID_RATE_STRESS,CREDIT+VIX,FLAT_MID_RATE,FLAT_LOWMID_RATE_STRESS,FLAT_LOWMID_RATE_STRESS
2018-11-08,9.024013079850235e-05,10.883738755974887,-0.017462612312033055,0.0,0.0,FULL_RISK,FLAT_LOWMID_RATE_STRESS,CREDIT+VIX,FLAT_MID_RATE,FLAT_LOWMID_RATE_STRESS,FLAT_LOWMID_RATE_STRESS
2018-11-09,9.062805053217105e-05,10.884725128000843,-0.017373566864011813,0.0,0.0,FULL_RISK,FLAT_LOWMID_RATE_STRESS,CREDIT+VIX,FLAT_MID_RATE,FLAT_LOWMID_RATE_STRESS,FLAT_LOWMID_RATE_STRESS
2018-11-12,9.062805053217105e-05,10.885711589419772,-0.01728451334597536,0.0,0.0,FULL_RISK,FLAT_LOWMID_RATE_STRESS,CREDIT+VIX,FLAT_MID_RATE,FLAT_LOWMID_RATE_STRESS,FLAT_LOWMID_RATE_STRESS
2018-11-13,9.179158318017855e-05,10.886710806120607,-0.01719430833563973,0.0,0.0,FULL_RISK,FLAT_LOWMID_RATE_STRESS,CREDIT+VIX,FLAT_MID_RATE,FLAT_LOWMID_RATE_STRESS,FLAT_LOWMID_RATE_STRESS
2018-11-14,9.140377671590372e-05,10.8877058926043,-0.017104476183643746,0.0,0.0,FULL_RISK,FLAT_LOWMID_RATE_STRESS,CREDIT+VIX,FLAT_MID_RATE,FLAT_LOWMID_RATE_STRESS,FLAT_LOWMID_RATE_STRESS
2018-11-15,9.101593250226969e-05,10.888696847308927,-0.017015017030991286,0.0,0.0,FULL_RISK,FLAT_LOWMID_RATE_STRESS,CREDIT+VIX,FLAT_MID_RATE,FLAT_LOWMID_RATE_STRESS,FLAT_LOWMID_RATE_STRESS
2018-11-16,9.062805053217105e-05,10.889683668677034,-0.016925931018282436,0.0,0.0,FULL_RISK,FLAT_LOWMID_RATE_STRESS,CREDIT+VIX,FLAT_MID_RATE,FLAT_LOWMID_RATE_STRESS,FLAT_LOWMID_RATE_STRESS
2018-11-19,9.179158318017855e-05,10.890683249981313,-0.016835693093107174,0.0,0.0,FULL_RISK,FLAT_LOWMID_RATE_STRESS,CREDIT+VIX,FLAT_MID_RATE,FLAT_LOWMID_RATE_STRESS,FLAT_LOWMID_RATE_STRESS
2018-11-20,9.179158318017855e-05,10.891682923038744,-0.016745446884849913,0.0,0.0,FULL_RISK,FLAT_LOWMID_RATE_STRESS,CREDIT+VIX,FLAT_MID_RATE,FLAT_LOWMID_RATE_STRESS,FLAT_LOWMID_RATE_STRESS
2018-11-21,9.256708289151483e-05,10.892691134354708,-0.016654429879128352,0.0,0.0,FULL_RISK,FLAT_LOWMID_RATE_STRESS,CREDIT+VIX,FLAT_MID_RATE,FLAT_LOWMID_RATE_STRESS,FLAT_LOWMID_RATE_STRESS
2018-11-23,9.256708289151483e-05,10.893699438997853,-0.016563404448228014,0.0,0.0,FULL_RISK,FLAT_LOWMID_RATE_STRESS,CREDIT+VIX,FLAT_MID_RATE,FLAT_LOWMID_RATE_STRESS,FLAT_LOWMID_RATE_STRESS
2018-11-26,9.295477615278713e-05,10.894712060390681,-0.01647198931962801,0.0,0.0,FULL_RISK,FLAT_LOWMID_RATE_STRESS,CREDIT+VIX,FLAT_MID_RATE,FLAT_LOWMID_RATE_STRESS,FLAT_LOWMID_RATE_STRESS
2018-11-27,9.256708289151483e-05,10.895720552105054,-0.016380947000737223,0.0,0.0,FULL_RISK,FLAT_LOWMID_RATE_STRESS,CREDIT+VIX,FLAT_MID_RATE,FLAT_LOWMID_RATE_STRESS,FLAT_LOWMID_RATE_STRESS
2018-11-28,9.217935190308779e-05,10.896724912564064,-0.01629027763391222,0.0,0.0,FULL_RISK,FLAT_LOWMID_RATE_STRESS,CREDIT+VIX,FLAT_MID_RATE,FLAT_LOWMID_RATE_STRESS,FLAT_LOWMID_RATE_STRESS
2018-11-29,9.101593250226969e-05,10.897716688143202,-0.016200744376219545,0.0,0.0,FULL_RISK,FLAT_LOWMID_RATE_STRESS,CREDIT+VIX,FLAT_MID_RATE,FLAT_LOWMID_RATE_STRESS,FLAT_LOWMID_RATE_STRESS
2018-11-30,9.101593250226969e-05,10.898708553989719,-0.016111202969573912,0.0,0.0,FULL_RISK,FLAT_LOWMID_RATE_STRESS,CREDIT+VIX,FLAT_MID_RATE,FLAT_LOWMID_RATE_STRESS,FLAT_LOWMID_RATE_STRESS
2018-12-03,9.179158318017855e-05,10.899708963702508,-0.016020890259221265,0.0,0.0,FULL_RISK,FLAT_LOWMID_RATE_STRESS,CREDIT+VIX,FLAT_MID_RATE,FLAT_LOWMID_RATE_STRESS,FLAT_LOWMID_RATE_STRESS
2018-12-04,9.334243169467626e-05,10.900726369041944,-0.015929043256381337,0.0,0.0,FULL_RISK,FLAT_LOWMID_RATE_STRESS,CREDIT+VIX,FLAT_MID_RATE,FLAT_LOWMID_RATE_STRESS,FLAT_LOWMID_RATE_STRESS
2018-12-06,9.256708289151483e-05,10.901735417483325,-0.01583795067855731,0.0,0.0,FULL_RISK,FLAT_LOWMID_RATE_STRESS,CREDIT+VIX,FLAT_MID_RATE,FLAT_LOWMID_RATE_STRESS,FLAT_LOWMID_RATE_STRESS
2018-12-07,9.217935190308779e-05,10.902740332388728,-0.01574723125868327,0.0,0.0,FULL_RISK,FLAT_LOWMID_RATE_STRESS,CREDIT+VIX,FLAT_MID_RATE,FLAT_LOWMID_RATE_STRESS,FLAT_LOWMID_RATE_STRESS
2018-12-10,9.295477615278713e-05,10.903753794175778,-0.015655740262887075,0.0,0.0,FULL_RISK,FLAT_LOWMID_RATE_STRESS,CREDIT+VIX,FLAT_MID_RATE,FLAT_LOWMID_RATE_STRESS,FLAT_LOWMID_RATE_STRESS
2018-12-11,9.295477615278713e-05,10.90476735016894,-0.015564240762565906,0.0,0.0,FULL_RISK,FLAT_LOWMID_RATE_STRESS,CREDIT+VIX,FLAT_MID_RATE,FLAT_LOWMID_RATE_STRESS,FLAT_LOWMID_RATE_STRESS
2018-12-12,9.37300495240656e-05,10.905789454552721,-0.015471969550099218,0.0,0.0,FULL_RISK,FLAT_LOWMID_RATE_STRESS,CREDIT+VIX,FLAT_MID_RATE,FLAT_LOWMID_RATE_STRESS,FLAT_LOWMID_RATE_STRESS
2018-12-13,9.334243169467626e-05,10.90680742745996,-0.015380071309665455,0.0,0.0,FULL_RISK,FLAT_LOWMID_RATE_STRESS,CREDIT+VIX,FLAT_MID_RATE,FLAT_LOWMID_RATE_STRESS,FLAT_LOWMID_RATE_STRESS
2018-12-14,9.295477615278713e-05,10.907821267302921,-0.015288546184598406,0.0,0.0,FULL_RISK,FLAT_LOWMID_RATE_STRESS,CREDIT+VIX,FLAT_MID_RATE,FLAT_LOWMID_RATE_STRESS,FLAT_LOWMID_RATE_STRESS
2018-12-17,9.256708289151483e-05,10.908830972498338,-0.01519739431782885,0.0,0.0,FULL_RISK,FLAT_LOWMID_RATE_STRESS,CREDIT+VIX,FLAT_MID_RATE,FLAT_LOWMID_RATE_STRESS,FLAT_LOWMID_RATE_STRESS
2018-12-18,9.179158318017855e-05,10.909832311363948,-0.015106997727533322,0.0,0.0,FULL_RISK,FLAT_LOWMID_RATE_STRESS,CREDIT+VIX,FLAT_MID_RATE,FLAT_LOWMID_RATE_STRESS,FLAT_LOWMID_RATE_STRESS
2018-12-19,9.217935190308779e-05,10.91083797263578,-0.01501621092888994,0.0,0.0,FULL_RISK,FLAT_LOWMID_RATE_STRESS,CREDIT+VIX,FLAT_MID_RATE,FLAT_LOWMID_RATE_STRESS,FLAT_LOWMID_RATE_STRESS
2018-12-20,9.179158318017855e-05,10.911839495727111,-0.014925797707484367,0.0,0.0,FULL_RISK,FLAT_LOWMID_RATE_STRESS,CREDIT+VIX,FLAT_MID_RATE,FLAT_LOWMID_RATE_STRESS,FLAT_LOWMID_RATE_STRESS
2018-12-21,9.179158318017855e-05,10.912841110749833,-0.014835376186905891,0.0,0.0,FULL_RISK,FLAT_LOWMID_RATE_STRESS,CREDIT+VIX,FLAT_MID_RATE,FLAT_LOWMID_RATE_STRESS,FLAT_LOWMID_RATE_STRESS
2018-12-24,9.450517207554299e-05,10.913872430676838,-0.014742273034609621,0.0,0.0,FULL_RISK,FLAT_LOWMID_RATE_STRESS,CREDIT+VIX,FLAT_MID_RATE,FLAT_LOWMID_RATE_STRESS,FLAT_LOWMID_RATE_STRESS
2018-12-26,9.37300495240656e-05,10.914895388480264,-0.014649924779067236,0.0,0.0,FULL_RISK,FLAT_LOWMID_RATE_STRESS,CREDIT+VIX,FLAT_MID_RATE,FLAT_LOWMID_RATE_STRESS,FLAT_LOWMID_RATE_STRESS
2018-12-27,9.256708289151483e-05,10.915905748506441,-0.014558713796977152,0.0,0.0,FULL_RISK,FLAT_LOWMID_RATE_STRESS,CREDIT+VIX,FLAT_MID_RATE,FLAT_LOWMID_RATE_STRESS,FLAT_LOWMID_RATE_STRESS
2018-12-28,9.217935190308779e-05,10.916911969623774,-0.014467876457876394,0.0,0.0,FULL_RISK,FLAT_LOWMID_RATE_STRESS,CREDIT+VIX,FLAT_MID_RATE,FLAT_LOWMID_RATE_STRESS,FLAT_LOWMID_RATE_STRESS
2018-12-31,9.411762964850467e-05,10.917939443501437,-0.014375120510466077,0.0,0.0,FULL_RISK,FLAT_LOWMID_RATE_STRESS,CREDIT+VIX,FLAT_MID_RATE,FLAT_LOWMID_RATE_STRESS,FLAT_LOWMID_RATE_STRESS
2019-01-02,9.295477615278713e-05,10.918954318118457,-0.014283501970422607,0.0,0.0,FULL_RISK,FLAT_LOWMID_RATE_STRESS,CREDIT+VIX,FLAT_MID_RATE,FLAT_LOWMID_RATE_STRESS,FLAT_LOWMID_RATE_STRESS
2019-01-03,9.256708289151483e-05,10.91996505386791,-0.014192257069642,0.0,0.0,FULL_RISK,FLAT_LOWMID_RATE_STRESS,CREDIT+VIX,FLAT_MID_RATE,FLAT_LOWMID_RATE_STRESS,FLAT_LOWMID_RATE_STRESS
2019-01-04,9.295477615278713e-05,10.92098011677509,-0.014100621531568214,0.0,0.0,FULL_RISK,FLAT_LOWMID_RATE_STRESS,CREDIT+VIX,FLAT_MID_RATE,FLAT_LOWMID_RATE_STRESS,FLAT_LOWMID_RATE_STRESS
2019-01-07,9.450517207554299e-05,10.92201220588026,-0.014007448941156797,0.0,0.0,FULL_RISK,FLAT_LOWMID_RATE_STRESS,CREDIT+VIX,FLAT_MID_RATE,FLAT_LOWMID_RATE_STRESS,FLAT_LOWMID_RATE_STRESS
2019-01-08,9.450517207554299e-05,10.923044392523186,-0.013914267545453884,0.0,0.0,FULL_RISK,FLAT_LOWMID_RATE_STRESS,CREDIT+VIX,FLAT_MID_RATE,FLAT_LOWMID_RATE_STRESS,FLAT_LOWMID_RATE_STRESS
2019-01-09,9.411762964850467e-05,10.924072443569957,-0.013821459493684962,0.0,0.0,FULL_RISK,FLAT_LOWMID_RATE_STRESS,CREDIT+VIX,FLAT_MID_RATE,FLAT_LOWMID_RATE_STRESS,FLAT_LOWMID_RATE_STRESS
2019-01-10,9.334243169467626e-05,10.925092123055848,-0.013729407190629095,0.0,0.0,FULL_RISK,FLAT_LOWMID_RATE_STRESS,CREDIT+VIX,FLAT_MID_RATE,FLAT_LOWMID_RATE_STRESS,FLAT_LOWMID_RATE_STRESS
2019-01-11,9.334243169467626e-05,10.926111897721102,-0.013637346295187314,0.0,0.0,FULL_RISK,FLAT_LOWMID_RATE_STRESS,CREDIT+VIX,FLAT_MID_RATE,FLAT_LOWMID_RATE_STRESS,FLAT_LOWMID_RATE_STRESS
2019-01-14,9.411762964850467e-05,10.92714023747419,-0.01354451218024677,0.0,0.0,FULL_RISK,FLAT_LOWMID_RATE_STRESS,CREDIT+VIX,FLAT_MID_RATE,FLAT_LOWMID_RATE_STRESS,FLAT_LOWMID_RATE_STRESS
2019-01-15,9.411762964850467e-05,10.928168674012177,-0.013451669327979476,0.0,0.0,FULL_RISK,FLAT_LOWMID_RATE_STRESS,CREDIT+VIX,FLAT_MID_RATE,FLAT_LOWMID_RATE_STRESS,FLAT_LOWMID_RATE_STRESS
2019-01-16,9.334243169467626e-05,10.929188735850179,-0.01335958250781022,0.0,0.0,FULL_RISK,FLAT_LOWMID_RATE_STRESS,CREDIT+VIX,FLAT_MID_RATE,FLAT_LOWMID_RATE_STRESS,FLAT_LOWMID_RATE_STRESS
2019-01-17,9.295477615278713e-05,10.930204656142651,-0.013267869568658996,0.0,0.0,FULL_RISK,FLAT_LOWMID_RATE_STRESS,CREDIT+VIX,FLAT_MID_RATE,FLAT_LOWMID_RATE_STRESS,FLAT_LOWMID_RATE_STRESS
2019-01-18,9.256708289151483e-05,10.931216433303078,-0.013176530653749574,0.0,0.0,FULL_RISK,FLAT_LOWMID_RATE_STRESS,CREDIT+VIX,FLAT_MID_RATE,FLAT_LOWMID_RATE_STRESS,FLAT_LOWMID_RATE_STRESS
2019-01-22,9.334243169467626e-05,10.932236779626344,-0.013084418151467436,0.0,0.0,FULL_RISK,FLAT_LOWMID_RATE_STRESS,CREDIT+VIX,FLAT_MID_RATE,FLAT_LOWMID_RATE_STRESS,FLAT_LOWMID_RATE_STRESS
2019-01-23,9.256708289151483e-05,10.933248744894513,-0.012993062254995524,0.0,0.0,FULL_RISK,FLAT_LOWMID_RATE_STRESS,CREDIT+VIX,FLAT_MID_RATE,FLAT_LOWMID_RATE_STRESS,FLAT_LOWMID_RATE_STRESS
2019-01-24,9.101593250226969e-05,10.934243844724309,-0.012903228898170416,0.0,0.0,FULL_RISK,FLAT_LOWMID_RATE_STRESS,CREDIT+VIX,FLAT_MID_RATE,FLAT_LOWMID_RATE_STRESS,FLAT_LOWMID_RATE_STRESS
2019-01-25,9.179158318017855e-05,10.935247516277695,-0.012812621722798845,0.0,0.0,FULL_RISK,FLAT_LOWMID_RATE_STRESS,CREDIT+VIX,FLAT_MID_RATE,FLAT_LOWMID_RATE_STRESS,FLAT_LOWMID_RATE_STRESS
2019-01-28,9.295477615278713e-05,10.936263999762746,-0.012720857941030284,0.0,0.0,FULL_RISK,FLAT_LOWMID_RATE_STRESS,CREDIT+VIX,FLAT_MID_RATE,FLAT_LOWMID_RATE_STRESS,FLAT_LOWMID_RATE_STRESS
2019-01-29,9.295477615278713e-05,10.937280577734791,-0.012629085629379921,0.0,0.0,FULL_RISK,FLAT_LOWMID_RATE_STRESS,CREDIT+VIX,FLAT_MID_RATE,FLAT_LOWMID_RATE_STRESS,FLAT_LOWMID_RATE_STRESS
2019-01-30,9.295477615278713e-05,10.938297250202615,-0.012537304787054837,0.0,0.0,FULL_RISK,FLAT_LOWMID_RATE_STRESS,CREDIT+VIX,FLAT_MID_RATE,FLAT_LOWMID_RATE_STRESS,FLAT_LOWMID_RATE_STRESS
2019-01-31,9.256708289151483e-05,10.939309776470866,-0.012445898245894815,0.0,0.0,FULL_RISK,FLAT_LOWMID_RATE_STRESS,CREDIT+VIX,FLAT_MID_RATE,FLAT_LOWMID_RATE_STRESS,FLAT_LOWMID_RATE_STRESS
2019-02-01,9.217935190308779e-05,10.940318154956328,-0.01235486614882586,0.0,0.0,FULL_RISK,FLAT_LOWMID_RATE_STRESS,CREDIT+VIX,FLAT_MID_RATE,FLAT_LOWMID_RATE_STRESS,FLAT_LOWMID_RATE_STRESS
2019-02-04,9.295477615278713e-05,10.941335109781463,-0.01226305981649034,0.0,0.0,FULL_RISK,FLAT_LOWMID_RATE_STRESS,CREDIT+VIX,FLAT_MID_RATE,FLAT_LOWMID_RATE_STRESS,FLAT_LOWMID_RATE_STRESS
2019-02-05,9.295477615278713e-05,10.942352159137405,-0.012171244950317628,0.0,0.0,FULL_RISK,FLAT_LOWMID_RATE_STRESS,CREDIT+VIX,FLAT_MID_RATE,FLAT_LOWMID_RATE_STRESS,FLAT_LOWMID_RATE_STRESS
2019-02-06,9.295477615278713e-05,10.943369303032943,-0.01207942154951469,0.0,0.0,FULL_RISK,FLAT_LOWMID_RATE_STRESS,CREDIT+VIX,FLAT_MID_RATE,FLAT_LOWMID_RATE_STRESS,FLAT_LOWMID_RATE_STRESS
2019-02-07,9.295477615278713e-05,10.944386541476865,-0.011987589613288052,0.0,0.0,FULL_RISK,FLAT_LOWMID_RATE_STRESS,CREDIT+VIX,FLAT_MID_RATE,FLAT_LOWMID_RATE_STRESS,FLAT_LOWMID_RATE_STRESS
2019-02-08,9.334243169467626e-05,10.945408117130052,-0.011895366132358087,0.0,0.0,FULL_RISK,FLAT_LOWMID_RATE_STRESS,CREDIT+VIX,FLAT_MID_RATE,FLAT_LOWMID_RATE_STRESS,FLAT_LOWMID_RATE_STRESS
2019-02-11,9.411762964850467e-05,10.946438272997572,-0.011802368066373803,0.0,0.0,FULL_RISK,FLAT_LOWMID_RATE_STRESS,CREDIT+VIX,FLAT_MID_RATE,FLAT_LOWMID_RATE_STRESS,FLAT_LOWMID_RATE_STRESS
2019-02-12,9.334243169467626e-05,10.94746004016437,-0.011710127296414186,0.0,0.0,FULL_RISK,FLAT_LOWMID_RATE_STRESS,CREDIT+VIX,FLAT_MID_RATE,FLAT_LOWMID_RATE_STRESS,FLAT_LOWMID_RATE_STRESS
2019-02-13,9.37300495240656e-05,10.948486146136096,-0.01161749483770158,0.0,0.0,FULL_RISK,FLAT_LOWMID_RATE_STRESS,CREDIT+VIX,FLAT_MID_RATE,FLAT_LOWMID_RATE_STRESS,FLAT_LOWMID_RATE_STRESS
2019-02-14,9.334243169467626e-05,10.949508104456353,-0.011525236811225192,0.0,0.0,FULL_RISK,FLAT_LOWMID_RATE_STRESS,CREDIT+VIX,FLAT_MID_RATE,FLAT_LOWMID_RATE_STRESS,FLAT_LOWMID_RATE_STRESS
2019-02-15,9.334243169467626e-05,10.950530158168684,-0.01143297017316025,0.0,0.0,FULL_RISK,FLAT_LOWMID_RATE_STRESS,CREDIT+VIX,FLAT_MID_RATE,FLAT_LOWMID_RATE_STRESS,FLAT_LOWMID_RATE_STRESS
2019-02-19,9.450517207554299e-05,10.951565039905601,-0.011339545475898105,0.0,0.0,FULL_RISK,FLAT_LOWMID_RATE_STRESS,CREDIT+VIX,FLAT_MID_RATE,FLAT_LOWMID_RATE_STRESS,FLAT_LOWMID_RATE_STRESS
2019-02-20,9.411762964850467e-05,10.9525957752481,-0.011246495097391063,0.0,0.0,FULL_RISK,FLAT_LOWMID_RATE_STRESS,CREDIT+VIX,FLAT_MID_RATE,FLAT_LOWMID_RATE_STRESS,FLAT_LOWMID_RATE_STRESS
2019-02-21,9.411762964850467e-05,10.953626607600963,-0.011153435961202995,0.0,0.0,FULL_RISK,FLAT_LOWMID_RATE_STRESS,CREDIT+VIX,FLAT_MID_RATE,FLAT_LOWMID_RATE_STRESS,FLAT_LOWMID_RATE_STRESS
2019-02-22,9.450517207554299e-05,10.954661781968365,-0.011059984846512272,0.0,0.0,FULL_RISK,FLAT_LOWMID_RATE_STRESS,CREDIT+VIX,FLAT_MID_RATE,FLAT_LOWMID_RATE_STRESS,FLAT_LOWMID_RATE_STRESS
2019-02-25,9.489267681228597e-05,10.95570129914843,-0.010966141681267527,0.0,0.0,FULL_RISK,FLAT_LOWMID_RATE_STRESS,CREDIT+VIX,FLAT_MID_RATE,FLAT_LOWMID_RATE_STRESS,FLAT_LOWMID_RATE_STRESS
2019-02-26,9.411762964850467e-05,10.956732423785843,-0.010873056158880456,0.0,0.0,FULL_RISK,FLAT_LOWMID_RATE_STRESS,CREDIT+VIX,FLAT_MID_RATE,FLAT_LOWMID_RATE_STRESS,FLAT_LOWMID_RATE_STRESS
2019-02-27,9.411762964850467e-05,10.957763645470262,-0.010779961875504673,0.0,0.0,FULL_RISK,FLAT_LOWMID_RATE_STRESS,CREDIT+VIX,FLAT_MID_RATE,FLAT_LOWMID_RATE_STRESS,FLAT_LOWMID_RATE_STRESS
2019-02-28,9.411762964850467e-05,10.958794964210822,-0.010686858830315615,0.0,0.0,FULL_RISK,FLAT_LOWMID_RATE_STRESS,CREDIT+VIX,FLAT_MID_RATE,FLAT_LOWMID_RATE_STRESS,FLAT_LOWMID_RATE_STRESS
2019-03-01,9.37300495240656e-05,10.959822132605542,-0.010594130460598983,0.0,0.0,FULL_RISK,FLAT_LOWMID_RATE_STRESS,CREDIT+VIX,FLAT_MID_RATE,FLAT_LOWMID_RATE_STRESS,FLAT_LOWMID_RATE_STRESS
2019-03-04,9.450517207554299e-05,10.960857892482101,-0.010500626488645581,0.0,0.0,FULL_RISK,FLAT_LOWMID_RATE_STRESS,CREDIT+VIX,FLAT_MID_RATE,FLAT_LOWMID_RATE_STRESS,FLAT_LOWMID_RATE_STRESS
2019-03-05,9.450517207554299e-05,10.961893750243325,-0.01040711368008329,0.0,0.0,FULL_RISK,FLAT_LOWMID_RATE_STRESS,CREDIT+VIX,FLAT_MID_RATE,FLAT_LOWMID_RATE_STRESS,FLAT_LOWMID_RATE_STRESS
2019-03-06,9.450517207554299e-05,10.962929705898466,-0.01031359203407689,0.0,0.0,FULL_RISK,FLAT_LOWMID_RATE_STRESS,CREDIT+VIX,FLAT_MID_RATE,FLAT_LOWMID_RATE_STRESS,FLAT_LOWMID_RATE_STRESS
2019-03-07,9.411762964850467e-05,10.963961510856388,-0.010220445095263875,0.0,0.0,FULL_RISK,FLAT_LOWMID_RATE_STRESS,CREDIT+VIX,FLAT_MID_RATE,FLAT_LOWMID_RATE_STRESS,FLAT_LOWMID_RATE_STRESS
2019-03-08,0.0059469949368344795,11.029164134449099,-0.0043342310936630435,2.0,0.001,NON_RISK,FLAT_MID_RATE_NORMAL,,FLAT_MID_RATE,FLAT_MID_RATE_NORMAL,FLAT_MID_RATE_NORMAL
2019-03-11,0.001103533948831515,11.041335191498698,-0.0032354801159855118,0.0,0.0,NON_RISK,FLAT_MID_RATE_NORMAL,,FLAT_MID_RATE,FLAT_MID_RATE_NORMAL,FLAT_MID_RATE_NORMAL
2019-03-12,0.005348569677065221,11.10039054209826,0.0,0.0,0.0,NON_RISK,FLAT_MID_RATE_NORMAL,,FLAT_MID_RATE,FLAT_MID_RATE_NORMAL,FLAT_MID_RATE_NORMAL
2019-03-13,0.006877583397472227,11.176734403796052,0.0,0.0,0.0,NON_RISK,FLAT_MID_RATE_NORMAL,,FLAT_MID_RATE,FLAT_MID_RATE_NORMAL,FLAT_MID_RATE_NORMAL
2019-03-14,-0.008178030224753725,11.085330732027764,-0.008178030224753718,0.0,0.0,NON_RISK,FLAT_MID_RATE_NORMAL,,FLAT_MID_RATE,FLAT_MID_RATE_NORMAL,FLAT_MID_RATE_NORMAL
2019-03-15,0.004687812176609766,11.13729668041511,-0.0035285551178122487,0.0,0.0,NON_RISK,FLAT_MID_RATE_NORMAL,,FLAT_MID_RATE,FLAT_MID_RATE_NORMAL,FLAT_MID_RATE_NORMAL
2019-03-18,0.0015134091817554601,11.154151967471185,-0.0020204860837703675,0.0,0.0,NON_RISK,FLAT_MID_RATE_NORMAL,,FLAT_MID_RATE,FLAT_MID_RATE_NORMAL,FLAT_MID_RATE_NORMAL
2019-03-19,0.0019862842652401407,11.17630728401627,-3.82150782466395e-05,0.0,0.0,NON_RISK,FLAT_MID_RATE_NORMAL,,FLAT_MID_RATE,FLAT_MID_RATE_NORMAL,FLAT_MID_RATE_NORMAL
2019-03-20,0.0035513954222963044,11.215998770542901,0.0,0.0,0.0,NON_RISK,FLAT_MID_RATE_NORMAL,,FLAT_MID_RATE,FLAT_MID_RATE_NORMAL,FLAT_MID_RATE_NORMAL
2019-03-21,0.0007062280361521322,11.223919823328107,0.0,0.0,0.0,NON_RISK,FLAT_MID_RATE_NORMAL,,FLAT_MID_RATE,FLAT_MID_RATE_NORMAL,FLAT_MID_RATE_NORMAL
2019-03-22,-0.004324477647326031,11.175382232936744,-0.004324477647326019,0.0,0.0,NON_RISK,FLAT_MID_RATE_NORMAL,,FLAT_MID_RATE,FLAT_MID_RATE_NORMAL,FLAT_MID_RATE_NORMAL
2019-03-25,0.00506377681535846,11.23197187439066,0.0,0.0,0.0,NON_RISK,FLAT_MID_RATE_NORMAL,,FLAT_MID_RATE,FLAT_MID_RATE_NORMAL,FLAT_MID_RATE_NORMAL
2019-03-26,-0.0011275896861957977,11.219306818749455,-0.0011275896861957513,0.0,0.0,NON_RISK,FLAT_MID_RATE_NORMAL,,FLAT_MID_RATE,FLAT_MID_RATE_NORMAL,FLAT_MID_RATE_NORMAL
2019-03-27,-0.0052292570114260105,11.16063817990417,-0.00635095024134924,0.0,0.0,NON_RISK,FLAT_MID_RATE_NORMAL,,FLAT_MID_RATE,FLAT_MID_RATE_NORMAL,FLAT_MID_RATE_NORMAL
2019-03-28,-0.008610375290297895,11.064540896695968,-0.01490664146661902,0.0,0.0,NON_RISK,FLAT_MID_RATE_NORMAL,,FLAT_MID_RATE,FLAT_MID_RATE_NORMAL,FLAT_MID_RATE_NORMAL
2019-03-29,0.002571220074622357,11.092990266366034,-0.012373749647780818,0.0,0.0,NON_RISK,FLAT_MID_RATE_NORMAL,,FLAT_MID_RATE,FLAT_MID_RATE_NORMAL,FLAT_MID_RATE_NORMAL
2019-04-01,0.0012737685863705697,11.107120168896246,-0.011115742355007119,0.04453770330691642,2.226885165345821e-05,NON_RISK,FLAT_MID_RATE_NORMAL,,FLAT_MID_RATE,FLAT_MID_RATE_NORMAL,FLAT_MID_RATE_NORMAL
2019-04-02,0.0026389040589687635,11.1364307933934,-0.008506171673657525,0.0,0.0,NON_RISK,FLAT_MID_RATE_NORMAL,,FLAT_MID_RATE,FLAT_MID_RATE_NORMAL,FLAT_MID_RATE_NORMAL
2019-04-03,-0.00046588760027454807,11.131242468375442,-0.008968096354023514,0.0,0.0,NON_RISK,FLAT_MID_RATE_NORMAL,,FLAT_MID_RATE,FLAT_MID_RATE_NORMAL,FLAT_MID_RATE_NORMAL
2019-04-04,0.0025809210021139036,11.159971325841694,-0.006410321300138744,0.0,0.0,NON_RISK,FLAT_MID_RATE_NORMAL,,FLAT_MID_RATE,FLAT_MID_RATE_NORMAL,FLAT_MID_RATE_NORMAL
2019-04-05,0.000890861509657346,11.169913314744766,-0.005525170498992149,0.0,0.0,NON_RISK,FLAT_MID_RATE_NORMAL,,FLAT_MID_RATE,FLAT_MID_RATE_NORMAL,FLAT_MID_RATE_NORMAL
2019-04-08,0.003158522784867955,11.205193740454389,-0.00238409909103543,0.0,0.0,NON_RISK,FLAT_MID_RATE_NORMAL,,FLAT_MID_RATE,FLAT_MID_RATE_NORMAL,FLAT_MID_RATE_NORMAL
2019-04-09,0.0017969643648119364,11.2253290743068,-0.0005914188673322718,0.0,0.0,NON_RISK,FLAT_MID_RATE_NORMAL,,FLAT_MID_RATE,FLAT_MID_RATE_NORMAL,FLAT_MID_RATE_NORMAL
2019-04-10,0.0031934042273464,11.261176087626046,0.0,0.0,0.0,NON_RISK,FLAT_MID_RATE_NORMAL,,FLAT_MID_RATE,FLAT_MID_RATE_NORMAL,FLAT_MID_RATE_NORMAL
2019-04-11,-0.008646816306450937,11.163802766601746,-0.008646816306450922,0.0,0.0,NON_RISK,FLAT_MID_RATE_NORMAL,,FLAT_MID_RATE,FLAT_MID_RATE_NORMAL,FLAT_MID_RATE_NORMAL
2019-04-12,0.0015825674603388601,11.181470237593812,-0.00707793301623405,0.0,0.0,NON_RISK,FLAT_MID_RATE_NORMAL,,FLAT_MID_RATE,FLAT_MID_RATE_NORMAL,FLAT_MID_RATE_NORMAL
2019-04-15,-0.0014795744731764561,11.164926419657686,-0.008547035160396899,0.0,0.0,NON_RISK,FLAT_MID_RATE_NORMAL,,FLAT_MID_RATE,FLAT_MID_RATE_NORMAL,FLAT_MID_RATE_NORMAL
2019-04-16,-0.005778355247824384,11.100411508489085,-0.01427600260274875,0.0,0.0,NON_RISK,FLAT_MID_RATE_NORMAL,,FLAT_MID_RATE,FLAT_MID_RATE_NORMAL,FLAT_MID_RATE_NORMAL
2019-04-17,-0.0020868911625352435,11.077246157811514,-0.016333101301616026,0.0,0.0,NON_RISK,FLAT_MID_RATE_NORMAL,,FLAT_MID_RATE,FLAT_MID_RATE_NORMAL,FLAT_MID_RATE_NORMAL
2019-04-18,0.001152673878134009,11.090014610099283,-0.015199254162701292,0.0,0.0,NON_RISK,FLAT_MID_RATE_NORMAL,,FLAT_MID_RATE,FLAT_MID_RATE_NORMAL,FLAT_MID_RATE_NORMAL
2019-04-22,0.0002854361160896625,11.093180100796966,-0.01491815646268746,0.0,0.0,NON_RISK,FLAT_MID_RATE_NORMAL,,FLAT_MID_RATE,FLAT_MID_RATE_NORMAL,FLAT_MID_RATE_NORMAL
2019-04-23,0.0015885278042797033,11.110801925824966,-0.0133533265647372,0.0,0.0,NON_RISK,FLAT_MID_RATE_NORMAL,,FLAT_MID_RATE,FLAT_MID_RATE_NORMAL,FLAT_MID_RATE_NORMAL
2019-04-24,0.001213885173885168,11.1242891635527,-0.012155650795991013,0.0,0.0,NON_RISK,FLAT_MID_RATE_NORMAL,,FLAT_MID_RATE,FLAT_MID_RATE_NORMAL,FLAT_MID_RATE_NORMAL
2019-04-25,0.0003511446137676493,11.128195397774475,-0.011808774573527248,0.0,0.0,NON_RISK,FLAT_MID_RATE_NORMAL,,FLAT_MID_RATE,FLAT_MID_RATE_NORMAL,FLAT_MID_RATE_NORMAL
2019-04-26,0.005980068282092061,11.194742766109629,-0.005899323569712678,0.0,0.0,NON_RISK,FLAT_MID_RATE_NORMAL,,FLAT_MID_RATE,FLAT_MID_RATE_NORMAL,FLAT_MID_RATE_NORMAL
2019-04-29,-0.002456663663740801,11.167241048331203,-0.008341494579599096,0.0,0.0,NON_RISK,FLAT_MID_RATE_NORMAL,,FLAT_MID_RATE,FLAT_MID_RATE_NORMAL,FLAT_MID_RATE_NORMAL
2019-04-30,0.0022170741343435735,11.191999649611436,-0.006142914157129864,0.0,0.0,NON_RISK,FLAT_MID_RATE_NORMAL,,FLAT_MID_RATE,FLAT_MID_RATE_NORMAL,FLAT_MID_RATE_NORMAL
2019-05-01,-0.006998995168336638,11.11366689813978,-0.013098915098961217,0.09915816690300572,4.957908345150286e-05,NON_RISK,FLAT_MID_RATE_NORMAL,,FLAT_MID_RATE,FLAT_MID_RATE_NORMAL,FLAT_MID_RATE_NORMAL
2019-05-02,-0.003187776039201558,11.078239017094223,-0.016244934730470728,0.0,0.0,NON_RISK,FLAT_MID_RATE_NORMAL,,FLAT_MID_RATE,FLAT_MID_RATE_NORMAL,FLAT_MID_RATE_NORMAL
2019-05-03,0.00739245440972135,11.160134393968088,-0.008972570260133317,0.0,0.0,NON_RISK,FLAT_MID_RATE_NORMAL,,FLAT_MID_RATE,FLAT_MID_RATE_NORMAL,FLAT_MID_RATE_NORMAL
2019-05-06,-0.0007457560566624776,11.151811656150619,-0.009711634968180505,0.0,0.0,NON_RISK,FLAT_MID_RATE_NORMAL,,FLAT_MID_RATE,FLAT_MID_RATE_NORMAL,FLAT_MID_RATE_NORMAL
2019-05-07,-0.004307721726502796,11.103772754789551,-0.013977521673731008,0.0,0.0,NON_RISK,FLAT_MID_RATE_NORMAL,,FLAT_MID_RATE,FLAT_MID_RATE_NORMAL,FLAT_MID_RATE_NORMAL
2019-05-08,-0.002061635557007062,11.08088082206135,-0.0160103406750568,0.0,0.0,NON_RISK,FLAT_MID_RATE_NORMAL,,FLAT_MID_RATE,FLAT_MID_RATE_NORMAL,FLAT_MID_RATE_NORMAL
2019-05-09,0.00033310589438947176,11.084571928778205,-0.015682567919517387,0.0,0.0,NON_RISK,FLAT_MID_RATE_NORMAL,,FLAT_MID_RATE,FLAT_MID_RATE_NORMAL,FLAT_MID_RATE_NORMAL
2019-05-10,0.0030878264855096994,11.118799163560423,-0.012643166482590451,0.0,0.0,NON_RISK,FLAT_MID_RATE_NORMAL,,FLAT_MID_RATE,FLAT_MID_RATE_NORMAL,FLAT_MID_RATE_NORMAL
2019-05-13,-0.003244290879664361,11.082726544841265,-0.015846439252545252,0.0,0.0,NON_RISK,FLAT_MID_RATE_NORMAL,,FLAT_MID_RATE,FLAT_MID_RATE_NORMAL,FLAT_MID_RATE_NORMAL
2019-05-14,0.002383123930244462,11.109138055682632,-0.01350107935089262,0.0,0.0,NON_RISK,FLAT_MID_RATE_NORMAL,,FLAT_MID_RATE,FLAT_MID_RATE_NORMAL,FLAT_MID_RATE_NORMAL
2019-05-15,0.0018761053612980907,11.129979969148298,-0.011650303436948173,0.0,0.0,NON_RISK,FLAT_MID_RATE_NORMAL,,FLAT_MID_RATE,FLAT_MID_RATE_NORMAL,FLAT_MID_RATE_NORMAL
2019-05-16,-0.000926353522509056,11.119669672998423,-0.012565864659830006,0.0,0.0,NON_RISK,FLAT_MID_RATE_NORMAL,,FLAT_MID_RATE,FLAT_MID_RATE_NORMAL,FLAT_MID_RATE_NORMAL
2019-05-17,-0.0068444600299260114,11.043561538375606,-0.01932431813135027,0.0,0.0,NON_RISK,FLAT_MID_RATE_NORMAL,,FLAT_MID_RATE,FLAT_MID_RATE_NORMAL,FLAT_MID_RATE_NORMAL
2019-05-20,-0.0025687770228158303,11.015193091245774,-0.02184345528976872,0.0,0.0,NON_RISK,FLAT_MID_RATE_NORMAL,,FLAT_MID_RATE,FLAT_MID_RATE_NORMAL,FLAT_MID_RATE_NORMAL
2019-05-21,0.0019953190192390858,11.037171915521327,-0.019891720932315282,0.0,0.0,NON_RISK,FLAT_MID_RATE_NORMAL,,FLAT_MID_RATE,FLAT_MID_RATE_NORMAL,FLAT_MID_RATE_NORMAL
2019-05-22,-0.0017869122303944486,11.017449458036516,-0.0216430884032921,0.0,0.0,NON_RISK,FLAT_MID_RATE_NORMAL,,FLAT_MID_RATE,FLAT_MID_RATE_NORMAL,FLAT_MID_RATE_NORMAL
2019-05-23,0.0001376785248131127,11.0189663242251,-0.02150838966696289,0.0,0.0,NON_RISK,FLAT_MID_RATE_NORMAL,,FLAT_MID_RATE,FLAT_MID_RATE_NORMAL,FLAT_MID_RATE_NORMAL
2019-05-24,0.0015281443562650157,11.035804895425338,-0.020013113234979896,0.0,0.0,NON_RISK,FLAT_MID_RATE_NORMAL,,FLAT_MID_RATE,FLAT_MID_RATE_NORMAL,FLAT_MID_RATE_NORMAL
2019-05-28,-0.0059405155335093135,10.970246525019286,-0.025834740558442926,0.0,0.0,NON_RISK,FLAT_MID_RATE_NORMAL,,FLAT_MID_RATE,FLAT_MID_RATE_NORMAL,FLAT_MID_RATE_NORMAL
2019-05-29,-0.002350002227352407,10.944466421250887,-0.028124031087939816,0.0,0.0,NON_RISK,FLAT_MID_RATE_NORMAL,,FLAT_MID_RATE,FLAT_MID_RATE_NORMAL,FLAT_MID_RATE_NORMAL
2019-05-30,0.005241067494163535,11.00182710845227,-0.023030363538916077,0.0,0.0,NON_RISK,FLAT_MID_RATE_NORMAL,,FLAT_MID_RATE,FLAT_MID_RATE_NORMAL,FLAT_MID_RATE_NORMAL
2019-05-31,0.0032152435903756767,11.03720066254514,-0.019889168177293026,0.0,0.0,NON_RISK,FLAT_MID_RATE_NORMAL,,FLAT_MID_RATE,FLAT_MID_RATE_NORMAL,FLAT_MID_RATE_NORMAL
2019-06-03,0.006489676017889583,11.108828518989496,-0.013528566417139287,0.1646451399224424,8.232256996122121e-05,NON_RISK,FLAT_MID_RATE_NORMAL,,FLAT_MID_RATE,FLAT_MID_RATE_NORMAL,FLAT_MID_RATE_NORMAL
2019-06-04,0.010223022420875034,11.222394322008782,-0.003443846834068953,0.0,0.0,NON_RISK,FLAT_MID_RATE_NORMAL,,FLAT_MID_RATE,FLAT_MID_RATE_NORMAL,FLAT_MID_RATE_NORMAL
2019-06-05,0.005384097773102,11.28281679028678,0.0,0.0,0.0,NON_RISK,FLAT_MID_RATE_NORMAL,,FLAT_MID_RATE,FLAT_MID_RATE_NORMAL,FLAT_MID_RATE_NORMAL
2019-06-06,0.00476556058086654,11.33658573722371,0.0,0.0,0.0,NON_RISK,FLAT_MID_RATE_NORMAL,,FLAT_MID_RATE,FLAT_MID_RATE_NORMAL,FLAT_MID_RATE_NORMAL
2019-06-07,0.00766240452689675,11.423451243096167,0.0,0.0,0.0,NON_RISK,FLAT_MID_RATE_NORMAL,,FLAT_MID_RATE,FLAT_MID_RATE_NORMAL,FLAT_MID_RATE_NORMAL
2019-06-10,-0.003219450830423778,11.386674003505275,-0.0032194508304238534,0.0,0.0,NON_RISK,FLAT_MID_RATE_NORMAL,,FLAT_MID_RATE,FLAT_MID_RATE_NORMAL,FLAT_MID_RATE_NORMAL
2019-06-11,-0.0007547941091227278,11.378079409044929,-0.0039718149170251404,0.0,0.0,NON_RISK,FLAT_MID_RATE_NORMAL,,FLAT_MID_RATE,FLAT_MID_RATE_NORMAL,FLAT_MID_RATE_NORMAL
2019-06-12,0.001970826420475318,11.400503628558543,-0.002008816254325363,0.0,0.0,NON_RISK,FLAT_MID_RATE_NORMAL,,FLAT_MID_RATE,FLAT_MID_RATE_NORMAL,FLAT_MID_RATE_NORMAL
2019-06-13,0.005196357202605098,11.459744717702128,0.0,0.0,0.0,NON_RISK,FLAT_MID_RATE_NORMAL,,FLAT_MID_RATE,FLAT_MID_RATE_NORMAL,FLAT_MID_RATE_NORMAL
2019-06-14,-0.0006814137616501449,11.451935889946489,-0.0006814137616500959,0.0,0.0,NON_RISK,FLAT_MID_RATE_NORMAL,,FLAT_MID_RATE,FLAT_MID_RATE_NORMAL,FLAT_MID_RATE_NORMAL
2019-06-17,-0.0001631831120738447,11.450067127408698,-0.000844485678505591,0.0,0.0,NON_RISK,FLAT_MID_RATE_NORMAL,,FLAT_MID_RATE,FLAT_MID_RATE_NORMAL,FLAT_MID_RATE_NORMAL
2019-06-18,0.007565546512411052,11.536693142831338,0.0,0.0,0.0,NON_RISK,FLAT_MID_RATE_NORMAL,,FLAT_MID_RATE,FLAT_MID_RATE_NORMAL,FLAT_MID_RATE_NORMAL
2019-06-19,0.004297522739191647,11.586272343947732,0.0,0.0,0.0,NON_RISK,FLAT_MID_RATE_NORMAL,,FLAT_MID_RATE,FLAT_MID_RATE_NORMAL,FLAT_MID_RATE_NORMAL
2019-06-20,0.01794338451128846,11.794169283667692,0.0,0.0,0.0,NON_RISK,FLAT_MID_RATE_NORMAL,,FLAT_MID_RATE,FLAT_MID_RATE_NORMAL,FLAT_MID_RATE_NORMAL
2019-06-21,0.0028898719121774573,11.82825292220803,0.0,0.0,0.0,NON_RISK,FLAT_MID_RATE_NORMAL,,FLAT_MID_RATE,FLAT_MID_RATE_NORMAL,FLAT_MID_RATE_NORMAL
2019-06-24,0.007406949668517048,11.915864196269313,0.0,0.0,0.0,NON_RISK,FLAT_MID_RATE_NORMAL,,FLAT_MID_RATE,FLAT_MID_RATE_NORMAL,FLAT_MID_RATE_NORMAL
2019-06-25,-0.003499383608413737,11.874166016420803,-0.003499383608413842,0.0,0.0,NON_RISK,FLAT_MID_RATE_NORMAL,,FLAT_MID_RATE,FLAT_MID_RATE_NORMAL,FLAT_MID_RATE_NORMAL
2019-06-26,-0.005383175806031881,11.810245293204401,-0.008863721617268783,0.0,0.0,NON_RISK,FLAT_MID_RATE_NORMAL,,FLAT_MID_RATE,FLAT_MID_RATE_NORMAL,FLAT_MID_RATE_NORMAL
2019-06-27,0.0011169762496287513,11.8234370566992,-0.0077566459341699145,0.0,0.0,NON_RISK,FLAT_MID_RATE_NORMAL,,FLAT_MID_RATE,FLAT_MID_RATE_NORMAL,FLAT_MID_RATE_NORMAL
2019-06-28,0.0038379789637334417,11.868815159401839,-0.003948436814360856,0.0,0.0,NON_RISK,FLAT_MID_RATE_NORMAL,,FLAT_MID_RATE,FLAT_MID_RATE_NORMAL,FLAT_MID_RATE_NORMAL
2019-07-01,-0.005613359330179836,11.802191235088632,-0.00953963214990905,0.04247554506078144,2.123777253039072e-05,NON_RISK,FLAT_MID_RATE_NORMAL,,FLAT_MID_RATE,FLAT_MID_RATE_NORMAL,FLAT_MID_RATE_NORMAL
2019-07-02,0.012276621366499641,11.947082268176834,0.0,0.0,0.0,NON_RISK,FLAT_MID_RATE_NORMAL,,FLAT_MID_RATE,FLAT_MID_RATE_NORMAL,FLAT_MID_RATE_NORMAL
2019-07-03,0.004722324117894501,12.003500262910313,0.0,0.0,0.0,NON_RISK,FLAT_MID_RATE_NORMAL,,FLAT_MID_RATE,FLAT_MID_RATE_NORMAL,FLAT_MID_RATE_NORMAL
2019-07-05,-0.006301331185356095,11.927862232370206,-0.0063013311853561405,0.0,0.0,NON_RISK,FLAT_MID_RATE_NORMAL,,FLAT_MID_RATE,FLAT_MID_RATE_NORMAL,FLAT_MID_RATE_NORMAL
2019-07-08,-0.0059783683440037625,11.856553078388565,-0.012242027850476345,0.0,0.0,NON_RISK,FLAT_MID_RATE_NORMAL,,FLAT_MID_RATE,FLAT_MID_RATE_NORMAL,FLAT_MID_RATE_NORMAL
2019-07-09,0.002410426795403344,11.885132431629835,-0.009861109567033899,0.0,0.0,NON_RISK,FLAT_MID_RATE_NORMAL,,FLAT_MID_RATE,FLAT_MID_RATE_NORMAL,FLAT_MID_RATE_NORMAL
2019-07-10,0.010455769487090625,12.009400636658501,0.0,0.0,0.0,NON_RISK,FLAT_MID_RATE_NORMAL,,FLAT_MID_RATE,FLAT_MID_RATE_NORMAL,FLAT_MID_RATE_NORMAL
2019-07-11,-0.0032190137184672975,11.970742211258527,-0.003219013718467334,0.0,0.0,NON_RISK,FLAT_MID_RATE_NORMAL,,FLAT_MID_RATE,FLAT_MID_RATE_NORMAL,FLAT_MID_RATE_NORMAL
2019-07-12,0.005393637189293949,12.035308051632622,0.0,0.0,0.0,NON_RISK,FLAT_MID_RATE_NORMAL,,FLAT_MID_RATE,FLAT_MID_RATE_NORMAL,FLAT_MID_RATE_NORMAL
2019-07-15,0.0001611260628300282,12.037247253433929,0.0,0.0,0.0,NON_RISK,FLAT_MID_RATE_NORMAL,,FLAT_MID_RATE,FLAT_MID_RATE_NORMAL,FLAT_MID_RATE_NORMAL
2019-07-16,-0.005926139810452948,11.965912843277088,-0.0059261398104529794,0.0,0.0,NON_RISK,FLAT_MID_RATE_NORMAL,,FLAT_MID_RATE,FLAT_MID_RATE_NORMAL,FLAT_MID_RATE_NORMAL
2019-07-17,0.005195620015153592,12.0280831795452,-0.0007613097659112666,0.0,0.0,NON_RISK,FLAT_MID_RATE_NORMAL,,FLAT_MID_RATE,FLAT_MID_RATE_NORMAL,FLAT_MID_RATE_NORMAL
2019-07-18,0.00905365517052481,12.136981297015192,0.0,0.0,0.0,NON_RISK,FLAT_MID_RATE_NORMAL,,FLAT_MID_RATE,FLAT_MID_RATE_NORMAL,FLAT_MID_RATE_NORMAL
2019-07-19,-0.010285059259609125,12.012151725142623,-0.010285059259609097,0.0,0.0,NON_RISK,FLAT_MID_RATE_NORMAL,,FLAT_MID_RATE,FLAT_MID_RATE_NORMAL,FLAT_MID_RATE_NORMAL
2019-07-22,0.0011127207644789636,12.02551789579326,-0.009183782894132242,0.0,0.0,NON_RISK,FLAT_MID_RATE_NORMAL,,FLAT_MID_RATE,FLAT_MID_RATE_NORMAL,FLAT_MID_RATE_NORMAL
2019-07-23,0.0005477112008979105,12.032104406641384,-0.008641101753992131,0.0,0.0,NON_RISK,FLAT_MID_RATE_NORMAL,,FLAT_MID_RATE,FLAT_MID_RATE_NORMAL,FLAT_MID_RATE_NORMAL
2019-07-24,0.004898921610944685,12.091048742944222,-0.0037845122231724426,0.0,0.0,NON_RISK,FLAT_MID_RATE_NORMAL,,FLAT_MID_RATE,FLAT_MID_RATE_NORMAL,FLAT_MID_RATE_NORMAL
2019-07-25,-0.0059594665015168585,12.018992542992438,-0.009721425050870813,0.0,0.0,NON_RISK,FLAT_MID_RATE_NORMAL,,FLAT_MID_RATE,FLAT_MID_RATE_NORMAL,FLAT_MID_RATE_NORMAL
2019-07-26,0.004095266934087161,12.068213525734796,-0.005665969947346583,0.0,0.0,NON_RISK,FLAT_MID_RATE_NORMAL,,FLAT_MID_RATE,FLAT_MID_RATE_NORMAL,FLAT_MID_RATE_NORMAL
2019-07-29,0.002552241499189982,12.099014521116263,-0.0031281893717892695,0.0,0.0,NON_RISK,FLAT_MID_RATE_NORMAL,,FLAT_MID_RATE,FLAT_MID_RATE_NORMAL,FLAT_MID_RATE_NORMAL
2019-07-30,0.0005361892438511431,12.105501882563685,-0.002593677429432062,0.0,0.0,NON_RISK,FLAT_MID_RATE_NORMAL,,FLAT_MID_RATE,FLAT_MID_RATE_NORMAL,FLAT_MID_RATE_NORMAL
2019-07-31,-0.01206067815821503,11.959501320414418,-0.01462307407892438,0.0,0.0,NON_RISK,FLAT_MID_RATE_NORMAL,,FLAT_MID_RATE,FLAT_MID_RATE_NORMAL,FLAT_MID_RATE_NORMAL
2019-08-01,0.006330380728108662,12.03520951709096,-0.008385262977150587,0.10914709104704018,5.4573545523520095e-05,NON_RISK,FLAT_MID_RATE_NORMAL,,FLAT_MID_RATE,FLAT_MID_RATE_NORMAL,FLAT_MID_RATE_NORMAL
2019-08-02,-0.005815290573021868,11.965221276641879,-0.014151790809429077,0.0,0.0,NON_RISK,FLAT_MID_RATE_NORMAL,,FLAT_MID_RATE,FLAT_MID_RATE_NORMAL,FLAT_MID_RATE_NORMAL
2019-08-05,-0.00975815324414319,11.848462813824325,-0.023771848710174792,0.0,0.0,NON_RISK,FLAT_MID_RATE_NORMAL,,FLAT_MID_RATE,FLAT_MID_RATE_NORMAL,FLAT_MID_RATE_NORMAL
2019-08-06,-0.0009210260019308905,11.837550071489881,-0.02467098022132974,2.0,0.001,FULL_RISK,FLAT_LOWMID_RATE_STRESS,VIX,FLAT_MID_RATE,FLAT_LOWMID_RATE_STRESS,FLAT_LOWMID_RATE_STRESS
2019-08-07,7.780671582890974e-05,11.838471112384404,-0.024595093073448093,0.0,0.0,FULL_RISK,FLAT_LOWMID_RATE_STRESS,VIX,FLAT_MID_RATE,FLAT_LOWMID_RATE_STRESS,FLAT_LOWMID_RATE_STRESS
2019-08-08,7.780671582890974e-05,11.839392224942094,-0.024519200021036802,0.0,0.0,FULL_RISK,FLAT_LOWMID_RATE_STRESS,VIX,FLAT_MID_RATE,FLAT_LOWMID_RATE_STRESS,FLAT_LOWMID_RATE_STRESS
2019-08-09,7.702833764056116e-05,11.840304193643856,-0.02444406035661406,0.0,0.0,FULL_RISK,FLAT_LOWMID_RATE_STRESS,VIX,FLAT_MID_RATE,FLAT_LOWMID_RATE_STRESS,FLAT_LOWMID_RATE_STRESS
2019-08-12,7.702833764056116e-05,11.841216232593052,-0.024368914904307926,0.0,0.0,FULL_RISK,FLAT_LOWMID_RATE_STRESS,VIX,FLAT_MID_RATE,FLAT_LOWMID_RATE_STRESS,FLAT_LOWMID_RATE_STRESS
2019-08-13,0.001524522607507975,11.85926843444003,-0.0228815432584919,0.19999999999999998,9.999999999999999e-05,FULL_RISK,INVERTED_STRESS,VIX,INVERTED,INVERTED_STRESS,INVERTED_STRESS
2019-08-14,-0.002888853375746875,11.82500874678931,-0.025704295210754236,0.0,0.0,FULL_RISK,INVERTED_STRESS,VIX,INVERTED,INVERTED_STRESS,INVERTED_STRESS
2019-08-15,0.0003303655816293524,11.828915322681715,-0.02538242144356262,0.0,0.0,FULL_RISK,INVERTED_STRESS,VIX,INVERTED,INVERTED_STRESS,INVERTED_STRESS
2019-08-16,0.0015402180193127225,11.847134431210632,-0.023881297887131225,0.0,0.0,FULL_RISK,INVERTED_STRESS,VIX,INVERTED,INVERTED_STRESS,INVERTED_STRESS
2019-08-19,0.001272010276984775,11.862204107959952,-0.02263966486648661,0.0,0.0,FULL_RISK,INVERTED_STRESS,VIX,INVERTED,INVERTED_STRESS,INVERTED_STRESS
2019-08-20,-0.000699020961435835,11.853912178639659,-0.023322860227620756,0.0,0.0,FULL_RISK,INVERTED_STRESS,VIX,INVERTED,INVERTED_STRESS,INVERTED_STRESS
2019-08-21,0.000881831142844811,11.864365327563332,-0.022461595909264775,0.0,0.0,FULL_RISK,INVERTED_STRESS,VIX,INVERTED,INVERTED_STRESS,INVERTED_STRESS
2019-08-22,-0.0022369021321592044,11.83782590346539,-0.02464825364964285,1.8000000000000003,0.0009000000000000002,NON_RISK,INVERTED_NORMAL,,INVERTED,INVERTED_NORMAL,INVERTED_NORMAL
2019-08-23,-0.004808930833476633,11.780898617476886,-0.029338652736152437,0.0,0.0,NON_RISK,INVERTED_NORMAL,,INVERTED,INVERTED_NORMAL,INVERTED_NORMAL
2019-08-26,0.006023204607627512,11.851857380311667,-0.023492160836866782,0.0,0.0,NON_RISK,INVERTED_NORMAL,,INVERTED,INVERTED_NORMAL,INVERTED_NORMAL
2019-08-27,0.0022989195519805858,11.879103846970553,-0.021247247872752117,0.0,0.0,NON_RISK,INVERTED_NORMAL,,INVERTED,INVERTED_NORMAL,INVERTED_NORMAL
2019-08-28,0.002495771541005341,11.90875137628447,-0.018804504608312178,0.0,0.0,NON_RISK,INVERTED_NORMAL,,INVERTED,INVERTED_NORMAL,INVERTED_NORMAL
2019-08-29,0.003579260502448326,11.951375899719082,-0.015292550326476584,0.0,0.0,NON_RISK,INVERTED_NORMAL,,INVERTED,INVERTED_NORMAL,INVERTED_NORMAL
2019-08-30,-0.0014232723875935856,11.934365836407261,-0.016694057249454497,0.0,0.0,NON_RISK,INVERTED_NORMAL,,INVERTED,INVERTED_NORMAL,INVERTED_NORMAL
2019-09-03,0.004499218046393939,11.988061150550692,-0.012269949406704894,0.13160375293260462,6.580187646630232e-05,NON_RISK,INVERTED_NORMAL,,INVERTED,INVERTED_NORMAL,INVERTED_NORMAL
2019-09-04,0.008659547009144845,12.09187232963239,-0.003716654601247149,0.0,0.0,NON_RISK,INVERTED_NORMAL,,INVERTED,INVERTED_NORMAL,INVERTED_NORMAL
2019-09-05,-0.006565562690560061,12.012482383805938,-0.010257815363023615,0.0,0.0,NON_RISK,INVERTED_NORMAL,,INVERTED,INVERTED_NORMAL,INVERTED_NORMAL
2019-09-06,-0.004125834998699854,11.962920863565566,-0.014341328308088541,0.0,0.0,NON_RISK,INVERTED_NORMAL,,INVERTED,INVERTED_NORMAL,INVERTED_NORMAL
2019-09-09,-0.0017297017922382734,11.942228577907452,-0.016046223879049304,0.0,0.0,NON_RISK,INVERTED_NORMAL,,INVERTED,INVERTED_NORMAL,INVERTED_NORMAL
2019-09-10,-0.004620476463463649,11.887049791841928,-0.020592559142752265,0.0,0.0,NON_RISK,INVERTED_NORMAL,,INVERTED,INVERTED_NORMAL,INVERTED_NORMAL
2019-09-11,0.00655903728173306,11.965017394596437,-0.014168589224162753,0.0,0.0,NON_RISK,INVERTED_NORMAL,,INVERTED,INVERTED_NORMAL,INVERTED_NORMAL
2019-09-12,0.0027224001508958434,11.997590959756957,-0.01148476164270884,0.0,0.0,NON_RISK,INVERTED_NORMAL,,INVERTED,INVERTED_NORMAL,INVERTED_NORMAL
2019-09-13,-0.0046766180561638865,11.94148280924409,-0.01610766985520362,0.0,0.0,NON_RISK,INVERTED_NORMAL,,INVERTED,INVERTED_NORMAL,INVERTED_NORMAL
2019-09-16,0.002937816851441276,11.976564698672284,-0.013217174387700314,0.0,0.0,NON_RISK,INVERTED_NORMAL,,INVERTED,INVERTED_NORMAL,INVERTED_NORMAL
2019-09-17,0.0022416981495429838,12.00341254159518,-0.011005105153524375,0.0,0.0,NON_RISK,INVERTED_NORMAL,,INVERTED,INVERTED_NORMAL,INVERTED_NORMAL
2019-09-18,-0.003028908802739479,11.967055299685029,-0.014000680496389362,0.0,0.0,NON_RISK,INVERTED_NORMAL,,INVERTED,INVERTED_NORMAL,INVERTED_NORMAL
2019-09-19,0.0021029929993474517,11.992221933203071,-0.011927130830111876,0.0,0.0,NON_RISK,INVERTED_NORMAL,,INVERTED,INVERTED_NORMAL,INVERTED_NORMAL
2019-09-20,0.0039934120792314235,12.040111817127947,-0.00798134869920808,0.0,0.0,NON_RISK,INVERTED_NORMAL,,INVERTED,INVERTED_NORMAL,INVERTED_NORMAL
2019-09-23,0.002837941333382401,12.07428094811232,-0.005166057965195314,0.0,0.0,NON_RISK,INVERTED_NORMAL,,INVERTED,INVERTED_NORMAL,INVERTED_NORMAL
2019-09-24,-0.0009261385569564341,12.063098490978748,-0.006087412036682727,0.0,0.0,NON_RISK,INVERTED_NORMAL,,INVERTED,INVERTED_NORMAL,INVERTED_NORMAL
2019-09-25,-0.006974134216136364,11.97896882304019,-0.01301909182424632,0.0,0.0,NON_RISK,INVERTED_NORMAL,,INVERTED,INVERTED_NORMAL,INVERTED_NORMAL
2019-09-26,-0.0011342172050297738,11.965382070502583,-0.014138542551335176,0.0,0.0,NON_RISK,INVERTED_NORMAL,,INVERTED,INVERTED_NORMAL,INVERTED_NORMAL
2019-09-27,-0.005261249729086662,11.902429207325733,-0.019325405877253954,0.0,0.0,NON_RISK,INVERTED_NORMAL,,INVERTED,INVERTED_NORMAL,INVERTED_NORMAL
2019-09-30,-0.00598683686802866,11.831171305328214,-0.025196544692887124,0.0,0.0,NON_RISK,INVERTED_NORMAL,,INVERTED,INVERTED_NORMAL,INVERTED_NORMAL
2019-10-01,-0.0035356018820680312,11.789340993794026,-0.02864306162411734,0.08629808108199111,4.314904054099555e-05,NON_RISK,INVERTED_NORMAL,,INVERTED,INVERTED_NORMAL,INVERTED_NORMAL
2019-10-02,-0.0034714289883007784,11.748415133715207,-0.032015058257982454,0.0,0.0,NON_RISK,INVERTED_NORMAL,,INVERTED,INVERTED_NORMAL,INVERTED_NORMAL
2019-10-03,0.006421209489825965,11.823854168462233,-0.025799424164060003,0.0,0.0,NON_RISK,INVERTED_NORMAL,,INVERTED,INVERTED_NORMAL,INVERTED_NORMAL
2019-10-04,0.006985310556253818,11.906447461800798,-0.018994330597764675,0.0,0.0,NON_RISK,INVERTED_NORMAL,,INVERTED,INVERTED_NORMAL,INVERTED_NORMAL
2019-10-07,-0.006352641040924055,11.830810075003358,-0.025226307474588427,0.0,0.0,NON_RISK,INVERTED_NORMAL,,INVERTED,INVERTED_NORMAL,INVERTED_NORMAL
2019-10-08,-0.0037845340382303243,11.78603597157467,-0.028915371693522207,0.0,0.0,NON_RISK,INVERTED_NORMAL,,INVERTED,INVERTED_NORMAL,INVERTED_NORMAL
2019-10-09,0.005345348070665591,11.849036436216121,-0.0237245863491512,0.0,0.0,NON_RISK,INVERTED_NORMAL,,INVERTED,INVERTED_NORMAL,INVERTED_NORMAL
2019-10-10,-0.0007314569722435198,11.840369375900483,-0.024438689807296132,0.0,0.0,NON_RISK,INVERTED_NORMAL,,INVERTED,INVERTED_NORMAL,INVERTED_NORMAL
2019-10-11,0.002671607344571448,11.872002193687576,-0.021832373045905684,0.0,0.0,NON_RISK,INVERTED_NORMAL,,INVERTED,INVERTED_NORMAL,INVERTED_NORMAL
2019-10-14,0.001359895872748697,11.888146880472036,-0.02050216692715434,0.0,0.0,NON_RISK,INVERTED_NORMAL,,INVERTED,INVERTED_NORMAL,INVERTED_NORMAL
2019-10-15,0.0017382108520514437,11.908810986390453,-0.018799593164146366,0.0,0.0,NON_RISK,INVERTED_NORMAL,,INVERTED,INVERTED_NORMAL,INVERTED_NORMAL
2019-10-16,0.0019431937648797999,11.931952113646338,-0.01689293065148545,0.0,0.0,NON_RISK,FLAT_MID_RATE_NORMAL,,FLAT_MID_RATE,FLAT_MID_RATE_NORMAL,FLAT_MID_RATE_NORMAL
2019-10-17,0.002211434285472498,11.958338841643071,-0.01471885397203776,0.0,0.0,NON_RISK,FLAT_MID_RATE_NORMAL,,FLAT_MID_RATE,FLAT_MID_RATE_NORMAL,FLAT_MID_RATE_NORMAL
2019-10-18,-0.0027755938840857246,11.92514734949038,-0.017453594295058106,0.0,0.0,NON_RISK,FLAT_MID_RATE_NORMAL,,FLAT_MID_RATE,FLAT_MID_RATE_NORMAL,FLAT_MID_RATE_NORMAL
2019-10-21,0.0011918838937910324,11.939360740547322,-0.016282513059196146,0.0,0.0,NON_RISK,FLAT_MID_RATE_NORMAL,,FLAT_MID_RATE,FLAT_MID_RATE_NORMAL,FLAT_MID_RATE_NORMAL
2019-10-22,-0.0002675426774839285,11.936166452007349,-0.0165456994695401,0.0,0.0,NON_RISK,FLAT_MID_RATE_NORMAL,,FLAT_MID_RATE,FLAT_MID_RATE_NORMAL,FLAT_MID_RATE_NORMAL
2019-10-23,0.0026409304105705104,11.967689036976088,-0.013948465099862806,0.0,0.0,NON_RISK,FLAT_MID_RATE_NORMAL,,FLAT_MID_RATE,FLAT_MID_RATE_NORMAL,FLAT_MID_RATE_NORMAL
2019-10-24,0.004285958392313032,12.018982054240707,-0.00972228924860441,0.0,0.0,NON_RISK,FLAT_MID_RATE_NORMAL,,FLAT_MID_RATE,FLAT_MID_RATE_NORMAL,FLAT_MID_RATE_NORMAL
2019-10-25,0.003241913294803094,12.057946551952352,-0.006511894772572191,0.0,0.0,NON_RISK,FLAT_MID_RATE_NORMAL,,FLAT_MID_RATE,FLAT_MID_RATE_NORMAL,FLAT_MID_RATE_NORMAL
2019-10-28,-0.001250974913510282,12.042862363307412,-0.0077547234690825695,0.0,0.0,NON_RISK,FLAT_MID_RATE_NORMAL,,FLAT_MID_RATE,FLAT_MID_RATE_NORMAL,FLAT_MID_RATE_NORMAL
2019-10-29,-0.0014948438183366713,12.024860164948542,-0.009237975186978553,0.0,0.0,NON_RISK,FLAT_MID_RATE_NORMAL,,FLAT_MID_RATE,FLAT_MID_RATE_NORMAL,FLAT_MID_RATE_NORMAL
2019-10-30,0.00423962729990996,12.075841090381457,-0.005037513458867271,0.0,0.0,NON_RISK,FLAT_MID_RATE_NORMAL,,FLAT_MID_RATE,FLAT_MID_RATE_NORMAL,FLAT_MID_RATE_NORMAL
2019-10-31,0.0034621848928885336,12.1176498849735,-0.0015927693689735678,0.0,0.0,NON_RISK,FLAT_MID_RATE_NORMAL,,FLAT_MID_RATE,FLAT_MID_RATE_NORMAL,FLAT_MID_RATE_NORMAL
2019-11-01,0.005110629451969317,12.1795787033643,0.0,0.024209061045260716,1.2104530522630358e-05,NON_RISK,FLAT_MID_RATE_NORMAL,,FLAT_MID_RATE,FLAT_MID_RATE_NORMAL,FLAT_MID_RATE_NORMAL
2019-11-04,0.0005991303088520338,12.186875858114533,0.0,0.0,0.0,NON_RISK,FLAT_MID_RATE_NORMAL,,FLAT_MID_RATE,FLAT_MID_RATE_NORMAL,FLAT_MID_RATE_NORMAL
2019-11-05,-0.008580934490054948,12.08230107473762,-0.008580934490054926,0.0,0.0,NON_RISK,FLAT_MID_RATE_NORMAL,,FLAT_MID_RATE,FLAT_MID_RATE_NORMAL,FLAT_MID_RATE_NORMAL
2019-11-06,0.0022424682915612704,12.109395251786815,-0.006357708671999696,0.0,0.0,NON_RISK,FLAT_MID_RATE_NORMAL,,FLAT_MID_RATE,FLAT_MID_RATE_NORMAL,FLAT_MID_RATE_NORMAL
2019-11-07,-0.005924275351724443,12.037655859972364,-0.012244319206945242,0.0,0.0,NON_RISK,FLAT_MID_RATE_NORMAL,,FLAT_MID_RATE,FLAT_MID_RATE_NORMAL,FLAT_MID_RATE_NORMAL
2019-11-08,-0.0019127389916467833,12.01463096624097,-0.014133638011818661,0.0,0.0,NON_RISK,FLAT_MID_RATE_NORMAL,,FLAT_MID_RATE,FLAT_MID_RATE_NORMAL,FLAT_MID_RATE_NORMAL
2019-11-11,-0.0021537403904667075,11.988754570252425,-0.016256938215235106,0.0,0.0,NON_RISK,FLAT_MID_RATE_NORMAL,,FLAT_MID_RATE,FLAT_MID_RATE_NORMAL,FLAT_MID_RATE_NORMAL
2019-11-12,0.0024012969891115746,12.017543130505171,-0.013894678962911855,0.0,0.0,NON_RISK,FLAT_MID_RATE_NORMAL,,FLAT_MID_RATE,FLAT_MID_RATE_NORMAL,FLAT_MID_RATE_NORMAL
2019-11-13,0.002147662696263061,12.04335275958729,-0.011776857350333958,0.0,0.0,NON_RISK,FLAT_MID_RATE_NORMAL,,FLAT_MID_RATE,FLAT_MID_RATE_NORMAL,FLAT_MID_RATE_NORMAL
2019-11-14,0.002818346218028406,12.077295097289655,-0.00899170239367908,0.0,0.0,NON_RISK,FLAT_MID_RATE_NORMAL,,FLAT_MID_RATE,FLAT_MID_RATE_NORMAL,FLAT_MID_RATE_NORMAL
2019-11-15,0.002395405186286119,12.106225112602012,-0.00661783597794019,0.0,0.0,NON_RISK,FLAT_MID_RATE_NORMAL,,FLAT_MID_RATE,FLAT_MID_RATE_NORMAL,FLAT_MID_RATE_NORMAL
2019-11-18,0.00184278176352501,12.128534243464642,-0.004787249441869368,0.0,0.0,NON_RISK,FLAT_MID_RATE_NORMAL,,FLAT_MID_RATE,FLAT_MID_RATE_NORMAL,FLAT_MID_RATE_NORMAL
2019-11-19,0.00010513417145109385,12.129809366863245,-0.004682618573921937,0.0,0.0,NON_RISK,FLAT_MID_RATE_NORMAL,,FLAT_MID_RATE,FLAT_MID_RATE_NORMAL,FLAT_MID_RATE_NORMAL
2019-11-20,-0.0016245946037818735,12.110103344020937,-0.006299605820836995,0.0,0.0,NON_RISK,FLAT_MID_RATE_NORMAL,,FLAT_MID_RATE,FLAT_MID_RATE_NORMAL,FLAT_MID_RATE_NORMAL
2019-11-21,-0.003526980897290293,12.067391240862364,-0.009804368128736751,0.0,0.0,NON_RISK,FLAT_MID_RATE_NORMAL,,FLAT_MID_RATE,FLAT_MID_RATE_NORMAL,FLAT_MID_RATE_NORMAL
2019-11-22,0.00018680086981982466,12.069645440042613,-0.009619398723411332,0.0,0.0,NON_RISK,FLAT_MID_RATE_NORMAL,,FLAT_MID_RATE,FLAT_MID_RATE_NORMAL,FLAT_MID_RATE_NORMAL
2019-11-25,0.0015309137455895771,12.088123026151168,-0.008103211447551661,0.0,0.0,NON_RISK,FLAT_MID_RATE_NORMAL,,FLAT_MID_RATE,FLAT_MID_RATE_NORMAL,FLAT_MID_RATE_NORMAL
2019-11-26,0.003529762732532622,12.130791232315145,-0.004602051128800522,0.0,0.0,NON_RISK,FLAT_MID_RATE_NORMAL,,FLAT_MID_RATE,FLAT_MID_RATE_NORMAL,FLAT_MID_RATE_NORMAL
2019-11-27,-0.0003811361492018356,12.126167749258089,-0.004981433269956703,0.0,0.0,NON_RISK,FLAT_MID_RATE_NORMAL,,FLAT_MID_RATE,FLAT_MID_RATE_NORMAL,FLAT_MID_RATE_NORMAL
2019-11-29,0.001206841273039216,12.140802108981692,-0.003780603796186499,0.0,0.0,NON_RISK,FLAT_MID_RATE_NORMAL,,FLAT_MID_RATE,FLAT_MID_RATE_NORMAL,FLAT_MID_RATE_NORMAL
2019-12-02,-0.0043690578779472375,12.087758241882847,-0.008133143997334558,0.04723559282923867,2.3617796414619336e-05,NON_RISK,FLAT_MID_RATE_NORMAL,,FLAT_MID_RATE,FLAT_MID_RATE_NORMAL,FLAT_MID_RATE_NORMAL
2019-12-03,0.0017543117115997593,12.108963937733568,-0.0063931003555014465,0.0,0.0,NON_RISK,FLAT_MID_RATE_NORMAL,,FLAT_MID_RATE,FLAT_MID_RATE_NORMAL,FLAT_MID_RATE_NORMAL
2019-12-04,0.002255197410275887,12.136272041847068,-0.004152320648591057,0.0,0.0,NON_RISK,FLAT_MID_RATE_NORMAL,,FLAT_MID_RATE,FLAT_MID_RATE_NORMAL,FLAT_MID_RATE_NORMAL
2019-12-05,0.001163071416085575,12.150387392956778,-0.0029940786779623085,0.0,0.0,NON_RISK,FLAT_MID_RATE_NORMAL,,FLAT_MID_RATE,FLAT_MID_RATE_NORMAL,FLAT_MID_RATE_NORMAL
2019-12-06,-0.0007689075668633732,12.141044868150013,-0.0037606840750743498,0.0,0.0,NON_RISK,FLAT_MID_RATE_NORMAL,,FLAT_MID_RATE,FLAT_MID_RATE_NORMAL,FLAT_MID_RATE_NORMAL
2019-12-09,-0.001661563884815193,12.120871746473174,-0.005415999343048261,0.0,0.0,NON_RISK,FLAT_MID_RATE_NORMAL,,FLAT_MID_RATE,FLAT_MID_RATE_NORMAL,FLAT_MID_RATE_NORMAL
2019-12-10,0.0009367377589062502,12.132225824708955,-0.004484334955228819,0.0,0.0,NON_RISK,FLAT_MID_RATE_NORMAL,,FLAT_MID_RATE,FLAT_MID_RATE_NORMAL,FLAT_MID_RATE_NORMAL
2019-12-11,0.004941114325186263,12.192172539527819,0.0,0.0,0.0,NON_RISK,FLAT_MID_RATE_NORMAL,,FLAT_MID_RATE,FLAT_MID_RATE_NORMAL,FLAT_MID_RATE_NORMAL
2019-12-12,0.002309162810140905,12.220326250930917,0.0,0.0,0.0,NON_RISK,FLAT_MID_RATE_NORMAL,,FLAT_MID_RATE,FLAT_MID_RATE_NORMAL,FLAT_MID_RATE_NORMAL
2019-12-13,0.0026145277427186793,12.25227663293905,0.0,0.0,0.0,NON_RISK,FLAT_MID_RATE_NORMAL,,FLAT_MID_RATE,FLAT_MID_RATE_NORMAL,FLAT_MID_RATE_NORMAL
2019-12-16,0.003263670540680609,12.292264027242243,0.0,0.0,0.0,NON_RISK,FLAT_MID_RATE_NORMAL,,FLAT_MID_RATE,FLAT_MID_RATE_NORMAL,FLAT_MID_RATE_NORMAL
2019-12-17,-6.861010998075322e-06,12.292179689883561,-6.8610109981159795e-06,0.0,0.0,NON_RISK,FLAT_MID_RATE_NORMAL,,FLAT_MID_RATE,FLAT_MID_RATE_NORMAL,FLAT_MID_RATE_NORMAL
2019-12-18,6.748051249362422e-05,12.293009172468699,0.0,0.0,0.0,NON_RISK,FLAT_MID_RATE_NORMAL,,FLAT_MID_RATE,FLAT_MID_RATE_NORMAL,FLAT_MID_RATE_NORMAL
2019-12-19,0.0033147471228905127,12.333757389254805,0.0,0.0,0.0,NON_RISK,FLAT_MID_RATE_NORMAL,,FLAT_MID_RATE,FLAT_MID_RATE_NORMAL,FLAT_MID_RATE_NORMAL
2019-12-20,0.0026284482809491067,12.366176032662235,0.0,0.0,0.0,NON_RISK,FLAT_MID_RATE_NORMAL,,FLAT_MID_RATE,FLAT_MID_RATE_NORMAL,FLAT_MID_RATE_NORMAL
2019-12-23,0.0023352501195718646,12.395054146721156,0.0,0.0,0.0,NON_RISK,FLAT_MID_RATE_NORMAL,,FLAT_MID_RATE,FLAT_MID_RATE_NORMAL,FLAT_MID_RATE_NORMAL
2019-12-24,0.004914750562085426,12.455972746055833,0.0,0.0,0.0,NON_RISK,FLAT_MID_RATE_NORMAL,,FLAT_MID_RATE,FLAT_MID_RATE_NORMAL,FLAT_MID_RATE_NORMAL
2019-12-26,0.006639769181927067,12.53867753002602,0.0,0.0,0.0,NON_RISK,FLAT_MID_RATE_NORMAL,,FLAT_MID_RATE,FLAT_MID_RATE_NORMAL,FLAT_MID_RATE_NORMAL
2019-12-27,-0.0003014947891237687,12.534897184088214,-0.00030149478912366856,0.0,0.0,NON_RISK,FLAT_MID_RATE_NORMAL,,FLAT_MID_RATE,FLAT_MID_RATE_NORMAL,FLAT_MID_RATE_NORMAL
2019-12-30,-0.001553958434658067,12.515418474881429,-0.0018549847134111674,0.0,0.0,NON_RISK,FLAT_MID_RATE_NORMAL,,FLAT_MID_RATE,FLAT_MID_RATE_NORMAL,FLAT_MID_RATE_NORMAL
2019-12-31,0.002150576173251897,12.542333835651785,0.0,0.0,0.0,NON_RISK,FLAT_MID_RATE_NORMAL,,FLAT_MID_RATE,FLAT_MID_RATE_NORMAL,FLAT_MID_RATE_NORMAL
2020-01-02,0.00837361956510574,12.647358567650087,0.0,0.12511829980537875,6.255914990268938e-05,NON_RISK,FLAT_MID_RATE_NORMAL,,FLAT_MID_RATE,FLAT_MID_RATE_NORMAL,FLAT_MID_RATE_NORMAL
2020-01-03,0.001950855250446669,12.672031733516068,0.0,0.0,0.0,NON_RISK,FLAT_MID_RATE_NORMAL,,FLAT_MID_RATE,FLAT_MID_RATE_NORMAL,FLAT_MID_RATE_NORMAL
2020-01-06,0.006864888053988183,12.75902381278324,0.0,0.0,0.0,NON_RISK,FLAT_MID_RATE_NORMAL,,FLAT_MID_RATE,FLAT_MID_RATE_NORMAL,FLAT_MID_RATE_NORMAL
2020-01-07,0.00027106809583758197,12.762482377072917,0.0,0.0,0.0,NON_RISK,FLAT_MID_RATE_NORMAL,,FLAT_MID_RATE,FLAT_MID_RATE_NORMAL,FLAT_MID_RATE_NORMAL
2020-01-08,-0.0005333626922985951,12.755675345111868,-0.0005333626922986445,0.0,0.0,NON_RISK,FLAT_MID_RATE_NORMAL,,FLAT_MID_RATE,FLAT_MID_RATE_NORMAL,FLAT_MID_RATE_NORMAL
2020-01-09,0.0010997180645447953,12.769702991714357,0.0,0.0,0.0,NON_RISK,FLAT_MID_RATE_NORMAL,,FLAT_MID_RATE,FLAT_MID_RATE_NORMAL,FLAT_MID_RATE_NORMAL
2020-01-10,0.001190944250664881,12.784910996075036,0.0,0.0,0.0,NON_RISK,FLAT_MID_RATE_NORMAL,,FLAT_MID_RATE,FLAT_MID_RATE_NORMAL,FLAT_MID_RATE_NORMAL
2020-01-13,0.00034431745350376993,12.789313064072477,0.0,0.0,0.0,NON_RISK,FLAT_MID_RATE_NORMAL,,FLAT_MID_RATE,FLAT_MID_RATE_NORMAL,FLAT_MID_RATE_NORMAL
2020-01-14,-0.0012350742218184775,12.773517313192276,-0.0012350742218184552,0.0,0.0,NON_RISK,FLAT_MID_RATE_NORMAL,,FLAT_MID_RATE,FLAT_MID_RATE_NORMAL,FLAT_MID_RATE_NORMAL
2020-01-15,0.0038930200866953354,12.823244872670283,0.0,0.0,0.0,NON_RISK,FLAT_MID_RATE_NORMAL,,FLAT_MID_RATE,FLAT_MID_RATE_NORMAL,FLAT_MID_RATE_NORMAL
2020-01-16,0.003800163773296964,12.87197530329152,0.0,0.0,0.0,NON_RISK,FLAT_MID_RATE_NORMAL,,FLAT_MID_RATE,FLAT_MID_RATE_NORMAL,FLAT_MID_RATE_NORMAL
2020-01-17,0.0025334809216226595,12.904586207146007,0.0,0.0,0.0,NON_RISK,FLAT_MID_RATE_NORMAL,,FLAT_MID_RATE,FLAT_MID_RATE_NORMAL,FLAT_MID_RATE_NORMAL
2020-01-21,-0.0005645959826198787,12.89730032961608,-0.0005645959826199309,0.0,0.0,NON_RISK,FLAT_MID_RATE_NORMAL,,FLAT_MID_RATE,FLAT_MID_RATE_NORMAL,FLAT_MID_RATE_NORMAL
2020-01-22,0.00022118238589197636,12.90015298527455,-0.00034353847541446214,0.0,0.0,NON_RISK,FLAT_MID_RATE_NORMAL,,FLAT_MID_RATE,FLAT_MID_RATE_NORMAL,FLAT_MID_RATE_NORMAL
2020-01-23,0.0016501671577815848,12.921440394061207,0.0,0.0,0.0,NON_RISK,FLAT_MID_RATE_NORMAL,,FLAT_MID_RATE,FLAT_MID_RATE_NORMAL,FLAT_MID_RATE_NORMAL
2020-01-24,-0.00215826620066997,12.893552485994734,-0.002158266200669945,0.0,0.0,NON_RISK,FLAT_MID_RATE_NORMAL,,FLAT_MID_RATE,FLAT_MID_RATE_NORMAL,FLAT_MID_RATE_NORMAL
2020-01-27,-0.005586040704982793,12.821528576976135,-0.0077322507428035925,0.0,0.0,NON_RISK,FLAT_MID_RATE_NORMAL,,FLAT_MID_RATE,FLAT_MID_RATE_NORMAL,FLAT_MID_RATE_NORMAL
2020-01-28,0.001611592458704375,12.842191655739851,-0.006133119521085195,0.0,0.0,NON_RISK,FLAT_MID_RATE_NORMAL,,FLAT_MID_RATE,FLAT_MID_RATE_NORMAL,FLAT_MID_RATE_NORMAL
2020-01-29,0.002027090455538709,12.868223939873399,-0.004118461453590516,0.0,0.0,NON_RISK,FLAT_MID_RATE_NORMAL,,FLAT_MID_RATE,FLAT_MID_RATE_NORMAL,FLAT_MID_RATE_NORMAL
2020-01-30,0.0017931506694991532,12.89129860424645,-0.002332695806004037,0.0,0.0,NON_RISK,FLAT_MID_RATE_NORMAL,,FLAT_MID_RATE,FLAT_MID_RATE_NORMAL,FLAT_MID_RATE_NORMAL
2020-01-31,-0.00721380686230617,12.798303265911098,-0.009529675051297204,0.0,0.0,NON_RISK,FLAT_MID_RATE_NORMAL,,FLAT_MID_RATE,FLAT_MID_RATE_NORMAL,FLAT_MID_RATE_NORMAL
2020-02-03,0.0004559144577449457,12.804138197404631,-0.009078105310185713,0.08173683449586533,4.0868417247932666e-05,NON_RISK,FLAT_MID_RATE_NORMAL,,FLAT_MID_RATE,FLAT_MID_RATE_NORMAL,FLAT_MID_RATE_NORMAL
2020-02-04,0.0011779487661094934,12.819220816195358,-0.00791085008702519,0.0,0.0,NON_RISK,FLAT_MID_RATE_NORMAL,,FLAT_MID_RATE,FLAT_MID_RATE_NORMAL,FLAT_MID_RATE_NORMAL
2020-02-05,0.006411217864989038,12.90140763370739,-0.0015503504054412698,0.0,0.0,NON_RISK,FLAT_MID_RATE_NORMAL,,FLAT_MID_RATE,FLAT_MID_RATE_NORMAL,FLAT_MID_RATE_NORMAL
2020-02-06,0.004372160811719064,12.957814662579498,0.0,0.0,0.0,NON_RISK,FLAT_MID_RATE_NORMAL,,FLAT_MID_RATE,FLAT_MID_RATE_NORMAL,FLAT_MID_RATE_NORMAL
2020-02-07,-0.001359376490682443,12.940200113956568,-0.0013593764906824068,0.0,0.0,NON_RISK,FLAT_MID_RATE_NORMAL,,FLAT_MID_RATE,FLAT_MID_RATE_NORMAL,FLAT_MID_RATE_NORMAL
2020-02-10,0.005029260834922894,13.005279755585756,0.0,0.0,0.0,NON_RISK,FLAT_MID_RATE_NORMAL,,FLAT_MID_RATE,FLAT_MID_RATE_NORMAL,FLAT_MID_RATE_NORMAL
2020-02-11,-0.0008433894727157506,12.994311239550171,-0.0008433894727157831,0.0,0.0,NON_RISK,FLAT_MID_RATE_NORMAL,,FLAT_MID_RATE,FLAT_MID_RATE_NORMAL,FLAT_MID_RATE_NORMAL
2020-02-12,0.0028308408016486874,13.031096065996412,0.0,0.0,0.0,NON_RISK,FLAT_MID_RATE_NORMAL,,FLAT_MID_RATE,FLAT_MID_RATE_NORMAL,FLAT_MID_RATE_NORMAL
2020-02-13,0.0022986073973479183,13.061049439809262,0.0,0.0,0.0,NON_RISK,FLAT_MID_RATE_NORMAL,,FLAT_MID_RATE,FLAT_MID_RATE_NORMAL,FLAT_MID_RATE_NORMAL
2020-02-14,0.002884644505084661,13.098725924306448,0.0,0.0,0.0,NON_RISK,FLAT_MID_RATE_NORMAL,,FLAT_MID_RATE,FLAT_MID_RATE_NORMAL,FLAT_MID_RATE_NORMAL
2020-02-18,0.005087280082795947,13.165362811811175,0.0,0.0,0.0,NON_RISK,FLAT_MID_RATE_NORMAL,,FLAT_MID_RATE,FLAT_MID_RATE_NORMAL,FLAT_MID_RATE_NORMAL
2020-02-19,0.0053039324374949525,13.23519100668013,0.0,0.0,0.0,NON_RISK,FLAT_MID_RATE_NORMAL,,FLAT_MID_RATE,FLAT_MID_RATE_NORMAL,FLAT_MID_RATE_NORMAL
2020-02-20,-2.9607432347622618e-05,13.234799146657792,-2.9607432347589224e-05,0.0,0.0,NON_RISK,FLAT_MID_RATE_NORMAL,,FLAT_MID_RATE,FLAT_MID_RATE_NORMAL,FLAT_MID_RATE_NORMAL
2020-02-21,0.002307936290611651,13.265344219907318,0.0,0.0,0.0,NON_RISK,FLAT_MID_RATE_NORMAL,,FLAT_MID_RATE,FLAT_MID_RATE_NORMAL,FLAT_MID_RATE_NORMAL
2020-02-24,-0.012182153948949396,13.103743754434602,-0.012182153948949392,0.0,0.0,NON_RISK,FLAT_MID_RATE_NORMAL,,FLAT_MID_RATE,FLAT_MID_RATE_NORMAL,FLAT_MID_RATE_NORMAL
2020-02-25,-0.0009409164590262744,13.091414226261191,-0.01311160801881861,2.0,0.001,FULL_RISK,FLAT_LOWMID_RATE_STRESS,VIX,FLAT_MID_RATE,FLAT_LOWMID_RATE_STRESS,FLAT_LOWMID_RATE_STRESS
2020-02-26,5.908354097372559e-05,13.092187713370032,-0.013053299158074516,0.0,0.0,FULL_RISK,FLAT_LOWMID_RATE_STRESS,VIX,FLAT_MID_RATE,FLAT_LOWMID_RATE_STRESS,FLAT_LOWMID_RATE_STRESS
2020-02-27,5.595443991035509e-05,13.092920279400735,-0.012998075108207607,0.0,0.0,FULL_RISK,FLAT_LOWMID_RATE_STRESS,VIX,FLAT_MID_RATE,FLAT_LOWMID_RATE_STRESS,FLAT_LOWMID_RATE_STRESS
2020-02-28,4.929692933375307e-05,13.09356572016652,-0.012949418944063984,0.0,0.0,FULL_RISK,FLAT_LOWMID_RATE_STRESS,VIX,FLAT_MID_RATE,FLAT_LOWMID_RATE_STRESS,FLAT_LOWMID_RATE_STRESS
2020-03-02,4.341340280400452e-05,13.09413415640927,-0.012906567719600748,0.0,0.0,FULL_RISK,FLAT_LOWMID_RATE_STRESS,VIX,FLAT_MID_RATE,FLAT_LOWMID_RATE_STRESS,FLAT_LOWMID_RATE_STRESS
2020-03-03,3.6734886069256234e-05,13.09461516793568,-0.012870306954826272,0.0,0.0,FULL_RISK,FLAT_LOWMID_RATE_STRESS,VIX,FLAT_LOW_RATE,FLAT_LOWMID_RATE_STRESS,FLAT_LOWMID_RATE_STRESS
2020-03-04,2.8075448361919442e-05,13.094982805127648,-0.012842592846102563,0.0,0.0,FULL_RISK,FLAT_LOWMID_RATE_STRESS,VIX,FLAT_LOW_RATE,FLAT_LOWMID_RATE_STRESS,FLAT_LOWMID_RATE_STRESS
2020-03-05,2.4133109912671813e-05,13.095298827786989,-0.012818769667894636,0.0,0.0,FULL_RISK,FLAT_LOWMID_RATE_STRESS,CREDIT+VIX,FLAT_LOW_RATE,FLAT_LOWMID_RATE_STRESS,FLAT_LOWMID_RATE_STRESS
2020-03-06,1.781724314131594e-05,13.09553214991021,-0.012801180819889346,0.0,0.0,FULL_RISK,FLAT_LOWMID_RATE_STRESS,CREDIT+VIX,FLAT_LOW_RATE,FLAT_LOWMID_RATE_STRESS,FLAT_LOWMID_RATE_STRESS
2020-03-09,1.2678218846096101e-05,13.095698177932713,-0.012788664897215196,0.0,0.0,FULL_RISK,FLAT_LOWMID_RATE_STRESS,CREDIT+VIX,FLAT_LOW_RATE,FLAT_LOWMID_RATE_STRESS,FLAT_LOWMID_RATE_STRESS
2020-03-10,1.7027055344120967e-05,13.095921159110357,-0.01277185559517613,0.0,0.0,FULL_RISK,FLAT_LOWMID_RATE_STRESS,CREDIT+VIX,FLAT_LOW_RATE,FLAT_LOWMID_RATE_STRESS,FLAT_LOWMID_RATE_STRESS
2020-03-11,1.623671079520328e-05,13.096133793794815,-0.012755826257306535,0.0,0.0,FULL_RISK,FLAT_LOWMID_RATE_STRESS,CREDIT+VIX,FLAT_LOW_RATE,FLAT_LOWMID_RATE_STRESS,FLAT_LOWMID_RATE_STRESS
2020-03-12,1.3073763831750185e-05,13.096305009555143,-0.012742919260134822,0.0,0.0,FULL_RISK,FLAT_LOWMID_RATE_STRESS,CREDIT+VIX,FLAT_LOW_RATE,FLAT_LOWMID_RATE_STRESS,FLAT_LOWMID_RATE_STRESS
2020-03-13,1.0699904655186998e-05,13.09644513877008,-0.01273235570350073,0.0,0.0,FULL_RISK,FLAT_LOWMID_RATE_STRESS,CREDIT+VIX,FLAT_LOW_RATE,FLAT_LOWMID_RATE_STRESS,FLAT_LOWMID_RATE_STRESS
2020-03-16,9.512444448356305e-06,13.096569717976934,-0.012722964374878742,0.0,0.0,FULL_RISK,FLAT_LOWMID_RATE_STRESS,CREDIT+VIX,FLAT_LOW_RATE,FLAT_LOWMID_RATE_STRESS,FLAT_LOWMID_RATE_STRESS
2020-03-17,7.532557270595319e-06,13.096668368638383,-0.012715527654065917,0.0,0.0,FULL_RISK,FLAT_LOWMID_RATE_STRESS,CREDIT+VIX,FLAT_LOW_RATE,FLAT_LOWMID_RATE_STRESS,FLAT_LOWMID_RATE_STRESS
2020-03-18,7.935717540874521e-07,13.096678761784473,-0.012714744172995451,0.0,0.0,FULL_RISK,FLAT_LOWMID_RATE_STRESS,CREDIT+VIX,FLAT_LOW_RATE,FLAT_LOWMID_RATE_STRESS,FLAT_LOWMID_RATE_STRESS
2020-03-19,1.5869854708139286e-06,13.096699546023384,-0.012713177365638817,0.0,0.0,FULL_RISK,FLAT_LOWMID_RATE_STRESS,CREDIT+VIX,FLAT_LOW_RATE,FLAT_LOWMID_RATE_STRESS,FLAT_LOWMID_RATE_STRESS
2020-03-20,1.98363308512306e-06,13.096725525069909,-0.012711218950833048,0.0,0.0,FULL_RISK,FLAT_LOWMID_RATE_STRESS,CREDIT+VIX,FLAT_LOW_RATE,FLAT_LOWMID_RATE_STRESS,FLAT_LOWMID_RATE_STRESS
2020-03-23,7.935717540874521e-07,13.096735918261356,-0.012710435466343317,0.0,0.0,FULL_RISK,FLAT_LOWMID_RATE_STRESS,CREDIT+VIX,FLAT_LOW_RATE,FLAT_LOWMID_RATE_STRESS,FLAT_LOWMID_RATE_STRESS
2020-03-24,3.968056356828953e-07,13.096741115119977,-0.012710043704280083,0.0,0.0,FULL_RISK,FLAT_LOWMID_RATE_STRESS,CREDIT+VIX,FLAT_LOW_RATE,FLAT_LOWMID_RATE_STRESS,FLAT_LOWMID_RATE_STRESS
2020-03-25,-1.5876178720564127e-06,13.096720322499717,-0.012711611143459534,0.0,0.0,FULL_RISK,FLAT_LOWMID_RATE_STRESS,CREDIT+VIX,FLAT_LOW_RATE,FLAT_LOWMID_RATE_STRESS,FLAT_LOWMID_RATE_STRESS
2020-03-26,-1.9846212119256634e-06,13.096694330470758,-0.012713570536938446,0.0,0.0,FULL_RISK,FLAT_LOWMID_RATE_STRESS,CREDIT+VIX,FLAT_LOW_RATE,FLAT_LOWMID_RATE_STRESS,FLAT_LOWMID_RATE_STRESS
2020-03-27,1.1902983632072761e-06,13.096709919444583,-0.01271239537151736,0.0,0.0,FULL_RISK,FLAT_LOWMID_RATE_STRESS,CREDIT+VIX,FLAT_LOW_RATE,FLAT_LOWMID_RATE_STRESS,FLAT_LOWMID_RATE_STRESS
2020-03-30,4.759061227099792e-06,13.096772247488964,-0.012707696809358127,0.0,0.0,FULL_RISK,FLAT_LOWMID_RATE_STRESS,CREDIT+VIX,FLAT_LOW_RATE,FLAT_LOWMID_RATE_STRESS,FLAT_LOWMID_RATE_STRESS
2020-03-31,4.362689847159373e-06,13.096829384644279,-0.012703389559250877,0.0,0.0,FULL_RISK,FLAT_LOWMID_RATE_STRESS,CREDIT+VIX,FLAT_LOW_RATE,FLAT_LOWMID_RATE_STRESS,FLAT_LOWMID_RATE_STRESS
2020-04-01,3.5698287639274184e-06,13.096876138082532,-0.012699865079412342,0.0,0.0,FULL_RISK,FLAT_LOWMID_RATE_STRESS,CREDIT+VIX,FLAT_LOW_RATE,FLAT_LOWMID_RATE_STRESS,FLAT_LOWMID_RATE_STRESS
2020-04-02,3.5698287639274184e-06,13.096922891687687,-0.012696340586992205,0.0,0.0,FULL_RISK,FLAT_LOWMID_RATE_STRESS,CREDIT+VIX,FLAT_LOW_RATE,FLAT_LOWMID_RATE_STRESS,FLAT_LOWMID_RATE_STRESS
2020-04-03,3.966279028766451e-06,13.096974837738292,-0.012692424665192936,0.0,0.0,FULL_RISK,FLAT_LOWMID_RATE_STRESS,CREDIT+VIX,FLAT_LOW_RATE,FLAT_LOWMID_RATE_STRESS,FLAT_LOWMID_RATE_STRESS
2020-04-06,5.947938814809817e-06,13.097052737743287,-0.012686552220143366,0.0,0.0,FULL_RISK,FLAT_LOWMID_RATE_STRESS,CREDIT+VIX,FLAT_LOW_RATE,FLAT_LOWMID_RATE_STRESS,FLAT_LOWMID_RATE_STRESS
2020-04-07,0.005916344814647662,13.174539417795403,-0.006845265422938951,2.0,0.001,NON_RISK,FLAT_LOW_RATE_NORMAL,,FLAT_LOW_RATE,FLAT_LOW_RATE_NORMAL,FLAT_LOW_RATE_NORMAL
2020-04-08,0.002712807678301777,13.21027940948609,-0.004151027633236493,0.0,0.0,NON_RISK,FLAT_LOW_RATE_NORMAL,,FLAT_LOW_RATE,FLAT_LOW_RATE_NORMAL,FLAT_LOW_RATE_NORMAL
2020-04-09,0.006380605041398877,13.294568984884544,0.0,0.0,0.0,NON_RISK,FLAT_LOW_RATE_NORMAL,,FLAT_LOW_RATE,FLAT_LOW_RATE_NORMAL,FLAT_LOW_RATE_NORMAL
2020-04-13,0.016068594798688378,13.508194026925862,0.0,0.0,0.0,NON_RISK,FLAT_LOW_RATE_NORMAL,,FLAT_LOW_RATE,FLAT_LOW_RATE_NORMAL,FLAT_LOW_RATE_NORMAL
2020-04-14,-0.0006703543960661557,13.499138749676998,-0.0006703543960661085,0.0,0.0,NON_RISK,FLAT_LOW_RATE_NORMAL,,FLAT_LOW_RATE,FLAT_LOW_RATE_NORMAL,FLAT_LOW_RATE_NORMAL
2020-04-15,-0.012487771974515612,13.330564583118685,-0.013149755137741526,0.0,0.0,NON_RISK,FLAT_LOW_RATE_NORMAL,,FLAT_LOW_RATE,FLAT_LOW_RATE_NORMAL,FLAT_LOW_RATE_NORMAL
2020-04-16,0.0011842417623397108,13.34635119441358,-0.01198108586460045,0.0,0.0,NON_RISK,FLAT_LOW_RATE_NORMAL,,FLAT_LOW_RATE,FLAT_LOW_RATE_NORMAL,FLAT_LOW_RATE_NORMAL
2020-04-17,0.011765086164746303,13.50337216620082,-0.0003569582073984501,0.0,0.0,NON_RISK,FLAT_LOW_RATE_NORMAL,,FLAT_LOW_RATE,FLAT_LOW_RATE_NORMAL,FLAT_LOW_RATE_NORMAL
2020-04-20,-0.0171547287907981,13.271725478928435,-0.017505563476958863,0.0,0.0,NON_RISK,FLAT_LOW_RATE_NORMAL,,FLAT_LOW_RATE,FLAT_LOW_RATE_NORMAL,FLAT_LOW_RATE_NORMAL
2020-04-21,-0.024001925039550617,12.953178518837701,-0.04108732129416037,0.0,0.0,NON_RISK,FLAT_LOW_RATE_NORMAL,,FLAT_LOW_RATE,FLAT_LOW_RATE_NORMAL,FLAT_LOW_RATE_NORMAL
2020-04-22,0.0109264679391054,13.09471100863329,-0.03060979265387931,0.0,0.0,NON_RISK,FLAT_LOW_RATE_NORMAL,,FLAT_LOW_RATE,FLAT_LOW_RATE_NORMAL,FLAT_LOW_RATE_NORMAL
2020-04-23,-0.0005188018800654948,13.087917447943097,-0.03111271411596761,0.0,0.0,NON_RISK,FLAT_LOW_RATE_NORMAL,,FLAT_LOW_RATE,FLAT_LOW_RATE_NORMAL,FLAT_LOW_RATE_NORMAL
2020-04-24,-0.001749849296864636,13.065015564799392,-0.03280812085191276,0.0,0.0,NON_RISK,FLAT_LOW_RATE_NORMAL,,FLAT_LOW_RATE,FLAT_LOW_RATE_NORMAL,FLAT_LOW_RATE_NORMAL
2020-04-27,-0.0011716470167217282,13.049707978289472,-0.03394132833171404,0.0,0.0,NON_RISK,FLAT_LOW_RATE_NORMAL,,FLAT_LOW_RATE,FLAT_LOW_RATE_NORMAL,FLAT_LOW_RATE_NORMAL
2020-04-28,0.00028500595096568257,13.053427222721648,-0.0336659958613067,0.0,0.0,NON_RISK,FLAT_LOW_RATE_NORMAL,,FLAT_LOW_RATE,FLAT_LOW_RATE_NORMAL,FLAT_LOW_RATE_NORMAL
2020-04-29,0.013338755115072175,13.227543691857948,-0.02077630322073365,0.0,0.0,NON_RISK,FLAT_LOW_RATE_NORMAL,,FLAT_LOW_RATE,FLAT_LOW_RATE_NORMAL,FLAT_LOW_RATE_NORMAL
2020-04-30,-0.00024740217976842657,13.224271168715601,-0.021018565297797553,0.0,0.0,NON_RISK,FLAT_LOW_RATE_NORMAL,,FLAT_LOW_RATE,FLAT_LOW_RATE_NORMAL,FLAT_LOW_RATE_NORMAL
2020-05-01,-0.01444141367203298,13.03329399825704,-0.03515644117357242,0.017912496604990863,8.956248302495432e-06,NON_RISK,FLAT_LOW_RATE_NORMAL,,FLAT_LOW_RATE,FLAT_LOW_RATE_NORMAL,FLAT_LOW_RATE_NORMAL
2020-05-04,0.0035330674674041657,13.079341505275396,-0.03174758378474829,0.0,0.0,NON_RISK,FLAT_LOW_RATE_NORMAL,,FLAT_LOW_RATE,FLAT_LOW_RATE_NORMAL,FLAT_LOW_RATE_NORMAL
2020-05-05,0.013530981278935907,13.256317830324088,-0.01864617846765526,0.0,0.0,NON_RISK,FLAT_LOW_RATE_NORMAL,,FLAT_LOW_RATE,FLAT_LOW_RATE_NORMAL,FLAT_LOW_RATE_NORMAL
2020-05-06,-0.0009996458908832521,13.243066206676762,-0.019627184782852636,0.0,0.0,NON_RISK,FLAT_LOW_RATE_NORMAL,,FLAT_LOW_RATE,FLAT_LOW_RATE_NORMAL,FLAT_LOW_RATE_NORMAL
2020-05-07,0.008182074103638158,13.351421955739179,-0.011605701759553444,0.0,0.0,NON_RISK,FLAT_LOW_RATE_NORMAL,,FLAT_LOW_RATE,FLAT_LOW_RATE_NORMAL,FLAT_LOW_RATE_NORMAL
2020-05-08,0.017545561366013755,13.585680148987144,0.0,0.0,0.0,NON_RISK,FLAT_LOW_RATE_NORMAL,,FLAT_LOW_RATE,FLAT_LOW_RATE_NORMAL,FLAT_LOW_RATE_NORMAL
2020-05-11,-0.0054001273602363835,13.512315745907179,-0.0054001273602363176,0.0,0.0,NON_RISK,FLAT_LOW_RATE_NORMAL,,FLAT_LOW_RATE,FLAT_LOW_RATE_NORMAL,FLAT_LOW_RATE_NORMAL
2020-05-12,-0.01670423059311376,13.286602907840583,-0.022014152980692536,0.0,0.0,NON_RISK,FLAT_LOW_RATE_NORMAL,,FLAT_LOW_RATE,FLAT_LOW_RATE_NORMAL,FLAT_LOW_RATE_NORMAL
2020-05-13,-0.005115798976247097,13.21863131828685,-0.027017331975658143,0.0,0.0,NON_RISK,FLAT_LOW_RATE_NORMAL,,FLAT_LOW_RATE,FLAT_LOW_RATE_NORMAL,FLAT_LOW_RATE_NORMAL
2020-05-14,0.009285294579029501,13.34137020400873,-0.01798290128276203,0.0,0.0,NON_RISK,FLAT_LOW_RATE_NORMAL,,FLAT_LOW_RATE,FLAT_LOW_RATE_NORMAL,FLAT_LOW_RATE_NORMAL
2020-05-15,-2.0941006143634228e-06,13.34134226583719,-0.017984957725371675,0.0,0.0,NON_RISK,FLAT_LOW_RATE_NORMAL,,FLAT_LOW_RATE,FLAT_LOW_RATE_NORMAL,FLAT_LOW_RATE_NORMAL
2020-05-18,0.02977723366603173,13.738610531905529,0.0,0.0,0.0,NON_RISK,FLAT_LOW_RATE_NORMAL,,FLAT_LOW_RATE,FLAT_LOW_RATE_NORMAL,FLAT_LOW_RATE_NORMAL
2020-05-19,-0.008104759715450015,13.627262394720283,-0.008104759715450105,0.0,0.0,NON_RISK,FLAT_LOW_RATE_NORMAL,,FLAT_LOW_RATE,FLAT_LOW_RATE_NORMAL,FLAT_LOW_RATE_NORMAL
2020-05-20,0.017629995212024453,13.867510965492203,0.0,0.0,0.0,NON_RISK,FLAT_LOW_RATE_NORMAL,,FLAT_LOW_RATE,FLAT_LOW_RATE_NORMAL,FLAT_LOW_RATE_NORMAL
2020-05-21,-0.009555570111557743,13.734998992188647,-0.00955557011155772,0.0,0.0,NON_RISK,FLAT_LOW_RATE_NORMAL,,FLAT_LOW_RATE,FLAT_LOW_RATE_NORMAL,FLAT_LOW_RATE_NORMAL
2020-05-22,-0.005277006009997684,13.662519319959555,-0.014782151320647752,0.0,0.0,NON_RISK,FLAT_LOW_RATE_NORMAL,,FLAT_LOW_RATE,FLAT_LOW_RATE_NORMAL,FLAT_LOW_RATE_NORMAL
2020-05-26,0.0054976737314228015,13.737631393529952,-0.009365745034234485,0.0,0.0,NON_RISK,FLAT_LOW_RATE_NORMAL,,FLAT_LOW_RATE,FLAT_LOW_RATE_NORMAL,FLAT_LOW_RATE_NORMAL
2020-05-27,-0.0046411546238250695,13.673872922067465,-0.013963431787188396,0.0,0.0,NON_RISK,FLAT_LOW_RATE_NORMAL,,FLAT_LOW_RATE,FLAT_LOW_RATE_NORMAL,FLAT_LOW_RATE_NORMAL
2020-05-28,0.0013391205681525307,13.69218388654371,-0.012643009937744143,0.0,0.0,NON_RISK,FLAT_LOW_RATE_NORMAL,,FLAT_LOW_RATE,FLAT_LOW_RATE_NORMAL,FLAT_LOW_RATE_NORMAL
2020-05-29,0.019427060321124633,13.958182768835524,0.0,0.0,0.0,NON_RISK,FLAT_LOW_RATE_NORMAL,,FLAT_LOW_RATE,FLAT_LOW_RATE_NORMAL,FLAT_LOW_RATE_NORMAL
2020-06-01,0.002288242268398449,13.990122472637205,0.0,0.02987582999284691,1.4937914996423455e-05,NON_RISK,FLAT_LOW_RATE_NORMAL,,FLAT_LOW_RATE,FLAT_LOW_RATE_NORMAL,FLAT_LOW_RATE_NORMAL
2020-06-02,0.007734448152738549,14.09832834955228,0.0,0.0,0.0,NON_RISK,FLAT_LOW_RATE_NORMAL,,FLAT_LOW_RATE,FLAT_LOW_RATE_NORMAL,FLAT_LOW_RATE_NORMAL
2020-06-03,0.004384073404103319,14.16013645591187,0.0,0.0,0.0,NON_RISK,FLAT_LOW_RATE_NORMAL,,FLAT_LOW_RATE,FLAT_LOW_RATE_NORMAL,FLAT_LOW_RATE_NORMAL
2020-06-04,0.002195441238142735,14.191224203424905,0.0,0.0,0.0,NON_RISK,FLAT_LOW_RATE_NORMAL,,FLAT_LOW_RATE,FLAT_LOW_RATE_NORMAL,FLAT_LOW_RATE_NORMAL
2020-06-05,0.01683737506856293,14.430167168020038,0.0,0.0,0.0,NON_RISK,FLAT_LOW_RATE_NORMAL,,FLAT_LOW_RATE,FLAT_LOW_RATE_NORMAL,FLAT_LOW_RATE_NORMAL
2020-06-08,0.008297638068534124,14.549903472448714,0.0,0.0,0.0,NON_RISK,FLAT_LOW_RATE_NORMAL,,FLAT_LOW_RATE,FLAT_LOW_RATE_NORMAL,FLAT_LOW_RATE_NORMAL
2020-06-09,-0.00397997959616958,14.491995153502131,-0.0039799795961695805,0.0,0.0,NON_RISK,FLAT_LOW_RATE_NORMAL,,FLAT_LOW_RATE,FLAT_LOW_RATE_NORMAL,FLAT_LOW_RATE_NORMAL
2020-06-10,0.01310124514795977,14.681858334691206,0.0,0.0,0.0,NON_RISK,FLAT_LOW_RATE_NORMAL,,FLAT_LOW_RATE,FLAT_LOW_RATE_NORMAL,FLAT_LOW_RATE_NORMAL
2020-06-11,-0.04092708567527027,14.080972660755119,-0.04092708567527026,0.0,0.0,NON_RISK,FLAT_LOW_RATE_NORMAL,,FLAT_LOW_RATE,FLAT_LOW_RATE_NORMAL,FLAT_LOW_RATE_NORMAL
2020-06-12,0.010665635280735717,14.231155179552744,-0.030697963763450353,0.0,0.0,NON_RISK,FLAT_LOW_RATE_NORMAL,,FLAT_LOW_RATE,FLAT_LOW_RATE_NORMAL,FLAT_LOW_RATE_NORMAL
2020-06-15,0.0036176668869767987,14.28263875840924,-0.02719135188347821,0.0,0.0,NON_RISK,FLAT_LOW_RATE_NORMAL,,FLAT_LOW_RATE,FLAT_LOW_RATE_NORMAL,FLAT_LOW_RATE_NORMAL
2020-06-16,0.00519390488411919,14.356821425614651,-0.022138676294712445,0.0,0.0,NON_RISK,FLAT_LOW_RATE_NORMAL,,FLAT_LOW_RATE,FLAT_LOW_RATE_NORMAL,FLAT_LOW_RATE_NORMAL
2020-06-17,0.00020678252651026244,14.359790165421696,-0.021936471659620094,0.0,0.0,NON_RISK,FLAT_LOW_RATE_NORMAL,,FLAT_LOW_RATE,FLAT_LOW_RATE_NORMAL,FLAT_LOW_RATE_NORMAL
2020-06-18,0.005587066063034484,14.440019261727219,-0.016471966112937886,0.0,0.0,NON_RISK,FLAT_LOW_RATE_NORMAL,,FLAT_LOW_RATE,FLAT_LOW_RATE_NORMAL,FLAT_LOW_RATE_NORMAL
2020-06-19,0.0011942523223469833,14.457264288265272,-0.01529738547437487,0.0,0.0,NON_RISK,FLAT_LOW_RATE_NORMAL,,FLAT_LOW_RATE,FLAT_LOW_RATE_NORMAL,FLAT_LOW_RATE_NORMAL
2020-06-22,0.008971420497881532,14.586966485444304,-0.006463204254102295,0.0,0.0,NON_RISK,FLAT_LOW_RATE_NORMAL,,FLAT_LOW_RATE,FLAT_LOW_RATE_NORMAL,FLAT_LOW_RATE_NORMAL
2020-06-23,-0.005005446261355892,14.513952208585213,-0.011436299293888008,0.0,0.0,NON_RISK,FLAT_LOW_RATE_NORMAL,,FLAT_LOW_RATE,FLAT_LOW_RATE_NORMAL,FLAT_LOW_RATE_NORMAL
2020-06-24,-0.013604159571810695,14.316502086721986,-0.024884877625193647,0.0,0.0,NON_RISK,FLAT_LOW_RATE_NORMAL,,FLAT_LOW_RATE,FLAT_LOW_RATE_NORMAL,FLAT_LOW_RATE_NORMAL
2020-06-25,0.007869353201473906,14.42916369825204,-0.017211352315127826,0.0,0.0,NON_RISK,FLAT_LOW_RATE_NORMAL,,FLAT_LOW_RATE,FLAT_LOW_RATE_NORMAL,FLAT_LOW_RATE_NORMAL
2020-06-26,-0.007725673485515628,14.31768869085029,-0.024804056512412576,0.0,0.0,NON_RISK,FLAT_LOW_RATE_NORMAL,,FLAT_LOW_RATE,FLAT_LOW_RATE_NORMAL,FLAT_LOW_RATE_NORMAL
2020-06-29,0.010655460523839836,14.470250257488273,-0.014412894633571871,0.0,0.0,NON_RISK,FLAT_LOW_RATE_NORMAL,,FLAT_LOW_RATE,FLAT_LOW_RATE_NORMAL,FLAT_LOW_RATE_NORMAL
2020-06-30,0.004357276224261978,14.533301134894348,-0.01011841937241953,0.0,0.0,NON_RISK,FLAT_LOW_RATE_NORMAL,,FLAT_LOW_RATE,FLAT_LOW_RATE_NORMAL,FLAT_LOW_RATE_NORMAL
2020-07-01,0.007532445274777306,14.6427724303548,-0.002662190537832121,0.0016044286231486626,8.022143115743313e-07,NON_RISK,FLAT_LOW_RATE_NORMAL,,FLAT_LOW_RATE,FLAT_LOW_RATE_NORMAL,FLAT_LOW_RATE_NORMAL
2020-07-02,0.0016310901307039216,14.666656111952095,-0.0010354426798404592,0.0,0.0,NON_RISK,FLAT_LOW_RATE_NORMAL,,FLAT_LOW_RATE,FLAT_LOW_RATE_NORMAL,FLAT_LOW_RATE_NORMAL
2020-07-06,0.01014600534157031,14.815464083206935,0.0,0.0,0.0,NON_RISK,FLAT_LOW_RATE_NORMAL,,FLAT_LOW_RATE,FLAT_LOW_RATE_NORMAL,FLAT_LOW_RATE_NORMAL
2020-07-07,-0.0013423349836380301,14.795576767469214,-0.001342334983638005,0.0,0.0,NON_RISK,FLAT_LOW_RATE_NORMAL,,FLAT_LOW_RATE,FLAT_LOW_RATE_NORMAL,FLAT_LOW_RATE_NORMAL
2020-07-08,0.015434976381496822,15.023946145425723,0.0,0.0,0.0,NON_RISK,FLAT_LOW_RATE_NORMAL,,FLAT_LOW_RATE,FLAT_LOW_RATE_NORMAL,FLAT_LOW_RATE_NORMAL
2020-07-09,-0.004534897877534417,14.95581408393864,-0.004534897877534583,0.0,0.0,NON_RISK,FLAT_LOW_RATE_NORMAL,,FLAT_LOW_RATE,FLAT_LOW_RATE_NORMAL,FLAT_LOW_RATE_NORMAL
2020-07-10,0.015389126119016184,15.18597099308893,0.0,0.0,0.0,NON_RISK,FLAT_LOW_RATE_NORMAL,,FLAT_LOW_RATE,FLAT_LOW_RATE_NORMAL,FLAT_LOW_RATE_NORMAL
2020-07-13,-0.00461574280312566,15.115876456769103,-0.004615742803125711,0.0,0.0,NON_RISK,FLAT_LOW_RATE_NORMAL,,FLAT_LOW_RATE,FLAT_LOW_RATE_NORMAL,FLAT_LOW_RATE_NORMAL
2020-07-14,0.004673530122339612,15.186520960715375,0.0,0.0,0.0,NON_RISK,FLAT_LOW_RATE_NORMAL,,FLAT_LOW_RATE,FLAT_LOW_RATE_NORMAL,FLAT_LOW_RATE_NORMAL
2020-07-15,0.003225706523213038,15.235508220443267,0.0,0.0,0.0,NON_RISK,FLAT_LOW_RATE_NORMAL,,FLAT_LOW_RATE,FLAT_LOW_RATE_NORMAL,FLAT_LOW_RATE_NORMAL
2020-07-16,-0.003156868080918085,15.187411730845584,-0.003156868080918085,0.0,0.0,NON_RISK,FLAT_LOW_RATE_NORMAL,,FLAT_LOW_RATE,FLAT_LOW_RATE_NORMAL,FLAT_LOW_RATE_NORMAL
2020-07-17,-0.0006336049325872761,15.177788911859688,-0.0037884728063176665,0.0,0.0,NON_RISK,FLAT_LOW_RATE_NORMAL,,FLAT_LOW_RATE,FLAT_LOW_RATE_NORMAL,FLAT_LOW_RATE_NORMAL
2020-07-20,0.003993217562471883,15.238397125102018,0.0,0.0,0.0,NON_RISK,FLAT_LOW_RATE_NORMAL,,FLAT_LOW_RATE,FLAT_LOW_RATE_NORMAL,FLAT_LOW_RATE_NORMAL
2020-07-21,0.01242941803204161,15.427801533108173,0.0,0.0,0.0,NON_RISK,FLAT_LOW_RATE_NORMAL,,FLAT_LOW_RATE,FLAT_LOW_RATE_NORMAL,FLAT_LOW_RATE_NORMAL
2020-07-22,-0.003233970530678706,15.377908477596941,-0.0032339705306787536,0.0,0.0,NON_RISK,FLAT_LOW_RATE_NORMAL,,FLAT_LOW_RATE,FLAT_LOW_RATE_NORMAL,FLAT_LOW_RATE_NORMAL
2020-07-23,-0.0006481404395747964,15.36794143323653,-0.0038800149031722464,0.0,0.0,NON_RISK,FLAT_LOW_RATE_NORMAL,,FLAT_LOW_RATE,FLAT_LOW_RATE_NORMAL,FLAT_LOW_RATE_NORMAL
2020-07-24,-0.003738284897051198,15.310491689877894,-0.007603795199110586,0.0,0.0,NON_RISK,FLAT_LOW_RATE_NORMAL,,FLAT_LOW_RATE,FLAT_LOW_RATE_NORMAL,FLAT_LOW_RATE_NORMAL
2020-07-27,0.00708430261678689,15.41895584622079,-0.0005733601685502521,0.0,0.0,NON_RISK,FLAT_LOW_RATE_NORMAL,,FLAT_LOW_RATE,FLAT_LOW_RATE_NORMAL,FLAT_LOW_RATE_NORMAL
2020-07-28,0.00176558378897267,15.446179304705764,0.0,0.0,0.0,NON_RISK,FLAT_LOW_RATE_NORMAL,,FLAT_LOW_RATE,FLAT_LOW_RATE_NORMAL,FLAT_LOW_RATE_NORMAL
2020-07-29,0.007066299312644736,15.555326630909592,0.0,0.0,0.0,NON_RISK,FLAT_LOW_RATE_NORMAL,,FLAT_LOW_RATE,FLAT_LOW_RATE_NORMAL,FLAT_LOW_RATE_NORMAL
2020-07-30,-0.006046749360890042,15.461267469545705,-0.0060467493608900025,0.0,0.0,NON_RISK,FLAT_LOW_RATE_NORMAL,,FLAT_LOW_RATE,FLAT_LOW_RATE_NORMAL,FLAT_LOW_RATE_NORMAL
2020-07-31,0.0015927651861416025,15.485893638104821,-0.004463615226619644,0.0,0.0,NON_RISK,FLAT_LOW_RATE_NORMAL,,FLAT_LOW_RATE,FLAT_LOW_RATE_NORMAL,FLAT_LOW_RATE_NORMAL
2020-08-03,0.010407048566630503,15.647056085294253,0.0,0.15330626187827,7.665313093913501e-05,NON_RISK,FLAT_LOW_RATE_NORMAL,,FLAT_LOW_RATE,FLAT_LOW_RATE_NORMAL,FLAT_LOW_RATE_NORMAL
2020-08-04,0.004447414500961957,15.716645029425354,0.0,0.0,0.0,NON_RISK,FLAT_LOW_RATE_NORMAL,,FLAT_LOW_RATE,FLAT_LOW_RATE_NORMAL,FLAT_LOW_RATE_NORMAL
2020-08-05,0.007431196364366303,15.833438504828056,0.0,0.0,0.0,NON_RISK,FLAT_LOW_RATE_NORMAL,,FLAT_LOW_RATE,FLAT_LOW_RATE_NORMAL,FLAT_LOW_RATE_NORMAL
2020-08-06,0.007243033657804217,15.948120632837298,0.0,0.0,0.0,NON_RISK,FLAT_LOW_RATE_NORMAL,,FLAT_LOW_RATE,FLAT_LOW_RATE_NORMAL,FLAT_LOW_RATE_NORMAL
2020-08-07,-0.01368660930484621,15.729844936589098,-0.01368660930484622,0.0,0.0,NON_RISK,FLAT_LOW_RATE_NORMAL,,FLAT_LOW_RATE,FLAT_LOW_RATE_NORMAL,FLAT_LOW_RATE_NORMAL
2020-08-10,0.00867470040942517,15.866296628900722,-0.005130636130761368,0.0,0.0,NON_RISK,FLAT_LOW_RATE_NORMAL,,FLAT_LOW_RATE,FLAT_LOW_RATE_NORMAL,FLAT_LOW_RATE_NORMAL
2020-08-11,-0.007740354756778934,15.743485864316744,-0.012831277943760377,0.0,0.0,NON_RISK,FLAT_LOW_RATE_NORMAL,,FLAT_LOW_RATE,FLAT_LOW_RATE_NORMAL,FLAT_LOW_RATE_NORMAL
2020-08-12,0.00820884317153686,15.872721670750227,-0.0047277647205542506,0.0,0.0,NON_RISK,FLAT_LOW_RATE_NORMAL,,FLAT_LOW_RATE,FLAT_LOW_RATE_NORMAL,FLAT_LOW_RATE_NORMAL
2020-08-13,-0.004912914587707038,15.794740344907385,-0.009617452203998345,0.0,0.0,NON_RISK,FLAT_LOW_RATE_NORMAL,,FLAT_LOW_RATE,FLAT_LOW_RATE_NORMAL,FLAT_LOW_RATE_NORMAL
2020-08-14,0.001673573620172196,15.821174005686093,-0.007959974098127987,0.0,0.0,NON_RISK,FLAT_LOW_RATE_NORMAL,,FLAT_LOW_RATE,FLAT_LOW_RATE_NORMAL,FLAT_LOW_RATE_NORMAL
2020-08-17,0.01422048187639344,16.046158723897218,0.0,0.0,0.0,NON_RISK,FLAT_LOW_RATE_NORMAL,,FLAT_LOW_RATE,FLAT_LOW_RATE_NORMAL,FLAT_LOW_RATE_NORMAL
2020-08-18,0.004824558332546629,16.123574352673963,0.0,0.0,0.0,NON_RISK,FLAT_LOW_RATE_NORMAL,,FLAT_LOW_RATE,FLAT_LOW_RATE_NORMAL,FLAT_LOW_RATE_NORMAL
2020-08-19,0.0025353471206895728,16.164453210484236,0.0,0.0,0.0,NON_RISK,FLAT_LOW_RATE_NORMAL,,FLAT_LOW_RATE,FLAT_LOW_RATE_NORMAL,FLAT_LOW_RATE_NORMAL
2020-08-20,-0.0010747091824978227,16.147081124188873,-0.0010747091824978572,0.0,0.0,NON_RISK,FLAT_LOW_RATE_NORMAL,,FLAT_LOW_RATE,FLAT_LOW_RATE_NORMAL,FLAT_LOW_RATE_NORMAL
2020-08-21,-0.008854198783497637,16.00411165814204,-0.009919392277259242,0.0,0.0,NON_RISK,FLAT_LOW_RATE_NORMAL,,FLAT_LOW_RATE,FLAT_LOW_RATE_NORMAL,FLAT_LOW_RATE_NORMAL
2020-08-24,0.004839109787474887,16.081557311506796,-0.005128283518039067,0.0,0.0,NON_RISK,FLAT_LOW_RATE_NORMAL,,FLAT_LOW_RATE,FLAT_LOW_RATE_NORMAL,FLAT_LOW_RATE_NORMAL
2020-08-25,0.007202566621130358,16.197385799414448,0.0,0.0,0.0,NON_RISK,FLAT_LOW_RATE_NORMAL,,FLAT_LOW_RATE,FLAT_LOW_RATE_NORMAL,FLAT_LOW_RATE_NORMAL
2020-08-26,0.004303639424722671,16.26709350751825,0.0,0.0,0.0,NON_RISK,FLAT_LOW_RATE_NORMAL,,FLAT_LOW_RATE,FLAT_LOW_RATE_NORMAL,FLAT_LOW_RATE_NORMAL
2020-08-27,0.0006092411901535315,16.277004090927107,0.0,0.0,0.0,NON_RISK,FLAT_LOW_RATE_NORMAL,,FLAT_LOW_RATE,FLAT_LOW_RATE_NORMAL,FLAT_LOW_RATE_NORMAL
2020-08-28,0.007352566331063546,16.396681843176644,0.0,0.0,0.0,NON_RISK,FLAT_LOW_RATE_NORMAL,,FLAT_LOW_RATE,FLAT_LOW_RATE_NORMAL,FLAT_LOW_RATE_NORMAL
2020-08-31,0.000709742080581806,16.408319258262658,0.0,0.0,0.0,NON_RISK,FLAT_LOW_RATE_NORMAL,,FLAT_LOW_RATE,FLAT_LOW_RATE_NORMAL,FLAT_LOW_RATE_NORMAL
2020-09-01,0.004906292500968888,16.488823271992974,0.0,0.12073409448620642,6.0367047243103215e-05,NON_RISK,FLAT_LOW_RATE_NORMAL,,FLAT_LOW_RATE,FLAT_LOW_RATE_NORMAL,FLAT_LOW_RATE_NORMAL
2020-09-02,-0.002804553042532478,16.442579492517726,-0.002804553042532465,0.0,0.0,NON_RISK,FLAT_LOW_RATE_NORMAL,,FLAT_LOW_RATE,FLAT_LOW_RATE_NORMAL,FLAT_LOW_RATE_NORMAL
2020-09-03,-0.017679660525198274,16.151880268931425,-0.020434630022013844,0.0,0.0,NON_RISK,FLAT_LOW_RATE_NORMAL,,FLAT_LOW_RATE,FLAT_LOW_RATE_NORMAL,FLAT_LOW_RATE_NORMAL
2020-09-04,0.00010722783005048114,16.1536122000039,-0.020329593352998443,0.0,0.0,NON_RISK,FLAT_LOW_RATE_NORMAL,,FLAT_LOW_RATE,FLAT_LOW_RATE_NORMAL,FLAT_LOW_RATE_NORMAL
2020-09-08,-0.02345638537569241,15.774706847031121,-0.043309119952471886,0.0,0.0,NON_RISK,FLAT_LOW_RATE_NORMAL,,FLAT_LOW_RATE,FLAT_LOW_RATE_NORMAL,FLAT_LOW_RATE_NORMAL
2020-09-09,0.011319129033296816,15.953262789295097,-0.032480212436235556,0.0,0.0,NON_RISK,FLAT_LOW_RATE_NORMAL,,FLAT_LOW_RATE,FLAT_LOW_RATE_NORMAL,FLAT_LOW_RATE_NORMAL
2020-09-10,-0.016733981833908437,15.686301179587467,-0.048670670985274445,0.0,0.0,NON_RISK,FLAT_LOW_RATE_NORMAL,,FLAT_LOW_RATE,FLAT_LOW_RATE_NORMAL,FLAT_LOW_RATE_NORMAL
2020-09-11,0.010953609559521496,15.85812279814173,-0.03825018095272559,0.0,0.0,NON_RISK,FLAT_LOW_RATE_NORMAL,,FLAT_LOW_RATE,FLAT_LOW_RATE_NORMAL,FLAT_LOW_RATE_NORMAL
2020-09-14,0.007487801994729314,15.976865281662318,-0.03104878873923278,0.0,0.0,NON_RISK,FLAT_LOW_RATE_NORMAL,,FLAT_LOW_RATE,FLAT_LOW_RATE_NORMAL,FLAT_LOW_RATE_NORMAL
2020-09-15,0.0018264742613809145,16.006046614876826,-0.029279024291331113,0.0,0.0,NON_RISK,FLAT_LOW_RATE_NORMAL,,FLAT_LOW_RATE,FLAT_LOW_RATE_NORMAL,FLAT_LOW_RATE_NORMAL
2020-09-16,0.007385297791524613,16.124256035592715,-0.022109960813243235,0.0,0.0,NON_RISK,FLAT_LOW_RATE_NORMAL,,FLAT_LOW_RATE,FLAT_LOW_RATE_NORMAL,FLAT_LOW_RATE_NORMAL
2020-09-17,0.0018683425798496085,16.15438166971241,-0.020282927214619884,0.0,0.0,NON_RISK,FLAT_LOW_RATE_NORMAL,,FLAT_LOW_RATE,FLAT_LOW_RATE_NORMAL,FLAT_LOW_RATE_NORMAL
2020-09-18,0.000257566513803981,16.15854249748174,-0.020030584903668158,0.0,0.0,NON_RISK,FLAT_LOW_RATE_NORMAL,,FLAT_LOW_RATE,FLAT_LOW_RATE_NORMAL,FLAT_LOW_RATE_NORMAL
2020-09-21,-0.018973824784800496,15.85195314335677,-0.0386243528801693,0.0,0.0,NON_RISK,FLAT_LOW_RATE_NORMAL,,FLAT_LOW_RATE,FLAT_LOW_RATE_NORMAL,FLAT_LOW_RATE_NORMAL
2020-09-22,0.0015509807305456608,15.876539217223629,-0.037133277776670526,0.0,0.0,NON_RISK,FLAT_LOW_RATE_NORMAL,,FLAT_LOW_RATE,FLAT_LOW_RATE_NORMAL,FLAT_LOW_RATE_NORMAL
2020-09-23,-0.02039116638704363,15.552798064394798,-0.05676725331807386,0.0,0.0,NON_RISK,FLAT_LOW_RATE_NORMAL,,FLAT_LOW_RATE,FLAT_LOW_RATE_NORMAL,FLAT_LOW_RATE_NORMAL
2020-09-24,0.003582150830223926,15.608510532893474,-0.05338845135145276,0.0,0.0,NON_RISK,FLAT_LOW_RATE_NORMAL,,FLAT_LOW_RATE,FLAT_LOW_RATE_NORMAL,FLAT_LOW_RATE_NORMAL
2020-09-25,0.0051864864203265155,15.68946386081385,-0.04847886340906282,0.0,0.0,NON_RISK,FLAT_LOW_RATE_NORMAL,,FLAT_LOW_RATE,FLAT_LOW_RATE_NORMAL,FLAT_LOW_RATE_NORMAL
2020-09-28,0.012663530011918812,15.888147857286183,-0.03642924693886829,0.0,0.0,NON_RISK,FLAT_LOW_RATE_NORMAL,,FLAT_LOW_RATE,FLAT_LOW_RATE_NORMAL,FLAT_LOW_RATE_NORMAL
2020-09-29,-0.006064008675845825,15.791801990836479,-0.04227234834522231,0.0,0.0,NON_RISK,FLAT_LOW_RATE_NORMAL,,FLAT_LOW_RATE,FLAT_LOW_RATE_NORMAL,FLAT_LOW_RATE_NORMAL
2020-09-30,0.004229575399450092,15.85859460804991,-0.03822156703041002,0.0,0.0,NON_RISK,FLAT_LOW_RATE_NORMAL,,FLAT_LOW_RATE,FLAT_LOW_RATE_NORMAL,FLAT_LOW_RATE_NORMAL
2020-10-01,-0.012110894912597328,15.666532835290335,-0.0498695645613072,0.05521925692090368,2.760962846045184e-05,NON_RISK,FLAT_LOW_RATE_NORMAL,,FLAT_LOW_RATE,FLAT_LOW_RATE_NORMAL,FLAT_LOW_RATE_NORMAL
2020-10-02,-0.003469916365557501,15.612171276613617,-0.05316643770865026,0.0,0.0,NON_RISK,FLAT_LOW_RATE_NORMAL,,FLAT_LOW_RATE,FLAT_LOW_RATE_NORMAL,FLAT_LOW_RATE_NORMAL
2020-10-05,0.01672119263573549,15.873225399991972,-0.03733425131959678,0.0,0.0,NON_RISK,FLAT_LOW_RATE_NORMAL,,FLAT_LOW_RATE,FLAT_LOW_RATE_NORMAL,FLAT_LOW_RATE_NORMAL
2020-10-06,-0.0046393925064421955,15.799583277018181,-0.041800435580233275,0.0,0.0,NON_RISK,FLAT_LOW_RATE_NORMAL,,FLAT_LOW_RATE,FLAT_LOW_RATE_NORMAL,FLAT_LOW_RATE_NORMAL
2020-10-07,0.0121752613053923,15.991947331932183,-0.030134105500709607,0.0,0.0,NON_RISK,FLAT_LOW_RATE_NORMAL,,FLAT_LOW_RATE,FLAT_LOW_RATE_NORMAL,FLAT_LOW_RATE_NORMAL
2020-10-08,0.007420414837447768,16.110614215193735,-0.022937298226832548,0.0,0.0,NON_RISK,FLAT_LOW_RATE_NORMAL,,FLAT_LOW_RATE,FLAT_LOW_RATE_NORMAL,FLAT_LOW_RATE_NORMAL
2020-10-09,0.010275930948548926,16.276165774407776,-0.012897069371008874,0.0,0.0,NON_RISK,FLAT_LOW_RATE_NORMAL,,FLAT_LOW_RATE,FLAT_LOW_RATE_NORMAL,FLAT_LOW_RATE_NORMAL
2020-10-12,0.002467954383291348,16.316334609073902,-0.010460944366603275,0.0,0.0,NON_RISK,FLAT_LOW_RATE_NORMAL,,FLAT_LOW_RATE,FLAT_LOW_RATE_NORMAL,FLAT_LOW_RATE_NORMAL
2020-10-13,-0.003657539853239511,16.256656964982422,-0.014080222898919414,0.0,0.0,NON_RISK,FLAT_LOW_RATE_NORMAL,,FLAT_LOW_RATE,FLAT_LOW_RATE_NORMAL,FLAT_LOW_RATE_NORMAL
2020-10-14,0.0012491706456981971,16.276964303660264,-0.012848640854351445,0.0,0.0,NON_RISK,FLAT_LOW_RATE_NORMAL,,FLAT_LOW_RATE,FLAT_LOW_RATE_NORMAL,FLAT_LOW_RATE_NORMAL
2020-10-15,0.0026389086534195916,16.319917725612594,-0.010243638590467175,0.0,0.0,NON_RISK,FLAT_LOW_RATE_NORMAL,,FLAT_LOW_RATE,FLAT_LOW_RATE_NORMAL,FLAT_LOW_RATE_NORMAL
2020-10-16,-0.0028873923841986468,16.272795719460913,-0.013101453570613097,0.0,0.0,NON_RISK,FLAT_LOW_RATE_NORMAL,,FLAT_LOW_RATE,FLAT_LOW_RATE_NORMAL,FLAT_LOW_RATE_NORMAL
2020-10-19,-0.0036987189344183887,16.212607221817418,-0.016751713910641564,0.0,0.0,NON_RISK,FLAT_LOW_RATE_NORMAL,,FLAT_LOW_RATE,FLAT_LOW_RATE_NORMAL,FLAT_LOW_RATE_NORMAL
2020-10-20,0.009592092372246785,16.368120047884045,-0.007320305525619242,0.0,0.0,NON_RISK,FLAT_LOW_RATE_NORMAL,,FLAT_LOW_RATE,FLAT_LOW_RATE_NORMAL,FLAT_LOW_RATE_NORMAL
2020-10-21,-0.0004990906529236316,16.359950872162212,-0.007815742682478533,0.0,0.0,NON_RISK,FLAT_LOW_RATE_NORMAL,,FLAT_LOW_RATE,FLAT_LOW_RATE_NORMAL,FLAT_LOW_RATE_NORMAL
2020-10-22,0.0013381201047317738,16.381842451336677,-0.006488080980163624,0.0,0.0,NON_RISK,FLAT_LOW_RATE_NORMAL,,FLAT_LOW_RATE,FLAT_LOW_RATE_NORMAL,FLAT_LOW_RATE_NORMAL
2020-10-23,-0.0019481861195915532,16.34992757325965,-0.008423627110446752,0.0,0.0,NON_RISK,FLAT_LOW_RATE_NORMAL,,FLAT_LOW_RATE,FLAT_LOW_RATE_NORMAL,FLAT_LOW_RATE_NORMAL
2020-10-26,-0.014618382769566623,16.110918073739047,-0.022918870074604802,0.0,0.0,NON_RISK,FLAT_LOW_RATE_NORMAL,,FLAT_LOW_RATE,FLAT_LOW_RATE_NORMAL,FLAT_LOW_RATE_NORMAL
2020-10-27,0.001087365735183406,16.128436534014774,-0.021856425533429813,0.0,0.0,NON_RISK,FLAT_LOW_RATE_NORMAL,,FLAT_LOW_RATE,FLAT_LOW_RATE_NORMAL,FLAT_LOW_RATE_NORMAL
2020-10-28,-0.021877548811823792,15.775585876483463,-0.04325580932879414,0.0,0.0,NON_RISK,FLAT_LOW_RATE_NORMAL,,FLAT_LOW_RATE,FLAT_LOW_RATE_NORMAL,FLAT_LOW_RATE_NORMAL
2020-10-29,-0.0009964301712360726,15.75986660674721,-0.04420913810653371,2.0,0.001,FULL_RISK,FLAT_LOWMID_RATE_STRESS,VIX,FLAT_LOW_RATE,FLAT_LOWMID_RATE_STRESS,FLAT_LOWMID_RATE_STRESS
2020-10-30,3.5698287639274184e-06,15.759922866772339,-0.044205726096822606,0.0,0.0,FULL_RISK,FLAT_LOWMID_RATE_STRESS,VIX,FLAT_LOW_RATE,FLAT_LOWMID_RATE_STRESS,FLAT_LOWMID_RATE_STRESS
2020-11-02,3.5698287639274184e-06,15.759979126998306,-0.04420231407493114,0.0,0.0,FULL_RISK,FLAT_LOWMID_RATE_STRESS,VIX,FLAT_LOW_RATE,FLAT_LOWMID_RATE_STRESS,FLAT_LOWMID_RATE_STRESS
2020-11-03,3.966279028766451e-06,15.760041635473012,-0.0441985231146137,0.0,0.0,FULL_RISK,FLAT_LOWMID_RATE_STRESS,VIX,FLAT_LOW_RATE,FLAT_LOWMID_RATE_STRESS,FLAT_LOWMID_RATE_STRESS
2020-11-04,3.966279028766451e-06,15.760104144195644,-0.044194732139260284,0.0,0.0,FULL_RISK,FLAT_LOWMID_RATE_STRESS,VIX,FLAT_LOW_RATE,FLAT_LOWMID_RATE_STRESS,FLAT_LOWMID_RATE_STRESS
2020-11-05,0.00709481761524419,15.871919208695966,-0.037413468088098756,2.0,0.001,NON_RISK,FLAT_LOW_RATE_NORMAL,,FLAT_LOW_RATE,FLAT_LOW_RATE_NORMAL,FLAT_LOW_RATE_NORMAL
2020-11-06,0.002390603577281002,15.909862675534589,-0.03511230528146758,0.0,0.0,NON_RISK,FLAT_LOW_RATE_NORMAL,,FLAT_LOW_RATE,FLAT_LOW_RATE_NORMAL,FLAT_LOW_RATE_NORMAL
2020-11-09,0.007991819038640597,16.037011418967083,-0.027401097432666055,0.0,0.0,NON_RISK,FLAT_LOW_RATE_NORMAL,,FLAT_LOW_RATE,FLAT_LOW_RATE_NORMAL,FLAT_LOW_RATE_NORMAL
2020-11-10,0.008320680965232367,16.170450274620094,-0.019308412257268315,0.0,0.0,NON_RISK,FLAT_LOW_RATE_NORMAL,,FLAT_LOW_RATE,FLAT_LOW_RATE_NORMAL,FLAT_LOW_RATE_NORMAL
2020-11-11,0.0005942727689550375,16.18005993288004,-0.01872561395192951,0.0,0.0,NON_RISK,FLAT_LOW_RATE_NORMAL,,FLAT_LOW_RATE,FLAT_LOW_RATE_NORMAL,FLAT_LOW_RATE_NORMAL
2020-11-12,-0.00566962850165988,16.08832500392602,-0.02428907517901646,0.0,0.0,NON_RISK,FLAT_LOW_RATE_NORMAL,,FLAT_LOW_RATE,FLAT_LOW_RATE_NORMAL,FLAT_LOW_RATE_NORMAL
2020-11-13,0.005228193708641289,16.172437883494123,-0.01918786946041484,0.0,0.0,NON_RISK,FLAT_LOW_RATE_NORMAL,,FLAT_LOW_RATE,FLAT_LOW_RATE_NORMAL,FLAT_LOW_RATE_NORMAL
2020-11-16,0.01076723400667029,16.346570306644043,-0.008627235734314231,0.0,0.0,NON_RISK,FLAT_LOW_RATE_NORMAL,,FLAT_LOW_RATE,FLAT_LOW_RATE_NORMAL,FLAT_LOW_RATE_NORMAL
2020-11-17,0.0018299892272616812,16.37648435420788,-0.006813034255507389,0.0,0.0,NON_RISK,FLAT_LOW_RATE_NORMAL,,FLAT_LOW_RATE,FLAT_LOW_RATE_NORMAL,FLAT_LOW_RATE_NORMAL
2020-11-18,-0.0017961328327535135,16.34707001297421,-0.00859692997374395,0.0,0.0,NON_RISK,FLAT_LOW_RATE_NORMAL,,FLAT_LOW_RATE,FLAT_LOW_RATE_NORMAL,FLAT_LOW_RATE_NORMAL
2020-11-19,0.0033313714898807337,16.401528175958518,-0.005294198051278176,0.0,0.0,NON_RISK,FLAT_LOW_RATE_NORMAL,,FLAT_LOW_RATE,FLAT_LOW_RATE_NORMAL,FLAT_LOW_RATE_NORMAL
2020-11-20,0.0035146670870614925,16.45917408721607,-0.00179813830786002,0.0,0.0,NON_RISK,FLAT_LOW_RATE_NORMAL,,FLAT_LOW_RATE,FLAT_LOW_RATE_NORMAL,FLAT_LOW_RATE_NORMAL
2020-11-23,-0.0022726076340080525,16.421768842535997,-0.004066659479022516,0.0,0.0,NON_RISK,FLAT_LOW_RATE_NORMAL,,FLAT_LOW_RATE,FLAT_LOW_RATE_NORMAL,FLAT_LOW_RATE_NORMAL
2020-11-24,0.01612617240383402,16.686589118066642,0.0,0.0,0.0,NON_RISK,FLAT_LOW_RATE_NORMAL,,FLAT_LOW_RATE,FLAT_LOW_RATE_NORMAL,FLAT_LOW_RATE_NORMAL
2020-11-25,0.0025534417720178594,16.729197351753214,0.0,0.0,0.0,NON_RISK,FLAT_LOW_RATE_NORMAL,,FLAT_LOW_RATE,FLAT_LOW_RATE_NORMAL,FLAT_LOW_RATE_NORMAL
2020-11-27,0.006507508666938925,16.83806274851068,0.0,0.0,0.0,NON_RISK,FLAT_LOW_RATE_NORMAL,,FLAT_LOW_RATE,FLAT_LOW_RATE_NORMAL,FLAT_LOW_RATE_NORMAL
2020-11-30,-0.002011663321465155,16.804190235274973,-0.0020116633214650737,0.0,0.0,NON_RISK,FLAT_LOW_RATE_NORMAL,,FLAT_LOW_RATE,FLAT_LOW_RATE_NORMAL,FLAT_LOW_RATE_NORMAL
2020-12-01,0.0062911836853068856,16.909908482727925,0.0,0.006254530145490433,3.1272650727452167e-06,NON_RISK,FLAT_LOW_RATE_NORMAL,,FLAT_LOW_RATE,FLAT_LOW_RATE_NORMAL,FLAT_LOW_RATE_NORMAL
2020-12-02,-0.00017010938423868372,16.907031948608395,-0.00017010938423867028,0.0,0.0,NON_RISK,FLAT_LOW_RATE_NORMAL,,FLAT_LOW_RATE,FLAT_LOW_RATE_NORMAL,FLAT_LOW_RATE_NORMAL
2020-12-03,-0.0013443404445567199,16.88430314176247,-0.0015142211438701203,0.0,0.0,NON_RISK,FLAT_LOW_RATE_NORMAL,,FLAT_LOW_RATE,FLAT_LOW_RATE_NORMAL,FLAT_LOW_RATE_NORMAL
2020-12-04,0.007316282428768474,17.007833472160545,0.0,0.0,0.0,NON_RISK,FLAT_LOW_RATE_NORMAL,,FLAT_LOW_RATE,FLAT_LOW_RATE_NORMAL,FLAT_LOW_RATE_NORMAL
2020-12-07,0.0007352656789769707,17.02033874838638,0.0,0.0,0.0,NON_RISK,FLAT_LOW_RATE_NORMAL,,FLAT_LOW_RATE,FLAT_LOW_RATE_NORMAL,FLAT_LOW_RATE_NORMAL
2020-12-08,-0.00034922755228712827,17.014394777146183,-0.00034922755228705693,0.0,0.0,NON_RISK,FLAT_LOW_RATE_NORMAL,,FLAT_LOW_RATE,FLAT_LOW_RATE_NORMAL,FLAT_LOW_RATE_NORMAL
2020-12-09,0.001402744194165667,17.03826162063707,0.0,0.0,0.0,NON_RISK,FLAT_LOW_RATE_NORMAL,,FLAT_LOW_RATE,FLAT_LOW_RATE_NORMAL,FLAT_LOW_RATE_NORMAL
2020-12-10,0.009601881437519067,17.20186098861986,0.0,0.0,0.0,NON_RISK,FLAT_LOW_RATE_NORMAL,,FLAT_LOW_RATE,FLAT_LOW_RATE_NORMAL,FLAT_LOW_RATE_NORMAL
2020-12-11,-0.00821725166818629,17.060508967715215,-0.00821725166818621,0.0,0.0,NON_RISK,FLAT_LOW_RATE_NORMAL,,FLAT_LOW_RATE,FLAT_LOW_RATE_NORMAL,FLAT_LOW_RATE_NORMAL
2020-12-14,0.002338837656191118,17.100410728522693,-0.005897632829627186,0.0,0.0,NON_RISK,FLAT_LOW_RATE_NORMAL,,FLAT_LOW_RATE,FLAT_LOW_RATE_NORMAL,FLAT_LOW_RATE_NORMAL
2020-12-15,0.0055185161266955276,17.194779620901162,-0.00041166288481131463,0.0,0.0,NON_RISK,FLAT_LOW_RATE_NORMAL,,FLAT_LOW_RATE,FLAT_LOW_RATE_NORMAL,FLAT_LOW_RATE_NORMAL
2020-12-16,0.0022465208930905357,17.233408052571605,0.0,0.0,0.0,NON_RISK,FLAT_LOW_RATE_NORMAL,,FLAT_LOW_RATE,FLAT_LOW_RATE_NORMAL,FLAT_LOW_RATE_NORMAL
2020-12-17,0.011680318770085511,17.4346997521206,0.0,0.0,0.0,NON_RISK,FLAT_LOW_RATE_NORMAL,,FLAT_LOW_RATE,FLAT_LOW_RATE_NORMAL,FLAT_LOW_RATE_NORMAL
2020-12-18,0.00035607672396420167,17.440907842891633,0.0,0.0,0.0,NON_RISK,FLAT_LOW_RATE_NORMAL,,FLAT_LOW_RATE,FLAT_LOW_RATE_NORMAL,FLAT_LOW_RATE_NORMAL
2020-12-21,-0.007936201032173991,17.302493292066824,-0.007936201032174073,0.0,0.0,NON_RISK,FLAT_LOW_RATE_NORMAL,,FLAT_LOW_RATE,FLAT_LOW_RATE_NORMAL,FLAT_LOW_RATE_NORMAL
2020-12-22,-0.011514297564343478,17.103267235696908,-0.0193591188163027,0.0,0.0,NON_RISK,FLAT_LOW_RATE_NORMAL,,FLAT_LOW_RATE,FLAT_LOW_RATE_NORMAL,FLAT_LOW_RATE_NORMAL
2020-12-23,0.008419125801534559,17.247261794171504,-0.01110297987148956,0.0,0.0,NON_RISK,FLAT_LOW_RATE_NORMAL,,FLAT_LOW_RATE,FLAT_LOW_RATE_NORMAL,FLAT_LOW_RATE_NORMAL
2020-12-24,0.004886233279807008,17.331535938735726,-0.006270998341435741,0.0,0.0,NON_RISK,FLAT_LOW_RATE_NORMAL,,FLAT_LOW_RATE,FLAT_LOW_RATE_NORMAL,FLAT_LOW_RATE_NORMAL
2020-12-28,0.0004717616209316106,17.339712292223417,-0.005802195136846655,0.0,0.0,NON_RISK,FLAT_LOW_RATE_NORMAL,,FLAT_LOW_RATE,FLAT_LOW_RATE_NORMAL,FLAT_LOW_RATE_NORMAL
2020-12-29,-0.006174423458282293,17.232649565886447,-0.011940793385366466,0.0,0.0,NON_RISK,FLAT_LOW_RATE_NORMAL,,FLAT_LOW_RATE,FLAT_LOW_RATE_NORMAL,FLAT_LOW_RATE_NORMAL
2020-12-30,0.0030104092363845815,17.28452689330697,-0.008966330823678925,0.0,0.0,NON_RISK,FLAT_LOW_RATE_NORMAL,,FLAT_LOW_RATE,FLAT_LOW_RATE_NORMAL,FLAT_LOW_RATE_NORMAL
2020-12-31,0.0018273720101006695,17.316112153959633,-0.0071553436355586975,0.0,0.0,NON_RISK,FLAT_LOW_RATE_NORMAL,,FLAT_LOW_RATE,FLAT_LOW_RATE_NORMAL,FLAT_LOW_RATE_NORMAL
2021-01-04,-0.00043266732541296136,17.308620038027428,-0.007584915077578525,0.0228649933885281,1.143249669426405e-05,NON_RISK,FLAT_LOW_RATE_NORMAL,,FLAT_LOW_RATE,FLAT_LOW_RATE_NORMAL,FLAT_LOW_RATE_NORMAL
2021-01-05,0.01662769514558082,17.59642249541044,0.0,0.0,0.0,NON_RISK,FLAT_LOW_RATE_NORMAL,,FLAT_LOW_RATE,FLAT_LOW_RATE_NORMAL,FLAT_LOW_RATE_NORMAL
2021-01-06,0.0034292222358036817,17.656764538702298,0.0,0.0,0.0,NON_RISK,FLAT_LOW_RATE_NORMAL,,FLAT_LOW_RATE,FLAT_LOW_RATE_NORMAL,FLAT_LOW_RATE_NORMAL
2021-01-07,0.008990904063063536,17.815514814733874,0.0,0.6595705747159142,0.0003297852873579571,NON_RISK,FLAT_LOW_RATE_NORMAL,,FLAT_LOW_RATE,FLAT_LOW_RATE_NORMAL,FLAT_LOW_RATE_NORMAL
2021-01-08,0.006912284860565413,17.938660728070936,0.0,0.0,0.0,NON_RISK,FLAT_LOW_RATE_NORMAL,,FLAT_LOW_RATE,FLAT_LOW_RATE_NORMAL,FLAT_LOW_RATE_NORMAL
2021-01-11,-0.006999510305363783,17.81309888744038,-0.006999510305363721,0.0,0.0,NON_RISK,FLAT_LOW_RATE_NORMAL,,FLAT_LOW_RATE,FLAT_LOW_RATE_NORMAL,FLAT_LOW_RATE_NORMAL
2021-01-12,0.010494409442678975,18.000036840608107,0.0,0.0,0.0,NON_RISK,FLAT_LOW_RATE_NORMAL,,FLAT_LOW_RATE,FLAT_LOW_RATE_NORMAL,FLAT_LOW_RATE_NORMAL
2021-01-13,-0.00017513388105853522,17.996884424297015,-0.00017513388105849792,0.0,0.0,NON_RISK,FLAT_LOW_RATE_NORMAL,,FLAT_LOW_RATE,FLAT_LOW_RATE_NORMAL,FLAT_LOW_RATE_NORMAL
2021-01-14,0.0033358325571925737,18.05691901728762,0.0,0.0,0.0,NON_RISK,FLAT_LOW_RATE_NORMAL,,FLAT_LOW_RATE,FLAT_LOW_RATE_NORMAL,FLAT_LOW_RATE_NORMAL
2021-01-15,-0.011026410430732906,17.8578160170885,-0.011026410430732936,0.0,0.0,NON_RISK,FLAT_LOW_RATE_NORMAL,,FLAT_LOW_RATE,FLAT_LOW_RATE_NORMAL,FLAT_LOW_RATE_NORMAL
2021-01-19,0.005365436677222593,17.95363099812168,-0.005720135260453341,0.0,0.0,NON_RISK,FLAT_LOW_RATE_NORMAL,,FLAT_LOW_RATE,FLAT_LOW_RATE_NORMAL,FLAT_LOW_RATE_NORMAL
2021-01-20,0.00668483783959585,18.073648109976066,0.0,0.0,0.0,NON_RISK,FLAT_LOW_RATE_NORMAL,,FLAT_LOW_RATE,FLAT_LOW_RATE_NORMAL,FLAT_LOW_RATE_NORMAL
2021-01-21,6.396644020922984e-05,18.074804216907257,0.0,0.0,0.0,NON_RISK,FLAT_LOW_RATE_NORMAL,,FLAT_LOW_RATE,FLAT_LOW_RATE_NORMAL,FLAT_LOW_RATE_NORMAL
2021-01-22,-0.010808151941698497,17.87944898661447,-0.010808151941698485,0.0,0.0,NON_RISK,FLAT_LOW_RATE_NORMAL,,FLAT_LOW_RATE,FLAT_LOW_RATE_NORMAL,FLAT_LOW_RATE_NORMAL
2021-01-25,0.007556378200280042,18.014552865169943,-0.0033334442251360397,0.0,0.0,NON_RISK,FLAT_LOW_RATE_NORMAL,,FLAT_LOW_RATE,FLAT_LOW_RATE_NORMAL,FLAT_LOW_RATE_NORMAL
2021-01-26,0.00035301467129079294,18.020912266628095,-0.002981606308562479,0.0,0.0,NON_RISK,FLAT_LOW_RATE_NORMAL,,FLAT_LOW_RATE,FLAT_LOW_RATE_NORMAL,FLAT_LOW_RATE_NORMAL
2021-01-27,-0.012602105847336557,17.793810822778482,-0.015546137637603374,0.0,0.0,NON_RISK,FLAT_LOW_RATE_NORMAL,,FLAT_LOW_RATE,FLAT_LOW_RATE_NORMAL,FLAT_LOW_RATE_NORMAL
2021-01-28,0.0014431243263765166,17.819489504035776,-0.014125448320632894,0.0,0.0,NON_RISK,FLAT_LOW_RATE_NORMAL,,FLAT_LOW_RATE,FLAT_LOW_RATE_NORMAL,FLAT_LOW_RATE_NORMAL
2021-01-29,-0.00844413691640702,17.66901929488322,-0.022450308017414877,0.0,0.0,NON_RISK,FLAT_LOW_RATE_NORMAL,,FLAT_LOW_RATE,FLAT_LOW_RATE_NORMAL,FLAT_LOW_RATE_NORMAL
2021-02-01,0.017912124602523765,17.985508970097566,-0.004940316129463995,0.034952969778176635,1.7476484889088317e-05,NON_RISK,FLAT_LOW_RATE_NORMAL,,FLAT_LOW_RATE,FLAT_LOW_RATE_NORMAL,FLAT_LOW_RATE_NORMAL
2021-02-02,0.010786436934565581,18.17950852833959,0.0,0.0,0.0,NON_RISK,FLAT_LOW_RATE_NORMAL,,FLAT_LOW_RATE,FLAT_LOW_RATE_NORMAL,FLAT_LOW_RATE_NORMAL
2021-02-03,0.004075422337892333,18.253597703487888,0.0,0.0,0.0,NON_RISK,FLAT_LOW_RATE_NORMAL,,FLAT_LOW_RATE,FLAT_LOW_RATE_NORMAL,FLAT_LOW_RATE_NORMAL
2021-02-04,0.008072089810149903,18.400942383508788,0.0,0.0,0.0,NON_RISK,FLAT_LOW_RATE_NORMAL,,FLAT_LOW_RATE,FLAT_LOW_RATE_NORMAL,FLAT_LOW_RATE_NORMAL
2021-02-05,0.004529389951740041,18.4842874270432,0.0,0.0,0.0,NON_RISK,FLAT_LOW_RATE_NORMAL,,FLAT_LOW_RATE,FLAT_LOW_RATE_NORMAL,FLAT_LOW_RATE_NORMAL
2021-02-08,0.01170086790304378,18.700569632508923,0.0,0.0,0.0,NON_RISK,FLAT_LOW_RATE_NORMAL,,FLAT_LOW_RATE,FLAT_LOW_RATE_NORMAL,FLAT_LOW_RATE_NORMAL
2021-02-09,0.001637855883782534,18.731198470511615,0.0,0.0,0.0,NON_RISK,FLAT_LOW_RATE_NORMAL,,FLAT_LOW_RATE,FLAT_LOW_RATE_NORMAL,FLAT_LOW_RATE_NORMAL
2021-02-10,-0.0011804243603661397,18.70908770753817,-0.001180424360366139,0.0,0.0,NON_RISK,FLAT_LOW_RATE_NORMAL,,FLAT_LOW_RATE,FLAT_LOW_RATE_NORMAL,FLAT_LOW_RATE_NORMAL
2021-02-11,-0.0002080155170082655,18.705195926985933,-0.0013881943307908484,0.0,0.0,NON_RISK,FLAT_LOW_RATE_NORMAL,,FLAT_LOW_RATE,FLAT_LOW_RATE_NORMAL,FLAT_LOW_RATE_NORMAL
2021-02-12,0.008860029953163987,18.87092452317883,0.0,0.0,0.0,NON_RISK,FLAT_LOW_RATE_NORMAL,,FLAT_LOW_RATE,FLAT_LOW_RATE_NORMAL,FLAT_LOW_RATE_NORMAL
2021-02-16,0.006665914869072226,18.996716499551027,0.0,0.0,0.0,NON_RISK,FLAT_LOW_RATE_NORMAL,,FLAT_LOW_RATE,FLAT_LOW_RATE_NORMAL,FLAT_LOW_RATE_NORMAL
2021-02-17,-0.00029545687120710313,18.99110378913086,-0.0002954568712071337,1.0500076711600062,0.0005250038355800031,NON_RISK,STEEP_LOW_RATE_NORMAL,,STEEP_LOW_RATE,STEEP_LOW_RATE_NORMAL,STEEP_LOW_RATE_NORMAL
2021-02-18,-0.004256045445048,18.910276788352697,-0.0045502448383842875,0.0,0.0,NON_RISK,STEEP_LOW_RATE_NORMAL,,STEEP_LOW_RATE,STEEP_LOW_RATE_NORMAL,STEEP_LOW_RATE_NORMAL
2021-02-19,-0.0017660256402188,18.876880754680833,-0.006308234629549103,0.0,0.0,NON_RISK,STEEP_LOW_RATE_NORMAL,,STEEP_LOW_RATE,STEEP_LOW_RATE_NORMAL,STEEP_LOW_RATE_NORMAL
2021-02-22,-0.0076917555542181,18.731684402289705,-0.013951468785017962,0.0,0.0,NON_RISK,STEEP_LOW_RATE_NORMAL,,STEEP_LOW_RATE,STEEP_LOW_RATE_NORMAL,STEEP_LOW_RATE_NORMAL
2021-02-23,0.0012145221923671,18.754434448696703,-0.012753890961106351,0.0,0.0,NON_RISK,STEEP_LOW_RATE_NORMAL,,STEEP_LOW_RATE,STEEP_LOW_RATE_NORMAL,STEEP_LOW_RATE_NORMAL
2021-02-24,0.0110191269025639,18.96109194187271,-0.0018753008015442996,0.0,0.0,NON_RISK,STEEP_LOW_RATE_NORMAL,,STEEP_LOW_RATE,STEEP_LOW_RATE_NORMAL,STEEP_LOW_RATE_NORMAL
2021-02-25,-0.0240956294351856,18.50421249675486,-0.025925743683536395,0.0,0.0,NON_RISK,STEEP_LOW_RATE_NORMAL,,STEEP_LOW_RATE,STEEP_LOW_RATE_NORMAL,STEEP_LOW_RATE_NORMAL
2021-02-26,-0.0051525703218157,18.40886824061551,-0.030944729787877212,0.0,0.0,NON_RISK,STEEP_LOW_RATE_NORMAL,,STEEP_LOW_RATE,STEEP_LOW_RATE_NORMAL,STEEP_LOW_RATE_NORMAL
2021-03-01,0.0242400491673449,18.855100111883207,-0.007454782392060655,0.0,0.0,NON_RISK,STEEP_LOW_RATE_NORMAL,,STEEP_LOW_RATE,STEEP_LOW_RATE_NORMAL,STEEP_LOW_RATE_NORMAL
2021-03-02,-0.0078032149912203,18.7079697120292,-0.015199826113562853,0.0,0.0,NON_RISK,STEEP_LOW_RATE_NORMAL,,STEEP_LOW_RATE,STEEP_LOW_RATE_NORMAL,STEEP_LOW_RATE_NORMAL
2021-03-03,-0.0132458205351009,18.46016730264756,-0.02824431247979875,0.0,0.0,NON_RISK,STEEP_LOW_RATE_NORMAL,,STEEP_LOW_RATE,STEEP_LOW_RATE_NORMAL,STEEP_LOW_RATE_NORMAL
2021-03-04,-0.0123744795514559,18.23173233984449,-0.04026928336402846,0.0,0.0,NON_RISK,STEEP_LOW_RATE_NORMAL,,STEEP_LOW_RATE,STEEP_LOW_RATE_NORMAL,STEEP_LOW_RATE_NORMAL
2021-03-05,0.0183965489348916,18.567133296002286,-0.022613550271116334,0.0,0.0,NON_RISK,STEEP_LOW_RATE_NORMAL,,STEEP_LOW_RATE,STEEP_LOW_RATE_NORMAL,STEEP_LOW_RATE_NORMAL
2021-03-08,-0.0049789042155252,18.474689317764604,-0.02747986378586853,0.0,0.0,NON_RISK,STEEP_LOW_RATE_NORMAL,,STEEP_LOW_RATE,STEEP_LOW_RATE_NORMAL,STEEP_LOW_RATE_NORMAL
2021-03-09,0.0142774466050326,18.738460708043554,-0.013594759468752216,0.0,0.0,NON_RISK,STEEP_LOW_RATE_NORMAL,,STEEP_LOW_RATE,STEEP_LOW_RATE_NORMAL,STEEP_LOW_RATE_NORMAL
2021-03-10,0.0062245990029261,18.855100111883214,-0.007454782392060211,0.0,0.0,NON_RISK,STEEP_LOW_RATE_NORMAL,,STEEP_LOW_RATE,STEEP_LOW_RATE_NORMAL,STEEP_LOW_RATE_NORMAL
2021-03-11,0.0101392821789425,19.04627729242981,0.0,0.0,0.0,NON_RISK,STEEP_LOW_RATE_NORMAL,,STEEP_LOW_RATE,STEEP_LOW_RATE_NORMAL,STEEP_LOW_RATE_NORMAL
2021-03-12,0.0013469034964346,19.071930789909047,0.0,0.0,0.0,NON_RISK,STEEP_LOW_RATE_NORMAL,,STEEP_LOW_RATE,STEEP_LOW_RATE_NORMAL,STEEP_LOW_RATE_NORMAL
2021-03-15,0.0059633594967232,19.1856635695059,0.0,0.0,0.0,NON_RISK,STEEP_LOW_RATE_NORMAL,,STEEP_LOW_RATE,STEEP_LOW_RATE_NORMAL,STEEP_LOW_RATE_NORMAL
2021-03-16,-0.0012612854741708,19.161464970733352,-0.0012612854741708146,0.0,0.0,NON_RISK,STEEP_LOW_RATE_NORMAL,,STEEP_LOW_RATE,STEEP_LOW_RATE_NORMAL,STEEP_LOW_RATE_NORMAL
2021-03-17,0.003409821155994,19.2268021393704,0.0,0.0,0.0,NON_RISK,STEEP_LOW_RATE_NORMAL,,STEEP_LOW_RATE,STEEP_LOW_RATE_NORMAL,STEEP_LOW_RATE_NORMAL
2021-03-18,-0.0145497482578905,18.94705700843829,-0.01454974825789046,0.0,0.0,NON_RISK,STEEP_LOW_RATE_NORMAL,,STEEP_LOW_RATE,STEEP_LOW_RATE_NORMAL,STEEP_LOW_RATE_NORMAL
2021-03-19,-0.0018501871749664,18.91200140655792,-0.016373015675231084,0.0,0.0,NON_RISK,STEEP_LOW_RATE_NORMAL,,STEEP_LOW_RATE,STEEP_LOW_RATE_NORMAL,STEEP_LOW_RATE_NORMAL
2021-03-22,0.0079850234145473,19.063014180605236,-0.008518731174217309,0.0,0.0,NON_RISK,STEEP_LOW_RATE_NORMAL,,STEEP_LOW_RATE,STEEP_LOW_RATE_NORMAL,STEEP_LOW_RATE_NORMAL
2021-03-23,-0.0078708320956567,18.91297239675257,-0.016322513767133784,0.0,0.0,NON_RISK,STEEP_LOW_RATE_NORMAL,,STEEP_LOW_RATE,STEEP_LOW_RATE_NORMAL,STEEP_LOW_RATE_NORMAL
2021-03-24,-0.0050835733110345,18.816826915044107,-0.021323110382812538,0.0,0.0,NON_RISK,STEEP_LOW_RATE_NORMAL,,STEEP_LOW_RATE,STEEP_LOW_RATE_NORMAL,STEEP_LOW_RATE_NORMAL
2021-03-25,0.0056258233063823,18.922687058454926,-0.015817247127786316,0.0,0.0,NON_RISK,STEEP_LOW_RATE_NORMAL,,STEEP_LOW_RATE,STEEP_LOW_RATE_NORMAL,STEEP_LOW_RATE_NORMAL
2021-03-26,0.0161148014849066,19.22762240396294,0.0,0.0,0.0,NON_RISK,STEEP_LOW_RATE_NORMAL,,STEEP_LOW_RATE,STEEP_LOW_RATE_NORMAL,STEEP_LOW_RATE_NORMAL
2021-03-29,-0.0005049975364866,19.217912502016443,-0.0005049975364866954,0.0,0.0,NON_RISK,STEEP_LOW_RATE_NORMAL,,STEEP_LOW_RATE,STEEP_LOW_RATE_NORMAL,STEEP_LOW_RATE_NORMAL
2021-03-30,-0.002652906841724,19.16692917045619,-0.0031565646667911507,0.0,0.0,NON_RISK,STEEP_LOW_RATE_NORMAL,,STEEP_LOW_RATE,STEEP_LOW_RATE_NORMAL,STEEP_LOW_RATE_NORMAL
2021-03-31,0.0040531042412816,19.24461473236931,0.0,0.0,0.0,NON_RISK,STEEP_LOW_RATE_NORMAL,,STEEP_LOW_RATE,STEEP_LOW_RATE_NORMAL,STEEP_LOW_RATE_NORMAL
2021-04-01,0.0107991364252402,19.452439952315355,0.0,0.0,0.0,NON_RISK,STEEP_LOW_RATE_NORMAL,,STEEP_LOW_RATE,STEEP_LOW_RATE_NORMAL,STEEP_LOW_RATE_NORMAL
2021-04-05,0.0143531662883535,19.73164405766515,0.0,0.0,0.0,NON_RISK,STEEP_LOW_RATE_NORMAL,,STEEP_LOW_RATE,STEEP_LOW_RATE_NORMAL,STEEP_LOW_RATE_NORMAL
2021-04-06,-0.0005906783779549,19.719989002158783,-0.0005906783779550118,0.0,0.0,NON_RISK,STEEP_LOW_RATE_NORMAL,,STEEP_LOW_RATE,STEEP_LOW_RATE_NORMAL,STEEP_LOW_RATE_NORMAL
2021-04-07,0.0011573550739618,19.742812031488903,0.0,0.0,0.0,NON_RISK,STEEP_LOW_RATE_NORMAL,,STEEP_LOW_RATE,STEEP_LOW_RATE_NORMAL,STEEP_LOW_RATE_NORMAL
2021-04-08,0.004746782418928,19.836526864540176,0.0,0.0,0.0,NON_RISK,STEEP_LOW_RATE_NORMAL,,STEEP_LOW_RATE,STEEP_LOW_RATE_NORMAL,STEEP_LOW_RATE_NORMAL
2021-04-09,0.0072700564216205,19.980739534054376,0.0,0.0,0.0,NON_RISK,STEEP_LOW_RATE_NORMAL,,STEEP_LOW_RATE,STEEP_LOW_RATE_NORMAL,STEEP_LOW_RATE_NORMAL
2021-04-12,0.0003644723183273,19.98802196051425,0.0,0.0,0.0,NON_RISK,STEEP_LOW_RATE_NORMAL,,STEEP_LOW_RATE,STEEP_LOW_RATE_NORMAL,STEEP_LOW_RATE_NORMAL
2021-04-13,0.0029637710776171,20.047261881899598,0.0,0.0,0.0,NON_RISK,STEEP_LOW_RATE_NORMAL,,STEEP_LOW_RATE,STEEP_LOW_RATE_NORMAL,STEEP_LOW_RATE_NORMAL
2021-04-14,-0.0034149086734122,19.978802313420932,-0.003414908673412209,0.0,0.0,NON_RISK,STEEP_LOW_RATE_NORMAL,,STEEP_LOW_RATE,STEEP_LOW_RATE_NORMAL,STEEP_LOW_RATE_NORMAL
2021-04-15,0.010742334538935,20.19342129155895,0.0,0.0,0.0,NON_RISK,STEEP_LOW_RATE_NORMAL,,STEEP_LOW_RATE,STEEP_LOW_RATE_NORMAL,STEEP_LOW_RATE_NORMAL
2021-04-16,0.0033424214574955,20.260916216184103,0.0,0.0,0.0,NON_RISK,STEEP_LOW_RATE_NORMAL,,STEEP_LOW_RATE,STEEP_LOW_RATE_NORMAL,STEEP_LOW_RATE_NORMAL
2021-04-19,-0.0049129453553367,20.161375441964935,-0.004912945355336706,0.0,0.0,NON_RISK,STEEP_LOW_RATE_NORMAL,,STEEP_LOW_RATE,STEEP_LOW_RATE_NORMAL,STEEP_LOW_RATE_NORMAL
2021-04-20,-0.0073217174778698,20.013759547013606,-0.012198691635330494,0.0,0.0,NON_RISK,STEEP_LOW_RATE_NORMAL,,STEEP_LOW_RATE,STEEP_LOW_RATE_NORMAL,STEEP_LOW_RATE_NORMAL
2021-04-21,0.0094623104571054,20.203135953261306,-0.0028518089856490736,0.0,0.0,NON_RISK,STEEP_LOW_RATE_NORMAL,,STEEP_LOW_RATE,STEEP_LOW_RATE_NORMAL,STEEP_LOW_RATE_NORMAL
2021-04-22,-0.009133072011467,20.018619257742714,-0.011958835220287178,0.0,0.0,NON_RISK,STEEP_LOW_RATE_NORMAL,,STEEP_LOW_RATE,STEEP_LOW_RATE_NORMAL,STEEP_LOW_RATE_NORMAL
2021-04-23,0.0108422289684486,20.235665711367357,-0.001246266681492747,0.0,0.0,NON_RISK,STEEP_LOW_RATE_NORMAL,,STEEP_LOW_RATE,STEEP_LOW_RATE_NORMAL,STEEP_LOW_RATE_NORMAL
2021-04-26,0.0020876219448848,20.277910131175762,0.0,0.0,0.0,NON_RISK,STEEP_LOW_RATE_NORMAL,,STEEP_LOW_RATE,STEEP_LOW_RATE_NORMAL,STEEP_LOW_RATE_NORMAL
2021-04-27,-0.0002156350934691,20.27353750212927,-0.00021563509346900211,0.0,0.0,NON_RISK,STEEP_LOW_RATE_NORMAL,,STEEP_LOW_RATE,STEEP_LOW_RATE_NORMAL,STEEP_LOW_RATE_NORMAL
2021-04-28,-0.0002872885199241,20.267713147546658,-0.0005028616639062289,0.0,0.0,NON_RISK,STEEP_LOW_RATE_NORMAL,,STEEP_LOW_RATE,STEEP_LOW_RATE_NORMAL,STEEP_LOW_RATE_NORMAL
2021-04-29,0.0063728117995769,20.396875469043785,0.0,0.0,0.0,NON_RISK,STEEP_LOW_RATE_NORMAL,,STEEP_LOW_RATE,STEEP_LOW_RATE_NORMAL,STEEP_LOW_RATE_NORMAL
2021-04-30,-0.0065704027113606,20.262859783158696,-0.006570402711360557,0.0,0.0,NON_RISK,STEEP_LOW_RATE_NORMAL,,STEEP_LOW_RATE,STEEP_LOW_RATE_NORMAL,STEEP_LOW_RATE_NORMAL
2021-05-03,0.0021565431729497,20.306557515088507,-0.0044280288955214075,0.0,0.0,NON_RISK,STEEP_LOW_RATE_NORMAL,,STEEP_LOW_RATE,STEEP_LOW_RATE_NORMAL,STEEP_LOW_RATE_NORMAL
2021-05-04,-0.0061691205350581,20.181283914125835,-0.010569832386590372,0.0,0.0,NON_RISK,STEEP_LOW_RATE_NORMAL,,STEEP_LOW_RATE,STEEP_LOW_RATE_NORMAL,STEEP_LOW_RATE_NORMAL
2021-05-05,0.0003129729529578,20.18760011014692,-0.010260167505286799,0.0,0.0,NON_RISK,STEEP_LOW_RATE_NORMAL,,STEEP_LOW_RATE,STEEP_LOW_RATE_NORMAL,STEEP_LOW_RATE_NORMAL
2021-05-06,0.0079852687023582,20.3488035214822,-0.0023568289973895373,0.0,0.0,NON_RISK,STEEP_LOW_RATE_NORMAL,,STEEP_LOW_RATE,STEEP_LOW_RATE_NORMAL,STEEP_LOW_RATE_NORMAL
2021-05-07,0.0072779815639645,20.496901738360283,0.0,0.0,0.0,NON_RISK,STEEP_LOW_RATE_NORMAL,,STEEP_LOW_RATE,STEEP_LOW_RATE_NORMAL,STEEP_LOW_RATE_NORMAL
2021-05-10,-0.0099022531213623,20.29393622914335,-0.009902253121362281,0.0,0.0,NON_RISK,STEEP_LOW_RATE_NORMAL,,STEEP_LOW_RATE,STEEP_LOW_RATE_NORMAL,STEEP_LOW_RATE_NORMAL
2021-05-11,-0.0089249807207469,20.112813239550178,-0.018738856423909045,0.0,0.0,NON_RISK,STEEP_LOW_RATE_NORMAL,,STEEP_LOW_RATE,STEEP_LOW_RATE_NORMAL,STEEP_LOW_RATE_NORMAL
2021-05-12,-0.0212449631385477,19.68551726366344,-0.039585713248472265,0.0,0.0,NON_RISK,STEEP_LOW_RATE_NORMAL,,STEEP_LOW_RATE,STEEP_LOW_RATE_NORMAL,STEEP_LOW_RATE_NORMAL
2021-05-13,0.0120123554550786,19.92198669435165,-0.028048875451877286,0.0,0.0,NON_RISK,STEEP_LOW_RATE_NORMAL,,STEEP_LOW_RATE,STEEP_LOW_RATE_NORMAL,STEEP_LOW_RATE_NORMAL
2021-05-14,0.015355291968681,20.227894616639595,-0.013124282155153044,0.0,0.0,NON_RISK,STEEP_LOW_RATE_NORMAL,,STEEP_LOW_RATE,STEEP_LOW_RATE_NORMAL,STEEP_LOW_RATE_NORMAL
2021-05-17,-0.002544526467946,20.176424203396735,-0.015635413539782372,0.0,0.0,NON_RISK,STEEP_LOW_RATE_NORMAL,,STEEP_LOW_RATE,STEEP_LOW_RATE_NORMAL,STEEP_LOW_RATE_NORMAL
2021-05-18,-0.0086154739454298,20.00259474636043,-0.024116180987234226,0.0,0.0,NON_RISK,STEEP_LOW_RATE_NORMAL,,STEEP_LOW_RATE,STEEP_LOW_RATE_NORMAL,STEEP_LOW_RATE_NORMAL
2021-05-19,-0.0026218093546259,19.950151756337632,-0.02667476231294985,0.0,0.0,NON_RISK,STEEP_LOW_RATE_NORMAL,,STEEP_LOW_RATE,STEEP_LOW_RATE_NORMAL,STEEP_LOW_RATE_NORMAL
2021-05-20,0.0107579207381423,20.16477390764622,-0.016203806553479194,0.0,0.0,NON_RISK,STEEP_LOW_RATE_NORMAL,,STEEP_LOW_RATE,STEEP_LOW_RATE_NORMAL,STEEP_LOW_RATE_NORMAL
2021-05-21,-0.0008189908952666,20.14825914141075,-0.017009526678709697,0.0,0.0,NON_RISK,STEEP_LOW_RATE_NORMAL,,STEEP_LOW_RATE,STEEP_LOW_RATE_NORMAL,STEEP_LOW_RATE_NORMAL
2021-05-24,0.0101945534238792,20.353661645626026,-0.006988377783271549,0.0,0.0,NON_RISK,STEEP_LOW_RATE_NORMAL,,STEEP_LOW_RATE,STEEP_LOW_RATE_NORMAL,STEEP_LOW_RATE_NORMAL
2021-05-25,-0.00221879307759,20.308501082063103,-0.0091916650966124,0.0,0.0,NON_RISK,STEEP_LOW_RATE_NORMAL,,STEEP_LOW_RATE,STEEP_LOW_RATE_NORMAL,STEEP_LOW_RATE_NORMAL
2021-05-26,0.0019845107847324,20.348803521482207,-0.007225395270393786,0.0,0.0,NON_RISK,STEEP_LOW_RATE_NORMAL,,STEEP_LOW_RATE,STEEP_LOW_RATE_NORMAL,STEEP_LOW_RATE_NORMAL
2021-05-27,0.0005250463645412,20.359487586793925,-0.0067041425733717075,0.0,0.0,NON_RISK,STEEP_LOW_RATE_NORMAL,,STEEP_LOW_RATE,STEEP_LOW_RATE_NORMAL,STEEP_LOW_RATE_NORMAL
2021-05-28,0.0017886939393723,20.39590447884915,-0.004927440293189034,0.0,0.0,NON_RISK,STEEP_LOW_RATE_NORMAL,,STEEP_LOW_RATE,STEEP_LOW_RATE_NORMAL,STEEP_LOW_RATE_NORMAL
2021-06-01,-0.000881042807432,20.37793481390699,-0.005804141814791719,0.0,0.0,NON_RISK,STEEP_LOW_RATE_NORMAL,,STEEP_LOW_RATE,STEEP_LOW_RATE_NORMAL,STEEP_LOW_RATE_NORMAL
2021-06-02,0.0015728873523179,20.409987009842144,-0.004240383723725261,0.0,0.0,NON_RISK,STEEP_LOW_RATE_NORMAL,,STEEP_LOW_RATE,STEEP_LOW_RATE_NORMAL,STEEP_LOW_RATE_NORMAL
2021-06-03,-0.0037114925361647,20.334235495391898,-0.007936138107348834,0.0,0.0,NON_RISK,STEEP_LOW_RATE_NORMAL,,STEEP_LOW_RATE,STEEP_LOW_RATE_NORMAL,STEEP_LOW_RATE_NORMAL
2021-06-04,0.0091460502957472,20.520213435958322,0.0,0.0,0.0,NON_RISK,STEEP_LOW_RATE_NORMAL,,STEEP_LOW_RATE,STEEP_LOW_RATE_NORMAL,STEEP_LOW_RATE_NORMAL
2021-06-07,-0.0009703429934393,20.50030179062686,-0.0009703429934393437,0.0,0.0,NON_RISK,STEEP_LOW_RATE_NORMAL,,STEEP_LOW_RATE,STEEP_LOW_RATE_NORMAL,STEEP_LOW_RATE_NORMAL
2021-06-08,0.0002132184445795,20.50467283308807,-0.0007573314438835688,0.0,0.0,NON_RISK,STEEP_LOW_RATE_NORMAL,,STEEP_LOW_RATE,STEEP_LOW_RATE_NORMAL,STEEP_LOW_RATE_NORMAL
2021-06-09,-0.0014919014380936,20.474081882200746,-0.0022481030181068506,0.0,0.0,NON_RISK,STEEP_LOW_RATE_NORMAL,,STEEP_LOW_RATE,STEEP_LOW_RATE_NORMAL,STEEP_LOW_RATE_NORMAL
2021-06-10,0.0046485352584506,20.569256373714563,0.0,0.0,0.0,NON_RISK,STEEP_LOW_RATE_NORMAL,,STEEP_LOW_RATE,STEEP_LOW_RATE_NORMAL,STEEP_LOW_RATE_NORMAL
2021-06-11,0.0016524377911897,20.603245790283157,0.0,0.0,0.0,NON_RISK,STEEP_LOW_RATE_NORMAL,,STEEP_LOW_RATE,STEEP_LOW_RATE_NORMAL,STEEP_LOW_RATE_NORMAL
2021-06-14,0.0022386579911064,20.649369411114304,0.0,0.0,0.0,NON_RISK,STEEP_LOW_RATE_NORMAL,,STEEP_LOW_RATE,STEEP_LOW_RATE_NORMAL,STEEP_LOW_RATE_NORMAL
2021-06-15,-0.0018339641963227,20.61149920693768,-0.001833964196322646,0.0,0.0,NON_RISK,STEEP_LOW_RATE_NORMAL,,STEEP_LOW_RATE,STEEP_LOW_RATE_NORMAL,STEEP_LOW_RATE_NORMAL
2021-06-16,-0.0055834348835707,20.496416243262974,-0.007407159260224394,0.0,0.0,NON_RISK,STEEP_LOW_RATE_NORMAL,,STEEP_LOW_RATE,STEEP_LOW_RATE_NORMAL,STEEP_LOW_RATE_NORMAL
2021-06-17,-0.0003317704154917,20.489616138729858,-0.007736472199410649,0.0,0.0,NON_RISK,STEEP_LOW_RATE_NORMAL,,STEEP_LOW_RATE,STEEP_LOW_RATE_NORMAL,STEEP_LOW_RATE_NORMAL
2021-06-18,-0.0134902541263217,20.213206010067612,-0.021122359349720954,0.0,0.0,NON_RISK,STEEP_LOW_RATE_NORMAL,,STEEP_LOW_RATE,STEEP_LOW_RATE_NORMAL,STEEP_LOW_RATE_NORMAL
2021-06-21,0.0143158565310754,20.502575367340814,-0.007108887484693849,0.0,0.0,NON_RISK,STEEP_LOW_RATE_NORMAL,,STEEP_LOW_RATE,STEEP_LOW_RATE_NORMAL,STEEP_LOW_RATE_NORMAL
2021-06-22,0.0053462755603539,20.612187784951544,-0.0018006179957604784,0.0,0.0,NON_RISK,STEEP_LOW_RATE_NORMAL,,STEEP_LOW_RATE,STEEP_LOW_RATE_NORMAL,STEEP_LOW_RATE_NORMAL
2021-06-23,-0.0012051688094584,20.587346619138422,-0.00300361675657268,0.0,0.0,NON_RISK,STEEP_LOW_RATE_NORMAL,,STEEP_LOW_RATE,STEEP_LOW_RATE_NORMAL,STEEP_LOW_RATE_NORMAL
2021-06-24,0.0059155121916933,20.709131319058553,0.0,0.0,0.0,NON_RISK,STEEP_LOW_RATE_NORMAL,,STEEP_LOW_RATE,STEEP_LOW_RATE_NORMAL,STEEP_LOW_RATE_NORMAL
2021-06-25,0.0035522307627657,20.78269493240027,0.0,0.0,0.0,NON_RISK,STEEP_LOW_RATE_NORMAL,,STEEP_LOW_RATE,STEEP_LOW_RATE_NORMAL,STEEP_LOW_RATE_NORMAL
2021-06-28,0.0020158776896785,20.82459030344589,0.0,0.0,0.0,NON_RISK,STEEP_LOW_RATE_NORMAL,,STEEP_LOW_RATE,STEEP_LOW_RATE_NORMAL,STEEP_LOW_RATE_NORMAL
2021-06-29,0.0005379639424734,20.835793182145927,0.0,0.0,0.0,NON_RISK,STEEP_LOW_RATE_NORMAL,,STEEP_LOW_RATE,STEEP_LOW_RATE_NORMAL,STEEP_LOW_RATE_NORMAL
2021-06-30,0.0008418062214619,20.85333288247575,0.0,0.0,0.0,NON_RISK,STEEP_LOW_RATE_NORMAL,,STEEP_LOW_RATE,STEEP_LOW_RATE_NORMAL,STEEP_LOW_RATE_NORMAL
2021-07-01,0.0055366400398797,20.96879028027781,0.0,0.0,0.0,NON_RISK,STEEP_LOW_RATE_NORMAL,,STEEP_LOW_RATE,STEEP_LOW_RATE_NORMAL,STEEP_LOW_RATE_NORMAL
2021-07-02,0.0076434391405402,21.129063952635864,0.0,0.0,0.0,NON_RISK,STEEP_LOW_RATE_NORMAL,,STEEP_LOW_RATE,STEEP_LOW_RATE_NORMAL,STEEP_LOW_RATE_NORMAL
2021-07-06,-0.0018214625765544,21.090578153368515,-0.0018214625765543557,0.0,0.0,NON_RISK,STEEP_LOW_RATE_NORMAL,,STEEP_LOW_RATE,STEEP_LOW_RATE_NORMAL,STEEP_LOW_RATE_NORMAL
2021-07-07,0.0035340237235015,21.165112756904882,0.0,0.0,0.0,NON_RISK,STEEP_LOW_RATE_NORMAL,,STEEP_LOW_RATE,STEEP_LOW_RATE_NORMAL,STEEP_LOW_RATE_NORMAL
2021-07-08,-0.0081479509695659,20.99266045589629,-0.008147950969565887,0.0,0.0,NON_RISK,STEEP_LOW_RATE_NORMAL,,STEEP_LOW_RATE,STEEP_LOW_RATE_NORMAL,STEEP_LOW_RATE_NORMAL
2021-07-09,0.0106748768662783,21.21675452135857,0.0,0.0,0.0,NON_RISK,STEEP_LOW_RATE_NORMAL,,STEEP_LOW_RATE,STEEP_LOW_RATE_NORMAL,STEEP_LOW_RATE_NORMAL
2021-07-12,0.0035818042727699,21.292748783357485,0.0,0.0,0.0,NON_RISK,STEEP_LOW_RATE_NORMAL,,STEEP_LOW_RATE,STEEP_LOW_RATE_NORMAL,STEEP_LOW_RATE_NORMAL
2021-07-13,-0.0034089669466563,21.220162506551564,-0.0034089669466562666,0.0,0.0,NON_RISK,STEEP_LOW_RATE_NORMAL,,STEEP_LOW_RATE,STEEP_LOW_RATE_NORMAL,STEEP_LOW_RATE_NORMAL
2021-07-14,0.0014921413787694,21.2518259890918,-0.0019219122285268897,0.0,0.0,NON_RISK,STEEP_LOW_RATE_NORMAL,,STEEP_LOW_RATE,STEEP_LOW_RATE_NORMAL,STEEP_LOW_RATE_NORMAL
2021-07-15,-0.0034153819851814,21.179242885456443,-0.005330730149305962,0.0,0.0,NON_RISK,STEEP_LOW_RATE_NORMAL,,STEEP_LOW_RATE,STEEP_LOW_RATE_NORMAL,STEEP_LOW_RATE_NORMAL
2021-07-16,-0.0078437647553772,21.013117886565926,-0.013132681911417698,0.0,0.0,NON_RISK,STEEP_LOW_RATE_NORMAL,,STEEP_LOW_RATE,STEEP_LOW_RATE_NORMAL,STEEP_LOW_RATE_NORMAL
2021-07-19,-0.0147678526840457,20.702799257184633,-0.0277065930836492,0.0,0.0,NON_RISK,STEEP_LOW_RATE_NORMAL,,STEEP_LOW_RATE,STEEP_LOW_RATE_NORMAL,STEEP_LOW_RATE_NORMAL
2021-07-20,0.0143305990534501,20.999482772623413,-0.013773046106817843,0.0,0.0,NON_RISK,STEEP_LOW_RATE_NORMAL,,STEEP_LOW_RATE,STEEP_LOW_RATE_NORMAL,STEEP_LOW_RATE_NORMAL
2021-07-21,0.0080961663604355,21.169498078633673,-0.005788388618953033,0.0,0.0,NON_RISK,STEEP_LOW_RATE_NORMAL,,STEEP_LOW_RATE,STEEP_LOW_RATE_NORMAL,STEEP_LOW_RATE_NORMAL
2021-07-22,0.0020941623594139,21.213830444677633,-0.0037063480851065034,0.0,0.0,NON_RISK,STEEP_LOW_RATE_NORMAL,,STEEP_LOW_RATE,STEEP_LOW_RATE_NORMAL,STEEP_LOW_RATE_NORMAL
2021-07-23,0.0102879816662448,21.432077943363304,0.0,0.0,0.0,NON_RISK,STEEP_LOW_RATE_NORMAL,,STEEP_LOW_RATE,STEEP_LOW_RATE_NORMAL,STEEP_LOW_RATE_NORMAL
2021-07-26,0.0024549342052906,21.48469228459692,0.0,0.0,0.0,NON_RISK,STEEP_LOW_RATE_NORMAL,,STEEP_LOW_RATE,STEEP_LOW_RATE_NORMAL,STEEP_LOW_RATE_NORMAL
2021-07-27,-0.0045575564301858,21.38677458712469,-0.0045575564301858495,0.0,0.0,NON_RISK,STEEP_LOW_RATE_NORMAL,,STEEP_LOW_RATE,STEEP_LOW_RATE_NORMAL,STEEP_LOW_RATE_NORMAL
2021-07-28,-0.0004100965959979,21.37800394366714,-0.004965783987805672,0.0,0.0,NON_RISK,STEEP_LOW_RATE_NORMAL,,STEEP_LOW_RATE,STEEP_LOW_RATE_NORMAL,STEEP_LOW_RATE_NORMAL
2021-07-29,0.0041472521272654,21.466663915999202,-0.0008391262187470439,0.0,0.0,NON_RISK,STEEP_LOW_RATE_NORMAL,,STEEP_LOW_RATE,STEEP_LOW_RATE_NORMAL,STEEP_LOW_RATE_NORMAL
2021-07-30,-0.0048563558713221,21.362414156653042,-0.005691406994529968,0.0,0.0,NON_RISK,STEEP_LOW_RATE_NORMAL,,STEEP_LOW_RATE,STEEP_LOW_RATE_NORMAL,STEEP_LOW_RATE_NORMAL
2021-08-02,-0.0020980516245918,21.317594708926475,-0.007777517753430607,0.0,0.0,NON_RISK,STEEP_LOW_RATE_NORMAL,,STEEP_LOW_RATE,STEEP_LOW_RATE_NORMAL,STEEP_LOW_RATE_NORMAL
2021-08-03,0.0081355162208693,21.491024346470866,0.0,0.0,0.0,NON_RISK,STEEP_LOW_RATE_NORMAL,,STEEP_LOW_RATE,STEEP_LOW_RATE_NORMAL,STEEP_LOW_RATE_NORMAL
2021-08-04,-0.0049189920340827,21.385310168906297,-0.0049189920340827475,0.0,0.0,NON_RISK,STEEP_LOW_RATE_NORMAL,,STEEP_LOW_RATE,STEEP_LOW_RATE_NORMAL,STEEP_LOW_RATE_NORMAL
2021-08-05,0.0063328948184515,21.520741088865943,0.0,0.0,0.0,NON_RISK,STEEP_LOW_RATE_NORMAL,,STEEP_LOW_RATE,STEEP_LOW_RATE_NORMAL,STEEP_LOW_RATE_NORMAL
2021-08-06,0.0016523657737566,21.556301224867063,0.0,0.0,0.0,NON_RISK,STEEP_LOW_RATE_NORMAL,,STEEP_LOW_RATE,STEEP_LOW_RATE_NORMAL,STEEP_LOW_RATE_NORMAL
2021-08-09,-0.0008135220869442,21.538764697707812,-0.000813522086944185,0.0,0.0,NON_RISK,STEEP_LOW_RATE_NORMAL,,STEEP_LOW_RATE,STEEP_LOW_RATE_NORMAL,STEEP_LOW_RATE_NORMAL
2021-08-10,0.0012438540234251,21.565555776836664,0.0,0.0,0.0,NON_RISK,STEEP_LOW_RATE_NORMAL,,STEEP_LOW_RATE,STEEP_LOW_RATE_NORMAL,STEEP_LOW_RATE_NORMAL
2021-08-11,0.0024850589673635,21.61914745460607,0.0,0.0,0.0,NON_RISK,STEEP_LOW_RATE_NORMAL,,STEEP_LOW_RATE,STEEP_LOW_RATE_NORMAL,STEEP_LOW_RATE_NORMAL
2021-08-12,0.002997017806563,21.683940424490235,0.0,0.0,0.0,NON_RISK,STEEP_LOW_RATE_NORMAL,,STEEP_LOW_RATE,STEEP_LOW_RATE_NORMAL,STEEP_LOW_RATE_NORMAL
2021-08-13,0.001819851394412,21.723401973708093,0.0,0.0,0.0,NON_RISK,STEEP_LOW_RATE_NORMAL,,STEEP_LOW_RATE,STEEP_LOW_RATE_NORMAL,STEEP_LOW_RATE_NORMAL
2021-08-16,0.0023546000335086,21.774551896723306,0.0,0.0,0.0,NON_RISK,STEEP_LOW_RATE_NORMAL,,STEEP_LOW_RATE,STEEP_LOW_RATE_NORMAL,STEEP_LOW_RATE_NORMAL
2021-08-17,-0.0065551548105563,21.63181633810979,-0.006555154810556463,0.0,0.0,NON_RISK,STEEP_LOW_RATE_NORMAL,,STEEP_LOW_RATE,STEEP_LOW_RATE_NORMAL,STEEP_LOW_RATE_NORMAL
2021-08-18,-0.0109451990461924,21.395051802558502,-0.0174286063825686,0.0,0.0,NON_RISK,STEEP_LOW_RATE_NORMAL,,STEEP_LOW_RATE,STEEP_LOW_RATE_NORMAL,STEEP_LOW_RATE_NORMAL
2021-08-19,0.0015485390844087,21.428182876487714,-0.015907056176330037,0.0,0.0,NON_RISK,STEEP_LOW_RATE_NORMAL,,STEEP_LOW_RATE,STEEP_LOW_RATE_NORMAL,STEEP_LOW_RATE_NORMAL
2021-08-20,0.0079568483286871,21.598683677595297,-0.008076777880993924,0.0,0.0,NON_RISK,STEEP_LOW_RATE_NORMAL,,STEEP_LOW_RATE,STEEP_LOW_RATE_NORMAL,STEEP_LOW_RATE_NORMAL
2021-08-23,0.0087965355092816,21.788677265519006,0.0,0.0,0.0,NON_RISK,STEEP_LOW_RATE_NORMAL,,STEEP_LOW_RATE,STEEP_LOW_RATE_NORMAL,STEEP_LOW_RATE_NORMAL
2021-08-24,0.0015874097725023,21.823264824740193,0.0,0.0,0.0,NON_RISK,STEEP_LOW_RATE_NORMAL,,STEEP_LOW_RATE,STEEP_LOW_RATE_NORMAL,STEEP_LOW_RATE_NORMAL
2021-08-25,0.0020984576801341,21.86906002241727,0.0,0.0,0.0,NON_RISK,STEEP_LOW_RATE_NORMAL,,STEEP_LOW_RATE,STEEP_LOW_RATE_NORMAL,STEEP_LOW_RATE_NORMAL
2021-08-26,-0.0059031925180182,21.739962750916845,-0.0059031925180181855,0.0,0.0,NON_RISK,STEEP_LOW_RATE_NORMAL,,STEEP_LOW_RATE,STEEP_LOW_RATE_NORMAL,STEEP_LOW_RATE_NORMAL
2021-08-27,0.0089412334809477,21.9343448337399,0.0,0.0,0.0,NON_RISK,STEEP_LOW_RATE_NORMAL,,STEEP_LOW_RATE,STEEP_LOW_RATE_NORMAL,STEEP_LOW_RATE_NORMAL
2021-08-30,0.0043972907966769,22.03079652640844,0.0,0.0,0.0,NON_RISK,STEEP_LOW_RATE_NORMAL,,STEEP_LOW_RATE,STEEP_LOW_RATE_NORMAL,STEEP_LOW_RATE_NORMAL
2021-08-31,-0.0014815275721701,21.998157293917696,-0.001481527572170127,0.0,0.0,NON_RISK,STEEP_LOW_RATE_NORMAL,,STEEP_LOW_RATE,STEEP_LOW_RATE_NORMAL,STEEP_LOW_RATE_NORMAL
2021-09-01,0.0005313342222801,22.009845667715055,-0.00095098053619036,0.0,0.0,NON_RISK,STEEP_LOW_RATE_NORMAL,,STEEP_LOW_RATE,STEEP_LOW_RATE_NORMAL,STEEP_LOW_RATE_NORMAL
2021-09-02,0.0030768869233963,22.07756747403602,0.0,0.0,0.0,NON_RISK,STEEP_LOW_RATE_NORMAL,,STEEP_LOW_RATE,STEEP_LOW_RATE_NORMAL,STEEP_LOW_RATE_NORMAL
2021-09-03,-0.0002428289115451,22.072206402356734,-0.0002428289115451454,0.0,0.0,NON_RISK,STEEP_LOW_RATE_NORMAL,,STEEP_LOW_RATE,STEEP_LOW_RATE_NORMAL,STEEP_LOW_RATE_NORMAL
2021-09-07,-0.0035756778002623,21.99328330392102,-0.003817638433859072,0.0,0.0,NON_RISK,STEEP_LOW_RATE_NORMAL,,STEEP_LOW_RATE,STEEP_LOW_RATE_NORMAL,STEEP_LOW_RATE_NORMAL
2021-09-08,-0.0012181482300129,21.96649222479218,-0.0050311362143709015,0.0,0.0,NON_RISK,STEEP_LOW_RATE_NORMAL,,STEEP_LOW_RATE,STEEP_LOW_RATE_NORMAL,STEEP_LOW_RATE_NORMAL
2021-09-09,-0.0042802751406306,21.872469594195547,-0.009289876707733957,0.0,0.0,NON_RISK,STEEP_LOW_RATE_NORMAL,,STEEP_LOW_RATE,STEEP_LOW_RATE_NORMAL,STEEP_LOW_RATE_NORMAL
2021-09-10,-0.0078845183371358,21.70001570660167,-0.01710114884161784,0.0,0.0,NON_RISK,STEEP_LOW_RATE_NORMAL,,STEEP_LOW_RATE,STEEP_LOW_RATE_NORMAL,STEEP_LOW_RATE_NORMAL
2021-09-13,0.0025592260160023,21.75555095134566,-0.014585688530634577,0.0,0.0,NON_RISK,STEEP_LOW_RATE_NORMAL,,STEEP_LOW_RATE,STEEP_LOW_RATE_NORMAL,STEEP_LOW_RATE_NORMAL
2021-09-14,-0.0053965870501307,21.638145226813172,-0.01990356264292359,0.0,0.0,NON_RISK,STEEP_LOW_RATE_NORMAL,,STEEP_LOW_RATE,STEEP_LOW_RATE_NORMAL,STEEP_LOW_RATE_NORMAL
2021-09-15,0.0083525770949302,21.818879503011427,-0.011717231589432053,0.0,0.0,NON_RISK,STEEP_LOW_RATE_NORMAL,,STEEP_LOW_RATE,STEEP_LOW_RATE_NORMAL,STEEP_LOW_RATE_NORMAL
2021-09-16,-0.0015852124402818,21.784291943790244,-0.013283869728432651,0.0,0.0,NON_RISK,STEEP_LOW_RATE_NORMAL,,STEEP_LOW_RATE,STEEP_LOW_RATE_NORMAL,STEEP_LOW_RATE_NORMAL
2021-09-17,-0.0097409379256095,21.572092508212428,-0.022895410303605535,0.0,0.0,NON_RISK,STEEP_LOW_RATE_NORMAL,,STEEP_LOW_RATE,STEEP_LOW_RATE_NORMAL,STEEP_LOW_RATE_NORMAL
2021-09-20,-0.016674151406305,21.212396171579677,-0.03918780017199874,0.0,0.0,NON_RISK,STEEP_LOW_RATE_NORMAL,,STEEP_LOW_RATE,STEEP_LOW_RATE_NORMAL,STEEP_LOW_RATE_NORMAL
2021-09-21,-0.0009445885041432,21.19235918601067,-0.0400953723305969,0.0,0.0,NON_RISK,STEEP_LOW_RATE_NORMAL,,STEEP_LOW_RATE,STEEP_LOW_RATE_NORMAL,STEEP_LOW_RATE_NORMAL
2021-09-22,0.0097548036589067,21.399086488939233,-0.030731691156405838,0.0,0.0,NON_RISK,STEEP_LOW_RATE_NORMAL,,STEEP_LOW_RATE,STEEP_LOW_RATE_NORMAL,STEEP_LOW_RATE_NORMAL
2021-09-23,0.0121499808229998,21.65908497940956,-0.018955099791614693,0.0,0.0,NON_RISK,STEEP_LOW_RATE_NORMAL,,STEEP_LOW_RATE,STEEP_LOW_RATE_NORMAL,STEEP_LOW_RATE_NORMAL
2021-09-24,0.0016472322513234,21.6947625227218,-0.017339090991995043,0.0,0.0,NON_RISK,STEEP_LOW_RATE_NORMAL,,STEEP_LOW_RATE,STEEP_LOW_RATE_NORMAL,STEEP_LOW_RATE_NORMAL
2021-09-27,-0.0028609308951357,21.632695306357913,-0.020150415946018074,0.0,0.0,NON_RISK,STEEP_LOW_RATE_NORMAL,,STEEP_LOW_RATE,STEEP_LOW_RATE_NORMAL,STEEP_LOW_RATE_NORMAL
2021-09-28,-0.0201519631711646,21.196754027251163,-0.03989630867715488,0.0,0.0,NON_RISK,STEEP_LOW_RATE_NORMAL,,STEEP_LOW_RATE,STEEP_LOW_RATE_NORMAL,STEEP_LOW_RATE_NORMAL
2021-09-29,0.001683235548785,21.232433157148684,-0.038280228013400586,0.0,0.0,NON_RISK,STEEP_LOW_RATE_NORMAL,,STEEP_LOW_RATE,STEEP_LOW_RATE_NORMAL,STEEP_LOW_RATE_NORMAL
2021-09-30,-0.0122223308219886,20.972923334946252,-0.05003468522466836,0.0,0.0,NON_RISK,STEEP_LOW_RATE_NORMAL,,STEEP_LOW_RATE,STEEP_LOW_RATE_NORMAL,STEEP_LOW_RATE_NORMAL
2021-10-01,0.0118841141707102,21.222167950352304,-0.0387451889656637,0.0,0.0,NON_RISK,STEEP_LOW_RATE_NORMAL,,STEEP_LOW_RATE,STEEP_LOW_RATE_NORMAL,STEEP_LOW_RATE_NORMAL
2021-10-04,-0.0128960058468891,20.948486748380898,-0.051141536629112805,0.0,0.0,NON_RISK,STEEP_LOW_RATE_NORMAL,,STEEP_LOW_RATE,STEEP_LOW_RATE_NORMAL,STEEP_LOW_RATE_NORMAL
2021-10-05,0.0104049644393666,21.166455008056346,-0.041268698059746534,0.0,0.0,NON_RISK,STEEP_LOW_RATE_NORMAL,,STEEP_LOW_RATE,STEEP_LOW_RATE_NORMAL,STEEP_LOW_RATE_NORMAL
2021-10-06,0.0041560205104802,21.254423229203987,-0.03728419110484338,0.0,0.0,NON_RISK,STEEP_LOW_RATE_NORMAL,,STEEP_LOW_RATE,STEEP_LOW_RATE_NORMAL,STEEP_LOW_RATE_NORMAL
2021-10-07,0.0086457248148223,21.438183123541453,-0.028960815146256702,0.0,0.0,NON_RISK,STEEP_LOW_RATE_NORMAL,,STEEP_LOW_RATE,STEEP_LOW_RATE_NORMAL,STEEP_LOW_RATE_NORMAL
2021-10-08,-0.0018236916056234,21.399086488939233,-0.030731691156405838,0.0,0.0,NON_RISK,STEEP_LOW_RATE_NORMAL,,STEEP_LOW_RATE,STEEP_LOW_RATE_NORMAL,STEEP_LOW_RATE_NORMAL
2021-10-11,-0.0072398087386175,21.24416119557818,-0.03774900832883665,0.0,0.0,NON_RISK,STEEP_LOW_RATE_NORMAL,,STEEP_LOW_RATE,STEEP_LOW_RATE_NORMAL,STEEP_LOW_RATE_NORMAL
2021-10-12,-0.0024614140965134,21.19187051774278,-0.04011750648412005,0.0,0.0,NON_RISK,STEEP_LOW_RATE_NORMAL,,STEEP_LOW_RATE,STEEP_LOW_RATE_NORMAL,STEEP_LOW_RATE_NORMAL
2021-10-13,0.0035973899943593,21.26810594070507,-0.03666443480618531,0.0,0.0,NON_RISK,STEEP_LOW_RATE_NORMAL,,STEEP_LOW_RATE,STEEP_LOW_RATE_NORMAL,STEEP_LOW_RATE_NORMAL
2021-10-14,0.0168207191429796,21.625850777436806,-0.020460437823616506,0.0,0.0,NON_RISK,STEEP_LOW_RATE_NORMAL,,STEEP_LOW_RATE,STEEP_LOW_RATE_NORMAL,STEEP_LOW_RATE_NORMAL
2021-10-15,0.0076158233224656,21.79054943615577,-0.013000437580715896,0.0,0.0,NON_RISK,STEEP_LOW_RATE_NORMAL,,STEEP_LOW_RATE,STEEP_LOW_RATE_NORMAL,STEEP_LOW_RATE_NORMAL
2021-10-18,0.0029605561106966,21.85506158044442,-0.010078369994940495,0.0,0.0,NON_RISK,STEEP_LOW_RATE_NORMAL,,STEEP_LOW_RATE,STEEP_LOW_RATE_NORMAL,STEEP_LOW_RATE_NORMAL
2021-10-19,0.0077147537496629,22.02366799872127,-0.0024413683879864756,0.0,0.0,NON_RISK,STEEP_LOW_RATE_NORMAL,,STEEP_LOW_RATE,STEEP_LOW_RATE_NORMAL,STEEP_LOW_RATE_NORMAL
2021-10-20,0.0039276934409371,22.110170215065224,0.0,0.0,0.0,NON_RISK,STEEP_LOW_RATE_NORMAL,,STEEP_LOW_RATE,STEEP_LOW_RATE_NORMAL,STEEP_LOW_RATE_NORMAL
2021-10-21,0.0026084093682869,22.16784259018862,0.0,0.0,0.0,NON_RISK,STEEP_LOW_RATE_NORMAL,,STEEP_LOW_RATE,STEEP_LOW_RATE_NORMAL,STEEP_LOW_RATE_NORMAL
2021-10-22,-0.001036211876199,22.144872008426958,-0.0010362118761989558,0.0,0.0,NON_RISK,STEEP_LOW_RATE_NORMAL,,STEEP_LOW_RATE,STEEP_LOW_RATE_NORMAL,STEEP_LOW_RATE_NORMAL
2021-10-25,0.0053627537404796,22.263629503622592,0.0,0.0,0.0,NON_RISK,STEEP_LOW_RATE_NORMAL,,STEEP_LOW_RATE,STEEP_LOW_RATE_NORMAL,STEEP_LOW_RATE_NORMAL
2021-10-26,0.0009000586427756,22.283668075776884,0.0,0.0,0.0,NON_RISK,STEEP_LOW_RATE_NORMAL,,STEEP_LOW_RATE,STEEP_LOW_RATE_NORMAL,STEEP_LOW_RATE_NORMAL
2021-10-27,-0.0044301732233187,22.184947566150253,-0.004430173223318845,0.0,0.0,NON_RISK,STEEP_LOW_RATE_NORMAL,,STEEP_LOW_RATE,STEEP_LOW_RATE_NORMAL,STEEP_LOW_RATE_NORMAL
2021-10-28,0.009648835675361,22.399006479682537,0.0,0.0,0.0,NON_RISK,STEEP_LOW_RATE_NORMAL,,STEEP_LOW_RATE,STEEP_LOW_RATE_NORMAL,STEEP_LOW_RATE_NORMAL
2021-10-29,0.0020292192556248,22.444458974937973,0.0,0.0,0.0,NON_RISK,STEEP_LOW_RATE_NORMAL,,STEEP_LOW_RATE,STEEP_LOW_RATE_NORMAL,STEEP_LOW_RATE_NORMAL
2021-11-01,0.0017200851128624,22.483065354687017,0.0,0.0,0.0,NON_RISK,STEEP_LOW_RATE_NORMAL,,STEEP_LOW_RATE,STEEP_LOW_RATE_NORMAL,STEEP_LOW_RATE_NORMAL
2021-11-02,0.0040432649675112,22.57397034519789,0.0,0.0,0.0,NON_RISK,STEEP_LOW_RATE_NORMAL,,STEEP_LOW_RATE,STEEP_LOW_RATE_NORMAL,STEEP_LOW_RATE_NORMAL
2021-11-03,0.0061050650610463,22.711785902841452,0.0,0.0,0.0,NON_RISK,STEEP_LOW_RATE_NORMAL,,STEEP_LOW_RATE,STEEP_LOW_RATE_NORMAL,STEEP_LOW_RATE_NORMAL
2021-11-04,0.0047124374383726,22.818813773022306,0.0,0.0,0.0,NON_RISK,STEEP_LOW_RATE_NORMAL,,STEEP_LOW_RATE,STEEP_LOW_RATE_NORMAL,STEEP_LOW_RATE_NORMAL
2021-11-05,0.0034696711099158,22.89798755193311,0.0,0.0,0.0,NON_RISK,STEEP_LOW_RATE_NORMAL,,STEEP_LOW_RATE,STEEP_LOW_RATE_NORMAL,STEEP_LOW_RATE_NORMAL
2021-11-08,0.0008537826235626,22.917537455819502,0.0,0.0,0.0,NON_RISK,STEEP_LOW_RATE_NORMAL,,STEEP_LOW_RATE,STEEP_LOW_RATE_NORMAL,STEEP_LOW_RATE_NORMAL
2021-11-09,-0.0033053258017357,22.841787527954537,-0.0033053258017357035,0.0,0.0,NON_RISK,STEEP_LOW_RATE_NORMAL,,STEEP_LOW_RATE,STEEP_LOW_RATE_NORMAL,STEEP_LOW_RATE_NORMAL
2021-11-10,-0.0080449693658107,22.658026047031786,-0.011323703922727413,0.0,0.0,NON_RISK,STEEP_LOW_RATE_NORMAL,,STEEP_LOW_RATE,STEEP_LOW_RATE_NORMAL,STEEP_LOW_RATE_NORMAL
2021-11-11,0.0003235767576796,22.665357657635507,-0.011003791252447992,0.0,0.0,NON_RISK,STEEP_LOW_RATE_NORMAL,,STEEP_LOW_RATE,STEEP_LOW_RATE_NORMAL,STEEP_LOW_RATE_NORMAL
2021-11-12,0.0075467487519969,22.83640741725183,-0.003540085348352706,0.0,0.0,NON_RISK,STEEP_LOW_RATE_NORMAL,,STEEP_LOW_RATE,STEEP_LOW_RATE_NORMAL,STEEP_LOW_RATE_NORMAL
2021-11-15,0.0003425173370743,22.84422928270873,-0.003198780551884939,0.0,0.0,NON_RISK,STEEP_LOW_RATE_NORMAL,,STEEP_LOW_RATE,STEEP_LOW_RATE_NORMAL,STEEP_LOW_RATE_NORMAL
2021-11-16,0.0039579502168372,22.934645604951708,0.0,0.0,0.0,NON_RISK,STEEP_LOW_RATE_NORMAL,,STEEP_LOW_RATE,STEEP_LOW_RATE_NORMAL,STEEP_LOW_RATE_NORMAL
2021-11-17,-0.002429481126365,22.878926316314608,-0.002429481126364985,0.0,0.0,NON_RISK,STEEP_LOW_RATE_NORMAL,,STEEP_LOW_RATE,STEEP_LOW_RATE_NORMAL,STEEP_LOW_RATE_NORMAL
2021-11-18,0.0033966168780514,22.9566372635923,0.0,0.0,0.0,NON_RISK,STEEP_LOW_RATE_NORMAL,,STEEP_LOW_RATE,STEEP_LOW_RATE_NORMAL,STEEP_LOW_RATE_NORMAL
2021-11-19,-0.0017883490675476,22.915582782747926,-0.0017883490675475455,0.0,0.0,NON_RISK,STEEP_LOW_RATE_NORMAL,,STEEP_LOW_RATE,STEEP_LOW_RATE_NORMAL,STEEP_LOW_RATE_NORMAL
2021-11-22,-0.0028150700651892,22.851073811629846,-0.0045983848048106735,0.0,0.0,NON_RISK,STEEP_LOW_RATE_NORMAL,,STEEP_LOW_RATE,STEEP_LOW_RATE_NORMAL,STEEP_LOW_RATE_NORMAL
2021-11-23,0.0013258647212504,22.881371244239375,-0.0032786169197476234,0.0,0.0,NON_RISK,STEEP_LOW_RATE_NORMAL,,STEEP_LOW_RATE,STEEP_LOW_RATE_NORMAL,STEEP_LOW_RATE_NORMAL
2021-11-24,0.0026699215602632,22.94246271065276,-0.0006174490094862373,0.0,0.0,NON_RISK,STEEP_LOW_RATE_NORMAL,,STEEP_LOW_RATE,STEEP_LOW_RATE_NORMAL,STEEP_LOW_RATE_NORMAL
2021-11-26,-0.022303238036173,22.430771503681047,-0.02290691593342553,0.0,0.0,NON_RISK,STEEP_LOW_RATE_NORMAL,,STEEP_LOW_RATE,STEEP_LOW_RATE_NORMAL,STEEP_LOW_RATE_NORMAL
2021-11-29,0.0122666480687259,22.705921883626708,-0.010921258940794876,0.0,0.0,NON_RISK,STEEP_LOW_RATE_NORMAL,,STEEP_LOW_RATE,STEEP_LOW_RATE_NORMAL,STEEP_LOW_RATE_NORMAL
2021-11-30,-0.0194575726726828,22.264119758475783,-0.030166330423959886,0.0,0.0,NON_RISK,STEEP_LOW_RATE_NORMAL,,STEEP_LOW_RATE,STEEP_LOW_RATE_NORMAL,STEEP_LOW_RATE_NORMAL
2021-12-01,-0.0111069636638008,22.016832989311883,-0.04093823775187155,0.0,0.0,NON_RISK,STEEP_LOW_RATE_NORMAL,,STEEP_LOW_RATE,STEEP_LOW_RATE_NORMAL,STEEP_LOW_RATE_NORMAL
2021-12-02,0.015316137280843,22.354045825865576,-0.026249116140472095,0.0,0.0,NON_RISK,STEEP_LOW_RATE_NORMAL,,STEEP_LOW_RATE,STEEP_LOW_RATE_NORMAL,STEEP_LOW_RATE_NORMAL
2021-12-03,-0.0087015017736374,22.159532056463835,-0.03472221118345675,0.0,0.0,NON_RISK,STEEP_LOW_RATE_NORMAL,,STEEP_LOW_RATE,STEEP_LOW_RATE_NORMAL,STEEP_LOW_RATE_NORMAL
2021-12-06,0.0118435078365795,22.421978648029498,-0.023289936127131927,0.0,0.0,NON_RISK,STEEP_LOW_RATE_NORMAL,,STEEP_LOW_RATE,STEEP_LOW_RATE_NORMAL,STEEP_LOW_RATE_NORMAL
2021-12-07,0.0206846424172162,22.885769258650445,-0.00308703771062524,0.0,0.0,NON_RISK,STEEP_LOW_RATE_NORMAL,,STEEP_LOW_RATE,STEEP_LOW_RATE_NORMAL,STEEP_LOW_RATE_NORMAL
2021-12-08,0.0026481946327037,22.9463752299665,-0.00044701815461778427,0.0,0.0,NON_RISK,STEEP_LOW_RATE_NORMAL,,STEEP_LOW_RATE,STEEP_LOW_RATE_NORMAL,STEEP_LOW_RATE_NORMAL
2021-12-09,-0.0067518312397586,22.79144517684959,-0.007195831203235192,0.0,0.0,NON_RISK,STEEP_LOW_RATE_NORMAL,,STEEP_LOW_RATE,STEEP_LOW_RATE_NORMAL,STEEP_LOW_RATE_NORMAL
2021-12-10,0.0094135833300905,23.005994345235052,0.0,0.0,0.0,NON_RISK,STEEP_LOW_RATE_NORMAL,,STEEP_LOW_RATE,STEEP_LOW_RATE_NORMAL,STEEP_LOW_RATE_NORMAL
2021-12-13,-0.0088582872653845,22.802200638499148,-0.008858287265384512,0.0,0.0,NON_RISK,STEEP_LOW_RATE_NORMAL,,STEEP_LOW_RATE,STEEP_LOW_RATE_NORMAL,STEEP_LOW_RATE_NORMAL
2021-12-14,-0.0068801753870337,22.645317498895942,-0.015677516082403642,0.0,0.0,NON_RISK,STEEP_LOW_RATE_NORMAL,,STEEP_LOW_RATE,STEEP_LOW_RATE_NORMAL,STEEP_LOW_RATE_NORMAL
2021-12-15,0.0156253163755235,22.99915774924037,-0.00029716585564998343,0.0,0.0,NON_RISK,STEEP_LOW_RATE_NORMAL,,STEEP_LOW_RATE,STEEP_LOW_RATE_NORMAL,STEEP_LOW_RATE_NORMAL
2021-12-16,-0.0088187019173757,22.79633503269912,-0.009113247155924764,0.0,0.0,NON_RISK,STEEP_LOW_RATE_NORMAL,,STEEP_LOW_RATE,STEEP_LOW_RATE_NORMAL,STEEP_LOW_RATE_NORMAL
2021-12-17,-0.0106430357369671,22.55371282427423,-0.01965929027773139,0.0,0.0,NON_RISK,STEEP_LOW_RATE_NORMAL,,STEEP_LOW_RATE,STEEP_LOW_RATE_NORMAL,STEEP_LOW_RATE_NORMAL
2021-12-20,-0.0106332254070171,22.31389411204859,-0.030083474019883316,0.0,0.0,NON_RISK,STEEP_LOW_RATE_NORMAL,,STEEP_LOW_RATE,STEEP_LOW_RATE_NORMAL,STEEP_LOW_RATE_NORMAL
2021-12-21,0.0177590460818679,22.71016758585038,-0.012858681739437272,0.0,0.0,NON_RISK,STEEP_LOW_RATE_NORMAL,,STEEP_LOW_RATE,STEEP_LOW_RATE_NORMAL,STEEP_LOW_RATE_NORMAL
2021-12-22,0.009998557342828,22.937236498722744,-0.002988692663334014,0.0,0.0,NON_RISK,STEEP_LOW_RATE_NORMAL,,STEEP_LOW_RATE,STEEP_LOW_RATE_NORMAL,STEEP_LOW_RATE_NORMAL
2021-12-23,0.006222183425131,23.079956191483408,0.0,0.0,0.0,NON_RISK,STEEP_LOW_RATE_NORMAL,,STEEP_LOW_RATE,STEEP_LOW_RATE_NORMAL,STEEP_LOW_RATE_NORMAL
2021-12-27,0.0141521888765998,23.40658809076893,0.0,0.0,0.0,NON_RISK,STEEP_LOW_RATE_NORMAL,,STEEP_LOW_RATE,STEEP_LOW_RATE_NORMAL,STEEP_LOW_RATE_NORMAL
2021-12-28,-0.0008173359268283,23.387457045397873,-0.0008173359268283109,0.0,0.0,NON_RISK,STEEP_LOW_RATE_NORMAL,,STEEP_LOW_RATE,STEEP_LOW_RATE_NORMAL,STEEP_LOW_RATE_NORMAL
2021-12-29,0.0012791750758951,23.417373697538913,0.0,0.0,0.0,NON_RISK,STEEP_LOW_RATE_NORMAL,,STEEP_LOW_RATE,STEEP_LOW_RATE_NORMAL,STEEP_LOW_RATE_NORMAL
2021-12-30,-0.0027644369368668,23.352637844725024,-0.0027644369368667876,0.0,0.0,NON_RISK,STEEP_LOW_RATE_NORMAL,,STEEP_LOW_RATE,STEEP_LOW_RATE_NORMAL,STEEP_LOW_RATE_NORMAL
2021-12-31,-0.0025200417099107,23.293788223319876,-0.005277512150392294,0.0,0.0,NON_RISK,STEEP_LOW_RATE_NORMAL,,STEEP_LOW_RATE,STEEP_LOW_RATE_NORMAL,STEEP_LOW_RATE_NORMAL
2022-01-03,0.0057897880029249,23.42865431891793,0.0,0.0,0.0,NON_RISK,STEEP_LOW_RATE_NORMAL,,STEEP_LOW_RATE,STEEP_LOW_RATE_NORMAL,STEEP_LOW_RATE_NORMAL
2022-01-04,-0.0003349424475962,23.420807068096465,-0.00033494244759613157,0.0,0.0,NON_RISK,STEEP_LOW_RATE_NORMAL,,STEEP_LOW_RATE,STEEP_LOW_RATE_NORMAL,STEEP_LOW_RATE_NORMAL
2022-01-05,-0.019202033360498,22.97107994944509,-0.01953054423204148,0.0,0.0,NON_RISK,STEEP_LOW_RATE_NORMAL,,STEEP_LOW_RATE,STEEP_LOW_RATE_NORMAL,STEEP_LOW_RATE_NORMAL
2022-01-06,-0.0009395430987338,22.94949762980813,-0.020451737542727555,0.0,0.0,NON_RISK,STEEP_LOW_RATE_NORMAL,,STEEP_LOW_RATE,STEEP_LOW_RATE_NORMAL,STEEP_LOW_RATE_NORMAL
2022-01-07,-0.0039534146240459,22.858768750263938,-0.024324297968484898,0.0,0.0,NON_RISK,STEEP_LOW_RATE_NORMAL,,STEEP_LOW_RATE,STEEP_LOW_RATE_NORMAL,STEEP_LOW_RATE_NORMAL
2022-01-10,-0.0012443496544792,22.830324449267728,-0.02553837969119155,0.0,0.0,NON_RISK,STEEP_LOW_RATE_NORMAL,,STEEP_LOW_RATE,STEEP_LOW_RATE_NORMAL,STEEP_LOW_RATE_NORMAL
2022-01-11,0.0091083850987359,23.038271836280742,-0.016662607989480827,0.0,0.0,NON_RISK,STEEP_LOW_RATE_NORMAL,,STEEP_LOW_RATE,STEEP_LOW_RATE_NORMAL,STEEP_LOW_RATE_NORMAL
2022-01-12,0.002703251035903,23.100550068487586,-0.01400440016588611,0.0,0.0,NON_RISK,STEEP_LOW_RATE_NORMAL,,STEEP_LOW_RATE,STEEP_LOW_RATE_NORMAL,STEEP_LOW_RATE_NORMAL
2022-01-13,-0.0137785812927366,22.782257261461996,-0.027590020692481065,0.0,0.0,NON_RISK,STEEP_LOW_RATE_NORMAL,,STEEP_LOW_RATE,STEEP_LOW_RATE_NORMAL,STEEP_LOW_RATE_NORMAL
2022-01-14,0.0004092817324963,22.791581623184143,-0.027192031051453402,0.0,0.0,NON_RISK,STEEP_LOW_RATE_NORMAL,,STEEP_LOW_RATE,STEEP_LOW_RATE_NORMAL,STEEP_LOW_RATE_NORMAL
2022-01-18,-0.0177097688793157,22.387947980243492,-0.04442023534548878,0.0,0.0,NON_RISK,STEEP_LOW_RATE_NORMAL,,STEEP_LOW_RATE,STEEP_LOW_RATE_NORMAL,STEEP_LOW_RATE_NORMAL
2022-01-19,-0.0103835544114337,22.155481504230288,-0.05434254982624387,0.0,0.0,NON_RISK,STEEP_LOW_RATE_NORMAL,,STEEP_LOW_RATE,STEEP_LOW_RATE_NORMAL,STEEP_LOW_RATE_NORMAL
2022-01-20,-0.0110679015815737,21.91026681544909,-0.06480899341464885,0.0,0.0,NON_RISK,STEEP_LOW_RATE_NORMAL,,STEEP_LOW_RATE,STEEP_LOW_RATE_NORMAL,STEEP_LOW_RATE_NORMAL
2022-01-21,-0.0196306943670029,21.480153064095525,-0.08316744223969563,0.0,0.0,NON_RISK,STEEP_LOW_RATE_NORMAL,,STEEP_LOW_RATE,STEEP_LOW_RATE_NORMAL,STEEP_LOW_RATE_NORMAL
2022-01-24,0.004246596732337,21.571370611907614,-0.07927402409581052,0.0,0.0,NON_RISK,STEEP_LOW_RATE_NORMAL,,STEEP_LOW_RATE,STEEP_LOW_RATE_NORMAL,STEEP_LOW_RATE_NORMAL
2022-01-25,-0.0122088696176747,21.30800856063229,-0.09051504748923112,0.0,0.0,NON_RISK,STEEP_LOW_RATE_NORMAL,,STEEP_LOW_RATE,STEEP_LOW_RATE_NORMAL,STEEP_LOW_RATE_NORMAL
2022-01-26,-0.0025087664981945,21.254551742612136,-0.09279673286870216,0.0,0.0,NON_RISK,STEEP_LOW_RATE_NORMAL,,STEEP_LOW_RATE,STEEP_LOW_RATE_NORMAL,STEEP_LOW_RATE_NORMAL
2022-01-27,-0.0049379636175742,21.14959753939927,-0.09727646959554093,0.0,0.0,NON_RISK,STEEP_LOW_RATE_NORMAL,,STEEP_LOW_RATE,STEEP_LOW_RATE_NORMAL,STEEP_LOW_RATE_NORMAL
2022-01-28,0.02483537082767,21.67485563714623,-0.0748569959630827,0.0,0.0,NON_RISK,STEEP_LOW_RATE_NORMAL,,STEEP_LOW_RATE,STEEP_LOW_RATE_NORMAL,STEEP_LOW_RATE_NORMAL
2022-01-31,0.0180111385982792,22.065244466124565,-0.05819411709414535,0.0,0.0,NON_RISK,STEEP_LOW_RATE_NORMAL,,STEEP_LOW_RATE,STEEP_LOW_RATE_NORMAL,STEEP_LOW_RATE_NORMAL
2022-02-01,0.0067566284950868,22.21433112563544,-0.0518306846288632,0.0,0.0,NON_RISK,STEEP_LOW_RATE_NORMAL,,STEEP_LOW_RATE,STEEP_LOW_RATE_NORMAL,STEEP_LOW_RATE_NORMAL
2022-02-02,0.0097141367898387,22.430124176884636,-0.042620038199420174,0.0,0.0,NON_RISK,STEEP_LOW_RATE_NORMAL,,STEEP_LOW_RATE,STEEP_LOW_RATE_NORMAL,STEEP_LOW_RATE_NORMAL
2022-02-03,-0.0235046746358124,21.902911406066092,-0.06512294270438934,0.0,0.0,NON_RISK,STEEP_LOW_RATE_NORMAL,,STEEP_LOW_RATE,STEEP_LOW_RATE_NORMAL,STEEP_LOW_RATE_NORMAL
2022-02-04,0.0047018977963451,22.005896656939818,-0.060727246328837414,0.0,0.0,NON_RISK,STEEP_LOW_RATE_NORMAL,,STEEP_LOW_RATE,STEEP_LOW_RATE_NORMAL,STEEP_LOW_RATE_NORMAL
2022-02-07,-0.0032091624685094,21.935276159302468,-0.06374152519761256,0.0,0.0,NON_RISK,STEEP_LOW_RATE_NORMAL,,STEEP_LOW_RATE,STEEP_LOW_RATE_NORMAL,STEEP_LOW_RATE_NORMAL
2022-02-08,0.008227789550339,22.11575499526978,-0.05603818750221701,0.0,0.0,NON_RISK,STEEP_LOW_RATE_NORMAL,,STEEP_LOW_RATE,STEEP_LOW_RATE_NORMAL,STEEP_LOW_RATE_NORMAL
2022-02-09,0.0146361172680014,22.439443778850936,-0.042222251717984216,0.0,0.0,NON_RISK,STEEP_LOW_RATE_NORMAL,,STEEP_LOW_RATE,STEEP_LOW_RATE_NORMAL,STEEP_LOW_RATE_NORMAL
2022-02-10,-0.0179654834199141,22.036308323689894,-0.05942919197470753,0.0,0.0,NON_RISK,STEEP_LOW_RATE_NORMAL,,STEEP_LOW_RATE,STEEP_LOW_RATE_NORMAL,STEEP_LOW_RATE_NORMAL
2022-02-11,-0.0197187126461808,21.601780692072413,-0.07797603746154425,0.0,0.0,NON_RISK,FLAT_MID_RATE_NORMAL,,FLAT_MID_RATE,FLAT_MID_RATE_NORMAL,FLAT_MID_RATE_NORMAL
2022-02-14,-0.0032694183132374,21.531155434679214,-0.0809905194899112,0.0,0.0,NON_RISK,FLAT_MID_RATE_NORMAL,,FLAT_MID_RATE,FLAT_MID_RATE_NORMAL,FLAT_MID_RATE_NORMAL
2022-02-15,-0.0009837632892047967,21.509973874388415,-0.08189460727926812,2.0,0.001,FULL_RISK,FLAT_LOWMID_RATE_STRESS,CREDIT,FLAT_MID_RATE,FLAT_LOWMID_RATE_STRESS,FLAT_LOWMID_RATE_STRESS
2022-02-16,1.5446209431724256e-05,21.51030612194975,-0.0818804260310918,0.0,0.0,FULL_RISK,FLAT_LOWMID_RATE_STRESS,CREDIT,FLAT_MID_RATE,FLAT_LOWMID_RATE_STRESS,FLAT_LOWMID_RATE_STRESS
2022-02-17,1.4655551191511407e-05,21.510621367342264,-0.08186697048267566,0.0,0.0,FULL_RISK,FLAT_LOWMID_RATE_STRESS,CREDIT,FLAT_MID_RATE,FLAT_LOWMID_RATE_STRESS,FLAT_LOWMID_RATE_STRESS
2022-02-18,1.3864736012392243e-05,21.510919606428985,-0.08185424081059711,0.0,0.0,FULL_RISK,FLAT_LOWMID_RATE_STRESS,CREDIT,FLAT_MID_RATE,FLAT_LOWMID_RATE_STRESS,FLAT_LOWMID_RATE_STRESS
2022-02-22,1.5446209431724256e-05,21.511251868598293,-0.08184005893891189,0.0,0.0,FULL_RISK,FLAT_LOWMID_RATE_STRESS,CREDIT,FLAT_MID_RATE,FLAT_LOWMID_RATE_STRESS,FLAT_LOWMID_RATE_STRESS
2022-02-23,1.4260163223367428e-05,21.51155862256108,-0.08182696582828719,0.0,0.0,FULL_RISK,FLAT_LOWMID_RATE_STRESS,CREDIT,FLAT_MID_RATE,FLAT_LOWMID_RATE_STRESS,FLAT_LOWMID_RATE_STRESS
2022-02-24,1.3073763831750185e-05,21.51183985959816,-0.08181496185088177,0.0,0.0,FULL_RISK,FLAT_LOWMID_RATE_STRESS,CREDIT,FLAT_MID_RATE,FLAT_LOWMID_RATE_STRESS,FLAT_LOWMID_RATE_STRESS
2022-02-25,1.3073763831750185e-05,21.512121100312072,-0.08180295771653923,0.0,0.0,FULL_RISK,FLAT_LOWMID_RATE_STRESS,CREDIT,FLAT_MID_RATE,FLAT_LOWMID_RATE_STRESS,FLAT_LOWMID_RATE_STRESS
2022-02-28,1.4655551191511407e-05,21.512436372304094,-0.08178950103278215,0.0,0.0,FULL_RISK,FLAT_LOWMID_RATE_STRESS,CREDIT,FLAT_MID_RATE,FLAT_LOWMID_RATE_STRESS,FLAT_LOWMID_RATE_STRESS
2022-03-01,1.2678218846096101e-05,21.512709111680334,-0.08177785975912955,0.0,0.0,FULL_RISK,FLAT_LOWMID_RATE_STRESS,CREDIT,FLAT_MID_RATE,FLAT_LOWMID_RATE_STRESS,FLAT_LOWMID_RATE_STRESS
2022-03-02,1.3073763831750185e-05,21.51299036375864,-0.08176585513972301,0.0,0.0,FULL_RISK,FLAT_LOWMID_RATE_STRESS,CREDIT,FLAT_MID_RATE,FLAT_LOWMID_RATE_STRESS,FLAT_LOWMID_RATE_STRESS
2022-03-03,1.4655551191511407e-05,21.5133056484902,-0.08175239791220712,0.0,0.0,FULL_RISK,FLAT_LOWMID_RATE_STRESS,CREDIT,FLAT_MID_RATE,FLAT_LOWMID_RATE_STRESS,FLAT_LOWMID_RATE_STRESS
2022-03-04,1.3073763831750185e-05,21.513586908367486,-0.08174039295991842,0.0,0.0,FULL_RISK,FLAT_LOWMID_RATE_STRESS,CREDIT,FLAT_MID_RATE,FLAT_LOWMID_RATE_STRESS,FLAT_LOWMID_RATE_STRESS
2022-03-07,1.5050899925261874e-05,21.51391070721108,-0.0817265723264674,0.0,0.0,FULL_RISK,FLAT_LOWMID_RATE_STRESS,CREDIT,FLAT_MID_RATE,FLAT_LOWMID_RATE_STRESS,FLAT_LOWMID_RATE_STRESS
2022-03-08,1.4260163223367428e-05,21.514217499089337,-0.08171347759750514,0.0,0.0,FULL_RISK,FLAT_LOWMID_RATE_STRESS,CREDIT,FLAT_MID_RATE,FLAT_LOWMID_RATE_STRESS,FLAT_LOWMID_RATE_STRESS
2022-03-09,1.5050899925261874e-05,21.514541307423887,-0.08169965655895373,0.0,0.0,FULL_RISK,FLAT_LOWMID_RATE_STRESS,CREDIT,FLAT_MID_RATE,FLAT_LOWMID_RATE_STRESS,FLAT_LOWMID_RATE_STRESS
2022-03-10,1.5050899925261874e-05,21.51486512063204,-0.08168583531238327,0.0,0.0,FULL_RISK,FLAT_LOWMID_RATE_STRESS,CREDIT,FLAT_MID_RATE,FLAT_LOWMID_RATE_STRESS,FLAT_LOWMID_RATE_STRESS
2022-03-11,1.5446209431724256e-05,21.51519744374459,-0.08167165083947137,0.0,0.0,FULL_RISK,FLAT_LOWMID_RATE_STRESS,CREDIT,FLAT_MID_RATE,FLAT_LOWMID_RATE_STRESS,FLAT_LOWMID_RATE_STRESS
2022-03-14,1.781724314131594e-05,21.51558078524868,-0.08165528875999073,0.0,0.0,FULL_RISK,FLAT_LOWMID_RATE_STRESS,CREDIT,FLAT_MID_RATE,FLAT_LOWMID_RATE_STRESS,FLAT_LOWMID_RATE_STRESS
2022-03-15,1.8212278277252025e-05,21.515972632993236,-0.08163856361055533,0.0,0.0,FULL_RISK,FLAT_LOWMID_RATE_STRESS,CREDIT,FLAT_MID_RATE,FLAT_LOWMID_RATE_STRESS,FLAT_LOWMID_RATE_STRESS
2022-03-16,1.7027055344120967e-05,21.51633898665004,-0.08162292661955195,0.0,0.0,FULL_RISK,FLAT_LOWMID_RATE_STRESS,CREDIT,FLAT_MID_RATE,FLAT_LOWMID_RATE_STRESS,FLAT_LOWMID_RATE_STRESS
2022-03-17,1.5841479719114204e-05,21.516679837297726,-0.08160837816776956,0.0,0.0,FULL_RISK,FLAT_LOWMID_RATE_STRESS,CREDIT,FLAT_MID_RATE,FLAT_LOWMID_RATE_STRESS,FLAT_LOWMID_RATE_STRESS
2022-03-18,1.623671079520328e-05,21.517029197405517,-0.08159346650860921,0.0,0.0,FULL_RISK,FLAT_LOWMID_RATE_STRESS,CREDIT,FLAT_MID_RATE,FLAT_LOWMID_RATE_STRESS,FLAT_LOWMID_RATE_STRESS
2022-03-21,2.17658330252668e-05,21.517497533470227,-0.08157347662535186,0.0,0.0,FULL_RISK,FLAT_LOWMID_RATE_STRESS,CREDIT,FLAT_MID_RATE,FLAT_LOWMID_RATE_STRESS,FLAT_LOWMID_RATE_STRESS
2022-03-22,2.0186866643179258e-05,21.51793190432343,-0.08155493647160306,0.0,0.0,FULL_RISK,FLAT_LOWMID_RATE_STRESS,CREDIT,FLAT_MID_RATE,FLAT_LOWMID_RATE_STRESS,FLAT_LOWMID_RATE_STRESS
2022-03-23,1.9792027252663047e-05,21.5183577878181,-0.08153675858187559,0.0,0.0,FULL_RISK,FLAT_LOWMID_RATE_STRESS,CREDIT,FLAT_MID_RATE,FLAT_LOWMID_RATE_STRESS,FLAT_LOWMID_RATE_STRESS
2022-03-24,1.9792027252663047e-05,21.51878367974187,-0.08151858033237092,0.0,0.0,FULL_RISK,FLAT_LOWMID_RATE_STRESS,CREDIT,FLAT_MID_RATE,FLAT_LOWMID_RATE_STRESS,FLAT_LOWMID_RATE_STRESS
2022-03-25,2.0976428054764185e-05,21.519235066959553,-0.08149931387295162,0.0,0.0,FULL_RISK,FLAT_LOWMID_RATE_STRESS,CREDIT,FLAT_MID_RATE,FLAT_LOWMID_RATE_STRESS,FLAT_LOWMID_RATE_STRESS
2022-03-28,2.3738661430350305e-05,21.519745904795048,-0.08147750989614011,0.0,0.0,FULL_RISK,FLAT_LOWMID_RATE_STRESS,CREDIT,FLAT_MID_RATE,FLAT_LOWMID_RATE_STRESS,FLAT_LOWMID_RATE_STRESS
2022-03-29,2.2160476864652168e-05,21.520222792626303,-0.08145715499974848,0.0,0.0,FULL_RISK,FLAT_LOWMID_RATE_STRESS,CREDIT,FLAT_MID_RATE,FLAT_LOWMID_RATE_STRESS,FLAT_LOWMID_RATE_STRESS
2022-03-30,2.17658330252668e-05,21.520691198202275,-0.08143716214955765,0.0,0.0,FULL_RISK,FLAT_LOWMID_RATE_STRESS,CREDIT,FLAT_MID_RATE,FLAT_LOWMID_RATE_STRESS,FLAT_LOWMID_RATE_STRESS
2022-03-31,2.0186866643179258e-05,21.521125633525564,-0.08141861924404648,0.0,0.0,FULL_RISK,FLAT_LOWMID_RATE_STRESS,CREDIT,FLAT_MID_RATE,FLAT_LOWMID_RATE_STRESS,FLAT_LOWMID_RATE_STRESS
2022-04-01,2.0581666907881768e-05,21.521568574164835,-0.08139971330804008,0.0,0.0,FULL_RISK,FLAT_LOWMID_RATE_STRESS,CREDIT,FLAT_MID_RATE,FLAT_LOWMID_RATE_STRESS,FLAT_LOWMID_RATE_STRESS
2022-04-04,2.6498981064992932e-05,21.52213887380297,-0.08137537133643669,0.0,0.0,FULL_RISK,FLAT_LOWMID_RATE_STRESS,CREDIT,FLAT_MID_RATE,FLAT_LOWMID_RATE_STRESS,FLAT_LOWMID_RATE_STRESS
2022-04-05,2.5710513436916216e-05,21.522692219043677,-0.08135175302557796,0.0,0.0,FULL_RISK,FLAT_LOWMID_RATE_STRESS,CREDIT,FLAT_MID_RATE,FLAT_LOWMID_RATE_STRESS,FLAT_LOWMID_RATE_STRESS
2022-04-06,2.6498981064992932e-05,21.523262548457257,-0.08132740978307595,0.0,0.0,FULL_RISK,FLAT_LOWMID_RATE_STRESS,CREDIT,FLAT_MID_RATE,FLAT_LOWMID_RATE_STRESS,FLAT_LOWMID_RATE_STRESS
2022-04-07,2.689315637249834e-05,21.52384137692262,-0.08130270377745219,0.0,0.0,FULL_RISK,FLAT_LOWMID_RATE_STRESS,CREDIT,FLAT_MID_RATE,FLAT_LOWMID_RATE_STRESS,FLAT_LOWMID_RATE_STRESS
2022-04-08,2.7287292685862496e-05,21.524428704281995,-0.08127763501544039,0.0,0.0,FULL_RISK,FLAT_LOWMID_RATE_STRESS,CREDIT,FLAT_MID_RATE,FLAT_LOWMID_RATE_STRESS,FLAT_LOWMID_RATE_STRESS
2022-04-11,3.08327660516472e-05,21.52509236195663,-0.08124930826369436,0.0,0.0,FULL_RISK,FLAT_LOWMID_RATE_STRESS,CREDIT,FLAT_MID_RATE,FLAT_LOWMID_RATE_STRESS,FLAT_LOWMID_RATE_STRESS
2022-04-12,2.9257389613679408e-05,21.525722129970337,-0.0812224280167484,0.0,0.0,FULL_RISK,FLAT_LOWMID_RATE_STRESS,CREDIT,FLAT_MID_RATE,FLAT_LOWMID_RATE_STRESS,FLAT_LOWMID_RATE_STRESS
2022-04-13,2.9651292125398854e-05,21.526360395445423,-0.08119518507456325,0.0,0.0,FULL_RISK,FLAT_LOWMID_RATE_STRESS,CREDIT,FLAT_MID_RATE,FLAT_LOWMID_RATE_STRESS,FLAT_LOWMID_RATE_STRESS
2022-04-14,3.08327660516472e-05,21.527024112679438,-0.08116685578065752,0.0,0.0,FULL_RISK,FLAT_LOWMID_RATE_STRESS,CREDIT,FLAT_MID_RATE,FLAT_LOWMID_RATE_STRESS,FLAT_LOWMID_RATE_STRESS
2022-04-18,3.240751982014345e-05,21.52772175014004,-0.08113707867732478,0.0,0.0,FULL_RISK,FLAT_LOWMID_RATE_STRESS,CREDIT,FLAT_MID_RATE,FLAT_LOWMID_RATE_STRESS,FLAT_LOWMID_RATE_STRESS
2022-04-19,3.240751982014345e-05,21.528419410209338,-0.08110730060899007,0.0,0.0,FULL_RISK,FLAT_LOWMID_RATE_STRESS,CREDIT,FLAT_MID_RATE,FLAT_LOWMID_RATE_STRESS,FLAT_LOWMID_RATE_STRESS
2022-04-20,3.240751982014345e-05,21.52911709288807,-0.08107752157562198,0.0,0.0,FULL_RISK,FLAT_LOWMID_RATE_STRESS,CREDIT,FLAT_MID_RATE,FLAT_LOWMID_RATE_STRESS,FLAT_LOWMID_RATE_STRESS
2022-04-21,3.240751982014345e-05,21.529814798176968,-0.0810477415771893,0.0,0.0,FULL_RISK,FLAT_LOWMID_RATE_STRESS,CREDIT,FLAT_MID_RATE,FLAT_LOWMID_RATE_STRESS,FLAT_LOWMID_RATE_STRESS
2022-04-22,3.240751982014345e-05,21.530512526076762,-0.08101796061366073,0.0,0.0,FULL_RISK,FLAT_LOWMID_RATE_STRESS,CREDIT,FLAT_MID_RATE,FLAT_LOWMID_RATE_STRESS,FLAT_LOWMID_RATE_STRESS
2022-04-25,3.6734886069256234e-05,21.53130344700142,-0.08098420191314426,0.0,0.0,FULL_RISK,FLAT_LOWMID_RATE_STRESS,CREDIT,FLAT_MID_RATE,FLAT_LOWMID_RATE_STRESS,FLAT_LOWMID_RATE_STRESS
2022-04-26,3.319466335782728e-05,21.532018171371,-0.08095369549310616,0.0,0.0,FULL_RISK,FLAT_LOWMID_RATE_STRESS,CREDIT,FLAT_MID_RATE,FLAT_LOWMID_RATE_STRESS,FLAT_LOWMID_RATE_STRESS
2022-04-27,3.240751982014345e-05,21.532715970676655,-0.08092391148177724,0.0,0.0,FULL_RISK,FLAT_LOWMID_RATE_STRESS,CREDIT,FLAT_MID_RATE,FLAT_LOWMID_RATE_STRESS,FLAT_LOWMID_RATE_STRESS
2022-04-28,3.2013889726290046e-05,21.53340531667125,-0.08089448828122936,0.0,0.0,FULL_RISK,FLAT_LOWMID_RATE_STRESS,CREDIT,FLAT_MID_RATE,FLAT_LOWMID_RATE_STRESS,FLAT_LOWMID_RATE_STRESS
2022-04-29,3.280111102821337e-05,21.534111636289857,-0.08086434059929282,0.0,0.0,FULL_RISK,FLAT_LOWMID_RATE_STRESS,CREDIT,FLAT_MID_RATE,FLAT_LOWMID_RATE_STRESS,FLAT_LOWMID_RATE_STRESS
2022-05-02,3.555516132158765e-05,21.534877285103004,-0.08083166058264635,0.0,0.0,FULL_RISK,FLAT_LOWMID_RATE_STRESS,CREDIT,FLAT_MID_RATE,FLAT_LOWMID_RATE_STRESS,FLAT_LOWMID_RATE_STRESS
2022-05-03,3.555516132158765e-05,21.535642961138915,-0.08079897940405667,0.0,0.0,FULL_RISK,FLAT_LOWMID_RATE_STRESS,CREDIT,FLAT_MID_RATE,FLAT_LOWMID_RATE_STRESS,FLAT_LOWMID_RATE_STRESS
2022-05-04,3.4768484046932e-05,21.53639172279765,-0.08076702017803616,0.0,0.0,FULL_RISK,FLAT_LOWMID_RATE_STRESS,CREDIT,FLAT_MID_RATE,FLAT_LOWMID_RATE_STRESS,FLAT_LOWMID_RATE_STRESS
2022-05-05,3.319466335782728e-05,21.53710661607083,-0.08073650654872355,0.0,0.0,FULL_RISK,FLAT_LOWMID_RATE_STRESS,CREDIT,FLAT_MID_RATE,FLAT_LOWMID_RATE_STRESS,FLAT_LOWMID_RATE_STRESS
2022-05-06,3.319466335782728e-05,21.537821533074652,-0.08070599190652128,0.0,0.0,FULL_RISK,FLAT_LOWMID_RATE_STRESS,CREDIT,FLAT_MID_RATE,FLAT_LOWMID_RATE_STRESS,FLAT_LOWMID_RATE_STRESS
2022-05-09,3.634168329846865e-05,21.538604253763747,-0.08067258321482096,0.0,0.0,FULL_RISK,FLAT_LOWMID_RATE_STRESS,CREDIT,FLAT_MID_RATE,FLAT_LOWMID_RATE_STRESS,FLAT_LOWMID_RATE_STRESS
2022-05-10,3.516184210039519e-05,21.53936159076558,-0.08064025796935348,0.0,0.0,FULL_RISK,FLAT_LOWMID_RATE_STRESS,CREDIT,FLAT_MID_RATE,FLAT_LOWMID_RATE_STRESS,FLAT_LOWMID_RATE_STRESS
2022-05-11,3.555516132158765e-05,21.540127426241703,-0.08060756998541296,0.0,0.0,FULL_RISK,FLAT_LOWMID_RATE_STRESS,CREDIT,FLAT_MID_RATE,FLAT_LOWMID_RATE_STRESS,FLAT_LOWMID_RATE_STRESS
2022-05-12,3.752117521416132e-05,21.540935637137,-0.08057307330095576,0.0,0.0,FULL_RISK,FLAT_LOWMID_RATE_STRESS,CREDIT,FLAT_MID_RATE,FLAT_LOWMID_RATE_STRESS,FLAT_LOWMID_RATE_STRESS
2022-05-13,3.987911202774086e-05,21.541794670522457,-0.08053640737154455,0.0,0.0,FULL_RISK,FLAT_LOWMID_RATE_STRESS,CREDIT,FLAT_MID_RATE,FLAT_LOWMID_RATE_STRESS,FLAT_LOWMID_RATE_STRESS
2022-05-16,4.223565419558817e-05,21.542704502312912,-0.0804975732252009,0.0,0.0,FULL_RISK,FLAT_LOWMID_RATE_STRESS,CREDIT,FLAT_MID_RATE,FLAT_LOWMID_RATE_STRESS,FLAT_LOWMID_RATE_STRESS
2022-05-17,4.184299394793811e-05,21.543605913567024,-0.0804590984907223,0.0,0.0,FULL_RISK,FLAT_LOWMID_RATE_STRESS,CREDIT,FLAT_MID_RATE,FLAT_LOWMID_RATE_STRESS,FLAT_LOWMID_RATE_STRESS
2022-05-18,4.0271965861427006e-05,21.544473516928907,-0.08042206677092856,0.0,0.0,FULL_RISK,FLAT_LOWMID_RATE_STRESS,CREDIT,FLAT_MID_RATE,FLAT_LOWMID_RATE_STRESS,FLAT_LOWMID_RATE_STRESS
2022-05-19,4.105755733907479e-05,21.545358080385668,-0.08038431114720723,0.0,0.0,FULL_RISK,FLAT_LOWMID_RATE_STRESS,CREDIT,FLAT_MID_RATE,FLAT_LOWMID_RATE_STRESS,FLAT_LOWMID_RATE_STRESS
2022-05-20,3.987911202774086e-05,21.546217290134233,-0.08034763769012909,0.0,0.0,FULL_RISK,FLAT_LOWMID_RATE_STRESS,CREDIT,FLAT_MID_RATE,FLAT_LOWMID_RATE_STRESS,FLAT_LOWMID_RATE_STRESS
2022-05-23,4.223565419558817e-05,21.547127308716924,-0.08030879557097437,0.0,0.0,FULL_RISK,FLAT_LOWMID_RATE_STRESS,CREDIT,FLAT_MID_RATE,FLAT_LOWMID_RATE_STRESS,FLAT_LOWMID_RATE_STRESS
2022-05-24,4.145029499813546e-05,21.54802044350023,-0.0802706740992436,0.0,0.0,FULL_RISK,FLAT_LOWMID_RATE_STRESS,CREDIT,FLAT_MID_RATE,FLAT_LOWMID_RATE_STRESS,FLAT_LOWMID_RATE_STRESS
2022-05-25,4.145029499813546e-05,21.54891361530424,-0.0802325510473666,0.0,0.0,FULL_RISK,FLAT_LOWMID_RATE_STRESS,CREDIT,FLAT_MID_RATE,FLAT_LOWMID_RATE_STRESS,FLAT_LOWMID_RATE_STRESS
2022-05-26,4.184299394793811e-05,21.54981528636623,-0.08019406522356654,0.0,0.0,FULL_RISK,FLAT_LOWMID_RATE_STRESS,CREDIT,FLAT_MID_RATE,FLAT_LOWMID_RATE_STRESS,FLAT_LOWMID_RATE_STRESS
2022-05-27,4.184299394793811e-05,21.550716995156836,-0.08015557778940441,0.0,0.0,FULL_RISK,FLAT_LOWMID_RATE_STRESS,CREDIT,FLAT_MID_RATE,FLAT_LOWMID_RATE_STRESS,FLAT_LOWMID_RATE_STRESS
2022-05-31,4.459080337038124e-05,21.551677958940857,-0.08011456118764237,0.0,0.0,FULL_RISK,FLAT_LOWMID_RATE_STRESS,CREDIT,FLAT_MID_RATE,FLAT_LOWMID_RATE_STRESS,FLAT_LOWMID_RATE_STRESS
2022-06-01,4.419837517355418e-05,21.552630508088907,-0.08007390374590095,0.0,0.0,FULL_RISK,FLAT_LOWMID_RATE_STRESS,CREDIT,FLAT_MID_RATE,FLAT_LOWMID_RATE_STRESS,FLAT_LOWMID_RATE_STRESS
2022-06-02,4.459080337038124e-05,21.553591557198008,-0.08003288350222759,0.0,0.0,FULL_RISK,FLAT_LOWMID_RATE_STRESS,CREDIT,FLAT_MID_RATE,FLAT_LOWMID_RATE_STRESS,FLAT_LOWMID_RATE_STRESS
2022-06-03,4.616012974967276e-05,21.55458647378086,-0.07999041770076465,0.0,0.0,FULL_RISK,FLAT_LOWMID_RATE_STRESS,CREDIT,FLAT_MID_RATE,FLAT_LOWMID_RATE_STRESS,FLAT_LOWMID_RATE_STRESS
2022-06-06,4.851296093222324e-05,21.55563215059237,-0.07994578531184138,0.0,0.0,FULL_RISK,FLAT_LOWMID_RATE_STRESS,CREDIT,FLAT_MID_RATE,FLAT_LOWMID_RATE_STRESS,FLAT_LOWMID_RATE_STRESS
2022-06-07,4.890496441523062e-05,21.556686328015644,-0.07990079009321194,0.0,0.0,FULL_RISK,FLAT_LOWMID_RATE_STRESS,CREDIT,FLAT_MID_RATE,FLAT_LOWMID_RATE_STRESS,FLAT_LOWMID_RATE_STRESS
2022-06-08,4.929692933375307e-05,21.557749006458227,-0.07985543202748102,0.0,0.0,FULL_RISK,FLAT_LOWMID_RATE_STRESS,CREDIT,FLAT_MID_RATE,FLAT_LOWMID_RATE_STRESS,FLAT_LOWMID_RATE_STRESS
2022-06-09,4.968885569511805e-05,21.55882018633772,-0.07980971109682444,0.0,0.0,FULL_RISK,FLAT_LOWMID_RATE_STRESS,CREDIT,FLAT_MID_RATE,FLAT_LOWMID_RATE_STRESS,FLAT_LOWMID_RATE_STRESS
2022-06-10,5.2822879442970816e-05,21.559958985297357,-0.07976110399612912,0.0,0.0,FULL_RISK,FLAT_LOWMID_RATE_STRESS,CREDIT,FLAT_MID_RATE,FLAT_LOWMID_RATE_STRESS,FLAT_LOWMID_RATE_STRESS
2022-06-13,6.650532175767054e-05,21.561392837306755,-0.0796999032122565,0.0,0.0,FULL_RISK,FLAT_LOWMID_RATE_STRESS,CREDIT,FLAT_MID_RATE,FLAT_LOWMID_RATE_STRESS,FLAT_LOWMID_RATE_STRESS
2022-06-14,7.001608264878278e-05,21.562902481569676,-0.07963546740461802,0.0,0.0,FULL_RISK,FLAT_LOWMID_RATE_STRESS,CREDIT,FLAT_MID_RATE,FLAT_LOWMID_RATE_STRESS,FLAT_LOWMID_RATE_STRESS
2022-06-15,6.650532175767054e-05,21.564336529337243,-0.07957425826524334,0.0,0.0,FULL_RISK,FLAT_LOWMID_RATE_STRESS,CREDIT,FLAT_MID_RATE,FLAT_LOWMID_RATE_STRESS,FLAT_LOWMID_RATE_STRESS
2022-06-16,6.0647170438077325e-05,21.56564434533012,-0.07951843704840889,0.0,0.0,FULL_RISK,FLAT_LOWMID_RATE_STRESS,CREDIT,FLAT_MID_RATE,FLAT_LOWMID_RATE_STRESS,FLAT_LOWMID_RATE_STRESS
2022-06-17,6.221018650132137e-05,21.566985948086867,-0.07946117371870653,0.0,0.0,FULL_RISK,FLAT_LOWMID_RATE_STRESS,CREDIT,FLAT_MID_RATE,FLAT_LOWMID_RATE_STRESS,FLAT_LOWMID_RATE_STRESS
2022-06-21,6.533438035116745e-05,21.56839501374983,-0.07940103088490225,0.0,0.0,FULL_RISK,FLAT_LOWMID_RATE_STRESS,CREDIT,FLAT_MID_RATE,FLAT_LOWMID_RATE_STRESS,FLAT_LOWMID_RATE_STRESS
2022-06-22,6.18194899655311e-05,21.569728360928952,-0.07934411992616874,0.0,0.0,FULL_RISK,FLAT_LOWMID_RATE_STRESS,CREDIT,FLAT_MID_RATE,FLAT_LOWMID_RATE_STRESS,FLAT_LOWMID_RATE_STRESS
2022-06-23,6.260084472953231e-05,21.571078644144933,-0.07928648609037092,0.0,0.0,FULL_RISK,FLAT_LOWMID_RATE_STRESS,CREDIT,FLAT_MID_RATE,FLAT_LOWMID_RATE_STRESS,FLAT_LOWMID_RATE_STRESS
2022-06-24,6.533438035116745e-05,21.572487977201654,-0.07922633184345873,0.0,0.0,FULL_RISK,FLAT_LOWMID_RATE_STRESS,CREDIT,FLAT_MID_RATE,FLAT_LOWMID_RATE_STRESS,FLAT_LOWMID_RATE_STRESS
2022-06-27,6.884617270408455e-05,21.573973160434587,-0.07916294010047953,0.0,0.0,FULL_RISK,FLAT_LOWMID_RATE_STRESS,CREDIT,FLAT_MID_RATE,FLAT_LOWMID_RATE_STRESS,FLAT_LOWMID_RATE_STRESS
2022-06-28,6.884617270408455e-05,21.575458445916702,-0.0790995439932215,0.0,0.0,FULL_RISK,FLAT_LOWMID_RATE_STRESS,CREDIT,FLAT_MID_RATE,FLAT_LOWMID_RATE_STRESS,FLAT_LOWMID_RATE_STRESS
2022-06-29,6.806604185438658e-05,21.57692700197431,-0.0790368619442392,0.0,0.0,FULL_RISK,FLAT_LOWMID_RATE_STRESS,CREDIT,FLAT_MID_RATE,FLAT_LOWMID_RATE_STRESS,FLAT_LOWMID_RATE_STRESS
2022-06-30,6.533438035116745e-05,21.578336717129865,-0.07897669138828811,0.0,0.0,FULL_RISK,FLAT_LOWMID_RATE_STRESS,CREDIT,FLAT_MID_RATE,FLAT_LOWMID_RATE_STRESS,FLAT_LOWMID_RATE_STRESS
2022-07-01,6.533438035116745e-05,21.579746524388288,-0.07891651690113088,0.0,0.0,FULL_RISK,FLAT_LOWMID_RATE_STRESS,CREDIT,FLAT_MID_RATE,FLAT_LOWMID_RATE_STRESS,FLAT_LOWMID_RATE_STRESS
2022-07-05,7.31341641264649e-05,21.58132474111241,-0.07884915423050376,0.0,0.0,FULL_RISK,FLAT_LOWMID_RATE_STRESS,CREDIT,FLAT_MID_RATE,FLAT_LOWMID_RATE_STRESS,FLAT_LOWMID_RATE_STRESS
2022-07-06,7.274453736161313e-05,21.582894664596353,-0.07878214553838803,0.0,0.0,FULL_RISK,FLAT_LOWMID_RATE_STRESS,CREDIT,FLAT_MID_RATE,FLAT_LOWMID_RATE_STRESS,FLAT_LOWMID_RATE_STRESS
2022-07-07,7.430281586562337e-05,21.584498334444465,-0.07871369645777582,0.0,0.0,FULL_RISK,FLAT_LOWMID_RATE_STRESS,CREDIT,FLAT_MID_RATE,FLAT_LOWMID_RATE_STRESS,FLAT_LOWMID_RATE_STRESS
2022-07-08,7.508172663661661e-05,21.586118935848,-0.07864452469137917,0.0,0.0,FULL_RISK,FLAT_LOWMID_RATE_STRESS,CREDIT,FLAT_MID_RATE,FLAT_LOWMID_RATE_STRESS,FLAT_LOWMID_RATE_STRESS
2022-07-11,8.363971031166706e-05,21.587924392582547,-0.07856746278633031,0.0,0.0,FULL_RISK,FLAT_LOWMID_RATE_STRESS,CREDIT,FLAT_MID_RATE,FLAT_LOWMID_RATE_STRESS,FLAT_LOWMID_RATE_STRESS
2022-07-12,8.480528519427821e-05,21.589755162667412,-0.07848932043722467,0.0,0.0,FULL_RISK,FLAT_LOWMID_RATE_STRESS,CREDIT,FLAT_MID_RATE,FLAT_LOWMID_RATE_STRESS,FLAT_LOWMID_RATE_STRESS
2022-07-13,-0.0005428979176078467,21.578034129547937,-0.07898960666621269,0.19999999999999998,9.999999999999999e-05,FULL_RISK,INVERTED_STRESS,CREDIT,INVERTED,INVERTED_STRESS,INVERTED_STRESS
2022-07-14,-0.00016060548498621668,21.574568578911514,-0.07913752598711132,0.0,0.0,FULL_RISK,INVERTED_STRESS,CREDIT,INVERTED,INVERTED_STRESS,INVERTED_STRESS
2022-07-15,0.001991407323346653,21.617532332777603,-0.07730371371256683,0.0,0.0,FULL_RISK,INVERTED_STRESS,CREDIT,INVERTED,INVERTED_STRESS,INVERTED_STRESS
2022-07-18,-0.0007396127682243037,21.601543729846778,-0.07798615166709821,0.0,0.0,FULL_RISK,INVERTED_STRESS,CREDIT,INVERTED,INVERTED_STRESS,INVERTED_STRESS
2022-07-19,0.0027887252763109283,21.66178450085354,-0.07541490834314357,0.0,0.0,FULL_RISK,INVERTED_STRESS,CREDIT,INVERTED,INVERTED_STRESS,INVERTED_STRESS
2022-07-20,0.0007234120212854663,21.677454896163955,-0.07474605237313747,0.0,0.0,FULL_RISK,INVERTED_STRESS,CREDIT,INVERTED,INVERTED_STRESS,INVERTED_STRESS
2022-07-21,0.0011030236953351441,21.70136564256898,-0.07372547534470275,0.0,0.0,FULL_RISK,INVERTED_STRESS,CREDIT,INVERTED,INVERTED_STRESS,INVERTED_STRESS
2022-07-22,-0.0008427573606132514,21.683076656938347,-0.07450610001830449,0.0,0.0,FULL_RISK,INVERTED_STRESS,CREDIT,INVERTED,INVERTED_STRESS,INVERTED_STRESS
2022-07-25,0.0002114425813322962,21.687661382637913,-0.07431041119908521,0.0,0.0,FULL_RISK,INVERTED_STRESS,CREDIT,INVERTED,INVERTED_STRESS,INVERTED_STRESS
2022-07-26,-0.001095624218963649,21.66389985557441,-0.0753246191318181,0.0,0.0,FULL_RISK,INVERTED_STRESS,CREDIT,INVERTED,INVERTED_STRESS,INVERTED_STRESS
2022-07-27,0.0026802927813205785,21.721965449972558,-0.07284621838341232,0.0,0.0,FULL_RISK,INVERTED_STRESS,CREDIT,INVERTED,INVERTED_STRESS,INVERTED_STRESS
2022-07-28,0.001337204963934719,21.751012169998678,-0.07160642374430382,0.0,0.0,FULL_RISK,INVERTED_STRESS,CREDIT,INVERTED,INVERTED_STRESS,INVERTED_STRESS
2022-07-29,0.0015405103631496307,21.784519829655554,-0.07017622381900035,0.0,0.0,FULL_RISK,INVERTED_STRESS,CREDIT,INVERTED,INVERTED_STRESS,INVERTED_STRESS
2022-08-01,-0.0002086396689932988,21.779974714649118,-0.07037022194388487,0.0,0.0,FULL_RISK,INVERTED_STRESS,CREDIT,INVERTED,INVERTED_STRESS,INVERTED_STRESS
2022-08-02,-0.0005722467872929988,21.767511194091338,-0.07090219959774935,0.0,0.0,FULL_RISK,INVERTED_STRESS,CREDIT,INVERTED,INVERTED_STRESS,INVERTED_STRESS
2022-08-03,0.0016520564316878862,21.803472350961375,-0.06936727760092765,0.0,0.0,FULL_RISK,INVERTED_STRESS,CREDIT,INVERTED,INVERTED_STRESS,INVERTED_STRESS
2022-08-04,1.7492170610938695e-05,21.803853741019648,-0.06935099881457141,0.0,0.0,FULL_RISK,INVERTED_STRESS,CREDIT,INVERTED,INVERTED_STRESS,INVERTED_STRESS
2022-08-05,-8.152518229356878e-05,21.80207617786871,-0.06942687014404436,0.0,0.0,FULL_RISK,INVERTED_STRESS,CREDIT,INVERTED,INVERTED_STRESS,INVERTED_STRESS
2022-08-08,-2.545307082441369e-05,21.801521248079634,-0.06945055608782591,0.0,0.0,FULL_RISK,INVERTED_STRESS,CREDIT,INVERTED,INVERTED_STRESS,INVERTED_STRESS
2022-08-09,-0.0003061176784129865,21.7948474170093,-0.06973541372324477,0.0,0.0,FULL_RISK,INVERTED_STRESS,CREDIT,INVERTED,INVERTED_STRESS,INVERTED_STRESS
2022-08-10,0.002190690739161779,21.842593187407186,-0.06769749170911821,0.0,0.0,FULL_RISK,INVERTED_STRESS,CREDIT,INVERTED,INVERTED_STRESS,INVERTED_STRESS
2022-08-11,8.888908754736136e-05,21.844534755585286,-0.06761462018983799,0.0,0.0,FULL_RISK,INVERTED_STRESS,CREDIT,INVERTED,INVERTED_STRESS,INVERTED_STRESS
2022-08-12,0.0017821296995851471,21.883464549746837,-0.06595298851301923,0.0,0.0,FULL_RISK,INVERTED_STRESS,CREDIT,INVERTED,INVERTED_STRESS,INVERTED_STRESS
2022-08-15,0.0005047862992665921,21.894511022832035,-0.06548149437874973,0.0,0.0,FULL_RISK,INVERTED_STRESS,CREDIT,INVERTED,INVERTED_STRESS,INVERTED_STRESS
2022-08-16,0.0002878928443851513,21.90081429588682,-0.0652124531880357,0.0,0.0,FULL_RISK,INVERTED_STRESS,CREDIT,INVERTED,INVERTED_STRESS,INVERTED_STRESS
2022-08-17,-0.0006184675433802648,21.88726935307122,-0.0657905889456949,0.0,0.0,FULL_RISK,INVERTED_STRESS,CREDIT,INVERTED,INVERTED_STRESS,INVERTED_STRESS
2022-08-18,0.0003826642674538713,21.895644828964777,-0.06543310038576533,0.0,0.0,FULL_RISK,INVERTED_STRESS,CREDIT,INVERTED,INVERTED_STRESS,INVERTED_STRESS
2022-08-19,-0.0012507411581702227,21.868259044792513,-0.06660200167217645,0.0,0.0,FULL_RISK,INVERTED_STRESS,CREDIT,INVERTED,INVERTED_STRESS,INVERTED_STRESS
2022-08-22,-0.001985707486186494,21.8248350790974,-0.06845545706504752,0.0,0.0,FULL_RISK,INVERTED_STRESS,CREDIT,INVERTED,INVERTED_STRESS,INVERTED_STRESS
2022-08-23,-0.00014640422091907718,21.821639831120958,-0.0685918391181074,0.0,0.0,FULL_RISK,INVERTED_STRESS,CREDIT,INVERTED,INVERTED_STRESS,INVERTED_STRESS
2022-08-24,0.00041630110817682747,21.830724203964888,-0.06820409286856743,0.0,0.0,FULL_RISK,INVERTED_STRESS,CREDIT,INVERTED,INVERTED_STRESS,INVERTED_STRESS
2022-08-25,0.0015096969882599026,21.86368198254715,-0.06679736339389797,0.0,0.0,FULL_RISK,INVERTED_STRESS,CREDIT,INVERTED,INVERTED_STRESS,INVERTED_STRESS
2022-08-26,-0.0032869692411385677,21.79181673237248,-0.06986477175617167,0.0,0.0,FULL_RISK,INVERTED_STRESS,CREDIT,INVERTED,INVERTED_STRESS,INVERTED_STRESS
2022-08-29,-0.000559472960301199,21.779624800154878,-0.07038515726579775,0.0,0.0,FULL_RISK,INVERTED_STRESS,CREDIT,INVERTED,INVERTED_STRESS,INVERTED_STRESS
2022-08-30,-0.0009963632415298253,21.757924382589692,-0.07131139132387865,0.0,0.0,FULL_RISK,INVERTED_STRESS,CREDIT,INVERTED,INVERTED_STRESS,INVERTED_STRESS
2022-08-31,-0.0006598461508366146,21.743567499935647,-0.07192418292763936,0.0,0.0,FULL_RISK,INVERTED_STRESS,CREDIT,INVERTED,INVERTED_STRESS,INVERTED_STRESS
2022-09-01,0.0004151955857513546,21.752595333180107,-0.07153884994514836,0.0,0.0,FULL_RISK,INVERTED_STRESS,CREDIT,INVERTED,INVERTED_STRESS,INVERTED_STRESS
2022-09-02,-0.0009540836759890103,21.731841537062323,-0.07242467957220577,0.0,0.0,FULL_RISK,INVERTED_STRESS,CREDIT,INVERTED,INVERTED_STRESS,INVERTED_STRESS
2022-09-06,-0.00027312317429781675,21.725906067518384,-0.07267802188812134,0.0,0.0,FULL_RISK,INVERTED_STRESS,CREDIT,INVERTED,INVERTED_STRESS,INVERTED_STRESS
2022-09-07,0.001901371240694288,21.76721508049319,-0.07091483854807556,0.0,0.0,FULL_RISK,INVERTED_STRESS,CREDIT,INVERTED,INVERTED_STRESS,INVERTED_STRESS
2022-09-08,0.0007581706204154906,21.783718343455483,-0.07021043347479883,0.0,0.0,FULL_RISK,INVERTED_STRESS,CREDIT,INVERTED,INVERTED_STRESS,INVERTED_STRESS
2022-09-09,0.0016583896187030583,21.81984423581302,-0.06866848011009508,0.0,0.0,FULL_RISK,INVERTED_STRESS,CREDIT,INVERTED,INVERTED_STRESS,INVERTED_STRESS
2022-09-12,0.0011834744770828835,21.845667464560027,-0.06756627302660267,0.0,0.0,FULL_RISK,INVERTED_STRESS,CREDIT,INVERTED,INVERTED_STRESS,INVERTED_STRESS
2022-09-13,-0.004236104109483054,21.753126942839003,-0.07151615936925526,0.0,0.0,FULL_RISK,INVERTED_STRESS,CREDIT,INVERTED,INVERTED_STRESS,INVERTED_STRESS
2022-09-14,0.0004920223245765873,21.763829966924227,-0.07105932459165643,0.0,0.0,FULL_RISK,INVERTED_STRESS,CREDIT,INVERTED,INVERTED_STRESS,INVERTED_STRESS
2022-09-15,-0.0010256135576029311,21.741508687844785,-0.072012058742564,0.0,0.0,FULL_RISK,INVERTED_STRESS,CREDIT,INVERTED,INVERTED_STRESS,INVERTED_STRESS
2022-09-16,-0.0006538445281515593,21.72729312135548,-0.07261881858014574,0.0,0.0,FULL_RISK,INVERTED_STRESS,CREDIT,INVERTED,INVERTED_STRESS,INVERTED_STRESS
2022-09-19,0.0008911162981953506,21.746654666371587,-0.0717924140947429,0.0,0.0,FULL_RISK,INVERTED_STRESS,CREDIT,INVERTED,INVERTED_STRESS,INVERTED_STRESS
2022-09-20,-0.0010332677973389978,21.724184548404974,-0.0727515011025045,0.0,0.0,FULL_RISK,INVERTED_STRESS,CREDIT,INVERTED,INVERTED_STRESS,INVERTED_STRESS
2022-09-21,-0.0016315446745487868,21.68874057079611,-0.074264348452864,0.0,0.0,FULL_RISK,INVERTED_STRESS,CREDIT,INVERTED,INVERTED_STRESS,INVERTED_STRESS
2022-09-22,-0.0007278331266524543,21.672954786933314,-0.07493812952658319,0.0,0.0,FULL_RISK,INVERTED_STRESS,CREDIT,INVERTED,INVERTED_STRESS,INVERTED_STRESS
2022-09-23,-0.0015657535095887011,21.63902028191252,-0.07638654839686354,0.0,0.0,FULL_RISK,INVERTED_STRESS,CREDIT,INVERTED,INVERTED_STRESS,INVERTED_STRESS
2022-09-26,-0.0008732902604394769,21.620123136254872,-0.0771931310285594,0.0,0.0,FULL_RISK,INVERTED_STRESS,CREDIT,INVERTED,INVERTED_STRESS,INVERTED_STRESS
2022-09-27,-0.00014071182847277765,21.617080929196565,-0.07732298087041956,0.0,0.0,FULL_RISK,INVERTED_STRESS,CREDIT,INVERTED,INVERTED_STRESS,INVERTED_STRESS
2022-09-28,0.002083262412640711,21.662114981367374,-0.07540080251745951,0.0,0.0,FULL_RISK,INVERTED_STRESS,CREDIT,INVERTED,INVERTED_STRESS,INVERTED_STRESS
2022-09-29,-0.001974322301389558,21.619346984664393,-0.07722625933289629,0.0,0.0,FULL_RISK,INVERTED_STRESS,CREDIT,INVERTED,INVERTED_STRESS,INVERTED_STRESS
2022-09-30,-0.001433153476950286,21.588363142363928,-0.07854873572777166,0.0,0.0,FULL_RISK,INVERTED_STRESS,CREDIT,INVERTED,INVERTED_STRESS,INVERTED_STRESS
2022-10-03,0.002757468941724857,21.647892383231675,-0.07600786248522784,0.0,0.0,FULL_RISK,INVERTED_STRESS,CREDIT,INVERTED,INVERTED_STRESS,INVERTED_STRESS
2022-10-04,0.0032153227278328015,21.717497343621158,-0.07303692956513785,0.0,0.0,FULL_RISK,INVERTED_STRESS,CREDIT,INVERTED,INVERTED_STRESS,INVERTED_STRESS
2022-10-05,-0.00011584035734128295,21.714981580968317,-0.07314430929845905,0.0,0.0,FULL_RISK,INVERTED_STRESS,CREDIT,INVERTED,INVERTED_STRESS,INVERTED_STRESS
2022-10-06,-0.0009149237982070987,21.69511402754226,-0.07399231162738562,0.0,0.0,FULL_RISK,INVERTED_STRESS,CREDIT,INVERTED,INVERTED_STRESS,INVERTED_STRESS
2022-10-07,-0.0026730808216033353,21.63712123431274,-0.07646760501983163,0.0,0.0,FULL_RISK,INVERTED_STRESS,CREDIT,INVERTED,INVERTED_STRESS,INVERTED_STRESS
2022-10-10,-0.0006472183791631149,21.62311729177771,-0.07706533215961542,0.0,0.0,FULL_RISK,INVERTED_STRESS,CREDIT,INVERTED,INVERTED_STRESS,INVERTED_STRESS
2022-10-11,-0.0005094176214008317,21.61210209479966,-0.07753549134281512,0.0,0.0,FULL_RISK,INVERTED_STRESS,CREDIT,INVERTED,INVERTED_STRESS,INVERTED_STRESS
2022-10-12,-0.00020487344437470107,21.60767434900332,-0.07772447982401709,0.0,0.0,FULL_RISK,INVERTED_STRESS,CREDIT,INVERTED,INVERTED_STRESS,INVERTED_STRESS
2022-10-13,0.0027667902167929554,21.667458250999793,-0.07517273693760651,0.0,0.0,FULL_RISK,INVERTED_STRESS,CREDIT,INVERTED,INVERTED_STRESS,INVERTED_STRESS
2022-10-14,-0.0021508274317790644,21.620855287416614,-0.07716188078465824,0.0,0.0,FULL_RISK,INVERTED_STRESS,CREDIT,INVERTED,INVERTED_STRESS,INVERTED_STRESS
2022-10-17,0.0027036059301615454,21.679309559986837,-0.07466689017296857,0.0,0.0,FULL_RISK,INVERTED_STRESS,CREDIT,INVERTED,INVERTED_STRESS,INVERTED_STRESS
2022-10-18,0.0013112594679911746,21.707736759906883,-0.07345353837166213,0.0,0.0,FULL_RISK,INVERTED_STRESS,CREDIT,INVERTED,INVERTED_STRESS,INVERTED_STRESS
2022-10-19,-0.0005716418062543414,21.695327710055757,-0.07398319106456586,0.0,0.0,FULL_RISK,INVERTED_STRESS,CREDIT,INVERTED,INVERTED_STRESS,INVERTED_STRESS
2022-10-20,-0.0007015651546281414,21.680107024116143,-0.0746328521903149,0.0,0.0,FULL_RISK,INVERTED_STRESS,CREDIT,INVERTED,INVERTED_STRESS,INVERTED_STRESS
2022-10-21,0.00256680482132252,21.735755627352432,-0.07225761533382358,0.0,0.0,FULL_RISK,INVERTED_STRESS,CREDIT,INVERTED,INVERTED_STRESS,INVERTED_STRESS
2022-10-24,0.0013637290382300467,21.765397308469325,-0.07099242610385748,0.0,0.0,FULL_RISK,INVERTED_STRESS,CREDIT,INVERTED,INVERTED_STRESS,INVERTED_STRESS
2022-10-25,0.0017359195188543603,21.80318028649272,-0.06937974372316758,0.0,0.0,FULL_RISK,INVERTED_STRESS,CREDIT,INVERTED,INVERTED_STRESS,INVERTED_STRESS
2022-10-26,-0.0006153783996868482,21.789763080299934,-0.06995242732719131,0.0,0.0,FULL_RISK,INVERTED_STRESS,CREDIT,INVERTED,INVERTED_STRESS,INVERTED_STRESS
2022-10-27,-0.00039563201328628823,21.781142352463444,-0.07032038392081996,0.0,0.0,FULL_RISK,INVERTED_STRESS,CREDIT,INVERTED,INVERTED_STRESS,INVERTED_STRESS
2022-10-28,0.0025187878944918887,21.836004430149035,-0.06797871815808376,0.0,0.0,FULL_RISK,INVERTED_STRESS,CREDIT,INVERTED,INVERTED_STRESS,INVERTED_STRESS
2022-10-31,-0.0005801836308675611,21.82333553781511,-0.06851946164942857,0.0,0.0,FULL_RISK,INVERTED_STRESS,CREDIT,INVERTED,INVERTED_STRESS,INVERTED_STRESS
2022-11-01,-0.00029543889882966106,21.81688807559503,-0.06879465723396005,0.0,0.0,FULL_RISK,INVERTED_STRESS,CREDIT,INVERTED,INVERTED_STRESS,INVERTED_STRESS
2022-11-02,-0.0023681527765522375,21.765222351523082,-0.07099989375197169,0.0,0.0,FULL_RISK,INVERTED_STRESS,CREDIT,INVERTED,INVERTED_STRESS,INVERTED_STRESS
2022-11-03,-0.000887547377341341,21.74590468550774,-0.07182442535982192,0.0,0.0,FULL_RISK,INVERTED_STRESS,CREDIT,INVERTED,INVERTED_STRESS,INVERTED_STRESS
2022-11-04,0.0015800911419163047,21.780265196874268,-0.07035782335618979,0.0,0.0,FULL_RISK,INVERTED_STRESS,CREDIT,INVERTED,INVERTED_STRESS,INVERTED_STRESS
2022-11-07,0.0011007543210869797,21.804239917904148,-0.06933451571318439,0.0,0.0,FULL_RISK,INVERTED_STRESS,CREDIT,INVERTED,INVERTED_STRESS,INVERTED_STRESS
2022-11-08,0.000683052435163108,21.819133357076954,-0.06869882238781999,0.0,0.0,FULL_RISK,INVERTED_STRESS,CREDIT,INVERTED,INVERTED_STRESS,INVERTED_STRESS
2022-11-09,-0.0019163244229066846,21.77732081893813,-0.07048349757955996,0.0,0.0,FULL_RISK,INVERTED_STRESS,CREDIT,INVERTED,INVERTED_STRESS,INVERTED_STRESS
2022-11-10,0.005638571695546732,21.900113803712635,-0.0652423521384684,0.0,0.0,FULL_RISK,INVERTED_STRESS,CREDIT,INVERTED,INVERTED_STRESS,INVERTED_STRESS
2022-11-11,0.0011110312336586028,21.92444551416924,-0.064203807195793,0.0,0.0,FULL_RISK,INVERTED_STRESS,CREDIT,INVERTED,INVERTED_STRESS,INVERTED_STRESS
2022-11-14,-0.0007050915033254238,21.908986773922077,-0.06486362914018351,0.0,0.0,FULL_RISK,INVERTED_STRESS,CREDIT,INVERTED,INVERTED_STRESS,INVERTED_STRESS
2022-11-15,0.000997765075207789,21.930846795758285,-0.06393058272878305,0.0,0.0,FULL_RISK,INVERTED_STRESS,CREDIT,INVERTED,INVERTED_STRESS,INVERTED_STRESS
2022-11-16,-0.0006179589197516009,21.91729443336314,-0.06450903517469253,0.0,0.0,FULL_RISK,INVERTED_STRESS,CREDIT,INVERTED,INVERTED_STRESS,INVERTED_STRESS
2022-11-17,-0.00016143398628526412,21.913756237154175,-0.06466005521027807,0.0,0.0,FULL_RISK,INVERTED_STRESS,CREDIT,INVERTED,INVERTED_STRESS,INVERTED_STRESS
2022-11-18,0.0005992698844605943,21.92688849132251,-0.06409953414963254,0.0,0.0,FULL_RISK,INVERTED_STRESS,CREDIT,INVERTED,INVERTED_STRESS,INVERTED_STRESS
2022-11-21,-0.00021564203550922083,21.92216013245586,-0.06430135363112255,0.0,0.0,FULL_RISK,INVERTED_STRESS,CREDIT,INVERTED,INVERTED_STRESS,INVERTED_STRESS
2022-11-22,0.0014929964200028625,21.954889839052345,-0.06290435890189228,0.0,0.0,FULL_RISK,INVERTED_STRESS,CREDIT,INVERTED,INVERTED_STRESS,INVERTED_STRESS
2022-11-23,0.0007774494376552225,21.9719586558115,-0.06217581442269149,0.0,0.0,FULL_RISK,INVERTED_STRESS,CREDIT,INVERTED,INVERTED_STRESS,INVERTED_STRESS
2022-11-25,0.00012526233793655003,21.974710914721772,-0.06205834037263258,0.0,0.0,FULL_RISK,INVERTED_STRESS,CREDIT,INVERTED,INVERTED_STRESS,INVERTED_STRESS
2022-11-28,-0.0014453206744722109,21.942950410721174,-0.06341396684474077,0.0,0.0,FULL_RISK,INVERTED_STRESS,CREDIT,INVERTED,INVERTED_STRESS,INVERTED_STRESS
2022-11-29,-2.241658790689749e-05,21.942458524644355,-0.06343496190788545,0.0,0.0,FULL_RISK,INVERTED_STRESS,CREDIT,INVERTED,INVERTED_STRESS,INVERTED_STRESS
2022-11-30,0.0032994060724064627,22.014855605544096,-0.06034485353400054,0.0,0.0,FULL_RISK,INVERTED_STRESS,CREDIT,INVERTED,INVERTED_STRESS,INVERTED_STRESS
2022-12-01,7.405226707818004e-05,22.016485855511085,-0.0602752699401331,0.0,0.0,FULL_RISK,INVERTED_STRESS,CREDIT,INVERTED,INVERTED_STRESS,INVERTED_STRESS
2022-12-02,3.225067328722003e-05,22.017195902003344,-0.06024496318488404,0.0,0.0,FULL_RISK,INVERTED_STRESS,CREDIT,INVERTED,INVERTED_STRESS,INVERTED_STRESS
2022-12-05,-0.0016495636839900076,21.980877135220105,-0.0617951489654609,0.0,0.0,FULL_RISK,INVERTED_STRESS,CREDIT,INVERTED,INVERTED_STRESS,INVERTED_STRESS
2022-12-06,-0.0012921508039752077,21.95247452715775,-0.06300745111801864,0.0,0.0,FULL_RISK,INVERTED_STRESS,CREDIT,INVERTED,INVERTED_STRESS,INVERTED_STRESS
2022-12-07,-2.3172832617508157e-05,21.951965826139993,-0.06302916388951774,0.0,0.0,FULL_RISK,INVERTED_STRESS,CREDIT,INVERTED,INVERTED_STRESS,INVERTED_STRESS
2022-12-08,0.0009293180145794001,21.972366183437654,-0.06215842001238481,0.0,0.0,FULL_RISK,INVERTED_STRESS,CREDIT,INVERTED,INVERTED_STRESS,INVERTED_STRESS
2022-12-09,-0.0006004067344249473,21.959173826809867,-0.06272150641283314,0.0,0.0,FULL_RISK,INVERTED_STRESS,CREDIT,INVERTED,INVERTED_STRESS,INVERTED_STRESS
2022-12-12,0.001591749871410099,21.994127338924965,-0.06122959349119028,0.0,0.0,FULL_RISK,INVERTED_STRESS,CREDIT,INVERTED,INVERTED_STRESS,INVERTED_STRESS
2022-12-13,0.0009059869730481768,22.014053731777594,-0.06037907973221013,0.0,0.0,FULL_RISK,INVERTED_STRESS,CREDIT,INVERTED,INVERTED_STRESS,INVERTED_STRESS
2022-12-14,-0.0004913733259396908,22.003236612977993,-0.06084078438892471,0.0,0.0,FULL_RISK,INVERTED_STRESS,CREDIT,INVERTED,INVERTED_STRESS,INVERTED_STRESS
2022-12-15,-0.0022985387139077104,21.95266132179179,-0.06299947820453,0.0,0.0,FULL_RISK,INVERTED_STRESS,CREDIT,INVERTED,INVERTED_STRESS,INVERTED_STRESS
2022-12-16,-0.0010336673615382783,21.92996957228455,-0.06396802506165444,0.0,0.0,FULL_RISK,INVERTED_STRESS,CREDIT,INVERTED,INVERTED_STRESS,INVERTED_STRESS
2022-12-19,-0.0006982765265421652,21.914656389304437,-0.06462163421784684,0.0,0.0,FULL_RISK,INVERTED_STRESS,CREDIT,INVERTED,INVERTED_STRESS,INVERTED_STRESS
2022-12-20,0.0002854982378732626,21.92091298508718,-0.06435458534267124,0.0,0.0,FULL_RISK,INVERTED_STRESS,CREDIT,INVERTED,INVERTED_STRESS,INVERTED_STRESS
2022-12-21,0.0016428875200063101,21.956926579457527,-0.06281742516777955,0.0,0.0,FULL_RISK,INVERTED_STRESS,CREDIT,INVERTED,INVERTED_STRESS,INVERTED_STRESS
2022-12-22,-0.013834907300130317,21.653154535634965,-0.07578325921388074,1.8,0.0009,NON_RISK,INVERTED_NORMAL,,INVERTED,INVERTED_NORMAL,INVERTED_NORMAL
2022-12-23,0.004071078892905745,21.741306236029814,-0.0720206999479962,0.0,0.0,NON_RISK,INVERTED_NORMAL,,INVERTED,INVERTED_NORMAL,INVERTED_NORMAL
2022-12-27,0.003610201147571823,21.81979672475284,-0.06867050801402552,0.0,0.0,NON_RISK,INVERTED_NORMAL,,INVERTED,INVERTED_NORMAL,INVERTED_NORMAL
2022-12-28,-0.007591608371941897,21.654149373263134,-0.07574079678242274,0.0,0.0,NON_RISK,INVERTED_NORMAL,,INVERTED,INVERTED_NORMAL,INVERTED_NORMAL
2022-12-29,0.010429147511549516,21.87998369131402,-0.06610156121315958,0.0,0.0,NON_RISK,INVERTED_NORMAL,,INVERTED,INVERTED_NORMAL,INVERTED_NORMAL
2022-12-30,0.0018301278414279024,21.92002685863748,-0.06439240767926979,0.0,0.0,NON_RISK,INVERTED_NORMAL,,INVERTED,INVERTED_NORMAL,INVERTED_NORMAL
2023-01-03,0.0033800791307993703,21.994118283968923,-0.06122997998184898,0.01326608224949588,6.633041124747941e-06,NON_RISK,INVERTED_NORMAL,,INVERTED,INVERTED_NORMAL,INVERTED_NORMAL
2023-01-04,0.008741741083335565,22.186385171363636,-0.05302349553005259,0.0,0.0,NON_RISK,INVERTED_NORMAL,,INVERTED,INVERTED_NORMAL,INVERTED_NORMAL
2023-01-05,-0.012040191015823928,21.919256855949776,-0.06442527353136795,0.0,0.0,NON_RISK,INVERTED_NORMAL,,INVERTED,INVERTED_NORMAL,INVERTED_NORMAL
2023-01-06,0.02038111879191254,22.365995833761332,-0.04535721389249969,0.0,0.0,NON_RISK,INVERTED_NORMAL,,INVERTED,INVERTED_NORMAL,INVERTED_NORMAL
2023-01-09,0.0011311024019339682,22.391294065370545,-0.044277415144144516,0.0,0.0,NON_RISK,INVERTED_NORMAL,,INVERTED,INVERTED_NORMAL,INVERTED_NORMAL
2023-01-10,0.004997914038826064,22.503203828327344,-0.03950079582007027,0.0,0.0,NON_RISK,INVERTED_NORMAL,,INVERTED,INVERTED_NORMAL,INVERTED_NORMAL
2023-01-11,0.004595849023640404,22.606625155670542,-0.035086486490332636,0.0,0.0,NON_RISK,INVERTED_NORMAL,,INVERTED,INVERTED_NORMAL,INVERTED_NORMAL
2023-01-12,0.008427583703733234,22.79714438142888,-0.02695459708836645,0.0,0.0,NON_RISK,INVERTED_NORMAL,,INVERTED,INVERTED_NORMAL,INVERTED_NORMAL
2023-01-13,0.008784043824791032,22.997395496755438,-0.018407323625679317,0.0,0.0,NON_RISK,INVERTED_NORMAL,,INVERTED,INVERTED_NORMAL,INVERTED_NORMAL
2023-01-17,-0.004677872425252302,22.889816614508543,-0.022999088939320345,0.0,0.0,NON_RISK,INVERTED_NORMAL,,INVERTED,INVERTED_NORMAL,INVERTED_NORMAL
2023-01-18,-0.00798866795983954,22.706957469913615,-0.030804024814244935,0.0,0.0,NON_RISK,INVERTED_NORMAL,,INVERTED,INVERTED_NORMAL,INVERTED_NORMAL
2023-01-19,0.006698014350461358,22.859048996902413,-0.02431233626404128,0.0,0.0,NON_RISK,INVERTED_NORMAL,,INVERTED,INVERTED_NORMAL,INVERTED_NORMAL
2023-01-20,0.005366077830060282,22.981712432940956,-0.019076720322604324,0.0,0.0,NON_RISK,INVERTED_NORMAL,,INVERTED,INVERTED_NORMAL,INVERTED_NORMAL
2023-01-23,0.005898499750725793,23.11727005799791,-0.013290744601946014,0.0,0.0,NON_RISK,INVERTED_NORMAL,,INVERTED,INVERTED_NORMAL,INVERTED_NORMAL
2023-01-24,0.0017598131135733712,23.157952132995995,-0.011554320715012167,0.0,0.0,NON_RISK,INVERTED_NORMAL,,INVERTED,INVERTED_NORMAL,INVERTED_NORMAL
2023-01-25,0.0029285049647082527,23.22577031078995,-0.008659652635881643,0.0,0.0,NON_RISK,INVERTED_NORMAL,,INVERTED,INVERTED_NORMAL,INVERTED_NORMAL
2023-01-26,-0.0011139214605175802,23.19989862680371,-0.00976392792348757,0.0,0.0,NON_RISK,INVERTED_NORMAL,,INVERTED,INVERTED_NORMAL,INVERTED_NORMAL
2023-01-27,6.902960384267602e-05,23.201500106615104,-0.009695572319721513,0.0,0.0,NON_RISK,INVERTED_NORMAL,,INVERTED,INVERTED_NORMAL,INVERTED_NORMAL
2023-01-30,-0.006520332618570888,23.050218608670164,-0.016152686581840436,0.0,0.0,NON_RISK,INVERTED_NORMAL,,INVERTED,INVERTED_NORMAL,INVERTED_NORMAL
2023-01-31,0.008020497378359463,23.235092826591618,-0.008261741783863963,0.0,0.0,NON_RISK,INVERTED_NORMAL,,INVERTED,INVERTED_NORMAL,INVERTED_NORMAL
2023-02-01,0.011769531949121309,23.50855899395499,0.0,0.031849579323636024,1.5924789661818013e-05,NON_RISK,INVERTED_NORMAL,,INVERTED,INVERTED_NORMAL,INVERTED_NORMAL
2023-02-02,-0.0062016406857226996,23.362767358035363,-0.00620164068572282,0.0,0.0,NON_RISK,INVERTED_NORMAL,,INVERTED,INVERTED_NORMAL,INVERTED_NORMAL
2023-02-03,-0.01905305162201522,22.917635345529582,-0.0251365321276118,0.0,0.0,NON_RISK,INVERTED_NORMAL,,INVERTED,INVERTED_NORMAL,INVERTED_NORMAL
2023-02-06,-0.0012983005514957354,22.887881366921505,-0.026402197905583402,0.0,0.0,NON_RISK,INVERTED_NORMAL,,INVERTED,INVERTED_NORMAL,INVERTED_NORMAL
2023-02-07,0.005930721661164408,23.023623020722468,-0.020628060331440046,0.0,0.0,NON_RISK,INVERTED_NORMAL,,INVERTED,INVERTED_NORMAL,INVERTED_NORMAL
2023-02-08,-0.00305304525733217,22.953330857652446,-0.023618127187009397,0.0,0.0,NON_RISK,INVERTED_NORMAL,,INVERTED,INVERTED_NORMAL,INVERTED_NORMAL
2023-02-09,-0.008224298917459115,22.764555803527774,-0.03164818356661203,0.0,0.0,NON_RISK,INVERTED_NORMAL,,INVERTED,INVERTED_NORMAL,INVERTED_NORMAL
2023-02-10,0.0020830120941847004,22.811974648585263,-0.029631095021555587,0.0,0.0,NON_RISK,INVERTED_NORMAL,,INVERTED,INVERTED_NORMAL,INVERTED_NORMAL
2023-02-13,0.0018531140473871852,22.854247839255198,-0.02783289077259221,0.0,0.0,NON_RISK,INVERTED_NORMAL,,INVERTED,INVERTED_NORMAL,INVERTED_NORMAL
2023-02-14,0.0002534586897137926,22.86004044696693,-0.027586486570904567,0.0,0.0,NON_RISK,INVERTED_NORMAL,,INVERTED,INVERTED_NORMAL,INVERTED_NORMAL
2023-02-15,-0.004520174913849177,22.756709065608973,-0.03198196574019474,0.0,0.0,NON_RISK,INVERTED_NORMAL,,INVERTED,INVERTED_NORMAL,INVERTED_NORMAL
2023-02-16,-0.006155571023068576,22.616628526704307,-0.03794066950169228,0.0,0.0,NON_RISK,INVERTED_NORMAL,,INVERTED,INVERTED_NORMAL,INVERTED_NORMAL
2023-02-17,0.0007264731579654021,22.633058900252635,-0.03724175922171491,0.0,0.0,NON_RISK,INVERTED_NORMAL,,INVERTED,INVERTED_NORMAL,INVERTED_NORMAL
2023-02-21,-0.010463892734027442,22.396228999677465,-0.047315958182019946,0.0,0.0,NON_RISK,INVERTED_NORMAL,,INVERTED,INVERTED_NORMAL,INVERTED_NORMAL
2023-02-22,-0.0038757638435284528,22.30942650508913,-0.05100833654560466,0.0,0.0,NON_RISK,INVERTED_NORMAL,,INVERTED,INVERTED_NORMAL,INVERTED_NORMAL
2023-02-23,0.0018802162587418575,22.351373051527208,-0.04922402699056716,0.0,0.0,NON_RISK,INVERTED_NORMAL,,INVERTED,INVERTED_NORMAL,INVERTED_NORMAL
2023-02-24,-0.008631860970431268,22.15843910684818,-0.0574309930036111,0.0,0.0,NON_RISK,INVERTED_NORMAL,,INVERTED,INVERTED_NORMAL,INVERTED_NORMAL
2023-02-27,0.003708262119588987,22.240608407217326,-0.0539357000598677,0.0,0.0,NON_RISK,INVERTED_NORMAL,,INVERTED,INVERTED_NORMAL,INVERTED_NORMAL
2023-02-28,0.0011555240087551758,22.266307964201186,-0.05284250004746083,0.0,0.0,NON_RISK,INVERTED_NORMAL,,INVERTED,INVERTED_NORMAL,INVERTED_NORMAL
2023-03-01,0.001607011635149486,22.302090180171476,-0.051320406924718176,0.03878077651585815,1.9390388257929075e-05,NON_RISK,INVERTED_NORMAL,,INVERTED,INVERTED_NORMAL,INVERTED_NORMAL
2023-03-02,0.00302284715256979,22.36950598996896,-0.04845269351808956,0.0,0.0,NON_RISK,INVERTED_NORMAL,,INVERTED,INVERTED_NORMAL,INVERTED_NORMAL
2023-03-03,0.013016275892652083,22.660673651516728,-0.03606709125201113,0.0,0.0,NON_RISK,INVERTED_NORMAL,,INVERTED,INVERTED_NORMAL,INVERTED_NORMAL
2023-03-06,-0.002568654412857681,22.60246621214343,-0.03854310177176545,0.0,0.0,NON_RISK,INVERTED_NORMAL,,INVERTED,INVERTED_NORMAL,INVERTED_NORMAL
2023-03-07,-0.016552027956129048,22.22834955952257,-0.05445716322985228,0.0,0.0,NON_RISK,INVERTED_NORMAL,,INVERTED,INVERTED_NORMAL,INVERTED_NORMAL
2023-03-08,0.0004345824288501311,22.238009609663475,-0.054046246927266894,0.0,0.0,NON_RISK,INVERTED_NORMAL,,INVERTED,INVERTED_NORMAL,INVERTED_NORMAL
2023-03-09,-0.002361254999715041,22.185499998288947,-0.05627988495620906,0.0,0.0,NON_RISK,INVERTED_NORMAL,,INVERTED,INVERTED_NORMAL,INVERTED_NORMAL
2023-03-10,0.006033054525594698,22.319346329456206,-0.05058637004524935,0.0,0.0,NON_RISK,INVERTED_NORMAL,,INVERTED,INVERTED_NORMAL,INVERTED_NORMAL
2023-03-13,0.012431693695567203,22.59681360650929,-0.038783550607255246,0.0,0.0,NON_RISK,INVERTED_NORMAL,,INVERTED,INVERTED_NORMAL,INVERTED_NORMAL
2023-03-14,0.003839896931081701,22.68358304172915,-0.03509257851312675,0.0,0.0,NON_RISK,INVERTED_NORMAL,,INVERTED,INVERTED_NORMAL,INVERTED_NORMAL
2023-03-15,0.0017382354534711646,22.72301244998404,-0.03341534222378095,0.0,0.0,NON_RISK,INVERTED_NORMAL,,INVERTED,INVERTED_NORMAL,INVERTED_NORMAL
2023-03-16,0.008718801614469246,22.921129887618566,-0.02498788234904037,0.0,0.0,NON_RISK,INVERTED_NORMAL,,INVERTED,INVERTED_NORMAL,INVERTED_NORMAL
2023-03-17,0.01151039950908872,23.184961249824774,-0.01376510334867509,0.0,0.0,NON_RISK,INVERTED_NORMAL,,INVERTED,INVERTED_NORMAL,INVERTED_NORMAL
2023-03-20,0.0043654469487897545,23.28617396817063,-0.009459747228298565,0.0,0.0,NON_RISK,INVERTED_NORMAL,,INVERTED,INVERTED_NORMAL,INVERTED_NORMAL
2023-03-21,-0.005065367442219451,23.1682209406984,-0.014477197574896072,0.0,0.0,NON_RISK,INVERTED_NORMAL,,INVERTED,INVERTED_NORMAL,INVERTED_NORMAL
2023-03-22,0.0023214129811089017,23.222003949539335,-0.012189392148167721,0.0,0.0,NON_RISK,INVERTED_NORMAL,,INVERTED,INVERTED_NORMAL,INVERTED_NORMAL
2023-03-23,0.008294673681769121,23.414622894537516,-0.003995825496646899,0.0,0.0,NON_RISK,INVERTED_NORMAL,,INVERTED,INVERTED_NORMAL,INVERTED_NORMAL
2023-03-24,-0.0035658451783721185,23.33112997438563,-0.00754742217993809,0.0,0.0,NON_RISK,INVERTED_NORMAL,,INVERTED,INVERTED_NORMAL,INVERTED_NORMAL
2023-03-27,-0.004455904064395059,23.22716869750583,-0.011969695655166035,0.0,0.0,NON_RISK,INVERTED_NORMAL,,INVERTED,INVERTED_NORMAL,INVERTED_NORMAL
2023-03-28,0.0036872680867772196,23.312813495390337,-0.00832656304518642,0.0,0.0,NON_RISK,INVERTED_NORMAL,,INVERTED,INVERTED_NORMAL,INVERTED_NORMAL
2023-03-29,0.003451049355012405,23.393267165367128,-0.004904249070200595,0.0,0.0,NON_RISK,INVERTED_NORMAL,,INVERTED,INVERTED_NORMAL,INVERTED_NORMAL
2023-03-30,0.0076656715266045575,23.572592267390938,0.0,0.0,0.0,NON_RISK,INVERTED_NORMAL,,INVERTED,INVERTED_NORMAL,INVERTED_NORMAL
2023-03-31,0.0031181871264586627,23.646096021136376,0.0,0.0,0.0,NON_RISK,INVERTED_NORMAL,,INVERTED,INVERTED_NORMAL,INVERTED_NORMAL
2023-04-03,0.005563600036177683,23.77765344181503,0.0,0.08034041655778734,4.0170208278893674e-05,NON_RISK,INVERTED_NORMAL,,INVERTED,INVERTED_NORMAL,INVERTED_NORMAL
2023-04-04,0.007232216374061918,23.949618576373695,0.0,0.0,0.0,NON_RISK,INVERTED_NORMAL,,INVERTED,INVERTED_NORMAL,INVERTED_NORMAL
2023-04-05,-0.001656506505331604,23.90994587740172,-0.0016565065053315564,0.0,0.0,NON_RISK,INVERTED_NORMAL,,INVERTED,INVERTED_NORMAL,INVERTED_NORMAL
2023-04-06,-0.001929451873124232,23.86381278754227,-0.003582762228876324,0.0,0.0,NON_RISK,INVERTED_NORMAL,,INVERTED,INVERTED_NORMAL,INVERTED_NORMAL
2023-04-10,-0.0034256393005472692,23.78206397259636,-0.006996128278327851,0.0,0.0,NON_RISK,INVERTED_NORMAL,,INVERTED,INVERTED_NORMAL,INVERTED_NORMAL
2023-04-11,0.003466087001485881,23.864494675400287,-0.003554290466127985,0.0,0.0,NON_RISK,INVERTED_NORMAL,,INVERTED,INVERTED_NORMAL,INVERTED_NORMAL
2023-04-12,0.0006586620475084559,23.88021331232594,-0.0028979694948555457,0.0,0.0,NON_RISK,INVERTED_NORMAL,,INVERTED,INVERTED_NORMAL,INVERTED_NORMAL
2023-04-13,0.013405785605006028,24.20034633219279,0.0,0.0,0.0,NON_RISK,INVERTED_NORMAL,,INVERTED,INVERTED_NORMAL,INVERTED_NORMAL
2023-04-14,-0.010509368947299364,23.946015963935352,-0.010509368947299369,0.0,0.0,NON_RISK,INVERTED_NORMAL,,INVERTED,INVERTED_NORMAL,INVERTED_NORMAL
2023-04-17,-0.0006607295174030075,23.930194124363776,-0.011163154614429627,0.0,0.0,NON_RISK,INVERTED_NORMAL,,INVERTED,INVERTED_NORMAL,INVERTED_NORMAL
2023-04-18,0.002358031755889937,23.98662228203364,-0.008831445931616333,0.0,0.0,NON_RISK,INVERTED_NORMAL,,INVERTED,INVERTED_NORMAL,INVERTED_NORMAL
2023-04-19,-0.0026044783047015044,23.924149644697014,-0.01141292292698981,0.0,0.0,NON_RISK,INVERTED_NORMAL,,INVERTED,INVERTED_NORMAL,INVERTED_NORMAL
2023-04-20,-0.0004930201569839834,23.91235455668348,-0.011900316282920653,0.0,0.0,NON_RISK,INVERTED_NORMAL,,INVERTED,INVERTED_NORMAL,INVERTED_NORMAL
2023-04-21,-0.004857765706568954,23.796193940754705,-0.016700273041152958,0.0,0.0,NON_RISK,INVERTED_NORMAL,,INVERTED,INVERTED_NORMAL,INVERTED_NORMAL
2023-04-24,0.002097924636129298,23.846116562269124,-0.014637384319266866,0.0,0.0,NON_RISK,INVERTED_NORMAL,,INVERTED,INVERTED_NORMAL,INVERTED_NORMAL
2023-04-25,-0.0047995153644308595,23.731666759446504,-0.019366647332762277,0.0,0.0,NON_RISK,INVERTED_NORMAL,,INVERTED,INVERTED_NORMAL,INVERTED_NORMAL
2023-04-26,-0.004870521653836165,23.616081162612996,-0.02414284331140204,0.0,0.0,NON_RISK,INVERTED_NORMAL,,INVERTED,INVERTED_NORMAL,INVERTED_NORMAL
2023-04-27,0.009418078482007746,23.83849926843995,-0.014952144022479907,0.0,0.0,NON_RISK,INVERTED_NORMAL,,INVERTED,INVERTED_NORMAL,INVERTED_NORMAL
2023-04-28,0.004168576126165297,23.93787186737398,-0.010845897046921738,0.0,0.0,NON_RISK,INVERTED_NORMAL,,INVERTED,INVERTED_NORMAL,INVERTED_NORMAL
2023-05-01,-0.002793015146233255,23.871013028679812,-0.013608619438428393,0.04532382568442378,2.266191284221189e-05,NON_RISK,INVERTED_NORMAL,,INVERTED,INVERTED_NORMAL,INVERTED_NORMAL
2023-05-02,0.0042024467563112145,23.971329689952054,-0.009463362180733959,0.0,0.0,NON_RISK,INVERTED_NORMAL,,INVERTED,INVERTED_NORMAL,INVERTED_NORMAL
2023-05-03,0.0008949657643033434,23.99278320934939,-0.008576865801597555,0.0,0.0,NON_RISK,INVERTED_NORMAL,,INVERTED,INVERTED_NORMAL,INVERTED_NORMAL
2023-05-04,5.5318215474843644e-05,23.994110447300805,-0.008522022043033206,0.0,0.0,NON_RISK,INVERTED_NORMAL,,INVERTED,INVERTED_NORMAL,INVERTED_NORMAL
2023-05-05,0.0012379219772566535,24.023813283948243,-0.0072946496641542735,0.0,0.0,NON_RISK,INVERTED_NORMAL,,INVERTED,INVERTED_NORMAL,INVERTED_NORMAL
2023-05-08,0.0007521482958112697,24.041882754168654,-0.006547988026656348,0.0,0.0,NON_RISK,INVERTED_NORMAL,,INVERTED,INVERTED_NORMAL,INVERTED_NORMAL
2023-05-09,0.0014156837454002338,24.07591845679255,-0.005141574161470541,0.0,0.0,NON_RISK,INVERTED_NORMAL,,INVERTED,INVERTED_NORMAL,INVERTED_NORMAL
2023-05-10,0.001587257856382243,24.114133147512714,-0.003562477309070222,0.0,0.0,NON_RISK,INVERTED_NORMAL,,INVERTED,INVERTED_NORMAL,INVERTED_NORMAL
2023-05-11,-0.005202224045668694,23.988686024212267,-0.008746168549619404,0.0,0.0,NON_RISK,INVERTED_NORMAL,,INVERTED,INVERTED_NORMAL,INVERTED_NORMAL
2023-05-12,-0.0015125347353614938,23.952402303344964,-0.010245474401248345,0.0,0.0,NON_RISK,INVERTED_NORMAL,,INVERTED,INVERTED_NORMAL,INVERTED_NORMAL
2023-05-15,0.0027882520673809,24.019187638586008,-0.0074857892990479735,0.0,0.0,NON_RISK,INVERTED_NORMAL,,INVERTED,INVERTED_NORMAL,INVERTED_NORMAL
2023-05-16,-0.009624176282575773,23.78802274258799,-0.01703792102579549,0.0,0.0,NON_RISK,INVERTED_NORMAL,,INVERTED,INVERTED_NORMAL,INVERTED_NORMAL
2023-05-17,0.004249792283161097,23.8891168980711,-0.012860536367930941,0.0,0.0,NON_RISK,INVERTED_NORMAL,,INVERTED,INVERTED_NORMAL,INVERTED_NORMAL
2023-05-18,-0.0017985198731538376,23.846151846577825,-0.014635926310847647,0.0,0.0,NON_RISK,INVERTED_NORMAL,,INVERTED,INVERTED_NORMAL,INVERTED_NORMAL
2023-05-19,0.004286472207004633,23.948367713712194,-0.010412190595198156,0.0,0.0,NON_RISK,INVERTED_NORMAL,,INVERTED,INVERTED_NORMAL,INVERTED_NORMAL
2023-05-22,-0.0009833599870580872,23.924817847147175,-0.011385311650647378,0.0,0.0,NON_RISK,INVERTED_NORMAL,,INVERTED,INVERTED_NORMAL,INVERTED_NORMAL
2023-05-23,-0.004940394819021698,23.80661980100909,-0.016269458534977188,0.0,0.0,NON_RISK,INVERTED_NORMAL,,INVERTED,INVERTED_NORMAL,INVERTED_NORMAL
2023-05-24,-0.007661256470917135,23.624231181007946,-0.023806070511414923,0.0,0.0,NON_RISK,INVERTED_NORMAL,,INVERTED,INVERTED_NORMAL,INVERTED_NORMAL
2023-05-25,-0.0005831208120778116,23.610455400136964,-0.024375309508323784,0.0,0.0,NON_RISK,INVERTED_NORMAL,,INVERTED,INVERTED_NORMAL,INVERTED_NORMAL
2023-05-26,0.00842218340185529,23.80930698571824,-0.016158419433624616,0.0,0.0,NON_RISK,INVERTED_NORMAL,,INVERTED,INVERTED_NORMAL,INVERTED_NORMAL
2023-05-30,0.003318873683744338,23.888327068101333,-0.012893173502909305,0.0,0.0,NON_RISK,INVERTED_NORMAL,,INVERTED,INVERTED_NORMAL,INVERTED_NORMAL
2023-05-31,-0.0019631875569718583,23.841429801644363,-0.014831049342090341,0.0,0.0,NON_RISK,INVERTED_NORMAL,,INVERTED,INVERTED_NORMAL,INVERTED_NORMAL
2023-06-01,0.008700064129225131,24.04885176985109,-0.006260016293245019,0.03219684218218044,1.609842109109022e-05,NON_RISK,INVERTED_NORMAL,,INVERTED,INVERTED_NORMAL,INVERTED_NORMAL
2023-06-02,0.00016088975472016917,24.05272098371364,-0.006100133711010924,0.0,0.0,NON_RISK,INVERTED_NORMAL,,INVERTED,INVERTED_NORMAL,INVERTED_NORMAL
2023-06-05,0.0019695221883005818,24.100093351380067,-0.004142625871405792,0.0,0.0,NON_RISK,INVERTED_NORMAL,,INVERTED,INVERTED_NORMAL,INVERTED_NORMAL
2023-06-06,0.0016489331211474027,24.1398327935299,-0.002500523663266363,0.0,0.0,NON_RISK,INVERTED_NORMAL,,INVERTED,INVERTED_NORMAL,INVERTED_NORMAL
2023-06-07,-0.007645088917763775,23.955281625363416,-0.010126495855283468,0.0,0.0,NON_RISK,INVERTED_NORMAL,,INVERTED,INVERTED_NORMAL,INVERTED_NORMAL
2023-06-08,0.00955527546627317,24.184180940165913,-0.0006679818464156995,0.0,0.0,NON_RISK,INVERTED_NORMAL,,INVERTED,INVERTED_NORMAL,INVERTED_NORMAL
2023-06-09,-0.0003984194343438001,24.174545492475662,-0.001066135143810154,0.0,0.0,NON_RISK,INVERTED_NORMAL,,INVERTED,INVERTED_NORMAL,INVERTED_NORMAL
2023-06-12,0.004200062179525257,24.27608008670582,0.0,0.0,0.0,NON_RISK,INVERTED_NORMAL,,INVERTED,INVERTED_NORMAL,INVERTED_NORMAL
2023-06-13,-0.00024203812023682004,24.270204349914916,-0.00024203812023682048,0.0,0.0,NON_RISK,INVERTED_NORMAL,,INVERTED,INVERTED_NORMAL,INVERTED_NORMAL
2023-06-14,0.0008790555894998746,24.291539208707015,0.0,0.0,0.0,NON_RISK,INVERTED_NORMAL,,INVERTED,INVERTED_NORMAL,INVERTED_NORMAL
2023-06-15,0.009769928639046233,24.528865813308677,0.0,0.0,0.0,NON_RISK,INVERTED_NORMAL,,INVERTED,INVERTED_NORMAL,INVERTED_NORMAL
2023-06-16,-0.002492122876826965,24.467736865672713,-0.0024921228768268744,0.0,0.0,NON_RISK,INVERTED_NORMAL,,INVERTED,INVERTED_NORMAL,INVERTED_NORMAL
2023-06-20,-0.007715737175049286,24.27895023874892,-0.010188631486750643,0.0,0.0,NON_RISK,INVERTED_NORMAL,,INVERTED,INVERTED_NORMAL,INVERTED_NORMAL
2023-06-21,-0.0033234315706754123,24.198260809022603,-0.013478201837881065,0.0,0.0,NON_RISK,INVERTED_NORMAL,,INVERTED,INVERTED_NORMAL,INVERTED_NORMAL
2023-06-22,-0.003012774783541213,24.125356899051624,-0.01645036983479764,0.0,0.0,NON_RISK,INVERTED_NORMAL,,INVERTED,INVERTED_NORMAL,INVERTED_NORMAL
2023-06-23,-0.0025088455534542442,24.064830104669944,-0.018917943951039073,0.0,0.0,NON_RISK,INVERTED_NORMAL,,INVERTED,INVERTED_NORMAL,INVERTED_NORMAL
2023-06-26,-0.00123365860118557,24.03514232002525,-0.020128264267952667,0.0,0.0,NON_RISK,INVERTED_NORMAL,,INVERTED,INVERTED_NORMAL,INVERTED_NORMAL
2023-06-27,0.0033468006844410286,24.11558315079255,-0.01684882887214023,0.0,0.0,NON_RISK,INVERTED_NORMAL,,INVERTED,INVERTED_NORMAL,INVERTED_NORMAL
2023-06-28,-0.0008721726966538465,24.09455019760454,-0.017706306480281264,0.0,0.0,NON_RISK,INVERTED_NORMAL,,INVERTED,INVERTED_NORMAL,INVERTED_NORMAL
2023-06-29,0.00148693244831612,24.130377166120944,-0.016245702113610316,0.0,0.0,NON_RISK,INVERTED_NORMAL,,INVERTED,INVERTED_NORMAL,INVERTED_NORMAL
2023-06-30,0.009285458331726996,24.354438777825816,-0.007111092571928879,0.0,0.0,NON_RISK,INVERTED_NORMAL,,INVERTED,INVERTED_NORMAL,INVERTED_NORMAL
2023-07-03,0.001125173106763588,24.381841737368948,-0.005993920675286923,0.023424311353402116,1.1712155676701059e-05,NON_RISK,INVERTED_NORMAL,,INVERTED,INVERTED_NORMAL,INVERTED_NORMAL
2023-07-05,-0.0024634626312986466,24.321777981366704,-0.008442617506986938,0.0,0.0,NON_RISK,INVERTED_NORMAL,,INVERTED,INVERTED_NORMAL,INVERTED_NORMAL
2023-07-06,-0.005512703166338756,24.187699238877837,-0.013908779029062623,0.0,0.0,NON_RISK,INVERTED_NORMAL,,INVERTED,INVERTED_NORMAL,INVERTED_NORMAL
2023-07-07,0.0022663788530655525,24.242517728937138,-0.011673922738660636,0.0,0.0,NON_RISK,INVERTED_NORMAL,,INVERTED,INVERTED_NORMAL,INVERTED_NORMAL
2023-07-10,0.0016960525392275471,24.28363431268857,-0.009997669785736796,0.0,0.0,NON_RISK,INVERTED_NORMAL,,INVERTED,INVERTED_NORMAL,INVERTED_NORMAL
2023-07-11,0.0051159861048790155,24.407869048408248,-0.004932831620562683,0.0,0.0,NON_RISK,INVERTED_NORMAL,,INVERTED,INVERTED_NORMAL,INVERTED_NORMAL
2023-07-12,0.01067215760626835,24.668353673726017,0.0,0.0,0.0,NON_RISK,INVERTED_NORMAL,,INVERTED,INVERTED_NORMAL,INVERTED_NORMAL
2023-07-13,0.004485534627563717,24.779004428334503,0.0,0.0,0.0,NON_RISK,INVERTED_NORMAL,,INVERTED,INVERTED_NORMAL,INVERTED_NORMAL
2023-07-14,-0.001848066853987016,24.7332111715757,-0.0018480668539869738,0.0,0.0,NON_RISK,INVERTED_NORMAL,,INVERTED,INVERTED_NORMAL,INVERTED_NORMAL
2023-07-17,0.002155417973592208,24.78652157947957,0.0,0.0,0.0,NON_RISK,INVERTED_NORMAL,,INVERTED,INVERTED_NORMAL,INVERTED_NORMAL
2023-07-18,0.009354365012314628,25.018383749719636,0.0,0.0,0.0,NON_RISK,INVERTED_NORMAL,,INVERTED,INVERTED_NORMAL,INVERTED_NORMAL
2023-07-19,0.0012391410257796248,25.049385055422615,0.0,0.0,0.0,NON_RISK,INVERTED_NORMAL,,INVERTED,INVERTED_NORMAL,INVERTED_NORMAL
2023-07-20,-0.005883743591811609,24.90200089662395,-0.005883743591811652,0.0,0.0,NON_RISK,INVERTED_NORMAL,,INVERTED,INVERTED_NORMAL,INVERTED_NORMAL
2023-07-21,-0.0014644812680555913,24.86553238277374,-0.007339608227591055,0.0,0.0,NON_RISK,INVERTED_NORMAL,,INVERTED,INVERTED_NORMAL,INVERTED_NORMAL
2023-07-24,0.00028647781494076357,24.872655806158093,-0.007055233047577936,0.0,0.0,NON_RISK,INVERTED_NORMAL,,INVERTED,INVERTED_NORMAL,INVERTED_NORMAL
2023-07-25,0.0040861623552017135,24.974289515987106,-0.0029978995200623526,0.0,0.0,NON_RISK,INVERTED_NORMAL,,INVERTED,INVERTED_NORMAL,INVERTED_NORMAL
2023-07-26,0.002411865284426818,25.034524137873937,-0.0005932647654143253,0.0,0.0,NON_RISK,INVERTED_NORMAL,,INVERTED,INVERTED_NORMAL,INVERTED_NORMAL
2023-07-27,-0.010970139614399205,24.759891912901413,-0.011556896182508658,0.0,0.0,NON_RISK,INVERTED_NORMAL,,INVERTED,INVERTED_NORMAL,INVERTED_NORMAL
2023-07-28,0.008925974974398336,24.98089808848478,-0.0027340777742170808,0.0,0.0,NON_RISK,INVERTED_NORMAL,,INVERTED,INVERTED_NORMAL,INVERTED_NORMAL
2023-07-31,0.0022817324090669312,25.037897813260873,-0.000458583799016421,0.0,0.0,NON_RISK,INVERTED_NORMAL,,INVERTED,INVERTED_NORMAL,INVERTED_NORMAL
2023-08-01,-0.006394867615734691,24.877783771368776,-0.006850518832065777,0.016100568858215314,8.050284429107656e-06,NON_RISK,INVERTED_NORMAL,,INVERTED,INVERTED_NORMAL,INVERTED_NORMAL
2023-08-02,-0.009614057254891256,24.638607333816033,-0.01639871480667976,0.0,0.0,NON_RISK,INVERTED_NORMAL,,INVERTED,INVERTED_NORMAL,INVERTED_NORMAL
2023-08-03,-0.0016763928474077896,24.597303348711534,-0.018047616965878976,0.0,0.0,NON_RISK,INVERTED_NORMAL,,INVERTED,INVERTED_NORMAL,INVERTED_NORMAL
2023-08-04,-0.0006968003203812597,24.580163939857638,-0.018731841700976304,0.0,0.0,NON_RISK,INVERTED_NORMAL,,INVERTED,INVERTED_NORMAL,INVERTED_NORMAL
2023-08-07,0.0035584857783981247,24.667632103668314,-0.015240012914874312,0.0,0.0,NON_RISK,INVERTED_NORMAL,,INVERTED,INVERTED_NORMAL,INVERTED_NORMAL
2023-08-08,-0.005284779795914564,24.537269099913793,-0.020444252598446955,0.0,0.0,NON_RISK,INVERTED_NORMAL,,INVERTED,INVERTED_NORMAL,INVERTED_NORMAL
2023-08-09,-0.005779862719545701,24.395447053003743,-0.02610595034456986,0.0,0.0,NON_RISK,INVERTED_NORMAL,,INVERTED,INVERTED_NORMAL,INVERTED_NORMAL
2023-08-10,-0.0003117230932195531,24.387842428787906,-0.026409535610196544,0.0,0.0,NON_RISK,INVERTED_NORMAL,,INVERTED,INVERTED_NORMAL,INVERTED_NORMAL
2023-08-11,-0.00030913010540272053,24.38030341248735,-0.026710501733072434,0.0,0.0,NON_RISK,INVERTED_NORMAL,,INVERTED,INVERTED_NORMAL,INVERTED_NORMAL
2023-08-14,0.001497954232214149,24.41682399116675,-0.025252558609973885,0.0,0.0,NON_RISK,INVERTED_NORMAL,,INVERTED,INVERTED_NORMAL,INVERTED_NORMAL
2023-08-15,-0.00742302686541629,24.23557725071218,-0.03248813505440784,0.0,0.0,NON_RISK,INVERTED_NORMAL,,INVERTED,INVERTED_NORMAL,INVERTED_NORMAL
2023-08-16,-0.00660417277833115,24.075521311165883,-0.03887775057559395,0.0,0.0,NON_RISK,INVERTED_NORMAL,,INVERTED,INVERTED_NORMAL,INVERTED_NORMAL
2023-08-17,-0.004762423056376101,23.960863493379314,-0.04345502133624879,0.0,0.0,NON_RISK,INVERTED_NORMAL,,INVERTED,INVERTED_NORMAL,INVERTED_NORMAL
2023-08-18,0.00033556943953133643,23.968904026912472,-0.043134034073872174,0.0,0.0,NON_RISK,INVERTED_NORMAL,,INVERTED,INVERTED_NORMAL,INVERTED_NORMAL
2023-08-21,0.0047356861837958356,24.082413234553453,-0.03860261713929125,0.0,0.0,NON_RISK,INVERTED_NORMAL,,INVERTED,INVERTED_NORMAL,INVERTED_NORMAL
2023-08-22,-0.0006609920938120375,24.0664949498055,-0.03923809320837368,0.0,0.0,NON_RISK,INVERTED_NORMAL,,INVERTED,INVERTED_NORMAL,INVERTED_NORMAL
2023-08-23,0.010680552298642197,24.323538407761905,-0.028976625416342494,0.0,0.0,NON_RISK,INVERTED_NORMAL,,INVERTED,INVERTED_NORMAL,INVERTED_NORMAL
2023-08-24,-0.007453385913726411,24.142245689221507,-0.03621403735836348,0.0,0.0,NON_RISK,INVERTED_NORMAL,,INVERTED,INVERTED_NORMAL,INVERTED_NORMAL
2023-08-25,0.003130060262781253,24.21781237310764,-0.03319732921487262,0.0,0.0,NON_RISK,INVERTED_NORMAL,,INVERTED,INVERTED_NORMAL,INVERTED_NORMAL
2023-08-28,0.00471105732210754,24.3319038754134,-0.028642666413637108,0.0,0.0,NON_RISK,INVERTED_NORMAL,,INVERTED,INVERTED_NORMAL,INVERTED_NORMAL
2023-08-29,0.012252801445801775,24.630037862397177,-0.016740817872279767,0.0,0.0,NON_RISK,INVERTED_NORMAL,,INVERTED,INVERTED_NORMAL,INVERTED_NORMAL
2023-08-30,0.0033591396098641576,24.71277359817321,-0.013437913006831947,0.0,0.0,NON_RISK,INVERTED_NORMAL,,INVERTED,INVERTED_NORMAL,INVERTED_NORMAL
2023-08-31,-0.001557584624948264,24.67428136197687,-0.014974566945089252,0.0,0.0,NON_RISK,INVERTED_NORMAL,,INVERTED,INVERTED_NORMAL,INVERTED_NORMAL
2023-09-01,0.0011041250231794545,24.7015248534576,-0.013886975715985184,0.1012166230359991,5.060831151799955e-05,NON_RISK,INVERTED_NORMAL,,INVERTED,INVERTED_NORMAL,INVERTED_NORMAL
2023-09-05,-0.006320327282834458,24.545403131998675,-0.02011953276732592,0.0,0.0,NON_RISK,INVERTED_NORMAL,,INVERTED,INVERTED_NORMAL,INVERTED_NORMAL
2023-09-06,-0.005583633436987747,24.408350598346505,-0.025590826108417453,0.0,0.0,NON_RISK,INVERTED_NORMAL,,INVERTED,INVERTED_NORMAL,INVERTED_NORMAL
2023-09-07,-0.0009162193165278671,24.385987196043715,-0.0264835986157389,0.0,0.0,NON_RISK,INVERTED_NORMAL,,INVERTED,INVERTED_NORMAL,INVERTED_NORMAL
2023-09-08,0.0008976309245365548,24.407876812276236,-0.025609740188312857,0.0,0.0,NON_RISK,INVERTED_NORMAL,,INVERTED,INVERTED_NORMAL,INVERTED_NORMAL
2023-09-11,0.0041183592369390485,24.508397217200145,-0.02159685106143394,0.0,0.0,NON_RISK,INVERTED_NORMAL,,INVERTED,INVERTED_NORMAL,INVERTED_NORMAL
2023-09-12,-0.005314453333800347,24.378148483903093,-0.02679652893811113,0.0,0.0,NON_RISK,INVERTED_NORMAL,,INVERTED,INVERTED_NORMAL,INVERTED_NORMAL
2023-09-13,-0.0006430078604868872,24.36247314280383,-0.02742230641985699,0.0,0.0,NON_RISK,INVERTED_NORMAL,,INVERTED,INVERTED_NORMAL,INVERTED_NORMAL
2023-09-14,0.004399400008117402,24.469653407346037,-0.02314354810682584,0.0,0.0,NON_RISK,INVERTED_NORMAL,,INVERTED,INVERTED_NORMAL,INVERTED_NORMAL
2023-09-15,-0.002341048755533443,24.412368755688437,-0.025430416687865054,0.0,0.0,NON_RISK,INVERTED_NORMAL,,INVERTED,INVERTED_NORMAL,INVERTED_NORMAL
2023-09-18,0.0033454845350689207,24.49403995782499,-0.02217000921854584,0.0,0.0,NON_RISK,INVERTED_NORMAL,,INVERTED,INVERTED_NORMAL,INVERTED_NORMAL
2023-09-19,-0.001487750506313191,24.45759893747608,-0.023624776282419213,0.0,0.0,NON_RISK,INVERTED_NORMAL,,INVERTED,INVERTED_NORMAL,INVERTED_NORMAL
2023-09-20,-0.004031239045415515,24.359004509682215,-0.027560778207245784,0.0,0.0,NON_RISK,INVERTED_NORMAL,,INVERTED,INVERTED_NORMAL,INVERTED_NORMAL
2023-09-21,-0.011698761147855022,24.07403433412392,-0.03893711239380526,0.0,0.0,NON_RISK,INVERTED_NORMAL,,INVERTED,INVERTED_NORMAL,INVERTED_NORMAL
2023-09-22,0.0005877936512040077,24.088184898664384,-0.038372205730062614,0.0,0.0,NON_RISK,INVERTED_NORMAL,,INVERTED,INVERTED_NORMAL,INVERTED_NORMAL
2023-09-25,-0.0006639355795904412,24.072191895662407,-0.039010664637001535,0.0,0.0,NON_RISK,INVERTED_NORMAL,,INVERTED,INVERTED_NORMAL,INVERTED_NORMAL
2023-09-26,-0.011204200680006321,23.802482226855783,-0.04977778200175442,0.0,0.0,NON_RISK,INVERTED_NORMAL,,INVERTED,INVERTED_NORMAL,INVERTED_NORMAL
2023-09-27,-0.0062446710996520195,23.653843553993756,-0.05571160722473534,0.0,0.0,NON_RISK,INVERTED_NORMAL,,INVERTED,INVERTED_NORMAL,INVERTED_NORMAL
2023-09-28,0.0001795632200069985,23.658090914307852,-0.05554204776031335,0.0,0.0,NON_RISK,INVERTED_NORMAL,,INVERTED,INVERTED_NORMAL,INVERTED_NORMAL
2023-09-29,-0.006511526874701901,23.504040619515195,-0.06169191109834804,0.0,0.0,NON_RISK,INVERTED_NORMAL,,INVERTED,INVERTED_NORMAL,INVERTED_NORMAL
2023-10-02,-0.00578896770144567,23.367976487515353,-0.06712374631900497,0.024190660167624056,1.2095330083812028e-05,NON_RISK,INVERTED_NORMAL,,INVERTED,INVERTED_NORMAL,INVERTED_NORMAL
2023-10-03,-0.007795637064707335,23.18580822388207,-0.0743961110189858,0.0,0.0,NON_RISK,INVERTED_NORMAL,,INVERTED,INVERTED_NORMAL,INVERTED_NORMAL
2023-10-04,0.0033411905597211383,23.26327642743921,-0.07130349204308128,0.0,0.0,NON_RISK,INVERTED_NORMAL,,INVERTED,INVERTED_NORMAL,INVERTED_NORMAL
2023-10-05,-0.0011521543539102911,23.236473542217116,-0.07237349376818514,0.0,0.0,NON_RISK,INVERTED_NORMAL,,INVERTED,INVERTED_NORMAL,INVERTED_NORMAL
2023-10-06,0.008294229595031108,23.429202188755127,-0.0646795465470621,0.0,0.0,NON_RISK,INVERTED_NORMAL,,INVERTED,INVERTED_NORMAL,INVERTED_NORMAL
2023-10-09,0.012783739912126207,23.72871501588479,-0.05272265313562774,0.0,0.0,NON_RISK,INVERTED_NORMAL,,INVERTED,INVERTED_NORMAL,INVERTED_NORMAL
2023-10-10,0.0015394202859035327,23.76524348113867,-0.05126439517148784,0.0,0.0,NON_RISK,INVERTED_NORMAL,,INVERTED,INVERTED_NORMAL,INVERTED_NORMAL
2023-10-11,0.005803971913343909,23.903176286816976,-0.04575796036787383,0.0,0.0,NON_RISK,INVERTED_NORMAL,,INVERTED,INVERTED_NORMAL,INVERTED_NORMAL
2023-10-12,-0.004473892306525714,23.796236050325856,-0.05002713648754742,0.0,0.0,NON_RISK,INVERTED_NORMAL,,INVERTED,INVERTED_NORMAL,INVERTED_NORMAL
2023-10-13,0.014791697357604881,24.1482227722324,-0.035975425392534066,0.0,0.0,NON_RISK,INVERTED_NORMAL,,INVERTED,INVERTED_NORMAL,INVERTED_NORMAL
2023-10-16,0.0023276140253258673,24.204430514243743,-0.03373154827191893,0.0,0.0,NON_RISK,INVERTED_NORMAL,,INVERTED,INVERTED_NORMAL,INVERTED_NORMAL
2023-10-17,0.0009659965870657932,24.227811911512376,-0.0327981362453601,0.0,0.0,NON_RISK,INVERTED_NORMAL,,INVERTED,INVERTED_NORMAL,INVERTED_NORMAL
2023-10-18,0.0014772156391739616,24.26360161417103,-0.03136937052598343,0.0,0.0,NON_RISK,INVERTED_NORMAL,,INVERTED,INVERTED_NORMAL,INVERTED_NORMAL
2023-10-19,0.002428948023144484,24.322536641346137,-0.029016617073365336,0.0,0.0,NON_RISK,INVERTED_NORMAL,,INVERTED,INVERTED_NORMAL,INVERTED_NORMAL
2023-10-20,-0.004289961919687476,24.21819388536456,-0.03318209881076983,0.0,0.0,NON_RISK,INVERTED_NORMAL,,INVERTED,INVERTED_NORMAL,INVERTED_NORMAL
2023-10-23,-0.0026086070240021308,24.155018134686554,-0.03570414677874301,0.0,0.0,NON_RISK,INVERTED_NORMAL,,INVERTED,INVERTED_NORMAL,INVERTED_NORMAL
2023-10-24,0.003466266673458776,24.238745869043612,-0.0323616401993676,0.0,0.0,NON_RISK,INVERTED_NORMAL,,INVERTED,INVERTED_NORMAL,INVERTED_NORMAL
2023-10-25,-0.004467845490180429,24.130450897624975,-0.03668489888132853,0.0,0.0,NON_RISK,INVERTED_NORMAL,,INVERTED,INVERTED_NORMAL,INVERTED_NORMAL
2023-10-26,-0.004757142005991115,24.01565891603638,-0.0412675256138656,0.0,0.0,NON_RISK,INVERTED_NORMAL,,INVERTED,INVERTED_NORMAL,INVERTED_NORMAL
2023-10-27,0.004074314415304308,24.11350626135102,-0.03736134807305369,0.0,0.0,NON_RISK,INVERTED_NORMAL,,INVERTED,INVERTED_NORMAL,INVERTED_NORMAL
2023-10-30,0.002585154263655447,24.175843394874235,-0.03487277865766525,0.0,0.0,NON_RISK,INVERTED_NORMAL,,INVERTED,INVERTED_NORMAL,INVERTED_NORMAL
2023-10-31,2.9994070205524755e-05,24.1765685268183,-0.03484383056403095,0.0,0.0,NON_RISK,INVERTED_NORMAL,,INVERTED,INVERTED_NORMAL,INVERTED_NORMAL
2023-11-01,0.0034950021310615888,24.261065685341286,-0.03147060769504506,0.02925333427357335,1.4626667136786675e-05,NON_RISK,INVERTED_NORMAL,,INVERTED,INVERTED_NORMAL,INVERTED_NORMAL
2023-11-02,0.010960618484782969,24.526981970352573,-0.020854926534691676,0.0,0.0,NON_RISK,INVERTED_NORMAL,,INVERTED,INVERTED_NORMAL,INVERTED_NORMAL
2023-11-03,0.006282947271978758,24.681083704813073,-0.014703009666491296,0.0,0.0,NON_RISK,INVERTED_NORMAL,,INVERTED,INVERTED_NORMAL,INVERTED_NORMAL
2023-11-06,-0.0029267968650992984,24.60884718639857,-0.01758677380899132,0.0,0.0,NON_RISK,INVERTED_NORMAL,,INVERTED,INVERTED_NORMAL,INVERTED_NORMAL
2023-11-07,-0.0007747781041983677,24.589780790428986,-0.01834792606591895,0.0,0.0,NON_RISK,INVERTED_NORMAL,,INVERTED,INVERTED_NORMAL,INVERTED_NORMAL
2023-11-08,-0.004809195470496302,24.47152372803116,-0.023068882773485955,0.0,0.0,NON_RISK,INVERTED_NORMAL,,INVERTED,INVERTED_NORMAL,INVERTED_NORMAL
2023-11-09,-0.0016969382494534339,24.429997063394655,-0.02472667455338895,0.0,0.0,NON_RISK,INVERTED_NORMAL,,INVERTED,INVERTED_NORMAL,INVERTED_NORMAL
2023-11-10,0.0018726935703186464,24.475746961818178,-0.022900286467521735,0.0,0.0,NON_RISK,INVERTED_NORMAL,,INVERTED,INVERTED_NORMAL,INVERTED_NORMAL
2023-11-13,0.002425605238388449,24.535115461862233,-0.02053022828394957,0.0,0.0,NON_RISK,INVERTED_NORMAL,,INVERTED,INVERTED_NORMAL,INVERTED_NORMAL
2023-11-14,0.013972277033018994,24.877926892132482,-0.00684480528806497,0.0,0.0,NON_RISK,INVERTED_NORMAL,,INVERTED,INVERTED_NORMAL,INVERTED_NORMAL
2023-11-15,-0.0003443501573814371,24.869360174091852,-0.0071867984356682735,0.0,0.0,NON_RISK,INVERTED_NORMAL,,INVERTED,INVERTED_NORMAL,INVERTED_NORMAL
2023-11-16,0.0064347901119314035,25.02938928703016,-0.0007982538632470559,0.0,0.0,NON_RISK,INVERTED_NORMAL,,INVERTED,INVERTED_NORMAL,INVERTED_NORMAL
2023-11-17,0.0005432463716587476,25.042986411945176,-0.0002554411401031187,0.0,0.0,NON_RISK,INVERTED_NORMAL,,INVERTED,INVERTED_NORMAL,INVERTED_NORMAL
2023-11-20,0.002864987712684322,25.114734260304317,0.0,0.0,0.0,NON_RISK,INVERTED_NORMAL,,INVERTED,INVERTED_NORMAL,INVERTED_NORMAL
2023-11-21,0.004541654910824749,25.22879671649169,0.0,0.0,0.0,NON_RISK,INVERTED_NORMAL,,INVERTED,INVERTED_NORMAL,INVERTED_NORMAL
2023-11-22,-0.0003461669400283802,25.22006334113174,-0.0003461669400285361,0.0,0.0,NON_RISK,INVERTED_NORMAL,,INVERTED,INVERTED_NORMAL,INVERTED_NORMAL
2023-11-24,0.00299049631430284,25.29548384759988,0.0,0.0,0.0,NON_RISK,INVERTED_NORMAL,,INVERTED,INVERTED_NORMAL,INVERTED_NORMAL
2023-11-27,0.002621395821303437,25.361793323255828,0.0,0.0,0.0,NON_RISK,INVERTED_NORMAL,,INVERTED,INVERTED_NORMAL,INVERTED_NORMAL
2023-11-28,0.007381981297607981,25.5490136072419,0.0,0.0,0.0,NON_RISK,INVERTED_NORMAL,,INVERTED,INVERTED_NORMAL,INVERTED_NORMAL
2023-11-29,0.0004271637577285564,25.55992721990063,0.0,0.0,0.0,NON_RISK,INVERTED_NORMAL,,INVERTED,INVERTED_NORMAL,INVERTED_NORMAL
2023-11-30,-0.00026044424224933873,25.553270284023892,-0.00026044424224946905,0.0,0.0,NON_RISK,INVERTED_NORMAL,,INVERTED,INVERTED_NORMAL,INVERTED_NORMAL
2023-12-01,0.011755561978263067,25.85366333659504,0.0,0.006715641698747943,3.3578208493739714e-06,NON_RISK,INVERTED_NORMAL,,INVERTED,INVERTED_NORMAL,INVERTED_NORMAL
2023-12-04,-0.013669486882185089,25.500257024759026,-0.013669486882185056,0.0,0.0,NON_RISK,INVERTED_NORMAL,,INVERTED,INVERTED_NORMAL,INVERTED_NORMAL
2023-12-05,-0.0020404287660038957,25.448225566785215,-0.015682024033938036,0.0,0.0,NON_RISK,INVERTED_NORMAL,,INVERTED,INVERTED_NORMAL,INVERTED_NORMAL
2023-12-06,-5.912494006498053e-05,25.44672094197382,-0.0157402217752719,0.0,0.0,NON_RISK,INVERTED_NORMAL,,INVERTED,INVERTED_NORMAL,INVERTED_NORMAL
2023-12-07,0.004553362267709441,25.562589080947934,-0.01125853043947933,0.0,0.0,NON_RISK,INVERTED_NORMAL,,INVERTED,INVERTED_NORMAL,INVERTED_NORMAL
2023-12-08,-0.004777313790832467,25.44046857160214,-0.015982058697578738,0.0,0.0,NON_RISK,INVERTED_NORMAL,,INVERTED,INVERTED_NORMAL,INVERTED_NORMAL
2023-12-11,-0.0037938787713504367,25.34395051795513,-0.01971530347571404,0.0,0.0,NON_RISK,INVERTED_NORMAL,,INVERTED,INVERTED_NORMAL,INVERTED_NORMAL
2023-12-12,0.0019368698360499774,25.3930384512397,-0.017816619616274676,0.0,0.0,NON_RISK,INVERTED_NORMAL,,INVERTED,INVERTED_NORMAL,INVERTED_NORMAL
2023-12-13,0.018303956712819137,25.857831527858146,0.0,0.0,0.0,NON_RISK,INVERTED_NORMAL,,INVERTED,INVERTED_NORMAL,INVERTED_NORMAL
2023-12-14,0.004574619200426093,25.97612126044687,0.0,0.0,0.0,NON_RISK,INVERTED_NORMAL,,INVERTED,INVERTED_NORMAL,INVERTED_NORMAL
2023-12-15,-0.005515951210959331,25.832838242924282,-0.005515951210959269,0.0,0.0,NON_RISK,INVERTED_NORMAL,,INVERTED,INVERTED_NORMAL,INVERTED_NORMAL
2023-12-18,0.005069568875118911,25.963799595636594,-0.0004743458304160564,0.0,0.0,NON_RISK,INVERTED_NORMAL,,INVERTED,INVERTED_NORMAL,INVERTED_NORMAL
2023-12-19,0.00645813452103999,26.13147730610254,0.0,0.0,0.0,NON_RISK,INVERTED_NORMAL,,INVERTED,INVERTED_NORMAL,INVERTED_NORMAL
2023-12-20,-0.00952933163929178,25.88246179262806,-0.009529331639291816,0.0,0.0,NON_RISK,INVERTED_NORMAL,,INVERTED,INVERTED_NORMAL,INVERTED_NORMAL
2023-12-21,0.008241245445299684,26.095765512989697,-0.001366619754961329,0.0,0.0,NON_RISK,INVERTED_NORMAL,,INVERTED,INVERTED_NORMAL,INVERTED_NORMAL
2023-12-22,0.0032573565265864917,26.180768725099707,0.0,0.0,0.0,NON_RISK,INVERTED_NORMAL,,INVERTED,INVERTED_NORMAL,INVERTED_NORMAL
2023-12-26,0.005971079738520369,26.33709618277304,0.0,0.0,0.0,NON_RISK,INVERTED_NORMAL,,INVERTED,INVERTED_NORMAL,INVERTED_NORMAL
2023-12-27,0.0032126089030763416,26.421706972450995,0.0,0.0,0.0,NON_RISK,INVERTED_NORMAL,,INVERTED,INVERTED_NORMAL,INVERTED_NORMAL
2023-12-28,-0.002808930365191727,26.34749023743588,-0.0028089303651916975,0.0,0.0,NON_RISK,INVERTED_NORMAL,,INVERTED,INVERTED_NORMAL,INVERTED_NORMAL
2023-12-29,-0.002211586954589307,26.2892204717406,-0.005014305126028962,0.0,0.0,NON_RISK,INVERTED_NORMAL,,INVERTED,INVERTED_NORMAL,INVERTED_NORMAL
2024-01-02,-0.004049045456446579,26.182774223035974,-0.009043047433087814,0.05709327911536699,2.8546639557683496e-05,NON_RISK,INVERTED_NORMAL,,INVERTED,INVERTED_NORMAL,INVERTED_NORMAL
2024-01-03,-0.00824935317657315,25.966783271327674,-0.017217801317592873,0.0,0.0,NON_RISK,INVERTED_NORMAL,,INVERTED,INVERTED_NORMAL,INVERTED_NORMAL
2024-01-04,-0.001167421769967798,25.93646908324069,-0.0183651226514715,0.0,0.0,NON_RISK,INVERTED_NORMAL,,INVERTED,INVERTED_NORMAL,INVERTED_NORMAL
2024-01-05,0.0007810345765782217,25.956726362389052,-0.017598431870687326,0.0,0.0,NON_RISK,INVERTED_NORMAL,,INVERTED,INVERTED_NORMAL,INVERTED_NORMAL
2024-01-08,0.0035390699750279895,26.0485890333082,-0.014121643977500486,0.0,0.0,NON_RISK,INVERTED_NORMAL,,INVERTED,INVERTED_NORMAL,INVERTED_NORMAL
2024-01-09,-0.00062462484886388,26.032318437320153,-0.014737448096629135,0.0,0.0,NON_RISK,INVERTED_NORMAL,,INVERTED,INVERTED_NORMAL,INVERTED_NORMAL
2024-01-10,0.0017949421988124898,26.07904494421623,-0.012968958765307903,0.0,0.0,NON_RISK,INVERTED_NORMAL,,INVERTED,INVERTED_NORMAL,INVERTED_NORMAL
2024-01-11,0.0007325355528684521,26.09814877182272,-0.012245923435818762,0.0,0.0,NON_RISK,INVERTED_NORMAL,,INVERTED,INVERTED_NORMAL,INVERTED_NORMAL
2024-01-12,0.005115964750123438,26.231665980982847,-0.007192608398325584,0.0,0.0,NON_RISK,INVERTED_NORMAL,,INVERTED,INVERTED_NORMAL,INVERTED_NORMAL
2024-01-16,-0.0064982438533739365,26.061206218758166,-0.01364411292838541,0.0,0.0,NON_RISK,INVERTED_NORMAL,,INVERTED,INVERTED_NORMAL,INVERTED_NORMAL
2024-01-17,-0.008210925735008976,25.84721958993119,-0.021743007865419273,0.0,0.0,NON_RISK,INVERTED_NORMAL,,INVERTED,INVERTED_NORMAL,INVERTED_NORMAL
2024-01-18,0.008572043368496656,26.068783077211133,-0.013357346503306666,0.0,0.0,NON_RISK,INVERTED_NORMAL,,INVERTED,INVERTED_NORMAL,INVERTED_NORMAL
2024-01-19,0.007860068488546203,26.273685497611066,-0.005602267673101791,0.0,0.0,NON_RISK,INVERTED_NORMAL,,INVERTED,INVERTED_NORMAL,INVERTED_NORMAL
2024-01-22,-0.0007492956544141577,26.25399873924226,-0.006347365572693664,0.0,0.0,NON_RISK,INVERTED_NORMAL,,INVERTED,INVERTED_NORMAL,INVERTED_NORMAL
2024-01-23,0.003394100281629124,26.343107443757013,-0.002974808886342384,0.0,0.0,NON_RISK,INVERTED_NORMAL,,INVERTED,INVERTED_NORMAL,INVERTED_NORMAL
2024-01-24,-0.003446160102642316,26.25232487790472,-0.006410717321287507,0.0,0.0,NON_RISK,INVERTED_NORMAL,,INVERTED,INVERTED_NORMAL,INVERTED_NORMAL
2024-01-25,0.004724996051604997,26.376367009298267,-0.0017160118837137306,0.0,0.0,NON_RISK,INVERTED_NORMAL,,INVERTED,INVERTED_NORMAL,INVERTED_NORMAL
2024-01-26,-0.0009905774859073665,26.350239173978828,-0.002704889526883525,0.0,0.0,NON_RISK,INVERTED_NORMAL,,INVERTED,INVERTED_NORMAL,INVERTED_NORMAL
2024-01-29,0.007500935529277031,26.547890619203873,0.0,0.0,0.0,NON_RISK,INVERTED_NORMAL,,INVERTED,INVERTED_NORMAL,INVERTED_NORMAL
2024-01-30,0.0002734700702996745,26.55515067271782,0.0,0.0,0.0,NON_RISK,INVERTED_NORMAL,,INVERTED,INVERTED_NORMAL,INVERTED_NORMAL
2024-01-31,-0.00874785961869206,26.322849942479667,-0.008747859618692067,0.0,0.0,NON_RISK,INVERTED_NORMAL,,INVERTED,INVERTED_NORMAL,INVERTED_NORMAL
2024-02-01,0.011806707503217457,26.633636132401612,0.0,0.029309382256274996,1.4654691128137498e-05,NON_RISK,INVERTED_NORMAL,,INVERTED,INVERTED_NORMAL,INVERTED_NORMAL
2024-02-02,0.0011095444507126465,26.663187335574616,0.0,0.0,0.0,NON_RISK,INVERTED_NORMAL,,INVERTED,INVERTED_NORMAL,INVERTED_NORMAL
2024-02-05,-0.004523949786302794,26.542564414925693,-0.004523949786302772,0.0,0.0,NON_RISK,INVERTED_NORMAL,,INVERTED,INVERTED_NORMAL,INVERTED_NORMAL
2024-02-06,0.00399752143363454,26.64866888507798,-0.000544512938903785,0.0,0.0,NON_RISK,INVERTED_NORMAL,,INVERTED,INVERTED_NORMAL,INVERTED_NORMAL
2024-02-07,0.004284129258355566,26.762835227144773,0.0,0.0,0.0,NON_RISK,INVERTED_NORMAL,,INVERTED,INVERTED_NORMAL,INVERTED_NORMAL
2024-02-08,-0.00019158614153226715,26.757707838807143,-0.0001915861415321407,0.0,0.0,NON_RISK,INVERTED_NORMAL,,INVERTED,INVERTED_NORMAL,INVERTED_NORMAL
2024-02-09,0.0012282720075960298,26.790573582332982,0.0,0.0,0.0,NON_RISK,INVERTED_NORMAL,,INVERTED,INVERTED_NORMAL,INVERTED_NORMAL
2024-02-12,-0.0014632339406043405,26.751372705779055,-0.0014632339406043249,0.0,0.0,NON_RISK,INVERTED_NORMAL,,INVERTED,INVERTED_NORMAL,INVERTED_NORMAL
2024-02-13,-0.013780310275334377,26.38273048960231,-0.015223380398231678,0.0,0.0,NON_RISK,INVERTED_NORMAL,,INVERTED,INVERTED_NORMAL,INVERTED_NORMAL
2024-02-14,0.004523169186703331,26.502064043213977,-0.01076906913666309,0.0,0.0,NON_RISK,INVERTED_NORMAL,,INVERTED,INVERTED_NORMAL,INVERTED_NORMAL
2024-02-15,0.006816815431081641,26.682723722339272,-0.004025664462250722,0.0,0.0,NON_RISK,INVERTED_NORMAL,,INVERTED,INVERTED_NORMAL,INVERTED_NORMAL
2024-02-16,-0.0009063307192440561,26.658540350156613,-0.004928346598127242,0.0,0.0,NON_RISK,INVERTED_NORMAL,,INVERTED,INVERTED_NORMAL,INVERTED_NORMAL
2024-02-20,-5.2063356310543766e-05,26.657152417071643,-0.004980153368172924,0.0,0.0,NON_RISK,INVERTED_NORMAL,,INVERTED,INVERTED_NORMAL,INVERTED_NORMAL
2024-02-21,0.0005039960410164846,26.67058751635462,-0.004478667304737671,0.0,0.0,NON_RISK,INVERTED_NORMAL,,INVERTED,INVERTED_NORMAL,INVERTED_NORMAL
2024-02-22,0.011141833884029296,26.967746772051306,0.0,0.0,0.0,NON_RISK,INVERTED_NORMAL,,INVERTED,INVERTED_NORMAL,INVERTED_NORMAL
2024-02-23,0.003028429476464432,27.049416691289615,0.0,0.0,0.0,NON_RISK,INVERTED_NORMAL,,INVERTED,INVERTED_NORMAL,INVERTED_NORMAL
2024-02-26,-0.002985728594727721,26.968654474403728,-0.002985728594727677,0.0,0.0,NON_RISK,INVERTED_NORMAL,,INVERTED,INVERTED_NORMAL,INVERTED_NORMAL
2024-02-27,0.00048114157782737225,26.981630215369425,-0.00250602357506724,0.0,0.0,NON_RISK,INVERTED_NORMAL,,INVERTED,INVERTED_NORMAL,INVERTED_NORMAL
2024-02-28,0.00015383621404252076,26.985780967210452,-0.0023525728782038957,0.0,0.0,NON_RISK,INVERTED_NORMAL,,INVERTED,INVERTED_NORMAL,INVERTED_NORMAL
2024-02-29,0.004327985010539428,27.102575022734236,0.0,0.0,0.0,NON_RISK,INVERTED_NORMAL,,INVERTED,INVERTED_NORMAL,INVERTED_NORMAL
2024-03-01,0.014063603111300168,27.48373488114821,0.0,0.04386176866418706,2.193088433209353e-05,NON_RISK,INVERTED_NORMAL,,INVERTED,INVERTED_NORMAL,INVERTED_NORMAL
2024-03-04,0.007435445309166412,27.688088688748618,0.0,0.0,0.0,NON_RISK,INVERTED_NORMAL,,INVERTED,INVERTED_NORMAL,INVERTED_NORMAL
2024-03-05,-0.002094730283647016,27.63008961087599,-0.0020947302836470394,0.0,0.0,NON_RISK,INVERTED_NORMAL,,INVERTED,INVERTED_NORMAL,INVERTED_NORMAL
2024-03-06,0.006620181914423714,27.81300583041182,0.0,0.0,0.0,NON_RISK,INVERTED_NORMAL,,INVERTED,INVERTED_NORMAL,INVERTED_NORMAL
2024-03-07,0.007833610482628924,28.030882084438353,0.0,0.0,0.0,NON_RISK,INVERTED_NORMAL,,INVERTED,INVERTED_NORMAL,INVERTED_NORMAL
2024-03-08,0.0011280577764880037,28.062502538955524,0.0,0.0,0.0,NON_RISK,INVERTED_NORMAL,,INVERTED,INVERTED_NORMAL,INVERTED_NORMAL
2024-03-11,0.00046949950235892563,28.07567786993251,0.0,0.0,0.0,NON_RISK,INVERTED_NORMAL,,INVERTED,INVERTED_NORMAL,INVERTED_NORMAL
2024-03-12,5.419990117759305e-05,28.077199568898553,0.0,0.0,0.0,NON_RISK,INVERTED_NORMAL,,INVERTED,INVERTED_NORMAL,INVERTED_NORMAL
2024-03-13,0.002662348512617844,28.151950859409283,0.0,0.0,0.0,NON_RISK,INVERTED_NORMAL,,INVERTED,INVERTED_NORMAL,INVERTED_NORMAL
2024-03-14,-0.0030612188982828336,28.06577157541493,-0.0030612188982827027,0.0,0.0,NON_RISK,INVERTED_NORMAL,,INVERTED,INVERTED_NORMAL,INVERTED_NORMAL
2024-03-15,-0.005055152743556696,27.923894813235435,-0.00810089671272729,0.0,0.0,NON_RISK,INVERTED_NORMAL,,INVERTED,INVERTED_NORMAL,INVERTED_NORMAL
2024-03-18,0.0038017984554539292,28.030055833406653,-0.004329896233883468,0.0,0.0,NON_RISK,INVERTED_NORMAL,,INVERTED,INVERTED_NORMAL,INVERTED_NORMAL
2024-03-19,0.0022488021802433583,28.093089884077163,-0.002090831133731097,0.0,0.0,NON_RISK,INVERTED_NORMAL,,INVERTED,INVERTED_NORMAL,INVERTED_NORMAL
2024-03-20,0.010562642060716644,28.389827136902205,0.0,0.0,0.0,NON_RISK,INVERTED_NORMAL,,INVERTED,INVERTED_NORMAL,INVERTED_NORMAL
2024-03-21,0.0011622273654848668,28.422822570902095,0.0,0.0,0.0,NON_RISK,INVERTED_NORMAL,,INVERTED,INVERTED_NORMAL,INVERTED_NORMAL
2024-03-22,-0.004917243649791269,28.28306062710618,-0.004917243649791292,0.0,0.0,NON_RISK,INVERTED_NORMAL,,INVERTED,INVERTED_NORMAL,INVERTED_NORMAL
2024-03-25,0.00017575972690362708,28.288031650118,-0.004742348176288713,0.0,0.0,NON_RISK,INVERTED_NORMAL,,INVERTED,INVERTED_NORMAL,INVERTED_NORMAL
2024-03-26,0.0006594350352472787,28.306685769266274,-0.004086040411578118,0.0,0.0,NON_RISK,INVERTED_NORMAL,,INVERTED,INVERTED_NORMAL,INVERTED_NORMAL
2024-03-27,0.00783003732120334,28.528328175279203,0.0,0.0,0.0,NON_RISK,INVERTED_NORMAL,,INVERTED,INVERTED_NORMAL,INVERTED_NORMAL
2024-03-28,0.006266515957378812,28.707101399026925,0.0,0.0,0.0,NON_RISK,INVERTED_NORMAL,,INVERTED,INVERTED_NORMAL,INVERTED_NORMAL
2024-04-01,0.0036751231319752946,28.81260353143045,0.0,0.07392813192409936,3.696406596204968e-05,NON_RISK,INVERTED_NORMAL,,INVERTED,INVERTED_NORMAL,INVERTED_NORMAL
2024-04-02,0.0032840567236498215,28.907225755783703,0.0,0.0,0.0,NON_RISK,INVERTED_NORMAL,,INVERTED,INVERTED_NORMAL,INVERTED_NORMAL
2024-04-03,0.00460016316361283,29.040203710867697,0.0,0.0,0.0,NON_RISK,INVERTED_NORMAL,,INVERTED,INVERTED_NORMAL,INVERTED_NORMAL
2024-04-04,-0.009252998044826138,28.771494762709686,-0.009252998044826155,0.0,0.0,NON_RISK,INVERTED_NORMAL,,INVERTED,INVERTED_NORMAL,INVERTED_NORMAL
2024-04-05,0.0134892783096333,29.159601462948032,0.0,0.0,0.0,NON_RISK,INVERTED_NORMAL,,INVERTED,INVERTED_NORMAL,INVERTED_NORMAL
2024-04-08,0.003146214928666053,29.251343836384713,0.0,0.0,0.0,NON_RISK,INVERTED_NORMAL,,INVERTED,INVERTED_NORMAL,INVERTED_NORMAL
2024-04-09,0.0031373744384958673,29.34311625482864,0.0,0.0,0.0,NON_RISK,INVERTED_NORMAL,,INVERTED,INVERTED_NORMAL,INVERTED_NORMAL
2024-04-10,-0.009762557610943858,29.05665239190625,-0.009762557610943912,0.0,0.0,NON_RISK,INVERTED_NORMAL,,INVERTED,INVERTED_NORMAL,INVERTED_NORMAL
2024-04-11,0.012970768246437139,29.43353949609895,0.0,0.0,0.0,NON_RISK,INVERTED_NORMAL,,INVERTED,INVERTED_NORMAL,INVERTED_NORMAL
2024-04-12,-0.013545778952115249,29.03483927630644,-0.013545778952115173,0.0,0.0,NON_RISK,INVERTED_NORMAL,,INVERTED,INVERTED_NORMAL,INVERTED_NORMAL
2024-04-15,0.0017305255182805297,29.085084806593258,-0.011838694749976453,0.0,0.0,NON_RISK,INVERTED_NORMAL,,INVERTED,INVERTED_NORMAL,INVERTED_NORMAL
2024-04-16,-0.0004339544824410173,29.072463203669262,-0.012267511777764417,0.0,0.0,NON_RISK,INVERTED_NORMAL,,INVERTED,INVERTED_NORMAL,INVERTED_NORMAL
2024-04-17,-0.006579936475914032,28.88116824259077,-0.01876672880546315,0.0,0.0,NON_RISK,INVERTED_NORMAL,,INVERTED,INVERTED_NORMAL,INVERTED_NORMAL
2024-04-18,0.0004397689796774393,28.893869284480704,-0.01833521285096451,0.0,0.0,NON_RISK,INVERTED_NORMAL,,INVERTED,INVERTED_NORMAL,INVERTED_NORMAL
2024-04-19,-0.0033165184682052086,28.798042233380816,-0.021590922247130995,0.0,0.0,NON_RISK,INVERTED_NORMAL,,INVERTED,INVERTED_NORMAL,INVERTED_NORMAL
2024-04-22,-0.006265244780567946,28.617615449587554,-0.027720894614782443,0.0,0.0,NON_RISK,INVERTED_NORMAL,,INVERTED,INVERTED_NORMAL,INVERTED_NORMAL
2024-04-23,0.005329806056744404,28.770141789740347,-0.022538835550054315,0.0,0.0,NON_RISK,INVERTED_NORMAL,,INVERTED,INVERTED_NORMAL,INVERTED_NORMAL
2024-04-24,-0.0011068914826104568,28.738296364839787,-0.023620778987566426,0.0,0.0,NON_RISK,INVERTED_NORMAL,,INVERTED,INVERTED_NORMAL,INVERTED_NORMAL
2024-04-25,0.0006558440051084233,28.757144204227693,-0.022980426528753095,0.0,0.0,NON_RISK,INVERTED_NORMAL,,INVERTED,INVERTED_NORMAL,INVERTED_NORMAL
2024-04-26,0.0066301495104297455,28.94780836979471,-0.01650264068202245,0.0,0.0,NON_RISK,INVERTED_NORMAL,,INVERTED,INVERTED_NORMAL,INVERTED_NORMAL
2024-04-29,0.0009985802352547972,28.97671507908673,-0.015520539657582266,0.0,0.0,NON_RISK,INVERTED_NORMAL,,INVERTED,INVERTED_NORMAL,INVERTED_NORMAL
2024-04-30,-0.017710253427507566,28.463530111539427,-0.0329559203944223,0.0,0.0,NON_RISK,INVERTED_NORMAL,,INVERTED,INVERTED_NORMAL,INVERTED_NORMAL
2024-05-01,0.0025369030236704502,28.535739327143723,-0.030502623344848434,0.02955687161060222,1.477843580530111e-05,NON_RISK,INVERTED_NORMAL,,INVERTED,INVERTED_NORMAL,INVERTED_NORMAL
2024-05-02,0.0034928372796360135,28.63541002126755,-0.02711632676515785,0.0,0.0,NON_RISK,INVERTED_NORMAL,,INVERTED,INVERTED_NORMAL,INVERTED_NORMAL
2024-05-03,0.006180196393985705,28.81238247902129,-0.021103714596064194,0.0,0.0,NON_RISK,INVERTED_NORMAL,,INVERTED,INVERTED_NORMAL,INVERTED_NORMAL
2024-05-06,0.010417072660213397,29.112523160819112,-0.010906480864198542,0.0,0.0,NON_RISK,INVERTED_NORMAL,,INVERTED,INVERTED_NORMAL,INVERTED_NORMAL
2024-05-07,-0.0015836033515041728,29.066420471570897,-0.012472812676053047,0.0,0.0,NON_RISK,INVERTED_NORMAL,,INVERTED,INVERTED_NORMAL,INVERTED_NORMAL
2024-05-08,-0.0013343606158347596,29.02763538485034,-0.013790530061884243,0.0,0.0,NON_RISK,INVERTED_NORMAL,,INVERTED,INVERTED_NORMAL,INVERTED_NORMAL
2024-05-09,0.010480656726016125,29.33186406688691,-0.0034544071475166582,0.0,0.0,NON_RISK,INVERTED_NORMAL,,INVERTED,INVERTED_NORMAL,INVERTED_NORMAL
2024-05-10,0.004503038758493969,29.46394658763898,0.0,0.0,0.0,NON_RISK,INVERTED_NORMAL,,INVERTED,INVERTED_NORMAL,INVERTED_NORMAL
2024-05-13,-0.0052061624077217135,29.31055249653129,-0.005206162407721759,0.0,0.0,NON_RISK,INVERTED_NORMAL,,INVERTED,INVERTED_NORMAL,INVERTED_NORMAL
2024-05-14,0.006413108466324464,29.49852424889944,0.0,0.0,0.0,NON_RISK,INVERTED_NORMAL,,INVERTED,INVERTED_NORMAL,INVERTED_NORMAL
2024-05-15,0.012597715415120735,29.870138262553112,0.0,0.0,0.0,NON_RISK,INVERTED_NORMAL,,INVERTED,INVERTED_NORMAL,INVERTED_NORMAL
2024-05-16,-0.0029223774869466816,29.782846442962644,-0.002922377486946681,0.0,0.0,NON_RISK,INVERTED_NORMAL,,INVERTED,INVERTED_NORMAL,INVERTED_NORMAL
2024-05-17,0.008532304521751511,30.036962758338568,0.0,0.0,0.0,NON_RISK,INVERTED_NORMAL,,INVERTED,INVERTED_NORMAL,INVERTED_NORMAL
2024-05-20,0.0025050378029208053,30.11220648553313,0.0,0.0,0.0,NON_RISK,INVERTED_NORMAL,,INVERTED,INVERTED_NORMAL,INVERTED_NORMAL
2024-05-21,0.0006048040268156293,30.130418469271884,0.0,0.0,0.0,NON_RISK,INVERTED_NORMAL,,INVERTED,INVERTED_NORMAL,INVERTED_NORMAL
2024-05-22,-0.010178734128359925,29.823728950496943,-0.010178734128359901,0.0,0.0,NON_RISK,INVERTED_NORMAL,,INVERTED,INVERTED_NORMAL,INVERTED_NORMAL
2024-05-23,-0.013258972622861145,29.428296944830674,-0.023302747194077655,0.0,0.0,NON_RISK,INVERTED_NORMAL,,INVERTED,INVERTED_NORMAL,INVERTED_NORMAL
2024-05-24,0.003936335331825117,29.54413658985005,-0.01945813928936113,0.0,0.0,NON_RISK,INVERTED_NORMAL,,INVERTED,INVERTED_NORMAL,INVERTED_NORMAL
2024-05-28,0.005322186198762119,29.701375985862892,-0.014239512930978582,0.0,0.0,NON_RISK,INVERTED_NORMAL,,INVERTED,INVERTED_NORMAL,INVERTED_NORMAL
2024-05-29,-0.008086609265119067,29.461192563628828,-0.022210972818899166,0.0,0.0,NON_RISK,INVERTED_NORMAL,,INVERTED,INVERTED_NORMAL,INVERTED_NORMAL
2024-05-30,-0.002615152327021833,29.384147057339217,-0.024768040068668284,0.0,0.0,NON_RISK,INVERTED_NORMAL,,INVERTED,INVERTED_NORMAL,INVERTED_NORMAL
2024-05-31,0.002054842535931073,29.444526852594688,-0.022764091955002064,0.0,0.0,NON_RISK,INVERTED_NORMAL,,INVERTED,INVERTED_NORMAL,INVERTED_NORMAL
2024-06-03,0.004419952204077299,29.574670253954828,-0.018444755949335034,0.04666031033326806,2.333015516663403e-05,NON_RISK,INVERTED_NORMAL,,INVERTED,INVERTED_NORMAL,INVERTED_NORMAL
2024-06-04,-0.003402209384663486,29.474051033268495,-0.021784212412209847,0.0,0.0,NON_RISK,INVERTED_NORMAL,,INVERTED,INVERTED_NORMAL,INVERTED_NORMAL
2024-06-05,0.011867386334331865,29.823830983718107,-0.01017534774256279,0.0,0.0,NON_RISK,INVERTED_NORMAL,,INVERTED,INVERTED_NORMAL,INVERTED_NORMAL
2024-06-06,0.0032993756745617366,29.92223100618803,-0.0069095443628228725,0.0,0.0,NON_RISK,INVERTED_NORMAL,,INVERTED,INVERTED_NORMAL,INVERTED_NORMAL
2024-06-07,-0.01664900494624309,29.424055634163377,-0.02344351227079311,0.0,0.0,NON_RISK,INVERTED_NORMAL,,INVERTED,INVERTED_NORMAL,INVERTED_NORMAL
2024-06-10,0.0058114072541180254,29.595050804521325,-0.017768344813947623,0.0,0.0,NON_RISK,INVERTED_NORMAL,,INVERTED,INVERTED_NORMAL,INVERTED_NORMAL
2024-06-11,0.0026089280814930666,29.672262163638457,-0.01520577306620119,0.0,0.0,NON_RISK,INVERTED_NORMAL,,INVERTED,INVERTED_NORMAL,INVERTED_NORMAL
2024-06-12,0.005727449198691777,29.842208537790963,-0.0095654141602729,0.0,0.0,NON_RISK,INVERTED_NORMAL,,INVERTED,INVERTED_NORMAL,INVERTED_NORMAL
2024-06-13,-0.0025375188742688603,29.76648337037645,-0.012078660615569947,0.0,0.0,NON_RISK,INVERTED_NORMAL,,INVERTED,INVERTED_NORMAL,INVERTED_NORMAL
2024-06-14,0.006138873789595438,29.949216054947286,-0.00601393619904067,0.0,0.0,NON_RISK,INVERTED_NORMAL,,INVERTED,INVERTED_NORMAL,INVERTED_NORMAL
2024-06-17,0.002070553612377524,30.01122751243773,-0.003955834763984756,0.0,0.0,NON_RISK,INVERTED_NORMAL,,INVERTED,INVERTED_NORMAL,INVERTED_NORMAL
2024-06-18,0.0031973799762512575,30.10718481034872,-0.0007711030945971586,0.0,0.0,NON_RISK,INVERTED_NORMAL,,INVERTED,INVERTED_NORMAL,INVERTED_NORMAL
2024-06-20,0.0040898650999862144,30.230319134763402,0.0,0.0,0.0,NON_RISK,INVERTED_NORMAL,,INVERTED,INVERTED_NORMAL,INVERTED_NORMAL
2024-06-21,-0.007677627898696977,29.99822199318783,-0.00767762789869697,0.0,0.0,NON_RISK,INVERTED_NORMAL,,INVERTED,INVERTED_NORMAL,INVERTED_NORMAL
2024-06-24,-2.3125356240954846e-05,29.997528273617643,-0.007700575707057622,0.0,0.0,NON_RISK,INVERTED_NORMAL,,INVERTED,INVERTED_NORMAL,INVERTED_NORMAL
2024-06-25,-9.532814836180981e-05,29.994668664791888,-0.007795169773796018,0.0,0.0,NON_RISK,INVERTED_NORMAL,,INVERTED,INVERTED_NORMAL,INVERTED_NORMAL
2024-06-26,-0.003442823266310093,29.89140232164748,-0.011211155648244042,0.0,0.0,NON_RISK,INVERTED_NORMAL,,INVERTED,INVERTED_NORMAL,INVERTED_NORMAL
2024-06-27,0.005946873730008849,30.069162716867208,-0.005330953245242909,0.0,0.0,NON_RISK,INVERTED_NORMAL,,INVERTED,INVERTED_NORMAL,INVERTED_NORMAL
2024-06-28,-0.002131477925449095,30.005070960299467,-0.007451068361528201,0.0,0.0,NON_RISK,INVERTED_NORMAL,,INVERTED,INVERTED_NORMAL,INVERTED_NORMAL
2024-07-01,0.0022204645824095643,30.071696157659495,-0.005247148612516517,0.10649168132150277,5.324584066075139e-05,NON_RISK,INVERTED_NORMAL,,INVERTED,INVERTED_NORMAL,INVERTED_NORMAL
2024-07-02,0.00405648982101897,30.193681687023815,-0.0012119437964336344,0.0,0.0,NON_RISK,INVERTED_NORMAL,,INVERTED,INVERTED_NORMAL,INVERTED_NORMAL
2024-07-03,0.007149303495871,30.409545481062068,0.0,0.0,0.0,NON_RISK,INVERTED_NORMAL,,INVERTED,INVERTED_NORMAL,INVERTED_NORMAL
2024-07-05,0.008812411910660504,30.67752692185715,0.0,0.0,0.0,NON_RISK,INVERTED_NORMAL,,INVERTED,INVERTED_NORMAL,INVERTED_NORMAL
2024-07-08,-0.004194280866052877,30.548856757670983,-0.004194280866052891,0.0,0.0,NON_RISK,INVERTED_NORMAL,,INVERTED,INVERTED_NORMAL,INVERTED_NORMAL
2024-07-09,0.0012578215499932954,30.587281768028436,-0.0029417349729197184,0.0,0.0,NON_RISK,INVERTED_NORMAL,,INVERTED,INVERTED_NORMAL,INVERTED_NORMAL
2024-07-10,0.007435433607052468,30.814711470834823,0.0,0.0,0.0,NON_RISK,INVERTED_NORMAL,,INVERTED,INVERTED_NORMAL,INVERTED_NORMAL
2024-07-11,0.0017753629187422532,30.869418766931883,0.0,0.0,0.0,NON_RISK,INVERTED_NORMAL,,INVERTED,INVERTED_NORMAL,INVERTED_NORMAL
2024-07-12,0.003571775101952217,30.979677388295347,0.0,0.0,0.0,NON_RISK,INVERTED_NORMAL,,INVERTED,INVERTED_NORMAL,INVERTED_NORMAL
2024-07-15,0.0029382348979767447,31.070702957525697,0.0,0.0,0.0,NON_RISK,INVERTED_NORMAL,,INVERTED,INVERTED_NORMAL,INVERTED_NORMAL
2024-07-16,0.011451636620324526,31.426513357333324,0.0,0.0,0.0,NON_RISK,INVERTED_NORMAL,,INVERTED,INVERTED_NORMAL,INVERTED_NORMAL
2024-07-17,-0.01032133615517656,31.102149748787138,-0.010321336155176608,0.0,0.0,NON_RISK,INVERTED_NORMAL,,INVERTED,INVERTED_NORMAL,INVERTED_NORMAL
2024-07-18,-0.007170577370872509,30.879129377612998,-0.017417903586577688,0.0,0.0,NON_RISK,INVERTED_NORMAL,,INVERTED,INVERTED_NORMAL,INVERTED_NORMAL
2024-07-19,-0.01109742095878815,30.536450680068743,-0.028322030737045978,0.0,0.0,NON_RISK,INVERTED_NORMAL,,INVERTED,INVERTED_NORMAL,INVERTED_NORMAL
2024-07-22,0.006366902585647031,30.730873286860156,-0.022135451762129388,0.0,0.0,NON_RISK,INVERTED_NORMAL,,INVERTED,INVERTED_NORMAL,INVERTED_NORMAL
2024-07-23,0.00043767790950531116,30.744323511237617,-0.02170746205087748,0.0,0.0,NON_RISK,INVERTED_NORMAL,,INVERTED,INVERTED_NORMAL,INVERTED_NORMAL
2024-07-24,-0.015104264056487359,30.27995313068581,-0.036483850868552214,0.0,0.0,NON_RISK,INVERTED_NORMAL,,INVERTED,INVERTED_NORMAL,INVERTED_NORMAL
2024-07-25,-0.009326851337466475,29.997536509330452,-0.04547042275274937,0.0,0.0,NON_RISK,INVERTED_NORMAL,,INVERTED,INVERTED_NORMAL,INVERTED_NORMAL
2024-07-26,0.010937213466840871,30.32562596961235,-0.03503052900598291,0.0,0.0,NON_RISK,INVERTED_NORMAL,,INVERTED,INVERTED_NORMAL,INVERTED_NORMAL
2024-07-29,-0.0001984289954011561,30.31960848611629,-0.03522200692870492,0.0,0.0,NON_RISK,INVERTED_NORMAL,,INVERTED,INVERTED_NORMAL,INVERTED_NORMAL
2024-07-30,0.0008718534230203459,30.346042740559547,-0.03438086193299106,0.0,0.0,NON_RISK,INVERTED_NORMAL,,INVERTED,INVERTED_NORMAL,INVERTED_NORMAL
2024-07-31,0.01698679460554754,30.861524735684597,-0.01797808796746103,0.0,0.0,NON_RISK,INVERTED_NORMAL,,INVERTED,INVERTED_NORMAL,INVERTED_NORMAL
2024-08-01,-0.009837182371615148,30.557934288593557,-0.0276384166090472,0.01961413467606038,9.80706733803019e-06,NON_RISK,INVERTED_NORMAL,,INVERTED,INVERTED_NORMAL,INVERTED_NORMAL
2024-08-02,-0.011860535419330548,30.19550082662212,-0.039171145609251945,0.0,0.0,NON_RISK,INVERTED_NORMAL,,INVERTED,INVERTED_NORMAL,INVERTED_NORMAL
2024-08-05,-0.003635053429897858,30.085738567774822,-0.04266380983194984,1.8,0.0009,FULL_RISK,INVERTED_STRESS,VIX,INVERTED,INVERTED_STRESS,INVERTED_STRESS
2024-08-06,0.0010992744561402418,30.118811051676488,-0.04161143461215955,0.0,0.0,FULL_RISK,INVERTED_STRESS,VIX,INVERTED,INVERTED_STRESS,INVERTED_STRESS
2024-08-07,-0.0004910895900109383,30.1040200171055,-0.042082089259807165,0.0,0.0,FULL_RISK,INVERTED_STRESS,VIX,INVERTED,INVERTED_STRESS,INVERTED_STRESS
2024-08-08,0.002489096020833622,30.178951813541175,-0.03969773959989842,0.0,0.0,FULL_RISK,INVERTED_STRESS,VIX,INVERTED,INVERTED_STRESS,INVERTED_STRESS
2024-08-09,0.0006182797472015419,30.19761084823926,-0.03910400416110116,0.0,0.0,FULL_RISK,INVERTED_STRESS,VIX,INVERTED,INVERTED_STRESS,INVERTED_STRESS
2024-08-12,0.00022919389083668584,30.204531956163542,-0.03888377266912535,0.0,0.0,FULL_RISK,INVERTED_STRESS,VIX,INVERTED,INVERTED_STRESS,INVERTED_STRESS
2024-08-13,0.001820873824524866,30.259530597784547,-0.0371337012884525,0.0,0.0,FULL_RISK,INVERTED_STRESS,VIX,INVERTED,INVERTED_STRESS,INVERTED_STRESS
2024-08-14,-0.002318448976319348,30.189375420046208,-0.039366057673032695,1.8,0.0009,NON_RISK,INVERTED_NORMAL,,INVERTED,INVERTED_NORMAL,INVERTED_NORMAL
2024-08-15,0.011479136441740801,30.535923379583853,-0.028338809578494106,0.0,0.0,NON_RISK,INVERTED_NORMAL,,INVERTED,INVERTED_NORMAL,INVERTED_NORMAL
2024-08-16,0.010387404602612508,30.853112370641963,-0.018245771656929866,0.0,0.0,NON_RISK,INVERTED_NORMAL,,INVERTED,INVERTED_NORMAL,INVERTED_NORMAL
2024-08-19,0.0050332486485131405,31.00840375678392,-0.013304358513950065,0.0,0.0,NON_RISK,INVERTED_NORMAL,,INVERTED,INVERTED_NORMAL,INVERTED_NORMAL
2024-08-20,0.0005152304025005951,31.024380229132433,-0.012795982921441462,0.0,0.0,NON_RISK,INVERTED_NORMAL,,INVERTED,INVERTED_NORMAL,INVERTED_NORMAL
2024-08-21,0.0015079222033654942,31.0711625809256,-0.011307356064837015,0.0,0.0,NON_RISK,INVERTED_NORMAL,,INVERTED,INVERTED_NORMAL,INVERTED_NORMAL
2024-08-22,-0.009516995820638856,30.77545845650054,-0.02071673982506428,0.0,0.0,NON_RISK,INVERTED_NORMAL,,INVERTED,INVERTED_NORMAL,INVERTED_NORMAL
2024-08-23,0.011000569568344222,31.114006028248962,-0.00994406619439503,0.0,0.0,NON_RISK,INVERTED_NORMAL,,INVERTED,INVERTED_NORMAL,INVERTED_NORMAL
2024-08-26,-0.00013043159376207084,31.109947778854377,-0.010073200767754864,0.0,0.0,NON_RISK,INVERTED_NORMAL,,INVERTED,INVERTED_NORMAL,INVERTED_NORMAL
2024-08-27,0.001912361181368404,31.169441235341058,-0.008180103184506793,0.0,0.0,NON_RISK,INVERTED_NORMAL,,INVERTED,INVERTED_NORMAL,INVERTED_NORMAL
2024-08-28,-0.006299243749285073,30.97309732747063,-0.014427818469938236,0.0,0.0,NON_RISK,INVERTED_NORMAL,,INVERTED,INVERTED_NORMAL,INVERTED_NORMAL
2024-08-29,0.0021469773091542764,31.039595864626936,-0.012311817359659472,0.0,0.0,NON_RISK,INVERTED_NORMAL,,INVERTED,INVERTED_NORMAL,INVERTED_NORMAL
2024-08-30,0.00280502240904061,31.126662626594776,-0.00954132987420886,0.0,0.0,NON_RISK,INVERTED_NORMAL,,INVERTED,INVERTED_NORMAL,INVERTED_NORMAL
2024-09-03,-0.013199880659402731,30.715794394598234,-0.02261526611794007,0.1057447334213355,5.287236671066775e-05,NON_RISK,INVERTED_NORMAL,,INVERTED,INVERTED_NORMAL,INVERTED_NORMAL
2024-09-04,-0.00083304754676991,30.690206677430723,-0.023429474072750867,0.0,0.0,NON_RISK,INVERTED_NORMAL,,INVERTED,INVERTED_NORMAL,INVERTED_NORMAL
2024-09-05,0.0024892028500194652,30.76660082735987,-0.020998591936367772,0.0,0.0,NON_RISK,INVERTED_NORMAL,,INVERTED,INVERTED_NORMAL,INVERTED_NORMAL
2024-09-06,-0.012519860803075402,30.38140726761754,-0.033255553291339224,0.0,0.0,NON_RISK,INVERTED_NORMAL,,INVERTED,INVERTED_NORMAL,INVERTED_NORMAL
2024-09-09,0.008000245399854763,30.62446598135141,-0.02552136047872322,0.0,0.0,NON_RISK,INVERTED_NORMAL,,INVERTED,INVERTED_NORMAL,INVERTED_NORMAL
2024-09-10,0.004377811687982855,30.758534126462806,-0.02125527650093728,0.0,0.0,NON_RISK,INVERTED_NORMAL,,INVERTED,INVERTED_NORMAL,INVERTED_NORMAL
2024-09-11,0.004841329324980216,30.907446319722656,-0.016516850969391594,0.0,0.0,NON_RISK,INVERTED_NORMAL,,INVERTED,INVERTED_NORMAL,INVERTED_NORMAL
2024-09-12,0.01260395519949017,31.297002388467085,-0.004121073419556365,0.0,0.0,NON_RISK,INVERTED_NORMAL,,INVERTED,INVERTED_NORMAL,INVERTED_NORMAL
2024-09-13,0.007381140287248938,31.52800995366673,0.0,0.0,0.0,NON_RISK,INVERTED_NORMAL,,INVERTED,INVERTED_NORMAL,INVERTED_NORMAL
2024-09-16,0.0007633775018630555,31.552077727143867,0.0,0.0,0.0,NON_RISK,INVERTED_NORMAL,,INVERTED,INVERTED_NORMAL,INVERTED_NORMAL
2024-09-17,-0.0023068830351426887,31.479290774311615,-0.002306883035142704,0.0,0.0,NON_RISK,INVERTED_NORMAL,,INVERTED,INVERTED_NORMAL,INVERTED_NORMAL
2024-09-18,-0.005135128642270298,31.317640566618092,-0.007430165536264854,0.0,0.0,NON_RISK,INVERTED_NORMAL,,INVERTED,INVERTED_NORMAL,INVERTED_NORMAL
2024-09-19,0.016367784393965953,31.83024095514022,0.0,0.0,0.0,NON_RISK,INVERTED_NORMAL,,INVERTED,INVERTED_NORMAL,INVERTED_NORMAL
2024-09-20,0.004873084268823588,31.98535240161158,0.0,0.0,0.0,NON_RISK,INVERTED_NORMAL,,INVERTED,INVERTED_NORMAL,INVERTED_NORMAL
2024-09-23,0.002243398923129528,32.05710830674528,0.0,0.0,0.0,NON_RISK,INVERTED_NORMAL,,INVERTED,INVERTED_NORMAL,INVERTED_NORMAL
2024-09-24,0.00793969843840455,32.31163207950811,0.0,0.0,0.0,NON_RISK,INVERTED_NORMAL,,INVERTED,INVERTED_NORMAL,INVERTED_NORMAL
2024-09-25,-0.0018287486711790744,32.25254222527908,-0.0018287486711791034,0.0,0.0,NON_RISK,INVERTED_NORMAL,,INVERTED,INVERTED_NORMAL,INVERTED_NORMAL
2024-09-26,0.004477666663879994,32.396958358426595,0.0,0.0,0.0,NON_RISK,INVERTED_NORMAL,,INVERTED,INVERTED_NORMAL,INVERTED_NORMAL
2024-09-27,-0.004415440107715097,32.253911529122824,-0.004415440107714996,0.0,0.0,NON_RISK,INVERTED_NORMAL,,INVERTED,INVERTED_NORMAL,INVERTED_NORMAL
2024-09-30,-0.0014821531851466952,32.206106291416496,-0.0058910489342421934,0.0,0.0,NON_RISK,INVERTED_NORMAL,,INVERTED,INVERTED_NORMAL,INVERTED_NORMAL
2024-10-01,0.00012300871321293028,32.210067923109,-0.005768764871378229,0.020499702564253985,1.0249851282126992e-05,NON_RISK,INVERTED_NORMAL,,INVERTED,INVERTED_NORMAL,INVERTED_NORMAL
2024-10-02,0.00031994718671748756,32.22037344372498,-0.005450663384752086,0.0,0.0,NON_RISK,INVERTED_NORMAL,,INVERTED,INVERTED_NORMAL,INVERTED_NORMAL
2024-10-03,-0.0012970772218597363,32.178581131251306,-0.006740670675291605,0.0,0.0,NON_RISK,INVERTED_NORMAL,,INVERTED,INVERTED_NORMAL,INVERTED_NORMAL
2024-10-04,0.003906416706900216,32.304284078186775,-0.0028605858369328274,0.0,0.0,NON_RISK,INVERTED_NORMAL,,INVERTED,INVERTED_NORMAL,INVERTED_NORMAL
2024-10-07,-0.006398065983624982,32.09759913710077,-0.0092403496036213,0.0,0.0,NON_RISK,INVERTED_NORMAL,,INVERTED,INVERTED_NORMAL,INVERTED_NORMAL
2024-10-08,0.0015907189810819957,32.14865739729532,-0.007664329422045646,0.0,0.0,NON_RISK,INVERTED_NORMAL,,INVERTED,INVERTED_NORMAL,INVERTED_NORMAL
2024-10-09,0.001142849103527911,32.18539846158144,-0.00653023949052689,0.0,0.0,NON_RISK,INVERTED_NORMAL,,INVERTED,INVERTED_NORMAL,INVERTED_NORMAL
2024-10-10,0.0025004107946853095,32.26587517932603,-0.004046156977155491,0.0,0.0,NON_RISK,INVERTED_NORMAL,,INVERTED,INVERTED_NORMAL,INVERTED_NORMAL
2024-10-11,0.00829045123936897,32.53337384419579,0.0,0.0,0.0,NON_RISK,INVERTED_NORMAL,,INVERTED,INVERTED_NORMAL,INVERTED_NORMAL
2024-10-14,0.003593697518823568,32.65028894905864,0.0,0.0,0.0,NON_RISK,INVERTED_NORMAL,,INVERTED,INVERTED_NORMAL,INVERTED_NORMAL
2024-10-15,-0.0025165235600911537,32.56812372767455,-0.002516523560091133,0.0,0.0,NON_RISK,INVERTED_NORMAL,,INVERTED,INVERTED_NORMAL,INVERTED_NORMAL
2024-10-16,0.004652784572223234,32.719656191300935,0.0,0.0,0.0,NON_RISK,INVERTED_NORMAL,,INVERTED,INVERTED_NORMAL,INVERTED_NORMAL
2024-10-17,0.002844844010229678,32.81273850923353,0.0,0.0,0.0,NON_RISK,INVERTED_NORMAL,,INVERTED,INVERTED_NORMAL,INVERTED_NORMAL
2024-10-18,0.007011948318025473,33.04281973583316,0.0,0.0,0.0,NON_RISK,INVERTED_NORMAL,,INVERTED,INVERTED_NORMAL,INVERTED_NORMAL
2024-10-21,-0.0009675840044029128,33.0108480319964,-0.0009675840044028883,0.0,0.0,NON_RISK,INVERTED_NORMAL,,INVERTED,INVERTED_NORMAL,INVERTED_NORMAL
2024-10-22,0.0047596648097805346,33.16796860371531,0.0,0.0,0.0,NON_RISK,INVERTED_NORMAL,,INVERTED,INVERTED_NORMAL,INVERTED_NORMAL
2024-10-23,-0.010499158398413075,32.81973284759131,-0.010499158398413089,0.0,0.0,NON_RISK,INVERTED_NORMAL,,INVERTED,INVERTED_NORMAL,INVERTED_NORMAL
2024-10-24,0.004747841998809051,32.9755557535948,-0.005801164744800191,0.0,0.0,NON_RISK,INVERTED_NORMAL,,INVERTED,INVERTED_NORMAL,INVERTED_NORMAL
2024-10-25,0.0007777116086291055,33.001201226105366,-0.005027964769336646,0.0,0.0,NON_RISK,INVERTED_NORMAL,,INVERTED,INVERTED_NORMAL,INVERTED_NORMAL
2024-10-28,0.0016648488364271255,33.05614323756734,-0.003371486734205398,0.0,0.0,NON_RISK,INVERTED_NORMAL,,INVERTED,INVERTED_NORMAL,INVERTED_NORMAL
2024-10-29,0.005954532667307001,33.25297712233061,0.0,0.0,0.0,NON_RISK,INVERTED_NORMAL,,INVERTED,INVERTED_NORMAL,INVERTED_NORMAL
2024-10-30,0.0009626711184930242,33.284988803010194,0.0,0.0,0.0,NON_RISK,INVERTED_NORMAL,,INVERTED,INVERTED_NORMAL,INVERTED_NORMAL
2024-10-31,-0.01768283787691511,32.696415742271626,-0.01768283787691527,0.0,0.0,NON_RISK,INVERTED_NORMAL,,INVERTED,INVERTED_NORMAL,INVERTED_NORMAL
2024-11-01,-6.842422791083684e-05,32.69417851526901,-0.017750052170297126,0.08547831401630479,4.2739157008152395e-05,NON_RISK,INVERTED_NORMAL,,INVERTED,INVERTED_NORMAL,INVERTED_NORMAL
2024-11-04,-0.0003276387825881028,32.683466634422544,-0.0180718753474014,0.0,0.0,NON_RISK,INVERTED_NORMAL,,INVERTED,INVERTED_NORMAL,INVERTED_NORMAL
2024-11-05,0.0070729837348165086,32.91463626232523,-0.011126713692974688,0.0,0.0,NON_RISK,INVERTED_NORMAL,,INVERTED,INVERTED_NORMAL,INVERTED_NORMAL
2024-11-06,-0.003323316713903837,32.80525050150258,-0.014413052813291971,0.0,0.0,NON_RISK,INVERTED_NORMAL,,INVERTED,INVERTED_NORMAL,INVERTED_NORMAL
2024-11-07,0.010582560645062503,33.152414054411196,-0.003983019173706581,1.344380167632611,0.0006721900838163055,NON_RISK,FLAT_HIGH_RATE_NORMAL,,FLAT_HIGH_RATE,FLAT_HIGH_RATE_NORMAL,FLAT_HIGH_RATE_NORMAL
2024-11-08,-0.005537168778187617,32.96884354238756,-0.009498133302482614,0.0,0.0,NON_RISK,FLAT_HIGH_RATE_NORMAL,,FLAT_HIGH_RATE,FLAT_HIGH_RATE_NORMAL,FLAT_HIGH_RATE_NORMAL
2024-11-11,-0.013153305950013388,32.535194256456414,-0.022526507399214468,0.0,0.0,NON_RISK,FLAT_HIGH_RATE_NORMAL,,FLAT_HIGH_RATE,FLAT_HIGH_RATE_NORMAL,FLAT_HIGH_RATE_NORMAL
2024-11-12,-0.006816947747319177,32.31340353726127,-0.029189893122663513,0.0,0.0,NON_RISK,FLAT_HIGH_RATE_NORMAL,,FLAT_HIGH_RATE,FLAT_HIGH_RATE_NORMAL,FLAT_HIGH_RATE_NORMAL
2024-11-13,-0.004427092107322545,32.170349123500735,-0.03348775888452915,0.0,0.0,NON_RISK,FLAT_HIGH_RATE_NORMAL,,FLAT_HIGH_RATE,FLAT_HIGH_RATE_NORMAL,FLAT_HIGH_RATE_NORMAL
2024-11-14,-0.0011461727790495948,32.13347634504286,-0.034595548905913875,0.0,0.0,NON_RISK,FLAT_HIGH_RATE_NORMAL,,FLAT_HIGH_RATE,FLAT_HIGH_RATE_NORMAL,FLAT_HIGH_RATE_NORMAL
2024-11-15,-0.0017747063026366272,32.076448862047684,-0.036308858269864075,0.0,0.0,NON_RISK,FLAT_HIGH_RATE_NORMAL,,FLAT_HIGH_RATE,FLAT_HIGH_RATE_NORMAL,FLAT_HIGH_RATE_NORMAL
2024-11-18,0.013372246163756325,32.50538303229013,-0.023422143096817116,0.0,0.0,NON_RISK,FLAT_HIGH_RATE_NORMAL,,FLAT_HIGH_RATE,FLAT_HIGH_RATE_NORMAL,FLAT_HIGH_RATE_NORMAL
2024-11-19,0.004646051791143762,32.65640472534912,-0.018884911795560733,0.0,0.0,NON_RISK,FLAT_HIGH_RATE_NORMAL,,FLAT_HIGH_RATE,FLAT_HIGH_RATE_NORMAL,FLAT_HIGH_RATE_NORMAL
2024-11-20,0.0011271679444846386,32.69321397793765,-0.017779030318286426,0.0,0.0,NON_RISK,FLAT_HIGH_RATE_NORMAL,,FLAT_HIGH_RATE,FLAT_HIGH_RATE_NORMAL,FLAT_HIGH_RATE_NORMAL
2024-11-21,0.0044660310665033676,32.83922288722697,-0.013392400953516681,0.0,0.0,NON_RISK,FLAT_HIGH_RATE_NORMAL,,FLAT_HIGH_RATE,FLAT_HIGH_RATE_NORMAL,FLAT_HIGH_RATE_NORMAL
2024-11-22,0.0047242810790143665,32.994364606562634,-0.00873138934092943,0.0,0.0,NON_RISK,FLAT_HIGH_RATE_NORMAL,,FLAT_HIGH_RATE,FLAT_HIGH_RATE_NORMAL,FLAT_HIGH_RATE_NORMAL
2024-11-25,-0.009201598516283143,32.690763710153185,-0.017852645118007993,0.0,0.0,NON_RISK,FLAT_HIGH_RATE_NORMAL,,FLAT_HIGH_RATE,FLAT_HIGH_RATE_NORMAL,FLAT_HIGH_RATE_NORMAL
2024-11-26,0.0028742116353057145,32.784723883575936,-0.015029745763021407,1.344380167632611,0.0006721900838163055,NON_RISK,INVERTED_NORMAL,,INVERTED,INVERTED_NORMAL,INVERTED_NORMAL
2024-11-27,-0.00035021876068136643,32.77324205820815,-0.015374700824768328,0.0,0.0,NON_RISK,INVERTED_NORMAL,,INVERTED,INVERTED_NORMAL,INVERTED_NORMAL
2024-11-29,0.00744298097318208,33.01717267527688,-0.008046153457293426,0.0,0.0,NON_RISK,INVERTED_NORMAL,,INVERTED,INVERTED_NORMAL,INVERTED_NORMAL
2024-12-02,-0.0032502770645445158,32.909857716194324,-0.011270278293797786,0.0708454670745341,3.542273353726705e-05,NON_RISK,INVERTED_NORMAL,,INVERTED,INVERTED_NORMAL,INVERTED_NORMAL
2024-12-03,0.0011991336352441167,32.94932103351291,-0.010084659228334458,0.0,0.0,NON_RISK,INVERTED_NORMAL,,INVERTED,INVERTED_NORMAL,INVERTED_NORMAL
2024-12-04,0.00470179191952199,33.10424188490202,-0.00543028327808337,0.0,0.0,NON_RISK,INVERTED_NORMAL,,INVERTED,INVERTED_NORMAL,INVERTED_NORMAL
2024-12-05,-0.004376490088938042,32.95936149839093,-0.009783007786074771,0.0,0.0,NON_RISK,INVERTED_NORMAL,,INVERTED,INVERTED_NORMAL,INVERTED_NORMAL
2024-12-06,0.0011715367118265356,32.99797460038466,-0.008622932227021818,0.0,0.0,NON_RISK,INVERTED_NORMAL,,INVERTED,INVERTED_NORMAL,INVERTED_NORMAL
2024-12-09,0.0020047596076183537,33.06412760699672,-0.006635459525631493,0.0,0.0,NON_RISK,INVERTED_NORMAL,,INVERTED,INVERTED_NORMAL,INVERTED_NORMAL
2024-12-10,0.004617015282077086,33.21678518944677,-0.00204908026158801,0.0,0.0,NON_RISK,INVERTED_NORMAL,,INVERTED,INVERTED_NORMAL,INVERTED_NORMAL
2024-12-11,0.008586677813294592,33.502007021861964,0.0,0.0,0.0,NON_RISK,INVERTED_NORMAL,,INVERTED,INVERTED_NORMAL,INVERTED_NORMAL
2024-12-12,-0.009668127425107753,33.178105348977745,-0.009668127425107809,0.0,0.0,NON_RISK,INVERTED_NORMAL,,INVERTED,INVERTED_NORMAL,INVERTED_NORMAL
2024-12-13,-0.006511432986674665,32.96206833937305,-0.01611660704794715,1.3661662817946694,0.0006830831408973346,NON_RISK,FLAT_HIGH_RATE_NORMAL,,FLAT_HIGH_RATE,FLAT_HIGH_RATE_NORMAL,FLAT_HIGH_RATE_NORMAL
2024-12-16,-0.000626349904092904,32.94142255102997,-0.01673286231676141,0.0,0.0,NON_RISK,FLAT_HIGH_RATE_NORMAL,,FLAT_HIGH_RATE,FLAT_HIGH_RATE_NORMAL,FLAT_HIGH_RATE_NORMAL
2024-12-17,-0.003126677785375927,32.838425336920984,-0.01980722183324579,0.0,0.0,NON_RISK,FLAT_HIGH_RATE_NORMAL,,FLAT_HIGH_RATE,FLAT_HIGH_RATE_NORMAL,FLAT_HIGH_RATE_NORMAL
2024-12-18,-0.011735923054497685,32.453036103936014,-0.031310688856385105,0.0,0.0,NON_RISK,FLAT_HIGH_RATE_NORMAL,,FLAT_HIGH_RATE,FLAT_HIGH_RATE_NORMAL,FLAT_HIGH_RATE_NORMAL
2024-12-19,-0.0013621616157125007,32.408829823841906,-0.03263020025357577,0.0,0.0,NON_RISK,FLAT_HIGH_RATE_NORMAL,,FLAT_HIGH_RATE,FLAT_HIGH_RATE_NORMAL,FLAT_HIGH_RATE_NORMAL
2024-12-20,0.006592019335787463,32.62246945669092,-0.026253279828790332,0.0,0.0,NON_RISK,FLAT_HIGH_RATE_NORMAL,,FLAT_HIGH_RATE,FLAT_HIGH_RATE_NORMAL,FLAT_HIGH_RATE_NORMAL
2024-12-23,-0.003046574383922128,32.52308267690389,-0.02921987164289197,0.0,0.0,NON_RISK,FLAT_HIGH_RATE_NORMAL,,FLAT_HIGH_RATE,FLAT_HIGH_RATE_NORMAL,FLAT_HIGH_RATE_NORMAL
2024-12-24,0.0024720337501953986,32.60348083494159,-0.026820070401574192,0.0,0.0,NON_RISK,FLAT_HIGH_RATE_NORMAL,,FLAT_HIGH_RATE,FLAT_HIGH_RATE_NORMAL,FLAT_HIGH_RATE_NORMAL
2024-12-26,0.0016358356197327152,32.656814770218666,-0.025228108008327976,0.0,0.0,NON_RISK,FLAT_HIGH_RATE_NORMAL,,FLAT_HIGH_RATE,FLAT_HIGH_RATE_NORMAL,FLAT_HIGH_RATE_NORMAL
2024-12-27,-0.0018679041720236456,32.595814969664374,-0.02704888849215059,0.0,0.0,NON_RISK,FLAT_HIGH_RATE_NORMAL,,FLAT_HIGH_RATE,FLAT_HIGH_RATE_NORMAL,FLAT_HIGH_RATE_NORMAL
2024-12-30,0.003886475036789264,32.722497790847775,-0.02326753828525896,0.0,0.0,NON_RISK,FLAT_HIGH_RATE_NORMAL,,FLAT_HIGH_RATE,FLAT_HIGH_RATE_NORMAL,FLAT_HIGH_RATE_NORMAL
2024-12-31,0.0027052337108262894,32.811019794974015,-0.020625248703369903,0.0,0.0,NON_RISK,FLAT_HIGH_RATE_NORMAL,,FLAT_HIGH_RATE,FLAT_HIGH_RATE_NORMAL,FLAT_HIGH_RATE_NORMAL
2025-01-02,0.00727731373853067,33.04979588010318,-0.013498031370588803,0.010784873047545995,5.392436523772998e-06,NON_RISK,FLAT_HIGH_RATE_NORMAL,,FLAT_HIGH_RATE,FLAT_HIGH_RATE_NORMAL,FLAT_HIGH_RATE_NORMAL
2025-01-03,-0.004568183351455091,32.898818352794706,-0.01800455323985939,0.0,0.0,NON_RISK,FLAT_HIGH_RATE_NORMAL,,FLAT_HIGH_RATE,FLAT_HIGH_RATE_NORMAL,FLAT_HIGH_RATE_NORMAL
2025-01-06,-0.00023642331835704118,32.891040304989716,-0.018236719861993822,0.0,0.0,NON_RISK,FLAT_HIGH_RATE_NORMAL,,FLAT_HIGH_RATE,FLAT_HIGH_RATE_NORMAL,FLAT_HIGH_RATE_NORMAL
2025-01-07,0.001274446514652006,32.932958176669686,-0.016985515071408774,0.0,0.0,NON_RISK,FLAT_HIGH_RATE_NORMAL,,FLAT_HIGH_RATE,FLAT_HIGH_RATE_NORMAL,FLAT_HIGH_RATE_NORMAL
2025-01-08,0.001819128586093909,32.992867462313505,-0.015197285321330578,0.0,0.0,NON_RISK,FLAT_HIGH_RATE_NORMAL,,FLAT_HIGH_RATE,FLAT_HIGH_RATE_NORMAL,FLAT_HIGH_RATE_NORMAL
2025-01-13,-0.0017179703349810053,32.93618669474729,-0.016889147170957353,0.0,0.0,NON_RISK,FLAT_HIGH_RATE_NORMAL,,FLAT_HIGH_RATE,FLAT_HIGH_RATE_NORMAL,FLAT_HIGH_RATE_NORMAL
2025-01-14,0.001637674853613975,32.990125459471216,-0.015279131248964184,0.0,0.0,NON_RISK,FLAT_HIGH_RATE_NORMAL,,FLAT_HIGH_RATE,FLAT_HIGH_RATE_NORMAL,FLAT_HIGH_RATE_NORMAL
2025-01-15,0.011198462864485111,33.359564154323806,-0.004251771168372276,0.0,0.0,NON_RISK,FLAT_HIGH_RATE_NORMAL,,FLAT_HIGH_RATE,FLAT_HIGH_RATE_NORMAL,FLAT_HIGH_RATE_NORMAL
2025-01-16,0.001835223118475354,33.42078639768208,-0.0024243509986396905,0.0,0.0,NON_RISK,FLAT_HIGH_RATE_NORMAL,,FLAT_HIGH_RATE,FLAT_HIGH_RATE_NORMAL,FLAT_HIGH_RATE_NORMAL
2025-01-17,-0.002628345816819279,33.33294501355892,-0.005046324782653211,0.0,0.0,NON_RISK,FLAT_HIGH_RATE_NORMAL,,FLAT_HIGH_RATE,FLAT_HIGH_RATE_NORMAL,FLAT_HIGH_RATE_NORMAL
2025-01-21,0.004753157654466425,33.49138175629602,-0.00031715310545454845,0.0,0.0,NON_RISK,FLAT_HIGH_RATE_NORMAL,,FLAT_HIGH_RATE,FLAT_HIGH_RATE_NORMAL,FLAT_HIGH_RATE_NORMAL
2025-01-22,0.00030686596655482703,33.501659121529926,-1.038446239387536e-05,0.0,0.0,NON_RISK,FLAT_HIGH_RATE_NORMAL,,FLAT_HIGH_RATE,FLAT_HIGH_RATE_NORMAL,FLAT_HIGH_RATE_NORMAL
2025-01-23,-0.0025113799254859043,33.417523727341646,-0.002521738308549293,0.0,0.0,NON_RISK,FLAT_HIGH_RATE_NORMAL,,FLAT_HIGH_RATE,FLAT_HIGH_RATE_NORMAL,FLAT_HIGH_RATE_NORMAL
2025-01-24,0.0028904466317658454,33.51411529624129,0.0,0.0,0.0,NON_RISK,FLAT_HIGH_RATE_NORMAL,,FLAT_HIGH_RATE,FLAT_HIGH_RATE_NORMAL,FLAT_HIGH_RATE_NORMAL
2025-01-27,-0.005050091923714762,33.3448659332533,-0.005050091923714639,0.0,0.0,NON_RISK,FLAT_HIGH_RATE_NORMAL,,FLAT_HIGH_RATE,FLAT_HIGH_RATE_NORMAL,FLAT_HIGH_RATE_NORMAL
2025-01-28,0.003002770361528044,33.4449929083868,-0.0020624858285381853,0.0,0.0,NON_RISK,FLAT_HIGH_RATE_NORMAL,,FLAT_HIGH_RATE,FLAT_HIGH_RATE_NORMAL,FLAT_HIGH_RATE_NORMAL
2025-01-29,-0.0011434339241350013,33.406750768902896,-0.003203561436408764,0.0,0.0,NON_RISK,FLAT_HIGH_RATE_NORMAL,,FLAT_HIGH_RATE,FLAT_HIGH_RATE_NORMAL,FLAT_HIGH_RATE_NORMAL
2025-01-30,0.005841017990054361,33.60188020113332,0.0,0.0,0.0,NON_RISK,FLAT_HIGH_RATE_NORMAL,,FLAT_HIGH_RATE,FLAT_HIGH_RATE_NORMAL,FLAT_HIGH_RATE_NORMAL
2025-01-31,-0.0005526187646349059,33.58331117160716,-0.0005526187646349712,0.0,0.0,NON_RISK,FLAT_HIGH_RATE_NORMAL,,FLAT_HIGH_RATE,FLAT_HIGH_RATE_NORMAL,FLAT_HIGH_RATE_NORMAL
2025-02-03,0.004197263792007236,33.724269187603454,0.0,0.025127030845474074,1.2563515422737038e-05,NON_RISK,FLAT_HIGH_RATE_NORMAL,,FLAT_HIGH_RATE,FLAT_HIGH_RATE_NORMAL,FLAT_HIGH_RATE_NORMAL
2025-02-04,0.004751616663492764,33.884513987039384,0.0,0.0,0.0,NON_RISK,FLAT_HIGH_RATE_NORMAL,,FLAT_HIGH_RATE,FLAT_HIGH_RATE_NORMAL,FLAT_HIGH_RATE_NORMAL
2025-02-05,0.0022800968411023944,33.96177396034352,0.0,0.0,0.0,NON_RISK,FLAT_HIGH_RATE_NORMAL,,FLAT_HIGH_RATE,FLAT_HIGH_RATE_NORMAL,FLAT_HIGH_RATE_NORMAL
2025-02-06,-0.00112624592741206,33.92352465073299,-0.0011262459274121728,0.0,0.0,NON_RISK,FLAT_HIGH_RATE_NORMAL,,FLAT_HIGH_RATE,FLAT_HIGH_RATE_NORMAL,FLAT_HIGH_RATE_NORMAL
2025-02-07,-0.0006570272937475246,33.901235969137346,-0.0017825332468458521,0.0,0.0,NON_RISK,FLAT_HIGH_RATE_NORMAL,,FLAT_HIGH_RATE,FLAT_HIGH_RATE_NORMAL,FLAT_HIGH_RATE_NORMAL
2025-02-10,0.009340839636573738,34.217901977806704,0.0,0.0,0.0,NON_RISK,FLAT_HIGH_RATE_NORMAL,,FLAT_HIGH_RATE,FLAT_HIGH_RATE_NORMAL,FLAT_HIGH_RATE_NORMAL
2025-02-11,0.0001620345925594912,34.22344646161192,0.0,0.0,0.0,NON_RISK,FLAT_HIGH_RATE_NORMAL,,FLAT_HIGH_RATE,FLAT_HIGH_RATE_NORMAL,FLAT_HIGH_RATE_NORMAL
2025-02-12,-0.005777766718281894,34.02571137166112,-0.005777766718281896,0.0,0.0,NON_RISK,FLAT_HIGH_RATE_NORMAL,,FLAT_HIGH_RATE,FLAT_HIGH_RATE_NORMAL,FLAT_HIGH_RATE_NORMAL
2025-02-13,0.007424545406215245,34.278336810718784,0.0,0.0,0.0,NON_RISK,FLAT_HIGH_RATE_NORMAL,,FLAT_HIGH_RATE,FLAT_HIGH_RATE_NORMAL,FLAT_HIGH_RATE_NORMAL
2025-02-14,-0.002633193842074531,34.188075305312246,-0.0026331938420743883,0.0,0.0,NON_RISK,FLAT_HIGH_RATE_NORMAL,,FLAT_HIGH_RATE,FLAT_HIGH_RATE_NORMAL,FLAT_HIGH_RATE_NORMAL
2025-02-18,0.007234907057868896,34.43542285263361,0.0,0.0,0.0,NON_RISK,FLAT_HIGH_RATE_NORMAL,,FLAT_HIGH_RATE,FLAT_HIGH_RATE_NORMAL,FLAT_HIGH_RATE_NORMAL
2025-02-19,0.0031917449376617597,34.54533193919974,0.0,0.0,0.0,NON_RISK,FLAT_HIGH_RATE_NORMAL,,FLAT_HIGH_RATE,FLAT_HIGH_RATE_NORMAL,FLAT_HIGH_RATE_NORMAL
2025-02-20,0.0013655990998768005,34.59250701340086,0.0,0.0,0.0,NON_RISK,FLAT_HIGH_RATE_NORMAL,,FLAT_HIGH_RATE,FLAT_HIGH_RATE_NORMAL,FLAT_HIGH_RATE_NORMAL
2025-02-21,-0.002106442587247496,34.51963988342818,-0.002106442587247459,0.0,0.0,NON_RISK,FLAT_HIGH_RATE_NORMAL,,FLAT_HIGH_RATE,FLAT_HIGH_RATE_NORMAL,FLAT_HIGH_RATE_NORMAL
2025-02-24,0.001414216207614234,34.56845811763233,-0.0006952053448804341,0.0,0.0,NON_RISK,FLAT_HIGH_RATE_NORMAL,,FLAT_HIGH_RATE,FLAT_HIGH_RATE_NORMAL,FLAT_HIGH_RATE_NORMAL
2025-02-25,-0.004123850456984667,34.42590296582668,-0.004816188878985828,0.0,0.0,NON_RISK,FLAT_HIGH_RATE_NORMAL,,FLAT_HIGH_RATE,FLAT_HIGH_RATE_NORMAL,FLAT_HIGH_RATE_NORMAL
2025-02-26,-0.0010063182702726393,34.391259550701534,-0.005817660530396562,0.0,0.0,NON_RISK,FLAT_HIGH_RATE_NORMAL,,FLAT_HIGH_RATE,FLAT_HIGH_RATE_NORMAL,FLAT_HIGH_RATE_NORMAL
2025-02-27,-0.004611918163595052,34.23264987611074,-0.01040274811972186,0.0,0.0,NON_RISK,FLAT_HIGH_RATE_NORMAL,,FLAT_HIGH_RATE,FLAT_HIGH_RATE_NORMAL,FLAT_HIGH_RATE_NORMAL
2025-02-28,-0.001987424849525323,34.16461505708186,-0.012369498289130587,0.0,0.0,NON_RISK,FLAT_HIGH_RATE_NORMAL,,FLAT_HIGH_RATE,FLAT_HIGH_RATE_NORMAL,FLAT_HIGH_RATE_NORMAL
2025-03-03,0.0029720937399498513,34.26615549562081,-0.009434167857612308,0.04911436360741073,2.4557181803705363e-05,NON_RISK,FLAT_HIGH_RATE_NORMAL,,FLAT_HIGH_RATE,FLAT_HIGH_RATE_NORMAL,FLAT_HIGH_RATE_NORMAL
2025-03-04,0.0021712979955600276,34.340557530363995,-0.007283354251811369,0.0,0.0,NON_RISK,FLAT_HIGH_RATE_NORMAL,,FLAT_HIGH_RATE,FLAT_HIGH_RATE_NORMAL,FLAT_HIGH_RATE_NORMAL
2025-03-05,-0.0025491766275697577,34.253017383729876,-0.009813964322952118,0.0,0.0,NON_RISK,FLAT_HIGH_RATE_NORMAL,,FLAT_HIGH_RATE,FLAT_HIGH_RATE_NORMAL,FLAT_HIGH_RATE_NORMAL
2025-03-06,-0.003243445822618095,34.14191957758455,-0.013025579083983607,0.0,0.0,NON_RISK,FLAT_HIGH_RATE_NORMAL,,FLAT_HIGH_RATE,FLAT_HIGH_RATE_NORMAL,FLAT_HIGH_RATE_NORMAL
2025-03-07,0.002478332263515904,34.22653459841205,-0.010579528533362303,0.0,0.0,NON_RISK,FLAT_HIGH_RATE_NORMAL,,FLAT_HIGH_RATE,FLAT_HIGH_RATE_NORMAL,FLAT_HIGH_RATE_NORMAL
2025-03-10,-0.0016823979314777235,34.16895194740203,-0.012244127487919587,0.0,0.0,NON_RISK,FLAT_HIGH_RATE_NORMAL,,FLAT_HIGH_RATE,FLAT_HIGH_RATE_NORMAL,FLAT_HIGH_RATE_NORMAL
2025-03-11,0.009866739473181391,34.50608809433869,-0.002498197630738108,1.4511925492951003,0.0007255962746475503,FULL_RISK,FLAT_HIGH_RATE_STRESS,VIX,FLAT_HIGH_RATE,FLAT_HIGH_RATE_STRESS,FLAT_HIGH_RATE_STRESS
2025-03-12,0.0036868908318743896,34.63330827417756,0.0,0.0,0.0,FULL_RISK,FLAT_HIGH_RATE_STRESS,VIX,FLAT_HIGH_RATE,FLAT_HIGH_RATE_STRESS,FLAT_HIGH_RATE_STRESS
2025-03-13,0.01613102274075027,35.19197895753573,0.0,0.0,0.0,FULL_RISK,FLAT_HIGH_RATE_STRESS,VIX,FLAT_HIGH_RATE,FLAT_HIGH_RATE_STRESS,FLAT_HIGH_RATE_STRESS
2025-03-14,-0.00024127672081067,35.18348795225402,-0.00024127672081064588,0.0,0.0,FULL_RISK,FLAT_HIGH_RATE_STRESS,VIX,FLAT_HIGH_RATE,FLAT_HIGH_RATE_STRESS,FLAT_HIGH_RATE_STRESS
2025-03-17,0.00638390158005067,35.408095876584106,0.0,0.0,0.0,FULL_RISK,FLAT_HIGH_RATE_STRESS,VIX,FLAT_HIGH_RATE,FLAT_HIGH_RATE_STRESS,FLAT_HIGH_RATE_STRESS
2025-03-18,0.0105047602589754,35.78004943499444,0.0,0.0,0.0,FULL_RISK,FLAT_HIGH_RATE_STRESS,VIX,FLAT_HIGH_RATE,FLAT_HIGH_RATE_STRESS,FLAT_HIGH_RATE_STRESS
2025-03-19,0.0036597099116490697,35.91099403655098,0.0,0.0,0.0,FULL_RISK,FLAT_HIGH_RATE_STRESS,VIX,FLAT_HIGH_RATE,FLAT_HIGH_RATE_STRESS,FLAT_HIGH_RATE_STRESS
2025-03-20,-0.0009663137678164801,35.876292748597486,-0.000966313767816529,0.0,0.0,FULL_RISK,FLAT_HIGH_RATE_STRESS,VIX,FLAT_HIGH_RATE,FLAT_HIGH_RATE_STRESS,FLAT_HIGH_RATE_STRESS
2025-03-21,-0.00783970609571009,35.59503315764483,-0.008798444247590687,0.0,0.0,FULL_RISK,FLAT_HIGH_RATE_STRESS,VIX,FLAT_HIGH_RATE,FLAT_HIGH_RATE_STRESS,FLAT_HIGH_RATE_STRESS
2025-03-24,-0.004231674695171381,35.44440655655784,-0.012992886788882552,0.0,0.0,FULL_RISK,FLAT_HIGH_RATE_STRESS,VIX,FLAT_HIGH_RATE,FLAT_HIGH_RATE_STRESS,FLAT_HIGH_RATE_STRESS
2025-03-25,0.001599435615173565,35.50109760276309,-0.011414232459583062,1.4511925492951003,0.0007255962746475503,NON_RISK,FLAT_HIGH_RATE_NORMAL,,FLAT_HIGH_RATE,FLAT_HIGH_RATE_NORMAL,FLAT_HIGH_RATE_NORMAL
2025-03-26,-0.0015960110535820158,35.44443745857479,-0.012992026271991253,0.0,0.0,NON_RISK,FLAT_HIGH_RATE_NORMAL,,FLAT_HIGH_RATE,FLAT_HIGH_RATE_NORMAL,FLAT_HIGH_RATE_NORMAL
2025-03-27,0.004219636948559241,35.594000116495884,-0.008827210957526144,0.0,0.0,NON_RISK,FLAT_HIGH_RATE_NORMAL,,FLAT_HIGH_RATE,FLAT_HIGH_RATE_NORMAL,FLAT_HIGH_RATE_NORMAL
2025-03-28,0.004232715359331043,35.74465938748901,-0.004631858669595035,0.0,0.0,NON_RISK,FLAT_HIGH_RATE_NORMAL,,FLAT_HIGH_RATE,FLAT_HIGH_RATE_NORMAL,FLAT_HIGH_RATE_NORMAL
2025-03-31,0.009667867507826389,36.090234018559634,0.0,0.0,0.0,NON_RISK,FLAT_HIGH_RATE_NORMAL,,FLAT_HIGH_RATE,FLAT_HIGH_RATE_NORMAL,FLAT_HIGH_RATE_NORMAL
2025-04-01,0.0010238395408916907,36.12718462718787,0.0,0.02343695094892717,1.1718475474463586e-05,NON_RISK,FLAT_HIGH_RATE_NORMAL,,FLAT_HIGH_RATE,FLAT_HIGH_RATE_NORMAL,FLAT_HIGH_RATE_NORMAL
2025-04-02,0.0022594851068672324,36.20881346280604,0.0,0.0,0.0,NON_RISK,FLAT_HIGH_RATE_NORMAL,,FLAT_HIGH_RATE,FLAT_HIGH_RATE_NORMAL,FLAT_HIGH_RATE_NORMAL
2025-04-03,-0.01102542054226054,35.80959606704234,-0.011025420542260522,0.0,0.0,NON_RISK,FLAT_HIGH_RATE_NORMAL,,FLAT_HIGH_RATE,FLAT_HIGH_RATE_NORMAL,FLAT_HIGH_RATE_NORMAL
2025-04-04,-0.024903769427685313,34.917802143290174,-0.035654615438918014,1.4746295002440273,0.0007373147501220136,FULL_RISK,FLAT_HIGH_RATE_STRESS,VIX,FLAT_HIGH_RATE,FLAT_HIGH_RATE_STRESS,FLAT_HIGH_RATE_STRESS
2025-04-07,-0.021900344104632492,34.15309026097464,-0.05677411119651998,0.0,0.0,FULL_RISK,FLAT_HIGH_RATE_STRESS,VIX,FLAT_HIGH_RATE,FLAT_HIGH_RATE_STRESS,FLAT_HIGH_RATE_STRESS
2025-04-08,0.004114181480147611,34.29360227241615,-0.05289350871320897,0.0,0.0,FULL_RISK,FLAT_HIGH_RATE_STRESS,VIX,FLAT_HIGH_RATE,FLAT_HIGH_RATE_STRESS,FLAT_HIGH_RATE_STRESS
2025-04-09,0.036260068064847016,35.537090625002755,-0.01855136287449144,0.0,0.0,FULL_RISK,FLAT_HIGH_RATE_STRESS,VIX,FLAT_HIGH_RATE,FLAT_HIGH_RATE_STRESS,FLAT_HIGH_RATE_STRESS
2025-04-10,0.020981989169183687,36.28272947560086,0.0,0.0,0.0,FULL_RISK,FLAT_HIGH_RATE_STRESS,CREDIT+VIX,FLAT_HIGH_RATE,FLAT_HIGH_RATE_STRESS,FLAT_HIGH_RATE_STRESS
2025-04-11,0.019313092403557452,36.983461182616416,0.0,0.0,0.0,FULL_RISK,FLAT_HIGH_RATE_STRESS,CREDIT+VIX,FLAT_HIGH_RATE,FLAT_HIGH_RATE_STRESS,FLAT_HIGH_RATE_STRESS
2025-04-14,-0.0052494033516437295,36.789320077529005,-0.0052494033516437,0.0,0.0,FULL_RISK,FLAT_HIGH_RATE_STRESS,CREDIT+VIX,FLAT_HIGH_RATE,FLAT_HIGH_RATE_STRESS,FLAT_HIGH_RATE_STRESS
2025-04-15,0.0041764117726701706,36.94296742700933,-0.0010949152489307945,0.0,0.0,FULL_RISK,FLAT_HIGH_RATE_STRESS,CREDIT+VIX,FLAT_HIGH_RATE,FLAT_HIGH_RATE_STRESS,FLAT_HIGH_RATE_STRESS
2025-04-16,0.03074044440638845,38.07861066340632,0.0,0.0,0.0,FULL_RISK,FLAT_HIGH_RATE_STRESS,CREDIT+VIX,FLAT_HIGH_RATE,FLAT_HIGH_RATE_STRESS,FLAT_HIGH_RATE_STRESS
2025-04-17,-0.0034614263313586598,37.94680435779445,-0.003461426331358819,0.0,0.0,FULL_RISK,FLAT_HIGH_RATE_STRESS,CREDIT+VIX,FLAT_HIGH_RATE,FLAT_HIGH_RATE_STRESS,FLAT_HIGH_RATE_STRESS
2025-04-21,0.027766978081330627,39.000472442653866,0.0,0.0,0.0,FULL_RISK,FLAT_HIGH_RATE_STRESS,CREDIT+VIX,FLAT_HIGH_RATE,FLAT_HIGH_RATE_STRESS,FLAT_HIGH_RATE_STRESS
2025-04-22,-0.01146179665894052,38.55345695791355,-0.011461796658940537,0.0,0.0,FULL_RISK,FLAT_HIGH_RATE_STRESS,CREDIT+VIX,FLAT_HIGH_RATE,FLAT_HIGH_RATE_STRESS,FLAT_HIGH_RATE_STRESS
2025-04-23,-0.02161782936905282,37.72001490381026,-0.03283184686355756,0.0,0.0,FULL_RISK,FLAT_HIGH_RATE_STRESS,CREDIT+VIX,FLAT_HIGH_RATE,FLAT_HIGH_RATE_STRESS,FLAT_HIGH_RATE_STRESS
2025-04-24,0.01413884260171483,38.25333225746957,-0.01915720857697001,0.0,0.0,FULL_RISK,FLAT_HIGH_RATE_STRESS,CREDIT+VIX,FLAT_HIGH_RATE,FLAT_HIGH_RATE_STRESS,FLAT_HIGH_RATE_STRESS
2025-04-25,-0.0015924466527004544,38.192415866561525,-0.020719148396997067,1.4746295002440273,0.0007373147501220136,NON_RISK,FLAT_HIGH_RATE_NORMAL,,FLAT_HIGH_RATE,FLAT_HIGH_RATE_NORMAL,FLAT_HIGH_RATE_NORMAL
2025-04-28,0.003441782400558221,38.323865851325856,-0.017348676796746232,0.0,0.0,NON_RISK,FLAT_HIGH_RATE_NORMAL,,FLAT_HIGH_RATE,FLAT_HIGH_RATE_NORMAL,FLAT_HIGH_RATE_NORMAL
2025-04-29,-0.0054673134105563135,38.11433726561254,-0.02272113955399624,0.0,0.0,NON_RISK,FLAT_HIGH_RATE_NORMAL,,FLAT_HIGH_RATE,FLAT_HIGH_RATE_NORMAL,FLAT_HIGH_RATE_NORMAL
2025-04-30,-0.0076163067529964705,37.82404678131047,-0.03016439513837188,0.0,0.0,NON_RISK,FLAT_HIGH_RATE_NORMAL,,FLAT_HIGH_RATE,FLAT_HIGH_RATE_NORMAL,FLAT_HIGH_RATE_NORMAL
2025-05-01,-0.006064619461937369,37.59465833107131,-0.03604607902249546,0.03799163047404841,1.8995815237024206e-05,NON_RISK,FLAT_HIGH_RATE_NORMAL,,FLAT_HIGH_RATE,FLAT_HIGH_RATE_NORMAL,FLAT_HIGH_RATE_NORMAL
2025-05-02,-0.000806692870311234,37.56433098823385,-0.03682369377785655,0.0,0.0,NON_RISK,FLAT_HIGH_RATE_NORMAL,,FLAT_HIGH_RATE,FLAT_HIGH_RATE_NORMAL,FLAT_HIGH_RATE_NORMAL
2025-05-05,0.005855174199890462,37.7842766898723,-0.031184128719718873,0.0,0.0,NON_RISK,FLAT_HIGH_RATE_NORMAL,,FLAT_HIGH_RATE,FLAT_HIGH_RATE_NORMAL,FLAT_HIGH_RATE_NORMAL
2025-05-06,0.013690325144242135,38.30155572309666,-0.017920724436989555,0.0,0.0,NON_RISK,FLAT_HIGH_RATE_NORMAL,,FLAT_HIGH_RATE,FLAT_HIGH_RATE_NORMAL,FLAT_HIGH_RATE_NORMAL
2025-05-07,-0.007118541237848866,38.028904519208034,-0.024911696258921534,0.0,0.0,NON_RISK,FLAT_HIGH_RATE_NORMAL,,FLAT_HIGH_RATE,FLAT_HIGH_RATE_NORMAL,FLAT_HIGH_RATE_NORMAL
2025-05-08,-0.004508694173903122,37.857443818962366,-0.02930807121303991,0.0,0.0,NON_RISK,FLAT_HIGH_RATE_NORMAL,,FLAT_HIGH_RATE,FLAT_HIGH_RATE_NORMAL,FLAT_HIGH_RATE_NORMAL
2025-05-09,0.004770427668315634,38.03804001640805,-0.02467745557854395,0.0,0.0,NON_RISK,FLAT_HIGH_RATE_NORMAL,,FLAT_HIGH_RATE,FLAT_HIGH_RATE_NORMAL,FLAT_HIGH_RATE_NORMAL
2025-05-12,-0.008374356444797157,37.71949591084919,-0.032845154214175665,0.0,0.0,NON_RISK,FLAT_HIGH_RATE_NORMAL,,FLAT_HIGH_RATE,FLAT_HIGH_RATE_NORMAL,FLAT_HIGH_RATE_NORMAL
2025-05-13,0.0058419602553044705,37.93985170681049,-0.027195074044369938,0.0,0.0,NON_RISK,FLAT_HIGH_RATE_NORMAL,,FLAT_HIGH_RATE,FLAT_HIGH_RATE_NORMAL,FLAT_HIGH_RATE_NORMAL
2025-05-14,-0.009042189057302067,37.5967923948715,-0.03599136010073545,0.0,0.0,NON_RISK,FLAT_HIGH_RATE_NORMAL,,FLAT_HIGH_RATE,FLAT_HIGH_RATE_NORMAL,FLAT_HIGH_RATE_NORMAL
2025-05-15,0.003998999590660139,37.74714195226873,-0.03213628994438544,0.0,0.0,NON_RISK,FLAT_HIGH_RATE_NORMAL,,FLAT_HIGH_RATE,FLAT_HIGH_RATE_NORMAL,FLAT_HIGH_RATE_NORMAL
2025-05-16,-0.004474152313570831,37.578255489772296,-0.036466659601952056,0.0,0.0,NON_RISK,FLAT_HIGH_RATE_NORMAL,,FLAT_HIGH_RATE,FLAT_HIGH_RATE_NORMAL,FLAT_HIGH_RATE_NORMAL
2025-05-19,0.002964701738713496,37.68966380916065,-0.03361007063236543,0.0,0.0,NON_RISK,FLAT_HIGH_RATE_NORMAL,,FLAT_HIGH_RATE,FLAT_HIGH_RATE_NORMAL,FLAT_HIGH_RATE_NORMAL
2025-05-20,0.008796233893863015,38.02119090740709,-0.025109478780973915,0.0,0.0,NON_RISK,FLAT_HIGH_RATE_NORMAL,,FLAT_HIGH_RATE,FLAT_HIGH_RATE_NORMAL,FLAT_HIGH_RATE_NORMAL
2025-05-21,-0.0011390851798032359,37.977881532325995,-0.026219962125625162,0.0,0.0,NON_RISK,FLAT_HIGH_RATE_NORMAL,,FLAT_HIGH_RATE,FLAT_HIGH_RATE_NORMAL,FLAT_HIGH_RATE_NORMAL
2025-05-22,-0.002629391970365518,37.87802279557341,-0.02878041153811417,0.0,0.0,NON_RISK,FLAT_HIGH_RATE_NORMAL,,FLAT_HIGH_RATE,FLAT_HIGH_RATE_NORMAL,FLAT_HIGH_RATE_NORMAL
2025-05-23,0.00911985705594503,38.22346494903086,-0.019923027721408082,0.0,0.0,NON_RISK,FLAT_HIGH_RATE_NORMAL,,FLAT_HIGH_RATE,FLAT_HIGH_RATE_NORMAL,FLAT_HIGH_RATE_NORMAL
2025-05-27,-0.005935469771069039,37.996590728280374,-0.02574024496368843,0.0,0.0,NON_RISK,FLAT_HIGH_RATE_NORMAL,,FLAT_HIGH_RATE,FLAT_HIGH_RATE_NORMAL,FLAT_HIGH_RATE_NORMAL
2025-05-28,-0.002792845896194809,37.8904721057955,-0.028461202322369372,0.0,0.0,NON_RISK,FLAT_HIGH_RATE_NORMAL,,FLAT_HIGH_RATE,FLAT_HIGH_RATE_NORMAL,FLAT_HIGH_RATE_NORMAL
2025-05-29,0.001674659448375096,37.95392574291087,-0.026834205695375535,0.0,0.0,NON_RISK,FLAT_HIGH_RATE_NORMAL,,FLAT_HIGH_RATE,FLAT_HIGH_RATE_NORMAL,FLAT_HIGH_RATE_NORMAL
2025-05-30,-0.003085441061243932,37.83682114198829,-0.029836851396521036,0.0,0.0,NON_RISK,FLAT_HIGH_RATE_NORMAL,,FLAT_HIGH_RATE,FLAT_HIGH_RATE_NORMAL,FLAT_HIGH_RATE_NORMAL
2025-06-02,0.012732358833905466,38.31857312590238,-0.017484386061070056,0.03224410325771293,1.6122051628856466e-05,NON_RISK,FLAT_HIGH_RATE_NORMAL,,FLAT_HIGH_RATE,FLAT_HIGH_RATE_NORMAL,FLAT_HIGH_RATE_NORMAL
2025-06-03,-0.0005387211540561435,38.29793009996621,-0.018013688006489503,0.0,0.0,NON_RISK,FLAT_HIGH_RATE_NORMAL,,FLAT_HIGH_RATE,FLAT_HIGH_RATE_NORMAL,FLAT_HIGH_RATE_NORMAL
2025-06-04,0.0034048451659630594,38.42832862213346,-0.014670176659056677,0.0,0.0,NON_RISK,FLAT_HIGH_RATE_NORMAL,,FLAT_HIGH_RATE,FLAT_HIGH_RATE_NORMAL,FLAT_HIGH_RATE_NORMAL
2025-06-05,-0.0009613867258820316,38.391384137098306,-0.015617459671832479,0.0,0.0,NON_RISK,FLAT_HIGH_RATE_NORMAL,,FLAT_HIGH_RATE,FLAT_HIGH_RATE_NORMAL,FLAT_HIGH_RATE_NORMAL
2025-06-06,-0.004098665272765451,38.23403070416218,-0.019652114204992244,0.0,0.0,NON_RISK,FLAT_HIGH_RATE_NORMAL,,FLAT_HIGH_RATE,FLAT_HIGH_RATE_NORMAL,FLAT_HIGH_RATE_NORMAL
2025-06-09,0.002289159009125093,38.32155448000378,-0.017407942010147726,0.0,0.0,NON_RISK,FLAT_HIGH_RATE_NORMAL,,FLAT_HIGH_RATE,FLAT_HIGH_RATE_NORMAL,FLAT_HIGH_RATE_NORMAL
2025-06-10,-1.0487118220878938e-05,38.32115259733155,-0.01741824656922264,0.0,0.0,NON_RISK,FLAT_HIGH_RATE_NORMAL,,FLAT_HIGH_RATE,FLAT_HIGH_RATE_NORMAL,FLAT_HIGH_RATE_NORMAL
2025-06-11,0.008513870307355748,38.64741392057362,-0.009052672954138807,0.0,0.0,NON_RISK,FLAT_HIGH_RATE_NORMAL,,FLAT_HIGH_RATE,FLAT_HIGH_RATE_NORMAL,FLAT_HIGH_RATE_NORMAL
2025-06-12,0.005038707897649158,38.842146950318934,-0.0040595788311983405,0.0,0.0,NON_RISK,FLAT_HIGH_RATE_NORMAL,,FLAT_HIGH_RATE,FLAT_HIGH_RATE_NORMAL,FLAT_HIGH_RATE_NORMAL
2025-06-13,0.012351091843575537,39.321889874703984,0.0,0.0,0.0,NON_RISK,FLAT_HIGH_RATE_NORMAL,,FLAT_HIGH_RATE,FLAT_HIGH_RATE_NORMAL,FLAT_HIGH_RATE_NORMAL
2025-06-16,-0.00567032506365249,39.09892197699727,-0.005670325063652504,0.0,0.0,NON_RISK,FLAT_HIGH_RATE_NORMAL,,FLAT_HIGH_RATE,FLAT_HIGH_RATE_NORMAL,FLAT_HIGH_RATE_NORMAL
2025-06-17,0.009196436976507405,39.458492748808105,0.0,0.0,0.0,NON_RISK,FLAT_HIGH_RATE_NORMAL,,FLAT_HIGH_RATE,FLAT_HIGH_RATE_NORMAL,FLAT_HIGH_RATE_NORMAL
2025-06-18,-0.00030671234231421235,39.44639034207293,-0.0003067123423141638,0.0,0.0,NON_RISK,FLAT_HIGH_RATE_NORMAL,,FLAT_HIGH_RATE,FLAT_HIGH_RATE_NORMAL,FLAT_HIGH_RATE_NORMAL
2025-06-20,0.0018769369111476693,39.52042872811751,0.0,0.0,0.0,NON_RISK,FLAT_HIGH_RATE_NORMAL,,FLAT_HIGH_RATE,FLAT_HIGH_RATE_NORMAL,FLAT_HIGH_RATE_NORMAL
2025-06-23,-0.01015656838705632,39.1190367910546,-0.010156568387056364,0.0,0.0,NON_RISK,FLAT_HIGH_RATE_NORMAL,,FLAT_HIGH_RATE,FLAT_HIGH_RATE_NORMAL,FLAT_HIGH_RATE_NORMAL
2025-06-24,-0.010846328098462994,38.69473888312297,-0.020892735012438823,0.0,0.0,NON_RISK,FLAT_HIGH_RATE_NORMAL,,FLAT_HIGH_RATE,FLAT_HIGH_RATE_NORMAL,FLAT_HIGH_RATE_NORMAL
2025-06-25,0.0005154461461982582,38.714683937158426,-0.020388057945986304,0.0,0.0,NON_RISK,FLAT_HIGH_RATE_NORMAL,,FLAT_HIGH_RATE,FLAT_HIGH_RATE_NORMAL,FLAT_HIGH_RATE_NORMAL
2025-06-26,0.0023587736947509007,38.806003115229984,-0.018077375066005597,0.0,0.0,NON_RISK,FLAT_HIGH_RATE_NORMAL,,FLAT_HIGH_RATE,FLAT_HIGH_RATE_NORMAL,FLAT_HIGH_RATE_NORMAL
2025-06-27,-0.007537574417889243,38.51349997888809,-0.025478689924054887,0.0,0.0,NON_RISK,FLAT_HIGH_RATE_NORMAL,,FLAT_HIGH_RATE,FLAT_HIGH_RATE_NORMAL,FLAT_HIGH_RATE_NORMAL
2025-06-30,0.004929439184411162,38.70334993481284,-0.020674846392122803,0.0,0.0,NON_RISK,FLAT_HIGH_RATE_NORMAL,,FLAT_HIGH_RATE,FLAT_HIGH_RATE_NORMAL,FLAT_HIGH_RATE_NORMAL
2025-07-01,0.003505503738100592,38.83902467268634,-0.017241818405334453,0.030887705746230787,1.5443852873115394e-05,NON_RISK,FLAT_HIGH_RATE_NORMAL,,FLAT_HIGH_RATE,FLAT_HIGH_RATE_NORMAL,FLAT_HIGH_RATE_NORMAL
2025-07-02,0.00595029228012247,39.07012822136371,-0.011394119984164619,0.0,0.0,NON_RISK,FLAT_HIGH_RATE_NORMAL,,FLAT_HIGH_RATE,FLAT_HIGH_RATE_NORMAL,FLAT_HIGH_RATE_NORMAL
2025-07-03,-0.003448477765749182,38.935395752887366,-0.01480330538048824,0.0,0.0,NON_RISK,FLAT_HIGH_RATE_NORMAL,,FLAT_HIGH_RATE,FLAT_HIGH_RATE_NORMAL,FLAT_HIGH_RATE_NORMAL
2025-07-07,-0.0013422942133368813,38.88313299647429,-0.01612572920267452,0.0,0.0,NON_RISK,FLAT_HIGH_RATE_NORMAL,,FLAT_HIGH_RATE,FLAT_HIGH_RATE_NORMAL,FLAT_HIGH_RATE_NORMAL
2025-07-08,-0.0025243548393117086,38.78497817152704,-0.018609376979435988,0.0,0.0,NON_RISK,FLAT_HIGH_RATE_NORMAL,,FLAT_HIGH_RATE,FLAT_HIGH_RATE_NORMAL,FLAT_HIGH_RATE_NORMAL
2025-07-09,0.0027630876621954005,38.8921444661913,-0.01589770865717377,0.0,0.0,NON_RISK,FLAT_HIGH_RATE_NORMAL,,FLAT_HIGH_RATE,FLAT_HIGH_RATE_NORMAL,FLAT_HIGH_RATE_NORMAL
2025-07-10,-0.0005873313972573925,38.86930188863963,-0.01647570283099231,0.0,0.0,NON_RISK,FLAT_HIGH_RATE_NORMAL,,FLAT_HIGH_RATE,FLAT_HIGH_RATE_NORMAL,FLAT_HIGH_RATE_NORMAL
2025-07-11,0.005004089163807906,39.06380734102535,-0.011554059553187113,0.0,0.0,NON_RISK,FLAT_HIGH_RATE_NORMAL,,FLAT_HIGH_RATE,FLAT_HIGH_RATE_NORMAL,FLAT_HIGH_RATE_NORMAL
2025-07-14,-0.0038893571241812915,38.91187424364589,-0.015398478813531957,0.0,0.0,NON_RISK,FLAT_HIGH_RATE_NORMAL,,FLAT_HIGH_RATE,FLAT_HIGH_RATE_NORMAL,FLAT_HIGH_RATE_NORMAL
2025-07-15,-0.0033091936843913468,38.783107315150986,-0.018656715949084357,0.0,0.0,NON_RISK,FLAT_HIGH_RATE_NORMAL,,FLAT_HIGH_RATE,FLAT_HIGH_RATE_NORMAL,FLAT_HIGH_RATE_NORMAL
2025-07-16,0.002938574436730069,38.89707436288425,-0.015772965660915683,0.0,0.0,NON_RISK,FLAT_HIGH_RATE_NORMAL,,FLAT_HIGH_RATE,FLAT_HIGH_RATE_NORMAL,FLAT_HIGH_RATE_NORMAL
2025-07-17,0.0018355266858935439,38.96847098088051,-0.013966390674408302,0.0,0.0,NON_RISK,FLAT_HIGH_RATE_NORMAL,,FLAT_HIGH_RATE,FLAT_HIGH_RATE_NORMAL,FLAT_HIGH_RATE_NORMAL
2025-07-18,0.0024029859726831075,39.06211167002447,-0.011596965742604937,0.0,0.0,NON_RISK,FLAT_HIGH_RATE_NORMAL,,FLAT_HIGH_RATE,FLAT_HIGH_RATE_NORMAL,FLAT_HIGH_RATE_NORMAL
2025-07-21,0.005009429392096119,39.25779056034163,-0.006645630531558866,0.0,0.0,NON_RISK,FLAT_HIGH_RATE_NORMAL,,FLAT_HIGH_RATE,FLAT_HIGH_RATE_NORMAL,FLAT_HIGH_RATE_NORMAL
2025-07-22,0.0032377563197391445,39.38489771982738,-0.003429391144071925,0.0,0.0,NON_RISK,FLAT_HIGH_RATE_NORMAL,,FLAT_HIGH_RATE,FLAT_HIGH_RATE_NORMAL,FLAT_HIGH_RATE_NORMAL
2025-07-23,-0.005769266724958398,39.15767573994649,-0.00917887279681584,0.0,0.0,NON_RISK,FLAT_HIGH_RATE_NORMAL,,FLAT_HIGH_RATE,FLAT_HIGH_RATE_NORMAL,FLAT_HIGH_RATE_NORMAL
2025-07-24,-0.0020258315573330526,39.07834888472069,-0.011186109503976471,0.0,0.0,NON_RISK,FLAT_HIGH_RATE_NORMAL,,FLAT_HIGH_RATE,FLAT_HIGH_RATE_NORMAL,FLAT_HIGH_RATE_NORMAL
2025-07-25,-0.004943648696064062,38.885159256212404,-0.016074458004377123,0.0,0.0,NON_RISK,FLAT_HIGH_RATE_NORMAL,,FLAT_HIGH_RATE,FLAT_HIGH_RATE_NORMAL,FLAT_HIGH_RATE_NORMAL
2025-07-28,0.0006036379484083009,38.90863181396935,-0.01548052320882043,0.0,0.0,NON_RISK,FLAT_HIGH_RATE_NORMAL,,FLAT_HIGH_RATE,FLAT_HIGH_RATE_NORMAL,FLAT_HIGH_RATE_NORMAL
2025-07-29,0.00752629928415826,39.20146982173841,-0.008070734975407112,0.0,0.0,NON_RISK,FLAT_HIGH_RATE_NORMAL,,FLAT_HIGH_RATE,FLAT_HIGH_RATE_NORMAL,FLAT_HIGH_RATE_NORMAL
2025-07-30,-0.006944156164191664,38.92924869343041,-0.014958846695569683,0.0,0.0,NON_RISK,FLAT_HIGH_RATE_NORMAL,,FLAT_HIGH_RATE,FLAT_HIGH_RATE_NORMAL,FLAT_HIGH_RATE_NORMAL
2025-07-31,-0.0004722188080035334,38.91086557001592,-0.01542400165481761,0.0,0.0,NON_RISK,FLAT_HIGH_RATE_NORMAL,,FLAT_HIGH_RATE,FLAT_HIGH_RATE_NORMAL,FLAT_HIGH_RATE_NORMAL
2025-08-01,0.005248267366186238,39.11508019597709,-0.010256683573172443,0.0030676599573901675,1.5338299786950839e-06,NON_RISK,FLAT_HIGH_RATE_NORMAL,,FLAT_HIGH_RATE,FLAT_HIGH_RATE_NORMAL,FLAT_HIGH_RATE_NORMAL
2025-08-04,0.0010390369514061588,39.15572220965793,-0.009228303694997608,0.0,0.0,NON_RISK,FLAT_HIGH_RATE_NORMAL,,FLAT_HIGH_RATE,FLAT_HIGH_RATE_NORMAL,FLAT_HIGH_RATE_NORMAL
2025-08-05,-0.0028055734141161177,39.045867956416,-0.01200798642560974,0.0,0.0,NON_RISK,FLAT_HIGH_RATE_NORMAL,,FLAT_HIGH_RATE,FLAT_HIGH_RATE_NORMAL,FLAT_HIGH_RATE_NORMAL
2025-08-06,-0.0016192507296361144,38.9826429062383,-0.013607793214464703,0.0,0.0,NON_RISK,FLAT_HIGH_RATE_NORMAL,,FLAT_HIGH_RATE,FLAT_HIGH_RATE_NORMAL,FLAT_HIGH_RATE_NORMAL
2025-08-07,0.0031121400264641245,39.10396234956416,-0.010538002545934955,0.0,0.0,NON_RISK,FLAT_HIGH_RATE_NORMAL,,FLAT_HIGH_RATE,FLAT_HIGH_RATE_NORMAL,FLAT_HIGH_RATE_NORMAL
2025-08-08,-0.0009836546355841166,39.06549755572931,-0.011511291426465009,0.0,0.0,NON_RISK,FLAT_HIGH_RATE_NORMAL,,FLAT_HIGH_RATE,FLAT_HIGH_RATE_NORMAL,FLAT_HIGH_RATE_NORMAL
2025-08-11,-0.003499442992982062,38.92879007404055,-0.014970451311324684,0.0,0.0,NON_RISK,FLAT_HIGH_RATE_NORMAL,,FLAT_HIGH_RATE,FLAT_HIGH_RATE_NORMAL,FLAT_HIGH_RATE_NORMAL
2025-08-12,-0.0016466935049952865,38.8646862882683,-0.016592493071378667,0.0,0.0,NON_RISK,FLAT_HIGH_RATE_NORMAL,,FLAT_HIGH_RATE,FLAT_HIGH_RATE_NORMAL,FLAT_HIGH_RATE_NORMAL
2025-08-13,0.0018500265007031216,38.936586987843114,-0.014773163122570376,0.0,0.0,NON_RISK,FLAT_HIGH_RATE_NORMAL,,FLAT_HIGH_RATE,FLAT_HIGH_RATE_NORMAL,FLAT_HIGH_RATE_NORMAL
2025-08-14,-0.0017726233395713275,38.86756708498522,-0.01651959920839119,0.0,0.0,NON_RISK,FLAT_HIGH_RATE_NORMAL,,FLAT_HIGH_RATE,FLAT_HIGH_RATE_NORMAL,FLAT_HIGH_RATE_NORMAL
2025-08-15,-0.0016484821694053037,38.803494593677456,-0.01814084911305569,0.0,0.0,NON_RISK,FLAT_HIGH_RATE_NORMAL,,FLAT_HIGH_RATE,FLAT_HIGH_RATE_NORMAL,FLAT_HIGH_RATE_NORMAL
2025-08-18,-0.0005274170282318969,38.78302896987385,-0.018658698348558822,0.0,0.0,NON_RISK,FLAT_HIGH_RATE_NORMAL,,FLAT_HIGH_RATE,FLAT_HIGH_RATE_NORMAL,FLAT_HIGH_RATE_NORMAL
2025-08-19,-0.003014214820793836,38.66612858915758,-0.021616671844253532,0.0,0.0,NON_RISK,FLAT_HIGH_RATE_NORMAL,,FLAT_HIGH_RATE,FLAT_HIGH_RATE_NORMAL,FLAT_HIGH_RATE_NORMAL
2025-08-20,0.006971125118766788,38.93567500941092,-0.014796239249564413,0.0,0.0,NON_RISK,FLAT_HIGH_RATE_NORMAL,,FLAT_HIGH_RATE,FLAT_HIGH_RATE_NORMAL,FLAT_HIGH_RATE_NORMAL
2025-08-21,-0.000264929185862675,38.92535981272967,-0.015057248479808827,0.0,0.0,NON_RISK,FLAT_HIGH_RATE_NORMAL,,FLAT_HIGH_RATE,FLAT_HIGH_RATE_NORMAL,FLAT_HIGH_RATE_NORMAL
2025-08-22,0.006550108857171951,39.18032515680763,-0.00860576623926912,0.0,0.0,NON_RISK,FLAT_HIGH_RATE_NORMAL,,FLAT_HIGH_RATE,FLAT_HIGH_RATE_NORMAL,FLAT_HIGH_RATE_NORMAL
2025-08-25,0.00010576828003695349,39.18446919241076,-0.00850090817632565,0.0,0.0,NON_RISK,FLAT_HIGH_RATE_NORMAL,,FLAT_HIGH_RATE,FLAT_HIGH_RATE_NORMAL,FLAT_HIGH_RATE_NORMAL
2025-08-26,0.0006659006625711881,39.210562156408486,-0.007840668274141538,0.0,0.0,NON_RISK,FLAT_HIGH_RATE_NORMAL,,FLAT_HIGH_RATE,FLAT_HIGH_RATE_NORMAL,FLAT_HIGH_RATE_NORMAL
2025-08-27,0.001610072362277219,39.27369399884587,-0.006243219955154311,0.0,0.0,NON_RISK,FLAT_HIGH_RATE_NORMAL,,FLAT_HIGH_RATE,FLAT_HIGH_RATE_NORMAL,FLAT_HIGH_RATE_NORMAL
2025-08-28,0.005029313479976265,39.47121371748273,-0.0012453055854568795,0.0,0.0,NON_RISK,FLAT_HIGH_RATE_NORMAL,,FLAT_HIGH_RATE,FLAT_HIGH_RATE_NORMAL,FLAT_HIGH_RATE_NORMAL
2025-08-29,0.0028232206501338855,39.58264966313578,0.0,0.0,0.0,NON_RISK,FLAT_HIGH_RATE_NORMAL,,FLAT_HIGH_RATE,FLAT_HIGH_RATE_NORMAL,FLAT_HIGH_RATE_NORMAL
2025-09-02,0.010552509833243202,40.000345962931846,0.0,0.018838911906987,9.4194559534935e-06,NON_RISK,FLAT_HIGH_RATE_NORMAL,,FLAT_HIGH_RATE,FLAT_HIGH_RATE_NORMAL,FLAT_HIGH_RATE_NORMAL
2025-09-03,0.0006239589662743461,40.02530453744949,0.0,0.0,0.0,NON_RISK,FLAT_HIGH_RATE_NORMAL,,FLAT_HIGH_RATE,FLAT_HIGH_RATE_NORMAL,FLAT_HIGH_RATE_NORMAL
2025-09-04,-0.0017510589250192834,39.95521787071258,-0.0017510589250192554,0.0,0.0,NON_RISK,FLAT_HIGH_RATE_NORMAL,,FLAT_HIGH_RATE,FLAT_HIGH_RATE_NORMAL,FLAT_HIGH_RATE_NORMAL
2025-09-05,0.00294795266546172,40.07300396173365,0.0,0.0,0.0,NON_RISK,FLAT_HIGH_RATE_NORMAL,,FLAT_HIGH_RATE,FLAT_HIGH_RATE_NORMAL,FLAT_HIGH_RATE_NORMAL
2025-09-08,0.006575846713052525,40.33651789311756,0.0,0.0,0.0,NON_RISK,FLAT_HIGH_RATE_NORMAL,,FLAT_HIGH_RATE,FLAT_HIGH_RATE_NORMAL,FLAT_HIGH_RATE_NORMAL
2025-09-09,-0.0006833433511195617,40.308954201807985,-0.0006833433511195253,0.0,0.0,NON_RISK,FLAT_HIGH_RATE_NORMAL,,FLAT_HIGH_RATE,FLAT_HIGH_RATE_NORMAL,FLAT_HIGH_RATE_NORMAL
2025-09-10,0.0042595986541418135,40.48065416887587,0.0,0.0,0.0,NON_RISK,FLAT_HIGH_RATE_NORMAL,,FLAT_HIGH_RATE,FLAT_HIGH_RATE_NORMAL,FLAT_HIGH_RATE_NORMAL
2025-09-11,-0.0022713599555053364,40.38870803202403,-0.0022713599555053143,0.0,0.0,NON_RISK,FLAT_HIGH_RATE_NORMAL,,FLAT_HIGH_RATE,FLAT_HIGH_RATE_NORMAL,FLAT_HIGH_RATE_NORMAL
2025-09-12,0.0012994045911910014,40.44118930467311,-0.0009749067798688893,0.0,0.0,NON_RISK,FLAT_HIGH_RATE_NORMAL,,FLAT_HIGH_RATE,FLAT_HIGH_RATE_NORMAL,FLAT_HIGH_RATE_NORMAL
2025-09-15,0.006426736864928602,40.701094186839015,0.0,0.0,0.0,NON_RISK,FLAT_HIGH_RATE_NORMAL,,FLAT_HIGH_RATE,FLAT_HIGH_RATE_NORMAL,FLAT_HIGH_RATE_NORMAL
2025-09-16,0.004129111886974901,40.86915355865877,0.0,0.0,0.0,NON_RISK,FLAT_HIGH_RATE_NORMAL,,FLAT_HIGH_RATE,FLAT_HIGH_RATE_NORMAL,FLAT_HIGH_RATE_NORMAL
2025-09-17,-0.006415194469815042,40.60696999076324,-0.006415194469815089,0.0,0.0,NON_RISK,FLAT_HIGH_RATE_NORMAL,,FLAT_HIGH_RATE,FLAT_HIGH_RATE_NORMAL,FLAT_HIGH_RATE_NORMAL
2025-09-18,-0.0038641299864020256,40.450059380365005,-0.010254535310897706,0.0,0.0,NON_RISK,FLAT_HIGH_RATE_NORMAL,,FLAT_HIGH_RATE,FLAT_HIGH_RATE_NORMAL,FLAT_HIGH_RATE_NORMAL
2025-09-19,0.00010937579509053648,40.45448363777119,-0.010146281113760147,0.0,0.0,NON_RISK,FLAT_HIGH_RATE_NORMAL,,FLAT_HIGH_RATE,FLAT_HIGH_RATE_NORMAL,FLAT_HIGH_RATE_NORMAL
2025-09-22,0.004064443296848332,40.618908592620194,-0.006123076801172522,0.0,0.0,NON_RISK,FLAT_HIGH_RATE_NORMAL,,FLAT_HIGH_RATE,FLAT_HIGH_RATE_NORMAL,FLAT_HIGH_RATE_NORMAL
2025-09-23,0.005612977615767298,40.846901617327475,-0.0005444678784296553,0.0,0.0,NON_RISK,FLAT_HIGH_RATE_NORMAL,,FLAT_HIGH_RATE,FLAT_HIGH_RATE_NORMAL,FLAT_HIGH_RATE_NORMAL
2025-09-24,-0.001370090769899307,40.79093765444259,-0.0019138126779142395,0.0,0.0,NON_RISK,FLAT_HIGH_RATE_NORMAL,,FLAT_HIGH_RATE,FLAT_HIGH_RATE_NORMAL,FLAT_HIGH_RATE_NORMAL
2025-09-25,0.002577081555128837,40.896059227488266,0.0,0.0,0.0,NON_RISK,FLAT_HIGH_RATE_NORMAL,,FLAT_HIGH_RATE,FLAT_HIGH_RATE_NORMAL,FLAT_HIGH_RATE_NORMAL
2025-09-26,0.0015121103619301017,40.957898582408255,0.0,0.0,0.0,NON_RISK,FLAT_HIGH_RATE_NORMAL,,FLAT_HIGH_RATE,FLAT_HIGH_RATE_NORMAL,FLAT_HIGH_RATE_NORMAL
2025-09-29,0.002946651331449148,41.078587228799464,0.0,0.0,0.0,NON_RISK,FLAT_HIGH_RATE_NORMAL,,FLAT_HIGH_RATE,FLAT_HIGH_RATE_NORMAL,FLAT_HIGH_RATE_NORMAL
2025-09-30,0.000865998909630863,41.11416124054878,0.0,0.0,0.0,NON_RISK,FLAT_HIGH_RATE_NORMAL,,FLAT_HIGH_RATE,FLAT_HIGH_RATE_NORMAL,FLAT_HIGH_RATE_NORMAL
2025-10-01,0.001259925953485584,41.16596203935154,0.0,0.05304264459258229,2.6521322296291146e-05,NON_RISK,FLAT_HIGH_RATE_NORMAL,,FLAT_HIGH_RATE,FLAT_HIGH_RATE_NORMAL,FLAT_HIGH_RATE_NORMAL
2025-10-02,-0.00263234249014501,41.05759912832766,-0.00263234249014499,0.0,0.0,NON_RISK,FLAT_HIGH_RATE_NORMAL,,FLAT_HIGH_RATE,FLAT_HIGH_RATE_NORMAL,FLAT_HIGH_RATE_NORMAL
2025-10-03,0.002561296599597165,41.16275981736267,-7.778810041680906e-05,0.0,0.0,NON_RISK,FLAT_HIGH_RATE_NORMAL,,FLAT_HIGH_RATE,FLAT_HIGH_RATE_NORMAL,FLAT_HIGH_RATE_NORMAL
2025-10-06,0.007567800043138636,41.474271352884216,0.0,0.0,0.0,NON_RISK,FLAT_HIGH_RATE_NORMAL,,FLAT_HIGH_RATE,FLAT_HIGH_RATE_NORMAL,FLAT_HIGH_RATE_NORMAL
2025-10-07,0.0037387784227881178,41.62933446371923,0.0,0.0,0.0,NON_RISK,FLAT_HIGH_RATE_NORMAL,,FLAT_HIGH_RATE,FLAT_HIGH_RATE_NORMAL,FLAT_HIGH_RATE_NORMAL
2025-10-08,0.0054207545912432166,41.85499686964384,0.0,0.0,0.0,NON_RISK,FLAT_HIGH_RATE_NORMAL,,FLAT_HIGH_RATE,FLAT_HIGH_RATE_NORMAL,FLAT_HIGH_RATE_NORMAL
2025-10-09,-0.008591080015107739,41.495417242504644,-0.008591080015107777,0.0,0.0,NON_RISK,FLAT_HIGH_RATE_NORMAL,,FLAT_HIGH_RATE,FLAT_HIGH_RATE_NORMAL,FLAT_HIGH_RATE_NORMAL
2025-10-10,-0.0008758710349980802,41.45907260845677,-0.009459426371961399,0.0,0.0,NON_RISK,FLAT_HIGH_RATE_NORMAL,,FLAT_HIGH_RATE,FLAT_HIGH_RATE_NORMAL,FLAT_HIGH_RATE_NORMAL
2025-10-13,0.011298495840437335,41.92749776787181,0.0,0.0,0.0,NON_RISK,FLAT_HIGH_RATE_NORMAL,,FLAT_HIGH_RATE,FLAT_HIGH_RATE_NORMAL,FLAT_HIGH_RATE_NORMAL
2025-10-14,-0.00018856300079313996,41.919591793076954,-0.00018856300079317379,0.0,0.0,NON_RISK,FLAT_HIGH_RATE_NORMAL,,FLAT_HIGH_RATE,FLAT_HIGH_RATE_NORMAL,FLAT_HIGH_RATE_NORMAL
2025-10-15,0.005828056425056101,42.16390153936233,0.0,0.0,0.0,NON_RISK,FLAT_HIGH_RATE_NORMAL,,FLAT_HIGH_RATE,FLAT_HIGH_RATE_NORMAL,FLAT_HIGH_RATE_NORMAL
2025-10-16,0.008319843138637891,42.5146985862828,0.0,0.0,0.0,NON_RISK,FLAT_HIGH_RATE_NORMAL,,FLAT_HIGH_RATE,FLAT_HIGH_RATE_NORMAL,FLAT_HIGH_RATE_NORMAL
2025-10-17,-0.0065656840719513975,42.235560506951025,-0.006565684071951461,0.0,0.0,NON_RISK,FLAT_HIGH_RATE_NORMAL,,FLAT_HIGH_RATE,FLAT_HIGH_RATE_NORMAL,FLAT_HIGH_RATE_NORMAL
2025-10-20,0.014428677457317391,42.84496378673484,0.0,0.0,0.0,NON_RISK,FLAT_HIGH_RATE_NORMAL,,FLAT_HIGH_RATE,FLAT_HIGH_RATE_NORMAL,FLAT_HIGH_RATE_NORMAL
2025-10-21,-0.021611452150125957,41.91902190198394,-0.021611452150125943,0.0,0.0,NON_RISK,FLAT_HIGH_RATE_NORMAL,,FLAT_HIGH_RATE,FLAT_HIGH_RATE_NORMAL,FLAT_HIGH_RATE_NORMAL
2025-10-22,0.00486830355503556,42.12309642533298,-0.016848359704422333,0.0,0.0,NON_RISK,FLAT_HIGH_RATE_NORMAL,,FLAT_HIGH_RATE,FLAT_HIGH_RATE_NORMAL,FLAT_HIGH_RATE_NORMAL
2025-10-23,0.004971244096819384,42.33250061977718,-0.011960872916324417,0.0,0.0,NON_RISK,FLAT_HIGH_RATE_NORMAL,,FLAT_HIGH_RATE,FLAT_HIGH_RATE_NORMAL,FLAT_HIGH_RATE_NORMAL
2025-10-24,-0.0005034850828402263,42.31118683719579,-0.012458335878073656,0.0,0.0,NON_RISK,FLAT_HIGH_RATE_NORMAL,,FLAT_HIGH_RATE,FLAT_HIGH_RATE_NORMAL,FLAT_HIGH_RATE_NORMAL
2025-10-27,-0.008999072596410211,41.93042539520759,-0.021345295005486542,0.0,0.0,NON_RISK,FLAT_HIGH_RATE_NORMAL,,FLAT_HIGH_RATE,FLAT_HIGH_RATE_NORMAL,FLAT_HIGH_RATE_NORMAL
2025-10-28,-0.004544439440025285,41.739875116304574,-0.025792732045029965,0.0,0.0,NON_RISK,FLAT_HIGH_RATE_NORMAL,,FLAT_HIGH_RATE,FLAT_HIGH_RATE_NORMAL,FLAT_HIGH_RATE_NORMAL
2025-10-29,-0.002121771255765132,41.65131264906357,-0.02785977702333431,0.0,0.0,NON_RISK,FLAT_HIGH_RATE_NORMAL,,FLAT_HIGH_RATE,FLAT_HIGH_RATE_NORMAL,FLAT_HIGH_RATE_NORMAL
2025-10-30,0.005440099246114239,41.87789992360541,-0.022571237729201554,0.0,0.0,NON_RISK,FLAT_HIGH_RATE_NORMAL,,FLAT_HIGH_RATE,FLAT_HIGH_RATE_NORMAL,FLAT_HIGH_RATE_NORMAL
2025-10-31,0.00065325819609687,41.90525700496583,-0.021932724379147395,0.0,0.0,NON_RISK,FLAT_HIGH_RATE_NORMAL,,FLAT_HIGH_RATE,FLAT_HIGH_RATE_NORMAL,FLAT_HIGH_RATE_NORMAL
2025-11-03,0.002929142153343157,42.02800345970575,-0.019067826293320933,0.15126755805389025,7.563377902694512e-05,NON_RISK,FLAT_HIGH_RATE_NORMAL,,FLAT_HIGH_RATE,FLAT_HIGH_RATE_NORMAL,FLAT_HIGH_RATE_NORMAL
2025-11-04,-0.006036517395586095,41.77430068571948,-0.02498924042379147,0.0,0.0,NON_RISK,FLAT_HIGH_RATE_NORMAL,,FLAT_HIGH_RATE,FLAT_HIGH_RATE_NORMAL,FLAT_HIGH_RATE_NORMAL
2025-11-05,-0.0004636730966531637,41.754931066360015,-0.025441326681954313,0.0,0.0,NON_RISK,FLAT_HIGH_RATE_NORMAL,,FLAT_HIGH_RATE,FLAT_HIGH_RATE_NORMAL,FLAT_HIGH_RATE_NORMAL
2025-11-06,0.002263636140065595,41.849449037347775,-0.02323528044841716,0.0,0.0,NON_RISK,FLAT_HIGH_RATE_NORMAL,,FLAT_HIGH_RATE,FLAT_HIGH_RATE_NORMAL,FLAT_HIGH_RATE_NORMAL
2025-11-07,0.0023590066593817127,41.94817216631834,-0.020931085970345875,0.0,0.0,NON_RISK,FLAT_HIGH_RATE_NORMAL,,FLAT_HIGH_RATE,FLAT_HIGH_RATE_NORMAL,FLAT_HIGH_RATE_NORMAL
2025-11-10,0.0096914269406977,42.354709812164025,-0.01144251112011907,0.0,0.0,NON_RISK,FLAT_HIGH_RATE_NORMAL,,FLAT_HIGH_RATE,FLAT_HIGH_RATE_NORMAL,FLAT_HIGH_RATE_NORMAL
2025-11-11,0.004561111339429476,42.54789435936653,-0.006933590347911078,0.0,0.0,NON_RISK,FLAT_HIGH_RATE_NORMAL,,FLAT_HIGH_RATE,FLAT_HIGH_RATE_NORMAL,FLAT_HIGH_RATE_NORMAL
2025-11-12,-0.0005041657396170954,42.52644316873769,-0.007434260408822224,0.0,0.0,NON_RISK,FLAT_HIGH_RATE_NORMAL,,FLAT_HIGH_RATE,FLAT_HIGH_RATE_NORMAL,FLAT_HIGH_RATE_NORMAL
2025-11-13,-0.004925038212438855,42.31699881109255,-0.012322684604666345,0.0,0.0,NON_RISK,FLAT_HIGH_RATE_NORMAL,,FLAT_HIGH_RATE,FLAT_HIGH_RATE_NORMAL,FLAT_HIGH_RATE_NORMAL
2025-11-14,-0.00388508827440491,42.15259353520357,-0.016159898161604458,0.0,0.0,NON_RISK,FLAT_HIGH_RATE_NORMAL,,FLAT_HIGH_RATE,FLAT_HIGH_RATE_NORMAL,FLAT_HIGH_RATE_NORMAL
2025-11-17,-0.002602798631377255,42.04287882244114,-0.018720635832163546,0.0,0.0,NON_RISK,FLAT_HIGH_RATE_NORMAL,,FLAT_HIGH_RATE,FLAT_HIGH_RATE_NORMAL,FLAT_HIGH_RATE_NORMAL
2025-11-18,0.005404362144398866,42.27009376519069,-0.013417446783375198,0.0,0.0,NON_RISK,FLAT_HIGH_RATE_NORMAL,,FLAT_HIGH_RATE,FLAT_HIGH_RATE_NORMAL,FLAT_HIGH_RATE_NORMAL
2025-11-19,-0.0004837251425393529,42.24964665805897,-0.013894681569556644,1.551990432692366,0.000775995216346183,FULL_RISK,FLAT_HIGH_RATE_STRESS,VIX,FLAT_HIGH_RATE,FLAT_HIGH_RATE_STRESS,FLAT_HIGH_RATE_STRESS
2025-11-20,-0.00083892822409319,42.21420223701956,-0.014721953153116307,0.0,0.0,FULL_RISK,FLAT_HIGH_RATE_STRESS,VIX,FLAT_HIGH_RATE,FLAT_HIGH_RATE_STRESS,FLAT_HIGH_RATE_STRESS
2025-11-21,-0.00162390653683317,42.145650318059666,-0.016321952613989277,0.0,0.0,FULL_RISK,FLAT_HIGH_RATE_STRESS,VIX,FLAT_HIGH_RATE,FLAT_HIGH_RATE_STRESS,FLAT_HIGH_RATE_STRESS
2025-11-24,0.013487022158170419,42.71406963776984,-0.003055064992388279,0.0,0.0,FULL_RISK,FLAT_HIGH_RATE_STRESS,VIX,FLAT_HIGH_RATE,FLAT_HIGH_RATE_STRESS,FLAT_HIGH_RATE_STRESS
2025-11-25,0.00037787627431435,42.73021027126536,-0.002678343154651097,0.0,0.0,FULL_RISK,FLAT_HIGH_RATE_STRESS,VIX,FLAT_HIGH_RATE,FLAT_HIGH_RATE_STRESS,FLAT_HIGH_RATE_STRESS
2025-11-26,0.005350662937214839,42.95884522366322,0.0,1.551990432692366,0.000775995216346183,NON_RISK,FLAT_HIGH_RATE_NORMAL,,FLAT_HIGH_RATE,FLAT_HIGH_RATE_NORMAL,FLAT_HIGH_RATE_NORMAL
2025-11-28,0.007042872439219542,43.26139889070965,0.0,0.0,0.0,NON_RISK,FLAT_HIGH_RATE_NORMAL,,FLAT_HIGH_RATE,FLAT_HIGH_RATE_NORMAL,FLAT_HIGH_RATE_NORMAL
2025-12-01,-8.889468671790908e-05,43.257553182208284,-8.889468671791079e-05,0.0011053208142159099,5.52660407107955e-07,NON_RISK,FLAT_HIGH_RATE_NORMAL,,FLAT_HIGH_RATE,FLAT_HIGH_RATE_NORMAL,FLAT_HIGH_RATE_NORMAL
2025-12-02,-0.0027391427007539045,43.139064571156766,-0.0028277938922394164,0.0,0.0,NON_RISK,FLAT_HIGH_RATE_NORMAL,,FLAT_HIGH_RATE,FLAT_HIGH_RATE_NORMAL,FLAT_HIGH_RATE_NORMAL
2025-12-03,0.002411983845106134,43.24311529799539,-0.0004226306403186664,0.0,0.0,NON_RISK,FLAT_HIGH_RATE_NORMAL,,FLAT_HIGH_RATE,FLAT_HIGH_RATE_NORMAL,FLAT_HIGH_RATE_NORMAL
2025-12-04,-0.00011850358753077506,43.23799083369657,-0.0005410841446022996,0.0,0.0,NON_RISK,FLAT_HIGH_RATE_NORMAL,,FLAT_HIGH_RATE,FLAT_HIGH_RATE_NORMAL,FLAT_HIGH_RATE_NORMAL
2025-12-05,0.0010388360861900688,43.28290801886897,0.0,0.0,0.0,NON_RISK,FLAT_HIGH_RATE_NORMAL,,FLAT_HIGH_RATE,FLAT_HIGH_RATE_NORMAL,FLAT_HIGH_RATE_NORMAL
2025-12-08,-0.006088923842678211,43.01936168825243,-0.006088923842678229,0.0,0.0,NON_RISK,FLAT_HIGH_RATE_NORMAL,,FLAT_HIGH_RATE,FLAT_HIGH_RATE_NORMAL,FLAT_HIGH_RATE_NORMAL
2025-12-09,-0.0002428450999929436,43.008914647061616,-0.006330290277351769,0.0,0.0,NON_RISK,FLAT_HIGH_RATE_NORMAL,,FLAT_HIGH_RATE,FLAT_HIGH_RATE_NORMAL,FLAT_HIGH_RATE_NORMAL
2025-12-10,0.004532655764974334,43.20385925198191,-0.0018263275390969502,0.0,0.0,NON_RISK,FLAT_HIGH_RATE_NORMAL,,FLAT_HIGH_RATE,FLAT_HIGH_RATE_NORMAL,FLAT_HIGH_RATE_NORMAL
2025-12-11,0.0021352349133567866,43.296109640648496,0.0,0.0,0.0,NON_RISK,FLAT_HIGH_RATE_NORMAL,,FLAT_HIGH_RATE,FLAT_HIGH_RATE_NORMAL,FLAT_HIGH_RATE_NORMAL
2025-12-12,-0.002908635327425582,43.17017704660761,-0.0029086353274255794,0.0,0.0,NON_RISK,FLAT_HIGH_RATE_NORMAL,,FLAT_HIGH_RATE,FLAT_HIGH_RATE_NORMAL,FLAT_HIGH_RATE_NORMAL
2025-12-15,-0.001264807670034551,43.11557507556231,-0.0041697641331887025,0.0,0.0,NON_RISK,FLAT_HIGH_RATE_NORMAL,,FLAT_HIGH_RATE,FLAT_HIGH_RATE_NORMAL,FLAT_HIGH_RATE_NORMAL
2025-12-16,-0.002612762680058848,43.002924310075606,-0.006771632209135792,0.0,0.0,NON_RISK,FLAT_HIGH_RATE_NORMAL,,FLAT_HIGH_RATE,FLAT_HIGH_RATE_NORMAL,FLAT_HIGH_RATE_NORMAL
2025-12-17,0.006335038592065906,43.27534949515163,-0.00047949216844589415,0.0,0.0,NON_RISK,FLAT_HIGH_RATE_NORMAL,,FLAT_HIGH_RATE,FLAT_HIGH_RATE_NORMAL,FLAT_HIGH_RATE_NORMAL
2025-12-18,-0.0019977854759172446,43.18889463046497,-0.0024763197218732325,0.0,0.0,NON_RISK,FLAT_HIGH_RATE_NORMAL,,FLAT_HIGH_RATE,FLAT_HIGH_RATE_NORMAL,FLAT_HIGH_RATE_NORMAL
2025-12-19,0.0020011002660386217,43.275319938999914,-0.00048017481988871236,0.0,0.0,NON_RISK,FLAT_HIGH_RATE_NORMAL,,FLAT_HIGH_RATE,FLAT_HIGH_RATE_NORMAL,FLAT_HIGH_RATE_NORMAL
2025-12-22,0.00959084053910729,43.69036663181371,0.0,0.0,0.0,NON_RISK,FLAT_HIGH_RATE_NORMAL,,FLAT_HIGH_RATE,FLAT_HIGH_RATE_NORMAL,FLAT_HIGH_RATE_NORMAL
2025-12-23,0.007001578617576294,43.996268168617085,0.0,0.0,0.0,NON_RISK,FLAT_HIGH_RATE_NORMAL,,FLAT_HIGH_RATE,FLAT_HIGH_RATE_NORMAL,FLAT_HIGH_RATE_NORMAL
2025-12-24,-5.3569499115502944e-05,43.99391131056834,-5.356949911550224e-05,0.0,0.0,NON_RISK,FLAT_HIGH_RATE_NORMAL,,FLAT_HIGH_RATE,FLAT_HIGH_RATE_NORMAL,FLAT_HIGH_RATE_NORMAL
2025-12-26,0.004157101206674507,44.17679845236384,0.0,0.0,0.0,NON_RISK,FLAT_HIGH_RATE_NORMAL,,FLAT_HIGH_RATE,FLAT_HIGH_RATE_NORMAL,FLAT_HIGH_RATE_NORMAL
2025-12-29,-0.012667183170810866,43.617202854467756,-0.012667183170810836,0.0,0.0,NON_RISK,FLAT_HIGH_RATE_NORMAL,,FLAT_HIGH_RATE,FLAT_HIGH_RATE_NORMAL,FLAT_HIGH_RATE_NORMAL
2025-12-30,0.002253238947846269,43.71548283473555,-0.010442486413444585,0.0,0.0,NON_RISK,FLAT_HIGH_RATE_NORMAL,,FLAT_HIGH_RATE,FLAT_HIGH_RATE_NORMAL,FLAT_HIGH_RATE_NORMAL
2025-12-31,-0.007422366958586877,43.39101047936434,-0.01778734540591076,0.0,0.0,NON_RISK,FLAT_HIGH_RATE_NORMAL,,FLAT_HIGH_RATE,FLAT_HIGH_RATE_NORMAL,FLAT_HIGH_RATE_NORMAL
2026-01-02,0.0012668607941082048,43.44598084935738,-0.01654301870232866,0.008756243201707786,4.378121600853893e-06,NON_RISK,FLAT_HIGH_RATE_NORMAL,,FLAT_HIGH_RATE,FLAT_HIGH_RATE_NORMAL,FLAT_HIGH_RATE_NORMAL
2026-01-05,0.014125806367985952,44.059690362302625,-0.0026508958132739346,0.0,0.0,NON_RISK,FLAT_HIGH_RATE_NORMAL,,FLAT_HIGH_RATE,FLAT_HIGH_RATE_NORMAL,FLAT_HIGH_RATE_NORMAL
2026-01-06,0.001923754912181185,44.144450408066284,-0.0007322405749352612,0.0,0.0,NON_RISK,FLAT_HIGH_RATE_NORMAL,,FLAT_HIGH_RATE,FLAT_HIGH_RATE_NORMAL,FLAT_HIGH_RATE_NORMAL
2026-01-07,-0.004855595254243997,43.93010282416367,-0.00558428036531855,0.0,0.0,NON_RISK,FLAT_HIGH_RATE_NORMAL,,FLAT_HIGH_RATE,FLAT_HIGH_RATE_NORMAL,FLAT_HIGH_RATE_NORMAL
2026-01-08,0.004889589957696426,44.144903013773266,-0.0007219952488174419,0.0,0.0,NON_RISK,FLAT_HIGH_RATE_NORMAL,,FLAT_HIGH_RATE,FLAT_HIGH_RATE_NORMAL,FLAT_HIGH_RATE_NORMAL
2026-01-09,0.0023839850006556907,44.250143800413504,0.0,0.0,0.0,NON_RISK,FLAT_HIGH_RATE_NORMAL,,FLAT_HIGH_RATE,FLAT_HIGH_RATE_NORMAL,FLAT_HIGH_RATE_NORMAL
2026-01-12,0.00843385847920432,44.62334325091063,0.0,0.0,0.0,NON_RISK,FLAT_HIGH_RATE_NORMAL,,FLAT_HIGH_RATE,FLAT_HIGH_RATE_NORMAL,FLAT_HIGH_RATE_NORMAL
2026-01-13,0.003134369280859294,44.76320928720552,0.0,0.0,0.0,NON_RISK,FLAT_HIGH_RATE_NORMAL,,FLAT_HIGH_RATE,FLAT_HIGH_RATE_NORMAL,FLAT_HIGH_RATE_NORMAL
2026-01-14,0.0034064591150349617,44.91569332950014,0.0,0.0,0.0,NON_RISK,FLAT_HIGH_RATE_NORMAL,,FLAT_HIGH_RATE,FLAT_HIGH_RATE_NORMAL,FLAT_HIGH_RATE_NORMAL
2026-01-15,-0.005263482849727348,44.6792803479767,-0.00526348284972733,0.0,0.0,NON_RISK,FLAT_HIGH_RATE_NORMAL,,FLAT_HIGH_RATE,FLAT_HIGH_RATE_NORMAL,FLAT_HIGH_RATE_NORMAL
2026-01-16,-0.0032527470356850125,44.533949951268276,-0.008499109107175551,0.0,0.0,NON_RISK,FLAT_HIGH_RATE_NORMAL,,FLAT_HIGH_RATE,FLAT_HIGH_RATE_NORMAL,FLAT_HIGH_RATE_NORMAL
2026-01-20,0.01199418836801188,45.068098535755404,0.0,0.0,0.0,NON_RISK,FLAT_HIGH_RATE_NORMAL,,FLAT_HIGH_RATE,FLAT_HIGH_RATE_NORMAL,FLAT_HIGH_RATE_NORMAL
2026-01-21,0.008621972083034751,45.45667442316614,0.0,0.0,0.0,NON_RISK,FLAT_HIGH_RATE_NORMAL,,FLAT_HIGH_RATE,FLAT_HIGH_RATE_NORMAL,FLAT_HIGH_RATE_NORMAL
2026-01-22,0.003863400446625326,45.63229175943471,0.0,0.0,0.0,NON_RISK,FLAT_HIGH_RATE_NORMAL,,FLAT_HIGH_RATE,FLAT_HIGH_RATE_NORMAL,FLAT_HIGH_RATE_NORMAL
2026-01-23,0.010734195082993963,46.12211768126458,0.0,0.0,0.0,NON_RISK,FLAT_HIGH_RATE_NORMAL,,FLAT_HIGH_RATE,FLAT_HIGH_RATE_NORMAL,FLAT_HIGH_RATE_NORMAL
2026-01-26,0.00553252495188822,46.3772894481701,0.0,0.0,0.0,NON_RISK,FLAT_HIGH_RATE_NORMAL,,FLAT_HIGH_RATE,FLAT_HIGH_RATE_NORMAL,FLAT_HIGH_RATE_NORMAL
2026-01-27,0.010103703724829405,46.84587184031508,0.0,0.0,0.0,NON_RISK,FLAT_HIGH_RATE_NORMAL,,FLAT_HIGH_RATE,FLAT_HIGH_RATE_NORMAL,FLAT_HIGH_RATE_NORMAL
2026-01-28,0.013140416759906931,47.461446119778,0.0,0.0,0.0,NON_RISK,FLAT_HIGH_RATE_NORMAL,,FLAT_HIGH_RATE,FLAT_HIGH_RATE_NORMAL,FLAT_HIGH_RATE_NORMAL
2026-01-29,0.0064961970233596115,47.76976502478565,0.0,0.0,0.0,NON_RISK,FLAT_HIGH_RATE_NORMAL,,FLAT_HIGH_RATE,FLAT_HIGH_RATE_NORMAL,FLAT_HIGH_RATE_NORMAL
2026-01-30,-0.035932757373717025,46.05326564835055,-0.03593275737371704,0.0,0.0,NON_RISK,FLAT_HIGH_RATE_NORMAL,,FLAT_HIGH_RATE,FLAT_HIGH_RATE_NORMAL,FLAT_HIGH_RATE_NORMAL
2026-02-02,-0.0234024670720957,44.975505615452555,-0.05849430927456467,0.029803904278800836,1.4901952139400418e-05,NON_RISK,FLAT_HIGH_RATE_NORMAL,,FLAT_HIGH_RATE,FLAT_HIGH_RATE_NORMAL,FLAT_HIGH_RATE_NORMAL
2026-02-03,0.023658747047781942,46.039569726154646,-0.03621946429364431,0.0,0.0,NON_RISK,FLAT_HIGH_RATE_NORMAL,,FLAT_HIGH_RATE,FLAT_HIGH_RATE_NORMAL,FLAT_HIGH_RATE_NORMAL
2026-02-04,0.0004254770058326597,46.05915850443156,-0.035809397837032075,0.0,0.0,NON_RISK,FLAT_HIGH_RATE_NORMAL,,FLAT_HIGH_RATE,FLAT_HIGH_RATE_NORMAL,FLAT_HIGH_RATE_NORMAL
2026-02-05,-0.01013817389094487,45.59220274624304,-0.0455845298257751,0.0,0.0,NON_RISK,FLAT_HIGH_RATE_NORMAL,,FLAT_HIGH_RATE,FLAT_HIGH_RATE_NORMAL,FLAT_HIGH_RATE_NORMAL
2026-02-06,0.010461870940971984,46.06918248728886,-0.0355995583527452,0.0,0.0,NON_RISK,FLAT_HIGH_RATE_NORMAL,,FLAT_HIGH_RATE,FLAT_HIGH_RATE_NORMAL,FLAT_HIGH_RATE_NORMAL
2026-02-09,0.009243472659109672,46.495021716037655,-0.026685149237945516,0.0,0.0,NON_RISK,FLAT_HIGH_RATE_NORMAL,,FLAT_HIGH_RATE,FLAT_HIGH_RATE_NORMAL,FLAT_HIGH_RATE_NORMAL
2026-02-10,-0.0020772128816363817,46.39844165799714,-0.028706931383836398,0.0,0.0,NON_RISK,FLAT_HIGH_RATE_NORMAL,,FLAT_HIGH_RATE,FLAT_HIGH_RATE_NORMAL,FLAT_HIGH_RATE_NORMAL
2026-02-11,0.00496361065508739,46.628745457390224,-0.023885810759240678,0.0,0.0,NON_RISK,FLAT_HIGH_RATE_NORMAL,,FLAT_HIGH_RATE,FLAT_HIGH_RATE_NORMAL,FLAT_HIGH_RATE_NORMAL
2026-02-12,-0.01390907167308765,45.980182894797224,-0.03746265297850826,0.0,0.0,NON_RISK,FLAT_HIGH_RATE_NORMAL,,FLAT_HIGH_RATE,FLAT_HIGH_RATE_NORMAL,FLAT_HIGH_RATE_NORMAL
2026-02-13,0.008003555080009207,46.34818782118463,-0.029758932305055774,0.0,0.0,NON_RISK,FLAT_HIGH_RATE_NORMAL,,FLAT_HIGH_RATE,FLAT_HIGH_RATE_NORMAL,FLAT_HIGH_RATE_NORMAL
2026-02-17,-0.01123320244644012,45.82754924436363,-0.04065784664032335,0.0,0.0,NON_RISK,FLAT_HIGH_RATE_NORMAL,,FLAT_HIGH_RATE,FLAT_HIGH_RATE_NORMAL,FLAT_HIGH_RATE_NORMAL
2026-02-18,0.014167847314007057,46.47682696483291,-0.02706603348963288,0.0,0.0,NON_RISK,FLAT_HIGH_RATE_NORMAL,,FLAT_HIGH_RATE,FLAT_HIGH_RATE_NORMAL,FLAT_HIGH_RATE_NORMAL
2026-02-19,0.0045314146058488105,46.68743273737486,-0.02265726630326126,0.0,0.0,NON_RISK,FLAT_HIGH_RATE_NORMAL,,FLAT_HIGH_RATE,FLAT_HIGH_RATE_NORMAL,FLAT_HIGH_RATE_NORMAL
2026-02-20,0.006793682346422657,47.004612324962565,-0.0160175102269412,0.0,0.0,NON_RISK,FLAT_HIGH_RATE_NORMAL,,FLAT_HIGH_RATE,FLAT_HIGH_RATE_NORMAL,FLAT_HIGH_RATE_NORMAL
2026-02-23,0.00939443883143948,47.44619428024495,-0.0067735469155606465,0.0,0.0,NON_RISK,FLAT_HIGH_RATE_NORMAL,,FLAT_HIGH_RATE,FLAT_HIGH_RATE_NORMAL,FLAT_HIGH_RATE_NORMAL
2026-02-24,-0.0034054639545925652,47.28461797584099,-0.010155943800287504,0.0,0.0,NON_RISK,FLAT_HIGH_RATE_NORMAL,,FLAT_HIGH_RATE,FLAT_HIGH_RATE_NORMAL,FLAT_HIGH_RATE_NORMAL
2026-02-25,-0.0003641309000550228,47.26740018533869,-0.01051637660738558,0.0,0.0,NON_RISK,FLAT_HIGH_RATE_NORMAL,,FLAT_HIGH_RATE,FLAT_HIGH_RATE_NORMAL,FLAT_HIGH_RATE_NORMAL
2026-02-26,0.002988369394834078,47.408652637425924,-0.007559434030549594,0.0,0.0,NON_RISK,FLAT_HIGH_RATE_NORMAL,,FLAT_HIGH_RATE,FLAT_HIGH_RATE_NORMAL,FLAT_HIGH_RATE_NORMAL
2026-02-27,0.009714199324782472,47.86918973886525,0.0,0.0,0.0,NON_RISK,FLAT_HIGH_RATE_NORMAL,,FLAT_HIGH_RATE,FLAT_HIGH_RATE_NORMAL,FLAT_HIGH_RATE_NORMAL
2026-03-02,0.011372557803770573,48.41358486619016,0.0,0.005129040024097226,2.564520012048613e-06,NON_RISK,FLAT_HIGH_RATE_NORMAL,,FLAT_HIGH_RATE,FLAT_HIGH_RATE_NORMAL,FLAT_HIGH_RATE_NORMAL
2026-03-03,-0.008205930731997445,48.01630634229053,-0.00820593073199749,0.0,0.0,NON_RISK,FLAT_HIGH_RATE_NORMAL,,FLAT_HIGH_RATE,FLAT_HIGH_RATE_NORMAL,FLAT_HIGH_RATE_NORMAL
2026-03-04,0.0042813933385250635,48.22188303640499,-0.003959670210644695,0.0,0.0,NON_RISK,FLAT_HIGH_RATE_NORMAL,,FLAT_HIGH_RATE,FLAT_HIGH_RATE_NORMAL,FLAT_HIGH_RATE_NORMAL
2026-03-05,0.0019635002548515383,48.31656671603639,-0.0020039447692609125,0.0,0.0,NON_RISK,FLAT_HIGH_RATE_NORMAL,,FLAT_HIGH_RATE,FLAT_HIGH_RATE_NORMAL,FLAT_HIGH_RATE_NORMAL
2026-03-06,0.01768134386581964,49.170868546558445,0.0,0.0,0.0,NON_RISK,FLAT_HIGH_RATE_NORMAL,,FLAT_HIGH_RATE,FLAT_HIGH_RATE_NORMAL,FLAT_HIGH_RATE_NORMAL
2026-03-09,-0.0032538900381849905,49.010871947225894,-0.0032538900381849922,1.5843162193345612,0.0007921581096672806,FULL_RISK,FLAT_HIGH_RATE_STRESS,VIX,FLAT_HIGH_RATE,FLAT_HIGH_RATE_STRESS,FLAT_HIGH_RATE_STRESS
2026-03-10,0.010377704728431232,49.51949230477716,0.0,0.0,0.0,FULL_RISK,FLAT_HIGH_RATE_STRESS,VIX,FLAT_HIGH_RATE,FLAT_HIGH_RATE_STRESS,FLAT_HIGH_RATE_STRESS
2026-03-11,-0.00271287445028702,49.385152139312346,-0.002712874450287006,0.0,0.0,FULL_RISK,FLAT_HIGH_RATE_STRESS,VIX,FLAT_HIGH_RATE,FLAT_HIGH_RATE_STRESS,FLAT_HIGH_RATE_STRESS
2026-03-12,-0.017501270014966062,48.520849256992065,-0.02016666571698178,0.0,0.0,FULL_RISK,FLAT_HIGH_RATE_STRESS,VIX,FLAT_HIGH_RATE,FLAT_HIGH_RATE_STRESS,FLAT_HIGH_RATE_STRESS
2026-03-13,-0.01164326515074063,47.95590814375379,-0.03157512503157334,0.0,0.0,FULL_RISK,FLAT_HIGH_RATE_STRESS,VIX,FLAT_HIGH_RATE,FLAT_HIGH_RATE_STRESS,FLAT_HIGH_RATE_STRESS
2026-03-16,-0.00192221137706426,47.863726751522414,-0.033436642344069734,0.0,0.0,FULL_RISK,FLAT_HIGH_RATE_STRESS,VIX,FLAT_HIGH_RATE,FLAT_HIGH_RATE_STRESS,FLAT_HIGH_RATE_STRESS
2026-03-17,-0.00162473045589811,47.78596109693643,-0.03500704726880843,0.0,0.0,FULL_RISK,FLAT_HIGH_RATE_STRESS,VIX,FLAT_HIGH_RATE,FLAT_HIGH_RATE_STRESS,FLAT_HIGH_RATE_STRESS
2026-03-18,0.0099940270111224,48.26353528289167,-0.025362881633669954,1.8,0.0009,FULL_RISK,FLAT_HIGH_RATE_STRESS,VIX,FLAT_HIGH_RATE,FLAT_HIGH_RATE_STRESS,FLAT_HIGH_RATE_STRESS
2026-03-19,0.0022296345701446,48.3711453296358,-0.023189797021214154,0.0,0.0,FULL_RISK,FLAT_HIGH_RATE_STRESS,VIX,FLAT_HIGH_RATE,FLAT_HIGH_RATE_STRESS,FLAT_HIGH_RATE_STRESS
2026-03-20,-0.004449348718572,48.155925236147525,-0.027535966246125865,0.0,0.0,FULL_RISK,FLAT_HIGH_RATE_STRESS,VIX,FLAT_HIGH_RATE,FLAT_HIGH_RATE_STRESS,FLAT_HIGH_RATE_STRESS
2026-03-23,-0.0003724479977563,48.13798965821322,-0.027898158528387507,0.0,0.0,FULL_RISK,FLAT_HIGH_RATE_STRESS,VIX,FLAT_HIGH_RATE,FLAT_HIGH_RATE_STRESS,FLAT_HIGH_RATE_STRESS
2026-03-24,0.001862862771099,48.22766412702306,-0.026087266198193126,0.0,0.0,FULL_RISK,FLAT_HIGH_RATE_STRESS,VIX,FLAT_HIGH_RATE,FLAT_HIGH_RATE_STRESS,FLAT_HIGH_RATE_STRESS
2026-03-25,0.0026031869249933,48.3532097517015,-0.023551989303475684,0.0,0.0,FULL_RISK,FLAT_HIGH_RATE_STRESS,VIX,FLAT_HIGH_RATE,FLAT_HIGH_RATE_STRESS,FLAT_HIGH_RATE_STRESS
2026-03-26,0.0055638550064081,48.62223999985441,-0.018119174150664552,0.0,0.0,FULL_RISK,FLAT_HIGH_RATE_STRESS,VIX,FLAT_HIGH_RATE,FLAT_HIGH_RATE_STRESS,FLAT_HIGH_RATE_STRESS
2026-03-27,0.0022131857097589,48.72985004659856,-0.01594608953820853,0.0,0.0,FULL_RISK,FLAT_HIGH_RATE_STRESS,VIX,FLAT_HIGH_RATE,FLAT_HIGH_RATE_STRESS,FLAT_HIGH_RATE_STRESS
2026-03-30,-0.0018402369127769,48.640175577788725,-0.017756981868402688,0.0,0.0,FULL_RISK,FLAT_HIGH_RATE_STRESS,VIX,FLAT_HIGH_RATE,FLAT_HIGH_RATE_STRESS,FLAT_HIGH_RATE_STRESS
2026-03-31,0.00737458884225,48.99887687388977,-0.010513343466511338,0.0,0.0,FULL_RISK,FLAT_HIGH_RATE_STRESS,VIX,FLAT_HIGH_RATE,FLAT_HIGH_RATE_STRESS,FLAT_HIGH_RATE_STRESS
2026-04-01,-0.0080526835948746,48.60430442192011,-0.018481366432926083,0.0,0.0,FULL_RISK,FLAT_HIGH_RATE_STRESS,VIX,FLAT_HIGH_RATE,FLAT_HIGH_RATE_STRESS,FLAT_HIGH_RATE_STRESS
2026-04-02,0.002214002402133,48.711914468664254,-0.01630828182047006,0.0,0.0,FULL_RISK,FLAT_HIGH_RATE_STRESS,VIX,FLAT_HIGH_RATE,FLAT_HIGH_RATE_STRESS,FLAT_HIGH_RATE_STRESS
2026-04-06,0.004418293074653,48.92713798301424,-0.011962043514443965,0.0,0.0,FULL_RISK,FLAT_HIGH_RATE_STRESS,VIX,FLAT_HIGH_RATE,FLAT_HIGH_RATE_STRESS,FLAT_HIGH_RATE_STRESS
2026-04-07,-0.0022283578810595797,48.818110809492104,-0.014163745681564532,2.0,0.001,NON_RISK,FLAT_HIGH_RATE_NORMAL,,FLAT_HIGH_RATE,FLAT_HIGH_RATE_NORMAL,FLAT_HIGH_RATE_NORMAL
2026-04-08,-0.01566562568702652,48.05334455880281,-0.029607487430417523,0.0,0.0,NON_RISK,FLAT_HIGH_RATE_NORMAL,,FLAT_HIGH_RATE,FLAT_HIGH_RATE_NORMAL,FLAT_HIGH_RATE_NORMAL
2026-04-09,0.0030255211741409796,48.19873097025376,-0.02667154433641039,0.0,0.0,NON_RISK,FLAT_HIGH_RATE_NORMAL,,FLAT_HIGH_RATE,FLAT_HIGH_RATE_NORMAL,FLAT_HIGH_RATE_NORMAL
2026-04-10,-0.00505935627490794,47.95487641827681,-0.0315959597661184,0.0,0.0,NON_RISK,FLAT_HIGH_RATE_NORMAL,,FLAT_HIGH_RATE,FLAT_HIGH_RATE_NORMAL,FLAT_HIGH_RATE_NORMAL
2026-04-13,0.010565937653711258,48.46156465270375,-0.021363863053405208,0.0,0.0,NON_RISK,FLAT_HIGH_RATE_NORMAL,,FLAT_HIGH_RATE,FLAT_HIGH_RATE_NORMAL,FLAT_HIGH_RATE_NORMAL
2026-04-14,-0.0011874916699168,48.40401694836753,-0.022525985313908814,0.0,0.0,NON_RISK,FLAT_HIGH_RATE_NORMAL,,FLAT_HIGH_RATE,FLAT_HIGH_RATE_NORMAL,FLAT_HIGH_RATE_NORMAL
2026-04-15,0.00016331019101275992,48.41192181762115,-0.022366353845860498,0.0,0.0,NON_RISK,FLAT_HIGH_RATE_NORMAL,,FLAT_HIGH_RATE,FLAT_HIGH_RATE_NORMAL,FLAT_HIGH_RATE_NORMAL
2026-04-16,0.0038576360202938406,48.59867739103645,-0.01859499907780504,0.0,0.0,NON_RISK,FLAT_HIGH_RATE_NORMAL,,FLAT_HIGH_RATE,FLAT_HIGH_RATE_NORMAL,FLAT_HIGH_RATE_NORMAL
2026-04-17,-0.014721354471778718,47.88323903430339,-0.03304260997675701,0.0,0.0,NON_RISK,FLAT_HIGH_RATE_NORMAL,,FLAT_HIGH_RATE,FLAT_HIGH_RATE_NORMAL,FLAT_HIGH_RATE_NORMAL
2026-04-20,0.007684084604041419,48.25117789415851,-0.02561242758331539,0.0,0.0,NON_RISK,FLAT_HIGH_RATE_NORMAL,,FLAT_HIGH_RATE,FLAT_HIGH_RATE_NORMAL,FLAT_HIGH_RATE_NORMAL
2026-04-21,0.00954808203455132,48.711884098955665,-0.016308895108433585,0.0,0.0,NON_RISK,FLAT_HIGH_RATE_NORMAL,,FLAT_HIGH_RATE,FLAT_HIGH_RATE_NORMAL,FLAT_HIGH_RATE_NORMAL
2026-04-22,0.0065814916099910395,49.0324809554598,-0.009834740354766836,0.0,0.0,NON_RISK,FLAT_HIGH_RATE_NORMAL,,FLAT_HIGH_RATE,FLAT_HIGH_RATE_NORMAL,FLAT_HIGH_RATE_NORMAL
2026-04-23,0.007098043589669959,49.38051564259132,-0.002806504180828062,0.0,0.0,NON_RISK,FLAT_HIGH_RATE_NORMAL,,FLAT_HIGH_RATE,FLAT_HIGH_RATE_NORMAL,FLAT_HIGH_RATE_NORMAL
2026-04-24,0.00019468465580248012,49.39012927128255,-0.002612365908326031,0.0,0.0,NON_RISK,FLAT_HIGH_RATE_NORMAL,,FLAT_HIGH_RATE,FLAT_HIGH_RATE_NORMAL,FLAT_HIGH_RATE_NORMAL
2026-04-27,0.00370067428900626,49.572906052807475,0.0,0.0,0.0,NON_RISK,FLAT_HIGH_RATE_NORMAL,,FLAT_HIGH_RATE,FLAT_HIGH_RATE_NORMAL,FLAT_HIGH_RATE_NORMAL
2026-04-28,0.004607472271733439,49.80131184287504,0.0,0.0,0.0,NON_RISK,FLAT_HIGH_RATE_NORMAL,,FLAT_HIGH_RATE,FLAT_HIGH_RATE_NORMAL,FLAT_HIGH_RATE_NORMAL
2026-04-29,0.012744398767689898,50.43599962015471,0.0,0.0,0.0,NON_RISK,FLAT_HIGH_RATE_NORMAL,,FLAT_HIGH_RATE,FLAT_HIGH_RATE_NORMAL,FLAT_HIGH_RATE_NORMAL
2026-04-30,0.00114558803407184,50.49377849780601,0.0,0.0,0.0,NON_RISK,FLAT_HIGH_RATE_NORMAL,,FLAT_HIGH_RATE,FLAT_HIGH_RATE_NORMAL,FLAT_HIGH_RATE_NORMAL
2026-05-01,-0.005290657761586639,50.22663319668476,-0.005290657761586659,0.0,0.0,NON_RISK,FLAT_HIGH_RATE_NORMAL,,FLAT_HIGH_RATE,FLAT_HIGH_RATE_NORMAL,FLAT_HIGH_RATE_NORMAL
2026-05-04,0.008648869257498578,50.661036780447226,0.0,0.0,0.0,NON_RISK,FLAT_HIGH_RATE_NORMAL,,FLAT_HIGH_RATE,FLAT_HIGH_RATE_NORMAL,FLAT_HIGH_RATE_NORMAL
2026-05-05,-0.00189632988583742,50.56496674235296,-0.0018963298858373223,0.0,0.0,NON_RISK,FLAT_HIGH_RATE_NORMAL,,FLAT_HIGH_RATE,FLAT_HIGH_RATE_NORMAL,FLAT_HIGH_RATE_NORMAL
2026-05-06,-0.0170497015314941,49.70284915144592,-0.018913699558772645,0.0,0.0,NON_RISK,FLAT_HIGH_RATE_NORMAL,,FLAT_HIGH_RATE,FLAT_HIGH_RATE_NORMAL,FLAT_HIGH_RATE_NORMAL
2026-05-07,-0.0004265993515830401,49.68164594822608,-0.019332230338387935,0.0,0.0,NON_RISK,FLAT_HIGH_RATE_NORMAL,,FLAT_HIGH_RATE,FLAT_HIGH_RATE_NORMAL,FLAT_HIGH_RATE_NORMAL
2026-05-08,0.00204757512910452,49.78337285084264,-0.017324239403314512,0.0,0.0,NON_RISK,FLAT_HIGH_RATE_NORMAL,,FLAT_HIGH_RATE,FLAT_HIGH_RATE_NORMAL,FLAT_HIGH_RATE_NORMAL
2026-05-11,0.013701575161203019,50.465483475736654,-0.0038600336104066546,0.0,0.0,NON_RISK,FLAT_HIGH_RATE_NORMAL,,FLAT_HIGH_RATE,FLAT_HIGH_RATE_NORMAL,FLAT_HIGH_RATE_NORMAL
2026-05-12,0.010817522024298719,51.01139495470232,0.0,0.0,0.0,NON_RISK,FLAT_HIGH_RATE_NORMAL,,FLAT_HIGH_RATE,FLAT_HIGH_RATE_NORMAL,FLAT_HIGH_RATE_NORMAL
2026-05-13,-0.00605868771406884,50.70233284281275,-0.006058687714068811,0.0,0.0,NON_RISK,FLAT_HIGH_RATE_NORMAL,,FLAT_HIGH_RATE,FLAT_HIGH_RATE_NORMAL,FLAT_HIGH_RATE_NORMAL
2026-05-18,-0.00474111514437196,50.461947244716704,-0.010771077922364536,0.0,0.0,NON_RISK,FLAT_HIGH_RATE_NORMAL,,FLAT_HIGH_RATE,FLAT_HIGH_RATE_NORMAL,FLAT_HIGH_RATE_NORMAL
2026-05-19,0.0028571283737190197,50.6061235059827,-0.00794472390099299,0.0,0.0,NON_RISK,FLAT_HIGH_RATE_NORMAL,,FLAT_HIGH_RATE,FLAT_HIGH_RATE_NORMAL,FLAT_HIGH_RATE_NORMAL
2026-05-20,-0.011149919000372759,50.041869327968136,-0.019006059873389325,0.0,0.0,NON_RISK,FLAT_HIGH_RATE_NORMAL,,FLAT_HIGH_RATE,FLAT_HIGH_RATE_NORMAL,FLAT_HIGH_RATE_NORMAL
2026-05-21,-0.00324135036132798,49.8796660967404,-0.022185804935679232,0.0,0.0,NON_RISK,FLAT_HIGH_RATE_NORMAL,,FLAT_HIGH_RATE,FLAT_HIGH_RATE_NORMAL,FLAT_HIGH_RATE_NORMAL
2026-05-22,-0.00278590232155234,49.740706219163236,-0.024909899771755728,0.0,0.0,NON_RISK,FLAT_HIGH_RATE_NORMAL,,FLAT_HIGH_RATE,FLAT_HIGH_RATE_NORMAL,FLAT_HIGH_RATE_NORMAL
2026-05-26,-0.008315321236164838,49.32709626843719,-0.033018087189357836,0.0,0.0,NON_RISK,FLAT_HIGH_RATE_NORMAL,,FLAT_HIGH_RATE,FLAT_HIGH_RATE_NORMAL,FLAT_HIGH_RATE_NORMAL
2026-05-27,-0.0106195319969491,48.80326559129793,-0.043286982552921516,0.0,0.0,NON_RISK,FLAT_HIGH_RATE_NORMAL,,FLAT_HIGH_RATE,FLAT_HIGH_RATE_NORMAL,FLAT_HIGH_RATE_NORMAL
2026-05-28,0.0056125286264172595,49.07717531649173,-0.03791740335523375,0.0,0.0,NON_RISK,FLAT_HIGH_RATE_NORMAL,,FLAT_HIGH_RATE,FLAT_HIGH_RATE_NORMAL,FLAT_HIGH_RATE_NORMAL
2026-05-29,-0.00437979415851766,48.862227390724016,-0.04213112709203004,0.0,0.0,NON_RISK,FLAT_HIGH_RATE_NORMAL,,FLAT_HIGH_RATE,FLAT_HIGH_RATE_NORMAL,FLAT_HIGH_RATE_NORMAL
2026-06-01,0.009688746349107578,49.33564111796515,-0.032850578546719245,0.0,0.0,NON_RISK,FLAT_HIGH_RATE_NORMAL,,FLAT_HIGH_RATE,FLAT_HIGH_RATE_NORMAL,FLAT_HIGH_RATE_NORMAL
2026-06-02,0.00289822166205938,49.47862674176483,-0.030047565143015098,0.0,0.0,NON_RISK,FLAT_HIGH_RATE_NORMAL,,FLAT_HIGH_RATE,FLAT_HIGH_RATE_NORMAL,FLAT_HIGH_RATE_NORMAL
2026-06-03,0.00236778893124894,49.59578168649738,-0.027750922503922637,0.0,0.0,NON_RISK,FLAT_HIGH_RATE_NORMAL,,FLAT_HIGH_RATE,FLAT_HIGH_RATE_NORMAL,FLAT_HIGH_RATE_NORMAL
2026-06-04,-0.007610876769941219,49.218314303772544,-0.03515059042243429,0.0,0.0,NON_RISK,FLAT_HIGH_RATE_NORMAL,,FLAT_HIGH_RATE,FLAT_HIGH_RATE_NORMAL,FLAT_HIGH_RATE_NORMAL
2026-06-05,-0.015177148356219678,48.471320645741145,-0.04979425305300389,0.0,0.0,NON_RISK,FLAT_HIGH_RATE_NORMAL,,FLAT_HIGH_RATE,FLAT_HIGH_RATE_NORMAL,FLAT_HIGH_RATE_NORMAL
2026-06-08,0.00449915561374546,48.68940066013009,-0.045519129532414104,0.0,0.0,NON_RISK,FLAT_HIGH_RATE_NORMAL,,FLAT_HIGH_RATE,FLAT_HIGH_RATE_NORMAL,FLAT_HIGH_RATE_NORMAL
2026-06-09,-0.007031796782372939,48.34702668923252,-0.052230845046204566,0.0,0.0,NON_RISK,FLAT_HIGH_RATE_NORMAL,,FLAT_HIGH_RATE,FLAT_HIGH_RATE_NORMAL,FLAT_HIGH_RATE_NORMAL
2026-06-10,0.0016801298389678998,48.42825597139848,-0.050638469808513276,0.0,0.0,NON_RISK,FLAT_HIGH_RATE_NORMAL,,FLAT_HIGH_RATE,FLAT_HIGH_RATE_NORMAL,FLAT_HIGH_RATE_NORMAL
2026-06-11,-0.0038070153352036994,48.243888858258195,-0.05425270371260471,0.0,0.0,NON_RISK,FLAT_HIGH_RATE_NORMAL,,FLAT_HIGH_RATE,FLAT_HIGH_RATE_NORMAL,FLAT_HIGH_RATE_NORMAL
2026-06-12,-0.006917572320480819,47.91015826805995,-0.06079497903157205,0.0,0.0,NON_RISK,FLAT_HIGH_RATE_NORMAL,,FLAT_HIGH_RATE,FLAT_HIGH_RATE_NORMAL,FLAT_HIGH_RATE_NORMAL
