from_allocation_state,to_allocation_state,transition_count,total_turnover,average_turnover,median_turnover,mean_strategy_return_next_5d,mean_strategy_return_next_20d,mean_SPY_return_next_5d,mean_SPY_return_next_20d,share_of_steep_turnover
STEEP_FULL_RISK,STEEP_LOW_RATE_NORMAL,12,12.0,1.0,1.0,0.008299027220200345,0.0073968806733578085,0.008299027220200345,0.011102902411261134,0.3144679190464703
STEEP_LOW_RATE_NORMAL,STEEP_FULL_RISK,10,10.0,1.0,1.0,-0.0005083905932860677,0.017298216664360322,0.008505852810012825,0.040851003035383526,0.2620565992053919
STEEP_HIGH_RATE_NORMAL,STEEP_FULL_RISK,7,7.0,1.0,1.0,-0.00173040079357142,0.006964021346420554,0.017575287524877803,-0.0065284850447080755,0.18343961944377435
STEEP_FULL_RISK,STEEP_HIGH_RATE_NORMAL,5,5.0,1.0,1.0,0.020602244930378745,0.022701088323604825,0.012351943099385388,0.02523047521784334,0.13102829960269596
STEEP_LOW_RATE_NORMAL,STEEP_HIGH_RATE_NORMAL,6,2.301893358260181,0.38364889304336347,0.36093352461938927,0.0008389931208705459,0.0008795619266685853,0.00998293855850054,-0.0002984103990164577,0.06032263451991419
STEEP_HIGH_RATE_NORMAL,STEEP_LOW_RATE_NORMAL,3,1.1901285050294745,0.3967095016764915,0.3748690659638688,-0.006406236179853253,-0.028343416781818693,-0.006406236179853253,-0.013295729983638075,0.031188102864542128
STEEP_HIGH_RATE_NORMAL,STEEP_HIGH_RATE_NORMAL,714,0.6676735243556187,0.0009351169808902222,0.0,0.0035493513894344964,0.012000596793165983,0.0033179999452143537,0.010899658261623275,0.017496825317211185
STEEP_FULL_RISK,STEEP_FULL_RISK,657,0.0,0.0,0.0,0.003495840887137763,0.01577779619504933,-0.0015419022889415857,-0.00566389696426649,0.0
STEEP_LOW_RATE_NORMAL,STEEP_LOW_RATE_NORMAL,1212,0.0,0.0,0.0,0.002298639091007996,0.009850242910654613,0.0031176927375164217,0.013810355547404226,0.0
