from_allocation_state,to_allocation_state,transition_count,total_turnover,average_turnover,median_turnover,mean_strategy_return_next_5d,mean_strategy_return_next_20d,mean_SPY_return_next_5d,mean_SPY_return_next_20d,share_of_steep_turnover
STEEP_FULL_RISK,STEEP_NON_RISK,17,17.0,1.0,1.0,0.009491061302313593,0.012686349464750375,0.009491061302313593,0.015258070883785313,0.5
STEEP_NON_RISK,STEEP_FULL_RISK,17,17.0,1.0,1.0,-0.0009913933530996187,0.01148397262857079,0.012240325927898405,0.02134180206122816,0.5
STEEP_FULL_RISK,STEEP_FULL_RISK,657,0.0,0.0,0.0,0.0033047512849388844,0.01489920995536109,-0.0015419022889415857,-0.00566389696426649,0.0
STEEP_NON_RISK,STEEP_NON_RISK,1935,0.0,0.0,0.0,0.0025954048038421607,0.01007848838098992,0.003198126347061703,0.012650557762226318,0.0
