hmm_state_name,n_days,mean_gs10,median_gs10,min_gs10,max_gs10,model_mean,model_weight,family
HIGH,625,3.6019360000000002,3.6,3.1,4.27,3.5856077070332386,0.23719165085388993,STEEP
LOW,959,1.7489468196037539,1.76,1.05,2.24,1.7869288111471744,0.36394686907020873,STEEP
MID,1051,2.530266412940057,2.51,2.01,3.22,2.514185529291409,0.39886148007590133,STEEP
