strategy,CAGR,annualized_volatility,Sharpe,Sortino,MaxDD,Calmar,final_equity,win_rate,worst_day,worst_12m_return,turnover,transaction_cost,number_of_trades
SPY_BUY_HOLD,0.11138490180956961,0.19363068768012054,0.5752440542564119,0.7016046436312886,-0.551894409358084,0.20182284857555077,8.384514463464857,0.551044540796216,-0.1094236518704636,-0.4735408482965028,1.0,0.0005,1
SPY_CASH_TIMING,0.13653474847021307,0.10867165822371101,1.2563970284611212,1.3757649698207728,-0.14599057020793693,0.9352299143413457,13.156901513112166,0.6874260938115885,-0.0576490882079754,-0.08702510817599574,89.0,0.0445,45
FINAL_REGIME_HEDGE_TRIGGER_LOCK,0.19905067546317068,0.11831452800874893,1.6823857459707028,2.1494276080978225,-0.11579661539841057,1.718967992098177,38.671193166850706,0.5971620023649981,-0.07933115768327281,-0.021262778227762014,123.66568913079135,0.06183284456539567,211
