strategy,CAGR,annualized_volatility,Sharpe,Sortino,MaxDD,Calmar,final_equity,win_rate,worst_day,worst_12m_return,turnover,transaction_cost,number_of_trades
SPY_BUY_HOLD,0.11138490180956961,0.19363068768012054,0.5752440542564119,0.7016046436312886,-0.551894409358084,0.20182284857555077,8.384514463464857,0.551044540796216,-0.1094236518704636,-0.4735408482965028,1.0,0.0005,1
SPY_CASH_TIMING,0.1409401129583936,0.11012827647519095,1.279781337449186,1.4198705313618154,-0.14599057020793693,0.965405592687597,14.222728665364523,0.6817106819077651,-0.0576490882079754,-0.08702510817599607,85.0,0.042499999999999996,43
FINAL_REGIME_HEDGE_TRIGGER_LOCK,0.21978615119010447,0.12283209121969814,1.7893219028323288,2.2847513247070177,-0.12494577988913214,1.7590522175709082,54.61543754887399,0.6036657469452109,-0.07933115768327281,-0.014762455295177057,115.82947228769456,0.057914736143847276,231
