strategy,CAGR,annualized_volatility,Sharpe,Sortino,MaxDD,Calmar,final_equity,win_rate,worst_day,worst_12m_return,turnover,transaction_cost,number_of_trades
SPY_BUY_HOLD,0.11138490180956961,0.19363068768012054,0.5752440542564119,0.7016046436312886,-0.551894409358084,0.20182284857555077,8.384514463464857,0.551044540796216,-0.1094236518704636,-0.4735408482965028,1.0,0.0005,1
SPY_CASH_TIMING,0.13451483758871619,0.10999745055565634,1.2228905025453711,1.347187807142711,-0.14599057020793704,0.9213940146759084,12.694003876953033,0.6823019314150571,-0.0576490882079754,-0.12525612303241673,85.0,0.042499999999999996,43
FINAL_REGIME_HEDGE_TRIGGER_LOCK,0.19728661793830105,0.11887472580533598,1.6596178590676114,2.124657822453772,-0.11579661539841035,1.703733889453641,37.541628664288,0.596570752857706,-0.07933115768327281,-0.02857987422881003,123.2363498170275,0.06161817490851375,211
