strategy,CAGR,annualized_volatility,Sharpe,Sortino,MaxDD,Calmar,final_equity,win_rate,worst_day,worst_12m_return,turnover,transaction_cost,number_of_trades
SPY_BUY_HOLD,0.11138490180956961,0.19363068768012054,0.5752440542564119,0.7016046436312886,-0.551894409358084,0.20182284857555077,8.384514463464857,0.551044540796216,-0.1094236518704636,-0.4735408482965028,1.0,0.0005,1
SPY_CASH_TIMING,0.1203935416968398,0.12696799457607155,0.9482196052541987,1.100620170931085,-0.29454945501511776,0.40873795434678567,9.864453892588923,0.6365786361844699,-0.0576490882079754,-0.25804681621490966,141.0,0.07050000000000001,71
FINAL_REGIME_HEDGE_TRIGGER_LOCK,0.19628550107018383,0.1344605377928239,1.4598000594986427,1.9594239160276343,-0.1828372406081401,1.0735531799611124,36.914612052033064,0.5658257784785179,-0.05045185427156536,-0.10522195751727748,189.00012074750623,0.09450006037375311,208
