final_regime_at_exit,exit_count,reentry_5d_count,reentry_5d_rate,reentry_10d_count,reentry_10d_rate,reentry_20d_count,reentry_20d_rate,mean_days_until_next_entry,most_common_next_entry_trigger,mean_strategy_return_next_20d,mean_SPY_return_next_20d
FLAT_HIGH_RATE,6,1,0.16666666666666666,2,0.3333333333333333,2,0.3333333333333333,56.6,VIX,0.016373753384259393,0.022663344395271567
FLAT_LOW_RATE,4,0,0.0,0,0.0,1,0.25,146.0,CREDIT,0.025171874331674476,0.03548593192964555
INVERTED,5,0,0.0,0,0.0,0,0.0,185.8,VIX,0.033705489148865286,0.027262656673841514
STEEP_HIGH_RATE,2,0,0.0,0,0.0,0,0.0,374.0,CREDIT,0.041191755185008394,0.04972065299877981
STEEP_LOW_RATE,4,0,0.0,0,0.0,0,0.0,243.75,CREDIT,0.007855737474439684,0.007855737474439684
