final_regime_at_exit,exit_count,reentry_5d_count,reentry_5d_rate,reentry_10d_count,reentry_10d_rate,reentry_20d_count,reentry_20d_rate,mean_days_until_next_entry,most_common_next_entry_trigger,mean_strategy_return_next_20d,mean_SPY_return_next_20d
FLAT_HIGH_RATE,6,1,0.16666666666666666,2,0.3333333333333333,2,0.3333333333333333,55.2,VIX,0.011544199437461341,0.025657160249563642
FLAT_LOW_RATE,2,0,0.0,0,0.0,0,0.0,232.0,VIX,0.04572935551156754,0.06405291247544753
FLAT_MID_RATE,2,0,0.0,0,0.0,1,0.5,60.0,CREDIT,-0.0033122622612821173,0.0069189513838435746
INVERTED,5,0,0.0,0,0.0,0,0.0,185.8,VIX,0.033705489148865286,0.027262656673841514
STEEP_LOW_RATE,3,0,0.0,0,0.0,0,0.0,302.3333333333333,CREDIT,0.004735957830082367,0.017548953306167864
STEEP_MID_RATE,3,0,0.0,0,0.0,0,0.0,280.3333333333333,CREDIT,0.0384527014056687,0.028776979923728036
