date,TERM_SPREAD_10Y_1Y,hmm_state_name
2007-06-06,0.009999999999999787,LOW_POSITIVE
2007-06-07,0.1200000000000001,LOW_POSITIVE
2007-06-08,0.16000000000000014,LOW_POSITIVE
2007-06-11,0.15999999999999925,LOW_POSITIVE
2007-06-12,0.25,LOW_POSITIVE
2007-06-13,0.21999999999999975,LOW_POSITIVE
2007-06-14,0.25,LOW_POSITIVE
2007-06-15,0.23000000000000043,LOW_POSITIVE
2007-06-18,0.20000000000000018,LOW_POSITIVE
2007-06-19,0.16999999999999993,LOW_POSITIVE
2007-06-20,0.16999999999999993,LOW_POSITIVE
2007-06-21,0.20000000000000018,LOW_POSITIVE
2007-06-22,0.1999999999999993,LOW_POSITIVE
2007-06-25,0.1299999999999999,LOW_POSITIVE
2007-06-26,0.1299999999999999,LOW_POSITIVE
2007-06-27,0.16000000000000014,LOW_POSITIVE
2007-06-28,0.16999999999999993,LOW_POSITIVE
2007-06-29,0.1200000000000001,LOW_POSITIVE
2007-07-02,0.03000000000000025,LOW_POSITIVE
2007-07-03,0.0699999999999994,LOW_POSITIVE
2007-07-05,0.14000000000000057,LOW_POSITIVE
2007-07-06,0.1900000000000004,LOW_POSITIVE
2007-07-09,0.1299999999999999,LOW_POSITIVE
2007-07-10,0.0600000000000005,LOW_POSITIVE
2007-07-11,0.09999999999999964,LOW_POSITIVE
2007-07-12,0.11000000000000032,LOW_POSITIVE
2007-07-13,0.10000000000000053,LOW_POSITIVE
2007-07-16,0.040000000000000036,LOW_POSITIVE
2007-07-17,0.0600000000000005,LOW_POSITIVE
2007-07-18,0.03999999999999915,LOW_POSITIVE
2007-07-19,0.040000000000000036,LOW_POSITIVE
2007-07-20,0.0,LOW_POSITIVE
2007-08-09,0.04999999999999982,LOW_POSITIVE
2007-08-10,0.11999999999999922,LOW_POSITIVE
2007-08-13,0.03000000000000025,LOW_POSITIVE
2007-08-14,0.0600000000000005,LOW_POSITIVE
2007-08-15,0.28000000000000025,LOW_POSITIVE
2007-08-16,0.41999999999999993,LOW_POSITIVE
2007-08-17,0.4899999999999993,LOW_POSITIVE
2007-08-20,0.4899999999999993,LOW_POSITIVE
2007-08-21,0.5299999999999994,LOW_POSITIVE
2007-08-22,0.5300000000000002,LOW_POSITIVE
2007-08-23,0.4299999999999997,LOW_POSITIVE
2007-08-24,0.3200000000000003,LOW_POSITIVE
2007-08-27,0.04999999999999982,LOW_POSITIVE
2007-08-28,0.16999999999999993,LOW_POSITIVE
2007-08-29,0.33000000000000007,LOW_POSITIVE
2007-08-30,0.33999999999999986,LOW_POSITIVE
2007-08-31,0.34999999999999964,LOW_POSITIVE
2007-09-04,0.16999999999999993,LOW_POSITIVE
2007-09-05,0.20000000000000018,LOW_POSITIVE
2007-09-06,0.20999999999999996,LOW_POSITIVE
2007-09-07,0.28000000000000025,LOW_POSITIVE
2007-09-10,0.25,LOW_POSITIVE
2007-09-11,0.20999999999999996,LOW_POSITIVE
2007-09-12,0.29000000000000004,LOW_POSITIVE
2007-09-13,0.29000000000000004,LOW_POSITIVE
2007-09-14,0.3099999999999996,LOW_POSITIVE
2007-09-17,0.25,LOW_POSITIVE
2007-09-18,0.41999999999999993,LOW_POSITIVE
2007-09-19,0.47000000000000064,LOW_POSITIVE
2007-09-20,0.5900000000000007,LOW_POSITIVE
2007-09-21,0.5499999999999998,LOW_POSITIVE
2007-09-24,0.54,LOW_POSITIVE
2007-09-25,0.5899999999999999,LOW_POSITIVE
2007-09-26,0.5999999999999996,LOW_POSITIVE
2007-09-27,0.5499999999999998,LOW_POSITIVE
2007-09-28,0.54,LOW_POSITIVE
2007-10-01,0.4499999999999993,LOW_POSITIVE
2007-10-02,0.4400000000000004,LOW_POSITIVE
2007-10-03,0.4399999999999995,LOW_POSITIVE
2007-10-04,0.4400000000000004,LOW_POSITIVE
2007-10-05,0.4900000000000002,LOW_POSITIVE
2007-10-08,0.4900000000000002,LOW_POSITIVE
2007-10-09,0.4399999999999995,LOW_POSITIVE
2007-10-10,0.41999999999999993,LOW_POSITIVE
2007-10-11,0.4400000000000004,LOW_POSITIVE
2007-10-12,0.41999999999999993,LOW_POSITIVE
2007-10-15,0.3600000000000003,LOW_POSITIVE
2007-10-16,0.40000000000000036,LOW_POSITIVE
2007-10-17,0.45999999999999996,LOW_POSITIVE
2007-10-18,0.4899999999999993,LOW_POSITIVE
2007-10-19,0.43000000000000016,LOW_POSITIVE
2007-10-22,0.3700000000000001,LOW_POSITIVE
2007-10-23,0.40000000000000036,LOW_POSITIVE
2007-10-24,0.4500000000000002,LOW_POSITIVE
2007-10-25,0.43999999999999995,LOW_POSITIVE
2007-10-26,0.4500000000000002,LOW_POSITIVE
2007-10-29,0.3899999999999997,LOW_POSITIVE
2007-10-30,0.4200000000000004,LOW_POSITIVE
2007-10-31,0.4400000000000004,LOW_POSITIVE
2007-11-01,0.4700000000000002,LOW_POSITIVE
2007-11-02,0.5699999999999994,LOW_POSITIVE
2007-11-05,0.48999999999999977,LOW_POSITIVE
2007-11-06,0.5499999999999998,LOW_POSITIVE
2007-11-07,0.6299999999999999,LOW_POSITIVE
2007-11-08,0.6700000000000004,LOW_POSITIVE
2007-11-09,0.6600000000000006,LOW_POSITIVE
2007-11-12,0.6600000000000006,LOW_POSITIVE
2007-11-13,0.5799999999999996,LOW_POSITIVE
2007-11-14,0.6300000000000003,LOW_POSITIVE
2007-11-15,0.6799999999999997,LOW_POSITIVE
2007-11-16,0.6600000000000001,LOW_POSITIVE
2007-11-19,0.6400000000000001,LOW_POSITIVE
2007-11-20,0.7399999999999998,LOW_POSITIVE
2007-11-21,0.8199999999999998,LOW_POSITIVE
2007-11-23,0.73,LOW_POSITIVE
2007-11-26,0.6299999999999999,LOW_POSITIVE
2007-11-27,0.6900000000000004,LOW_POSITIVE
2007-11-28,0.7200000000000002,LOW_POSITIVE
2007-11-29,0.7199999999999998,LOW_POSITIVE
2007-11-30,0.7100000000000004,LOW_POSITIVE
2007-12-03,0.7400000000000002,LOW_POSITIVE
2007-12-04,0.7800000000000002,LOW_POSITIVE
2007-12-05,0.79,LOW_POSITIVE
2007-12-06,0.8199999999999994,LOW_POSITIVE
2007-12-07,0.8799999999999999,LOW_POSITIVE
2007-12-10,0.8900000000000006,LOW_POSITIVE
2007-12-11,0.8900000000000001,LOW_POSITIVE
2007-12-12,0.8899999999999997,LOW_POSITIVE
2007-12-13,0.9599999999999995,LOW_POSITIVE
2007-12-14,0.9600000000000004,LOW_POSITIVE
2007-12-17,0.8600000000000003,LOW_POSITIVE
2007-12-18,0.8299999999999996,LOW_POSITIVE
2007-12-19,0.7999999999999998,LOW_POSITIVE
2007-12-20,0.8399999999999999,LOW_POSITIVE
2007-12-21,0.8699999999999997,LOW_POSITIVE
2007-12-24,0.7700000000000005,LOW_POSITIVE
2007-12-26,0.8099999999999996,LOW_POSITIVE
2007-12-27,0.8399999999999999,LOW_POSITIVE
2007-12-28,0.7700000000000005,LOW_POSITIVE
2007-12-31,0.7000000000000002,LOW_POSITIVE
2008-01-02,0.7400000000000002,LOW_POSITIVE
2008-01-03,0.7800000000000002,LOW_POSITIVE
2008-01-04,0.8199999999999998,LOW_POSITIVE
2008-01-07,0.75,LOW_POSITIVE
2008-01-08,0.77,LOW_POSITIVE
2008-01-09,0.7799999999999998,LOW_POSITIVE
2008-01-10,0.8700000000000001,LOW_POSITIVE
2008-01-11,0.9099999999999997,LOW_POSITIVE
2008-01-14,0.9100000000000001,LOW_POSITIVE
2008-01-15,0.8500000000000001,LOW_POSITIVE
2008-01-16,0.8800000000000003,LOW_POSITIVE
2008-01-17,0.8500000000000001,LOW_POSITIVE
2008-01-18,0.9700000000000002,LOW_POSITIVE
2008-01-22,1.23,HIGH_POSITIVE
2008-01-23,1.3199999999999998,HIGH_POSITIVE
2008-01-24,1.2800000000000002,HIGH_POSITIVE
2008-01-25,1.27,HIGH_POSITIVE
2008-01-28,1.31,HIGH_POSITIVE
2008-01-29,1.3599999999999999,HIGH_POSITIVE
2008-01-30,1.48,HIGH_POSITIVE
2008-01-31,1.56,HIGH_POSITIVE
2008-02-01,1.4900000000000002,HIGH_POSITIVE
2008-02-04,1.5100000000000002,HIGH_POSITIVE
2008-02-05,1.5499999999999998,HIGH_POSITIVE
2008-02-06,1.56,HIGH_POSITIVE
2008-02-07,1.6600000000000001,HIGH_POSITIVE
2008-02-08,1.5900000000000003,HIGH_POSITIVE
2008-02-11,1.56,HIGH_POSITIVE
2008-02-12,1.6,HIGH_POSITIVE
2008-02-13,1.6700000000000004,HIGH_POSITIVE
2008-02-14,1.8000000000000003,HIGH_POSITIVE
2008-02-15,1.7399999999999998,HIGH_POSITIVE
2008-02-19,1.7800000000000002,HIGH_POSITIVE
2008-02-20,1.77,HIGH_POSITIVE
2008-02-21,1.7200000000000002,HIGH_POSITIVE
2008-02-22,1.71,HIGH_POSITIVE
2008-02-25,1.7800000000000002,HIGH_POSITIVE
2008-02-26,1.81,HIGH_POSITIVE
2008-02-27,1.83,HIGH_POSITIVE
2008-02-28,1.79,HIGH_POSITIVE
2008-02-29,1.7599999999999998,HIGH_POSITIVE
2008-03-03,1.8,HIGH_POSITIVE
2008-03-04,1.91,HIGH_POSITIVE
2008-03-05,1.9800000000000002,HIGH_POSITIVE
2008-03-06,2.0300000000000002,HIGH_POSITIVE
2008-03-07,2.01,HIGH_POSITIVE
2008-03-10,2.0,HIGH_POSITIVE
2008-03-11,1.9300000000000002,HIGH_POSITIVE
2008-03-12,1.9100000000000001,HIGH_POSITIVE
2008-03-13,2.02,HIGH_POSITIVE
2008-03-14,2.07,HIGH_POSITIVE
2008-03-17,2.0199999999999996,HIGH_POSITIVE
2008-03-18,2.08,HIGH_POSITIVE
2008-03-19,2.05,HIGH_POSITIVE
2008-03-20,2.01,HIGH_POSITIVE
2008-03-24,1.8800000000000001,HIGH_POSITIVE
2008-03-25,1.8699999999999999,HIGH_POSITIVE
2008-03-26,1.9499999999999997,HIGH_POSITIVE
2008-03-27,1.99,HIGH_POSITIVE
2008-03-28,1.9100000000000001,HIGH_POSITIVE
2008-03-31,1.9000000000000001,HIGH_POSITIVE
2008-04-01,1.9499999999999997,HIGH_POSITIVE
2008-04-02,1.9300000000000002,HIGH_POSITIVE
2008-04-03,1.93,HIGH_POSITIVE
2008-04-04,1.87,HIGH_POSITIVE
2008-04-07,1.8499999999999999,HIGH_POSITIVE
2008-04-08,1.9000000000000001,HIGH_POSITIVE
2008-04-09,1.8900000000000001,HIGH_POSITIVE
2008-04-10,1.9399999999999997,HIGH_POSITIVE
2008-04-11,1.9700000000000002,HIGH_POSITIVE
2008-04-14,1.9999999999999998,HIGH_POSITIVE
2008-04-15,2.04,HIGH_POSITIVE
2008-04-16,2.0700000000000003,HIGH_POSITIVE
2008-04-17,1.98,HIGH_POSITIVE
2008-04-18,1.92,HIGH_POSITIVE
2008-04-21,1.89,HIGH_POSITIVE
2008-04-22,1.9000000000000001,HIGH_POSITIVE
2008-04-23,1.94,HIGH_POSITIVE
2008-04-24,1.9600000000000002,HIGH_POSITIVE
2008-04-25,1.9400000000000002,HIGH_POSITIVE
2008-04-28,1.91,HIGH_POSITIVE
2008-04-29,1.9100000000000001,HIGH_POSITIVE
2008-04-30,1.92,HIGH_POSITIVE
2008-05-01,1.8399999999999999,HIGH_POSITIVE
2008-05-02,1.9200000000000002,HIGH_POSITIVE
2008-05-05,1.9,HIGH_POSITIVE
2008-05-06,1.9700000000000002,HIGH_POSITIVE
2008-05-07,1.9300000000000002,HIGH_POSITIVE
2008-05-08,1.8800000000000001,HIGH_POSITIVE
2008-05-09,1.86,HIGH_POSITIVE
2008-05-12,1.77,HIGH_POSITIVE
2008-05-13,1.8199999999999998,HIGH_POSITIVE
2008-05-14,1.81,HIGH_POSITIVE
2008-05-15,1.75,HIGH_POSITIVE
2008-05-16,1.7600000000000002,HIGH_POSITIVE
2008-05-19,1.7600000000000002,HIGH_POSITIVE
2008-05-20,1.73,HIGH_POSITIVE
2008-05-21,1.7400000000000002,HIGH_POSITIVE
2008-05-22,1.77,HIGH_POSITIVE
2008-05-23,1.7400000000000002,HIGH_POSITIVE
2008-05-27,1.7800000000000002,HIGH_POSITIVE
2008-05-28,1.8200000000000003,HIGH_POSITIVE
2008-05-29,1.92,HIGH_POSITIVE
2008-05-30,1.8399999999999994,HIGH_POSITIVE
2008-06-02,1.81,HIGH_POSITIVE
2008-06-03,1.7799999999999998,HIGH_POSITIVE
2008-06-04,1.8399999999999999,HIGH_POSITIVE
2008-06-05,1.9099999999999997,HIGH_POSITIVE
2008-06-06,1.8199999999999998,HIGH_POSITIVE
2008-06-09,1.7299999999999995,HIGH_POSITIVE
2008-06-10,1.5800000000000005,HIGH_POSITIVE
2008-06-11,1.6299999999999994,HIGH_POSITIVE
2008-06-12,1.6100000000000003,HIGH_POSITIVE
2008-06-13,1.6299999999999994,HIGH_POSITIVE
2008-06-16,1.5699999999999998,HIGH_POSITIVE
2008-06-17,1.6500000000000004,HIGH_POSITIVE
2008-06-18,1.6300000000000003,HIGH_POSITIVE
2008-06-19,1.6399999999999997,HIGH_POSITIVE
2008-06-20,1.67,HIGH_POSITIVE
2008-06-23,1.6200000000000006,HIGH_POSITIVE
2008-06-24,1.5699999999999998,HIGH_POSITIVE
2008-06-25,1.6400000000000001,HIGH_POSITIVE
2008-06-26,1.6800000000000002,HIGH_POSITIVE
2008-06-27,1.6400000000000001,HIGH_POSITIVE
2008-06-30,1.6300000000000003,HIGH_POSITIVE
2008-07-01,1.63,HIGH_POSITIVE
2008-07-02,1.6400000000000001,HIGH_POSITIVE
2008-07-03,1.6900000000000004,HIGH_POSITIVE
2008-07-07,1.6900000000000004,HIGH_POSITIVE
2008-07-08,1.6500000000000004,HIGH_POSITIVE
2008-07-09,1.6400000000000001,HIGH_POSITIVE
2008-07-10,1.63,HIGH_POSITIVE
2008-07-11,1.6600000000000001,HIGH_POSITIVE
2008-07-14,1.67,HIGH_POSITIVE
2008-07-15,1.7200000000000002,HIGH_POSITIVE
2008-07-16,1.81,HIGH_POSITIVE
2008-07-17,1.8100000000000005,HIGH_POSITIVE
2008-07-18,1.8500000000000005,HIGH_POSITIVE
2008-07-21,1.79,HIGH_POSITIVE
2008-07-22,1.8099999999999996,HIGH_POSITIVE
2008-07-23,1.7600000000000002,HIGH_POSITIVE
2008-07-24,1.7700000000000005,HIGH_POSITIVE
2008-07-25,1.7799999999999998,HIGH_POSITIVE
2008-07-28,1.7799999999999998,HIGH_POSITIVE
2008-07-29,1.73,HIGH_POSITIVE
2008-07-30,1.7400000000000002,HIGH_POSITIVE
2008-07-31,1.7200000000000002,HIGH_POSITIVE
2008-08-01,1.7200000000000002,HIGH_POSITIVE
2008-08-04,1.71,HIGH_POSITIVE
2008-08-05,1.7800000000000002,HIGH_POSITIVE
2008-08-06,1.7999999999999998,HIGH_POSITIVE
2008-08-07,1.75,HIGH_POSITIVE
2008-08-08,1.75,HIGH_POSITIVE
2008-08-11,1.7200000000000002,HIGH_POSITIVE
2008-08-12,1.73,HIGH_POSITIVE
2008-08-13,1.75,HIGH_POSITIVE
2008-08-14,1.75,HIGH_POSITIVE
2008-08-15,1.7199999999999998,HIGH_POSITIVE
2008-08-18,1.67,HIGH_POSITIVE
2008-08-19,1.7200000000000002,HIGH_POSITIVE
2008-08-20,1.73,HIGH_POSITIVE
2008-08-21,1.7399999999999998,HIGH_POSITIVE
2008-08-22,1.7000000000000002,HIGH_POSITIVE
2008-08-25,1.67,HIGH_POSITIVE
2008-08-26,1.6,HIGH_POSITIVE
2008-08-27,1.6099999999999999,HIGH_POSITIVE
2008-08-28,1.6,HIGH_POSITIVE
2008-08-29,1.6600000000000001,HIGH_POSITIVE
2008-09-02,1.62,HIGH_POSITIVE
2008-09-03,1.63,HIGH_POSITIVE
2008-09-04,1.6,HIGH_POSITIVE
2008-09-05,1.5900000000000003,HIGH_POSITIVE
2008-09-08,1.54,HIGH_POSITIVE
2008-09-09,1.56,HIGH_POSITIVE
2008-09-10,1.5899999999999999,HIGH_POSITIVE
2008-09-11,1.6300000000000003,HIGH_POSITIVE
2008-09-12,1.7200000000000002,HIGH_POSITIVE
2008-09-15,1.8100000000000003,HIGH_POSITIVE
2008-09-16,1.76,HIGH_POSITIVE
2008-09-17,1.9100000000000001,HIGH_POSITIVE
2008-09-18,2.01,HIGH_POSITIVE
2008-09-19,1.73,HIGH_POSITIVE
2008-09-22,1.77,HIGH_POSITIVE
2008-09-23,1.8400000000000003,HIGH_POSITIVE
2008-09-24,1.9,HIGH_POSITIVE
2008-09-25,1.91,HIGH_POSITIVE
2008-09-26,2.04,HIGH_POSITIVE
2008-09-29,2.01,HIGH_POSITIVE
2008-09-30,2.0700000000000003,HIGH_POSITIVE
2008-10-01,2.05,HIGH_POSITIVE
2008-10-02,2.21,HIGH_POSITIVE
2008-10-03,2.2199999999999998,HIGH_POSITIVE
2008-10-06,2.25,HIGH_POSITIVE
2008-10-07,2.23,HIGH_POSITIVE
2008-10-08,2.4400000000000004,HIGH_POSITIVE
2008-10-09,2.51,HIGH_POSITIVE
2008-10-10,2.81,HIGH_POSITIVE
2008-10-13,2.81,HIGH_POSITIVE
2008-10-14,2.8600000000000003,HIGH_POSITIVE
2008-10-15,2.9000000000000004,HIGH_POSITIVE
2008-10-16,2.7,HIGH_POSITIVE
2008-10-17,2.6399999999999997,HIGH_POSITIVE
2008-10-20,2.22,HIGH_POSITIVE
2008-10-21,2.0199999999999996,HIGH_POSITIVE
2008-10-22,2.01,HIGH_POSITIVE
2008-10-23,2.0199999999999996,HIGH_POSITIVE
2008-10-24,2.1599999999999997,HIGH_POSITIVE
2008-10-27,2.2199999999999998,HIGH_POSITIVE
2008-10-28,2.3600000000000003,HIGH_POSITIVE
2008-10-29,2.5200000000000005,HIGH_POSITIVE
2008-10-30,2.6399999999999997,HIGH_POSITIVE
2008-10-31,2.67,HIGH_POSITIVE
2008-11-03,2.65,HIGH_POSITIVE
2008-11-04,2.5300000000000002,HIGH_POSITIVE
2008-11-05,2.51,HIGH_POSITIVE
2008-11-06,2.58,HIGH_POSITIVE
2008-11-07,2.63,HIGH_POSITIVE
2008-11-10,2.66,HIGH_POSITIVE
2008-11-11,2.66,HIGH_POSITIVE
2008-11-12,2.7199999999999998,HIGH_POSITIVE
2008-11-13,2.6799999999999997,HIGH_POSITIVE
2008-11-14,2.58,HIGH_POSITIVE
2008-11-17,2.6,HIGH_POSITIVE
2008-11-18,2.4799999999999995,HIGH_POSITIVE
2008-11-19,2.41,HIGH_POSITIVE
2008-11-20,2.23,HIGH_POSITIVE
2008-11-21,2.37,HIGH_POSITIVE
2008-11-24,2.4000000000000004,HIGH_POSITIVE
2008-11-25,2.16,HIGH_POSITIVE
2008-11-26,2.06,HIGH_POSITIVE
2008-11-28,2.0300000000000002,HIGH_POSITIVE
2008-12-01,1.9100000000000001,HIGH_POSITIVE
2008-12-02,1.9100000000000001,HIGH_POSITIVE
2008-12-03,1.97,HIGH_POSITIVE
2008-12-04,1.94,HIGH_POSITIVE
2008-12-05,2.13,HIGH_POSITIVE
2008-12-08,2.24,HIGH_POSITIVE
2008-12-09,2.1799999999999997,HIGH_POSITIVE
2008-12-10,2.2,HIGH_POSITIVE
2008-12-11,2.13,HIGH_POSITIVE
2008-12-12,2.1,HIGH_POSITIVE
2008-12-15,2.03,HIGH_POSITIVE
2008-12-16,1.9200000000000002,HIGH_POSITIVE
2008-12-17,1.7500000000000002,HIGH_POSITIVE
2008-12-18,1.6500000000000001,HIGH_POSITIVE
2008-12-19,1.69,HIGH_POSITIVE
2008-12-22,1.7600000000000002,HIGH_POSITIVE
2008-12-23,1.7700000000000002,HIGH_POSITIVE
2008-12-24,1.8000000000000003,HIGH_POSITIVE
2008-12-26,1.7800000000000002,HIGH_POSITIVE
2008-12-29,1.77,HIGH_POSITIVE
2008-12-30,1.7699999999999998,HIGH_POSITIVE
2008-12-31,1.88,HIGH_POSITIVE
2009-01-02,2.06,HIGH_POSITIVE
2009-01-05,2.06,HIGH_POSITIVE
2009-01-06,2.0599999999999996,HIGH_POSITIVE
2009-01-07,2.08,HIGH_POSITIVE
2009-01-08,2.0300000000000002,HIGH_POSITIVE
2009-01-09,2.0,HIGH_POSITIVE
2009-01-12,1.91,HIGH_POSITIVE
2009-01-13,1.9000000000000001,HIGH_POSITIVE
2009-01-14,1.8200000000000003,HIGH_POSITIVE
2009-01-15,1.81,HIGH_POSITIVE
2009-01-16,1.93,HIGH_POSITIVE
2009-01-20,1.98,HIGH_POSITIVE
2009-01-21,2.13,HIGH_POSITIVE
2009-01-22,2.2,HIGH_POSITIVE
2009-01-23,2.19,HIGH_POSITIVE
2009-01-26,2.2300000000000004,HIGH_POSITIVE
2009-01-27,2.12,HIGH_POSITIVE
2009-01-28,2.23,HIGH_POSITIVE
2009-01-29,2.3600000000000003,HIGH_POSITIVE
2009-01-30,2.3600000000000003,HIGH_POSITIVE
2009-02-02,2.25,HIGH_POSITIVE
2009-02-03,2.3600000000000003,HIGH_POSITIVE
2009-02-04,2.42,HIGH_POSITIVE
2009-02-05,2.41,HIGH_POSITIVE
2009-02-06,2.48,HIGH_POSITIVE
2009-02-09,2.4699999999999998,HIGH_POSITIVE
2009-02-10,2.3,HIGH_POSITIVE
2009-02-11,2.1799999999999997,HIGH_POSITIVE
2009-02-12,2.17,HIGH_POSITIVE
2009-02-13,2.2800000000000002,HIGH_POSITIVE
2009-02-17,2.0300000000000002,HIGH_POSITIVE
2009-02-18,2.1,HIGH_POSITIVE
2009-02-19,2.18,HIGH_POSITIVE
2009-02-20,2.1399999999999997,HIGH_POSITIVE
2009-02-23,2.09,HIGH_POSITIVE
2009-02-24,2.09,HIGH_POSITIVE
2009-02-25,2.2,HIGH_POSITIVE
2009-02-26,2.25,HIGH_POSITIVE
2009-02-27,2.3,HIGH_POSITIVE
2009-03-02,2.24,HIGH_POSITIVE
2009-03-03,2.25,HIGH_POSITIVE
2009-03-04,2.3,HIGH_POSITIVE
2009-03-05,2.17,HIGH_POSITIVE
2009-03-06,2.16,HIGH_POSITIVE
2009-03-09,2.2,HIGH_POSITIVE
2009-03-10,2.2800000000000002,HIGH_POSITIVE
2009-03-11,2.24,HIGH_POSITIVE
2009-03-12,2.1900000000000004,HIGH_POSITIVE
2009-03-13,2.22,HIGH_POSITIVE
2009-03-16,2.2800000000000002,HIGH_POSITIVE
2009-03-17,2.33,HIGH_POSITIVE
2009-03-18,1.9099999999999997,HIGH_POSITIVE
2009-03-19,2.01,HIGH_POSITIVE
2009-03-20,2.05,HIGH_POSITIVE
2009-03-23,2.08,HIGH_POSITIVE
2009-03-24,2.06,HIGH_POSITIVE
2009-03-25,2.21,HIGH_POSITIVE
2009-03-26,2.19,HIGH_POSITIVE
2009-03-27,2.1999999999999997,HIGH_POSITIVE
2009-03-30,2.15,HIGH_POSITIVE
2009-03-31,2.14,HIGH_POSITIVE
2009-04-01,2.1,HIGH_POSITIVE
2009-04-02,2.18,HIGH_POSITIVE
2009-04-03,2.31,HIGH_POSITIVE
2009-04-06,2.35,HIGH_POSITIVE
2009-04-07,2.33,HIGH_POSITIVE
2009-04-08,2.27,HIGH_POSITIVE
2009-04-09,2.36,HIGH_POSITIVE
2009-04-13,2.31,HIGH_POSITIVE
2009-04-14,2.26,HIGH_POSITIVE
2009-04-15,2.28,HIGH_POSITIVE
2009-04-16,2.32,HIGH_POSITIVE
2009-04-17,2.41,HIGH_POSITIVE
2009-04-20,2.34,HIGH_POSITIVE
2009-04-21,2.41,HIGH_POSITIVE
2009-04-22,2.46,HIGH_POSITIVE
2009-04-23,2.4699999999999998,HIGH_POSITIVE
2009-04-24,2.53,HIGH_POSITIVE
2009-04-27,2.46,HIGH_POSITIVE
2009-04-28,2.53,HIGH_POSITIVE
2009-04-29,2.62,HIGH_POSITIVE
2009-04-30,2.67,HIGH_POSITIVE
2009-05-01,2.7199999999999998,HIGH_POSITIVE
2009-05-04,2.67,HIGH_POSITIVE
2009-05-05,2.67,HIGH_POSITIVE
2009-05-06,2.67,HIGH_POSITIVE
2009-05-07,2.75,HIGH_POSITIVE
2009-05-08,2.74,HIGH_POSITIVE
2009-05-11,2.6399999999999997,HIGH_POSITIVE
2009-05-12,2.63,HIGH_POSITIVE
2009-05-13,2.59,HIGH_POSITIVE
2009-05-14,2.6,HIGH_POSITIVE
2009-05-15,2.64,HIGH_POSITIVE
2009-05-18,2.72,HIGH_POSITIVE
2009-05-19,2.77,HIGH_POSITIVE
2009-05-20,2.75,HIGH_POSITIVE
2009-05-21,2.9,HIGH_POSITIVE
2009-05-22,2.96,HIGH_POSITIVE
2009-05-26,3.0,HIGH_POSITIVE
2009-05-27,3.2199999999999998,HIGH_POSITIVE
2009-05-28,3.19,HIGH_POSITIVE
2009-05-29,3.0,HIGH_POSITIVE
2009-06-01,3.23,HIGH_POSITIVE
2009-06-02,3.19,HIGH_POSITIVE
2009-06-03,3.11,HIGH_POSITIVE
2009-06-04,3.25,HIGH_POSITIVE
2009-06-05,3.2199999999999998,HIGH_POSITIVE
2009-06-08,3.29,HIGH_POSITIVE
2009-06-09,3.3,HIGH_POSITIVE
2009-06-10,3.4299999999999997,HIGH_POSITIVE
2009-06-11,3.3499999999999996,HIGH_POSITIVE
2009-06-12,3.29,HIGH_POSITIVE
2009-06-15,3.25,HIGH_POSITIVE
2009-06-16,3.16,HIGH_POSITIVE
2009-06-17,3.18,HIGH_POSITIVE
2009-06-18,3.34,HIGH_POSITIVE
2009-06-19,3.2800000000000002,HIGH_POSITIVE
2009-06-22,3.22,HIGH_POSITIVE
2009-06-23,3.15,HIGH_POSITIVE
2009-06-24,3.22,HIGH_POSITIVE
2009-06-25,3.08,HIGH_POSITIVE
2009-06-26,3.07,HIGH_POSITIVE
2009-06-29,3.0,HIGH_POSITIVE
2009-06-30,2.9699999999999998,HIGH_POSITIVE
2009-07-01,3.01,HIGH_POSITIVE
2009-07-02,3.0199999999999996,HIGH_POSITIVE
2009-07-06,3.04,HIGH_POSITIVE
2009-07-07,3.0100000000000002,HIGH_POSITIVE
2009-07-08,2.88,HIGH_POSITIVE
2009-07-09,2.9699999999999998,HIGH_POSITIVE
2009-07-10,2.8699999999999997,HIGH_POSITIVE
2009-07-13,2.91,HIGH_POSITIVE
2009-07-14,3.0300000000000002,HIGH_POSITIVE
2009-07-15,3.13,HIGH_POSITIVE
2009-07-16,3.12,HIGH_POSITIVE
2009-07-17,3.19,HIGH_POSITIVE
2009-07-20,3.1399999999999997,HIGH_POSITIVE
2009-07-21,3.04,HIGH_POSITIVE
2009-07-22,3.1100000000000003,HIGH_POSITIVE
2009-07-23,3.2300000000000004,HIGH_POSITIVE
2009-07-24,3.2300000000000004,HIGH_POSITIVE
2009-07-27,3.26,HIGH_POSITIVE
2009-07-28,3.2300000000000004,HIGH_POSITIVE
2009-07-29,3.19,HIGH_POSITIVE
2009-07-30,3.19,HIGH_POSITIVE
2009-07-31,3.04,HIGH_POSITIVE
2009-08-03,3.18,HIGH_POSITIVE
2009-08-04,3.2300000000000004,HIGH_POSITIVE
2009-08-05,3.3099999999999996,HIGH_POSITIVE
2009-08-06,3.31,HIGH_POSITIVE
2009-08-07,3.37,HIGH_POSITIVE
2009-08-10,3.3099999999999996,HIGH_POSITIVE
2009-08-11,3.23,HIGH_POSITIVE
2009-08-12,3.25,HIGH_POSITIVE
2009-08-13,3.1399999999999997,HIGH_POSITIVE
2009-08-14,3.11,HIGH_POSITIVE
2009-08-17,3.03,HIGH_POSITIVE
2009-08-18,3.0799999999999996,HIGH_POSITIVE
2009-08-19,3.02,HIGH_POSITIVE
2009-08-20,3.0,HIGH_POSITIVE
2009-08-21,3.11,HIGH_POSITIVE
2009-08-24,3.04,HIGH_POSITIVE
2009-08-25,2.9800000000000004,HIGH_POSITIVE
2009-08-26,2.9899999999999998,HIGH_POSITIVE
2009-08-27,3.0100000000000002,HIGH_POSITIVE
2009-08-28,3.02,HIGH_POSITIVE
2009-08-31,2.9699999999999998,HIGH_POSITIVE
2009-09-01,2.9499999999999997,HIGH_POSITIVE
2009-09-02,2.88,HIGH_POSITIVE
2009-09-03,2.91,HIGH_POSITIVE
2009-09-04,3.0300000000000002,HIGH_POSITIVE
2009-09-08,3.06,HIGH_POSITIVE
2009-09-09,3.08,HIGH_POSITIVE
2009-09-10,2.96,HIGH_POSITIVE
2009-09-11,2.9499999999999997,HIGH_POSITIVE
2009-09-14,3.02,HIGH_POSITIVE
2009-09-15,3.08,HIGH_POSITIVE
2009-09-16,3.1,HIGH_POSITIVE
2009-09-17,3.02,HIGH_POSITIVE
2009-09-18,3.08,HIGH_POSITIVE
2009-09-21,3.0900000000000003,HIGH_POSITIVE
2009-09-22,3.04,HIGH_POSITIVE
2009-09-23,3.03,HIGH_POSITIVE
2009-09-24,3.01,HIGH_POSITIVE
2009-09-25,2.9299999999999997,HIGH_POSITIVE
2009-09-28,2.91,HIGH_POSITIVE
2009-09-29,2.9,HIGH_POSITIVE
2009-09-30,2.91,HIGH_POSITIVE
2009-10-01,2.84,HIGH_POSITIVE
2009-10-02,2.87,HIGH_POSITIVE
2009-10-05,2.8800000000000003,HIGH_POSITIVE
2009-10-06,2.9,HIGH_POSITIVE
2009-10-07,2.87,HIGH_POSITIVE
2009-10-08,2.92,HIGH_POSITIVE
2009-10-09,3.02,HIGH_POSITIVE
2009-10-12,3.02,HIGH_POSITIVE
2009-10-13,2.9899999999999998,HIGH_POSITIVE
2009-10-14,3.1,HIGH_POSITIVE
2009-10-15,3.1300000000000003,HIGH_POSITIVE
2009-10-16,3.0700000000000003,HIGH_POSITIVE
2009-10-19,3.0300000000000002,HIGH_POSITIVE
2009-10-20,2.96,HIGH_POSITIVE
2009-10-21,3.02,HIGH_POSITIVE
2009-10-22,3.06,HIGH_POSITIVE
2009-10-23,3.11,HIGH_POSITIVE
2009-10-26,3.1799999999999997,HIGH_POSITIVE
2009-10-27,3.1,HIGH_POSITIVE
2009-10-28,3.05,HIGH_POSITIVE
2009-10-29,3.13,HIGH_POSITIVE
2009-10-30,3.04,HIGH_POSITIVE
2009-11-02,3.0700000000000003,HIGH_POSITIVE
2009-11-03,3.12,HIGH_POSITIVE
2009-11-04,3.21,HIGH_POSITIVE
2009-11-05,3.21,HIGH_POSITIVE
2009-11-06,3.2,HIGH_POSITIVE
2009-11-09,3.18,HIGH_POSITIVE
2009-11-10,3.17,HIGH_POSITIVE
2009-11-11,3.17,HIGH_POSITIVE
2009-11-12,3.1300000000000003,HIGH_POSITIVE
2009-11-13,3.1100000000000003,HIGH_POSITIVE
2009-11-16,3.02,HIGH_POSITIVE
2009-11-17,3.0100000000000002,HIGH_POSITIVE
2009-11-18,3.07,HIGH_POSITIVE
2009-11-19,3.08,HIGH_POSITIVE
2009-11-20,3.09,HIGH_POSITIVE
2009-11-23,3.08,HIGH_POSITIVE
2009-11-24,3.04,HIGH_POSITIVE
2009-11-25,3.0199999999999996,HIGH_POSITIVE
2009-11-27,2.95,HIGH_POSITIVE
2009-11-30,2.94,HIGH_POSITIVE
2009-12-01,3.0199999999999996,HIGH_POSITIVE
2009-12-02,3.04,HIGH_POSITIVE
2009-12-03,3.0900000000000003,HIGH_POSITIVE
2009-12-04,3.12,HIGH_POSITIVE
2009-12-07,3.12,HIGH_POSITIVE
2009-12-08,3.11,HIGH_POSITIVE
2009-12-09,3.14,HIGH_POSITIVE
2009-12-10,3.1700000000000004,HIGH_POSITIVE
2009-12-11,3.1999999999999997,HIGH_POSITIVE
2009-12-14,3.19,HIGH_POSITIVE
2009-12-15,3.19,HIGH_POSITIVE
2009-12-16,3.23,HIGH_POSITIVE
2009-12-17,3.15,HIGH_POSITIVE
2009-12-18,3.19,HIGH_POSITIVE
2009-12-21,3.29,HIGH_POSITIVE
2009-12-22,3.3499999999999996,HIGH_POSITIVE
2009-12-23,3.36,HIGH_POSITIVE
2009-12-24,3.3899999999999997,HIGH_POSITIVE
2009-12-28,3.38,HIGH_POSITIVE
2009-12-29,3.3499999999999996,HIGH_POSITIVE
2009-12-30,3.3499999999999996,HIGH_POSITIVE
2009-12-31,3.38,HIGH_POSITIVE
2010-01-04,3.4,HIGH_POSITIVE
2010-01-05,3.36,HIGH_POSITIVE
2010-01-06,3.45,HIGH_POSITIVE
2010-01-07,3.45,HIGH_POSITIVE
2010-01-08,3.46,HIGH_POSITIVE
2010-01-11,3.5,HIGH_POSITIVE
2010-01-12,3.4000000000000004,HIGH_POSITIVE
2010-01-13,3.4299999999999997,HIGH_POSITIVE
2010-01-14,3.42,HIGH_POSITIVE
2010-01-15,3.37,HIGH_POSITIVE
2010-01-19,3.4,HIGH_POSITIVE
2010-01-20,3.37,HIGH_POSITIVE
2010-01-21,3.31,HIGH_POSITIVE
2010-01-22,3.3200000000000003,HIGH_POSITIVE
2010-01-25,3.3600000000000003,HIGH_POSITIVE
2010-01-26,3.33,HIGH_POSITIVE
2010-01-27,3.33,HIGH_POSITIVE
2010-01-28,3.37,HIGH_POSITIVE
2010-01-29,3.33,HIGH_POSITIVE
2010-02-01,3.35,HIGH_POSITIVE
2010-02-02,3.34,HIGH_POSITIVE
2010-02-03,3.38,HIGH_POSITIVE
2010-02-04,3.3000000000000003,HIGH_POSITIVE
2010-02-05,3.28,HIGH_POSITIVE
2010-02-08,3.3000000000000003,HIGH_POSITIVE
2010-02-09,3.33,HIGH_POSITIVE
2010-02-10,3.3400000000000003,HIGH_POSITIVE
2010-02-11,3.35,HIGH_POSITIVE
2010-02-12,3.34,HIGH_POSITIVE
2010-02-16,3.3200000000000003,HIGH_POSITIVE
2010-02-17,3.39,HIGH_POSITIVE
2010-02-18,3.42,HIGH_POSITIVE
2010-02-19,3.3899999999999997,HIGH_POSITIVE
2010-02-22,3.4299999999999997,HIGH_POSITIVE
2010-02-23,3.33,HIGH_POSITIVE
2010-02-24,3.3600000000000003,HIGH_POSITIVE
2010-02-25,3.3200000000000003,HIGH_POSITIVE
2010-02-26,3.29,HIGH_POSITIVE
2010-03-01,3.29,HIGH_POSITIVE
2010-03-02,3.3000000000000003,HIGH_POSITIVE
2010-03-03,3.3,HIGH_POSITIVE
2010-03-04,3.26,HIGH_POSITIVE
2010-03-05,3.31,HIGH_POSITIVE
2010-03-08,3.33,HIGH_POSITIVE
2010-03-09,3.34,HIGH_POSITIVE
2010-03-10,3.34,HIGH_POSITIVE
2010-03-11,3.33,HIGH_POSITIVE
2010-03-12,3.3,HIGH_POSITIVE
2010-03-15,3.31,HIGH_POSITIVE
2010-03-16,3.25,HIGH_POSITIVE
2010-03-17,3.2399999999999998,HIGH_POSITIVE
2010-03-18,3.27,HIGH_POSITIVE
2010-03-19,3.2800000000000002,HIGH_POSITIVE
2010-03-22,3.26,HIGH_POSITIVE
2010-03-23,3.29,HIGH_POSITIVE
2010-03-24,3.4,HIGH_POSITIVE
2010-03-25,3.47,HIGH_POSITIVE
2010-03-26,3.4299999999999997,HIGH_POSITIVE
2010-03-29,3.46,HIGH_POSITIVE
2010-03-30,3.44,HIGH_POSITIVE
2010-03-31,3.4299999999999997,HIGH_POSITIVE
2010-04-01,3.47,HIGH_POSITIVE
2010-04-05,3.53,HIGH_POSITIVE
2010-04-06,3.49,HIGH_POSITIVE
2010-04-07,3.42,HIGH_POSITIVE
2010-04-08,3.45,HIGH_POSITIVE
2010-04-09,3.44,HIGH_POSITIVE
2010-04-12,3.41,HIGH_POSITIVE
2010-04-13,3.3899999999999997,HIGH_POSITIVE
2010-04-14,3.4299999999999997,HIGH_POSITIVE
2010-04-15,3.4299999999999997,HIGH_POSITIVE
2010-04-16,3.38,HIGH_POSITIVE
2010-04-19,3.4,HIGH_POSITIVE
2010-04-20,3.4,HIGH_POSITIVE
2010-04-21,3.33,HIGH_POSITIVE
2010-04-22,3.3499999999999996,HIGH_POSITIVE
2010-04-23,3.38,HIGH_POSITIVE
2010-04-26,3.3600000000000003,HIGH_POSITIVE
2010-04-27,3.29,HIGH_POSITIVE
2010-04-28,3.3699999999999997,HIGH_POSITIVE
2010-04-29,3.34,HIGH_POSITIVE
2010-04-30,3.28,HIGH_POSITIVE
2010-05-03,3.29,HIGH_POSITIVE
2010-05-04,3.1999999999999997,HIGH_POSITIVE
2010-05-05,3.19,HIGH_POSITIVE
2010-05-06,3.0700000000000003,HIGH_POSITIVE
2010-05-07,3.0700000000000003,HIGH_POSITIVE
2010-05-10,3.1799999999999997,HIGH_POSITIVE
2010-05-11,3.18,HIGH_POSITIVE
2010-05-12,3.16,HIGH_POSITIVE
2010-05-13,3.15,HIGH_POSITIVE
2010-05-14,3.1,HIGH_POSITIVE
2010-05-17,3.1100000000000003,HIGH_POSITIVE
2010-05-18,3.03,HIGH_POSITIVE
2010-05-19,3.01,HIGH_POSITIVE
2010-05-20,2.91,HIGH_POSITIVE
2010-05-21,2.85,HIGH_POSITIVE
2010-05-24,2.88,HIGH_POSITIVE
2010-05-25,2.8200000000000003,HIGH_POSITIVE
2010-05-26,2.84,HIGH_POSITIVE
2010-05-27,2.9699999999999998,HIGH_POSITIVE
2010-05-28,2.97,HIGH_POSITIVE
2010-06-01,2.94,HIGH_POSITIVE
2010-06-02,2.97,HIGH_POSITIVE
2010-06-03,3.0100000000000002,HIGH_POSITIVE
2010-06-04,2.8600000000000003,HIGH_POSITIVE
2010-06-07,2.82,HIGH_POSITIVE
2010-06-08,2.8400000000000003,HIGH_POSITIVE
2010-06-09,2.87,HIGH_POSITIVE
2010-06-10,2.99,HIGH_POSITIVE
2010-06-11,2.9400000000000004,HIGH_POSITIVE
2010-06-14,2.9699999999999998,HIGH_POSITIVE
2010-06-15,3.01,HIGH_POSITIVE
2010-06-16,2.97,HIGH_POSITIVE
2010-06-17,2.9299999999999997,HIGH_POSITIVE
2010-06-18,2.9400000000000004,HIGH_POSITIVE
2010-06-21,2.9699999999999998,HIGH_POSITIVE
2010-06-22,2.89,HIGH_POSITIVE
2010-06-23,2.83,HIGH_POSITIVE
2010-06-24,2.85,HIGH_POSITIVE
2010-06-25,2.83,HIGH_POSITIVE
2010-06-28,2.75,HIGH_POSITIVE
2010-06-29,2.66,HIGH_POSITIVE
2010-06-30,2.6500000000000004,HIGH_POSITIVE
2010-07-01,2.64,HIGH_POSITIVE
2010-07-02,2.69,HIGH_POSITIVE
2010-07-06,2.6300000000000003,HIGH_POSITIVE
2010-07-07,2.69,HIGH_POSITIVE
2010-07-08,2.74,HIGH_POSITIVE
2010-07-09,2.77,HIGH_POSITIVE
2010-07-12,2.7800000000000002,HIGH_POSITIVE
2010-07-13,2.85,HIGH_POSITIVE
2010-07-14,2.8,HIGH_POSITIVE
2010-07-15,2.73,HIGH_POSITIVE
2010-07-16,2.6799999999999997,HIGH_POSITIVE
2010-07-19,2.71,HIGH_POSITIVE
2010-07-20,2.71,HIGH_POSITIVE
2010-07-21,2.63,HIGH_POSITIVE
2010-07-22,2.69,HIGH_POSITIVE
2010-07-23,2.75,HIGH_POSITIVE
2010-07-26,2.7399999999999998,HIGH_POSITIVE
2010-07-27,2.7800000000000002,HIGH_POSITIVE
2010-07-28,2.73,HIGH_POSITIVE
2010-07-29,2.73,HIGH_POSITIVE
2010-07-30,2.65,HIGH_POSITIVE
2010-08-02,2.71,HIGH_POSITIVE
2010-08-03,2.67,HIGH_POSITIVE
2010-08-04,2.7,HIGH_POSITIVE
2010-08-05,2.67,HIGH_POSITIVE
2010-08-06,2.61,HIGH_POSITIVE
2010-08-09,2.5999999999999996,HIGH_POSITIVE
2010-08-10,2.54,HIGH_POSITIVE
2010-08-11,2.47,HIGH_POSITIVE
2010-08-12,2.49,HIGH_POSITIVE
2010-08-13,2.42,HIGH_POSITIVE
2010-08-16,2.33,HIGH_POSITIVE
2010-08-17,2.38,HIGH_POSITIVE
2010-08-18,2.39,HIGH_POSITIVE
2010-08-19,2.33,HIGH_POSITIVE
2010-08-20,2.3600000000000003,HIGH_POSITIVE
2010-08-23,2.35,HIGH_POSITIVE
2010-08-24,2.23,HIGH_POSITIVE
2010-08-25,2.2800000000000002,HIGH_POSITIVE
2010-08-26,2.25,HIGH_POSITIVE
2010-08-27,2.39,HIGH_POSITIVE
2010-08-30,2.2800000000000002,HIGH_POSITIVE
2010-08-31,2.22,HIGH_POSITIVE
2010-09-01,2.33,HIGH_POSITIVE
2010-09-02,2.38,HIGH_POSITIVE
2010-09-03,2.47,HIGH_POSITIVE
2010-09-07,2.36,HIGH_POSITIVE
2010-09-08,2.42,HIGH_POSITIVE
2010-09-09,2.51,HIGH_POSITIVE
2010-09-10,2.54,HIGH_POSITIVE
2010-09-13,2.4800000000000004,HIGH_POSITIVE
2010-09-14,2.42,HIGH_POSITIVE
2010-09-15,2.4800000000000004,HIGH_POSITIVE
2010-09-16,2.52,HIGH_POSITIVE
2010-09-17,2.49,HIGH_POSITIVE
2010-09-20,2.46,HIGH_POSITIVE
2010-09-21,2.3499999999999996,HIGH_POSITIVE
2010-09-22,2.31,HIGH_POSITIVE
2010-09-23,2.31,HIGH_POSITIVE
2010-09-24,2.37,HIGH_POSITIVE
2010-09-27,2.2800000000000002,HIGH_POSITIVE
2010-09-28,2.2199999999999998,HIGH_POSITIVE
2010-09-29,2.25,HIGH_POSITIVE
2010-09-30,2.26,HIGH_POSITIVE
2010-10-01,2.2800000000000002,HIGH_POSITIVE
2010-10-04,2.24,HIGH_POSITIVE
2010-10-05,2.25,HIGH_POSITIVE
2010-10-06,2.17,HIGH_POSITIVE
2010-10-07,2.18,HIGH_POSITIVE
2010-10-08,2.2,HIGH_POSITIVE
2010-10-11,2.2,HIGH_POSITIVE
2010-10-12,2.23,HIGH_POSITIVE
2010-10-13,2.2399999999999998,HIGH_POSITIVE
2010-10-14,2.3,HIGH_POSITIVE
2010-10-15,2.3699999999999997,HIGH_POSITIVE
2010-10-18,2.29,HIGH_POSITIVE
2010-10-19,2.28,HIGH_POSITIVE
2010-10-20,2.2899999999999996,HIGH_POSITIVE
2010-10-21,2.3499999999999996,HIGH_POSITIVE
2010-10-22,2.38,HIGH_POSITIVE
2010-10-25,2.36,HIGH_POSITIVE
2010-10-26,2.44,HIGH_POSITIVE
2010-10-27,2.52,HIGH_POSITIVE
2010-10-28,2.46,HIGH_POSITIVE
2010-10-29,2.4099999999999997,HIGH_POSITIVE
2010-11-01,2.44,HIGH_POSITIVE
2010-11-02,2.4099999999999997,HIGH_POSITIVE
2010-11-03,2.4499999999999997,HIGH_POSITIVE
2010-11-04,2.32,HIGH_POSITIVE
2010-11-05,2.36,HIGH_POSITIVE
2010-11-08,2.38,HIGH_POSITIVE
2010-11-09,2.4800000000000004,HIGH_POSITIVE
2010-11-10,2.41,HIGH_POSITIVE
2010-11-11,2.41,HIGH_POSITIVE
2010-11-12,2.4899999999999998,HIGH_POSITIVE
2010-11-15,2.63,HIGH_POSITIVE
2010-11-16,2.58,HIGH_POSITIVE
2010-11-17,2.63,HIGH_POSITIVE
2010-11-18,2.6399999999999997,HIGH_POSITIVE
2010-11-19,2.61,HIGH_POSITIVE
2010-11-22,2.54,HIGH_POSITIVE
2010-11-23,2.51,HIGH_POSITIVE
2010-11-24,2.6500000000000004,HIGH_POSITIVE
2010-11-26,2.59,HIGH_POSITIVE
2010-11-29,2.5599999999999996,HIGH_POSITIVE
2010-11-30,2.54,HIGH_POSITIVE
2010-12-01,2.6900000000000004,HIGH_POSITIVE
2010-12-02,2.7199999999999998,HIGH_POSITIVE
2010-12-03,2.7699999999999996,HIGH_POSITIVE
2010-12-06,2.6900000000000004,HIGH_POSITIVE
2010-12-07,2.87,HIGH_POSITIVE
2010-12-08,2.96,HIGH_POSITIVE
2010-12-09,2.93,HIGH_POSITIVE
2010-12-10,3.03,HIGH_POSITIVE
2010-12-13,3.0,HIGH_POSITIVE
2010-12-14,3.1900000000000004,HIGH_POSITIVE
2010-12-15,3.23,HIGH_POSITIVE
2010-12-16,3.16,HIGH_POSITIVE
2010-12-17,3.0300000000000002,HIGH_POSITIVE
2010-12-20,3.06,HIGH_POSITIVE
2010-12-21,3.0500000000000003,HIGH_POSITIVE
2010-12-22,3.06,HIGH_POSITIVE
2010-12-23,3.1100000000000003,HIGH_POSITIVE
2010-12-27,3.04,HIGH_POSITIVE
2010-12-28,3.19,HIGH_POSITIVE
2010-12-29,3.0500000000000003,HIGH_POSITIVE
2010-12-30,3.09,HIGH_POSITIVE
2010-12-31,3.01,HIGH_POSITIVE
2011-01-03,3.07,HIGH_POSITIVE
2011-01-04,3.08,HIGH_POSITIVE
2011-01-05,3.19,HIGH_POSITIVE
2011-01-06,3.14,HIGH_POSITIVE
2011-01-07,3.05,HIGH_POSITIVE
2011-01-10,3.03,HIGH_POSITIVE
2011-01-11,3.09,HIGH_POSITIVE
2011-01-12,3.1399999999999997,HIGH_POSITIVE
2011-01-13,3.08,HIGH_POSITIVE
2011-01-14,3.08,HIGH_POSITIVE
2011-01-18,3.13,HIGH_POSITIVE
2011-01-19,3.1,HIGH_POSITIVE
2011-01-20,3.2,HIGH_POSITIVE
2011-01-21,3.17,HIGH_POSITIVE
2011-01-24,3.1500000000000004,HIGH_POSITIVE
2011-01-25,3.08,HIGH_POSITIVE
2011-01-26,3.18,HIGH_POSITIVE
2011-01-27,3.17,HIGH_POSITIVE
2011-01-28,3.12,HIGH_POSITIVE
2011-01-31,3.16,HIGH_POSITIVE
2011-02-01,3.21,HIGH_POSITIVE
2011-02-02,3.24,HIGH_POSITIVE
2011-02-03,3.29,HIGH_POSITIVE
2011-02-04,3.37,HIGH_POSITIVE
2011-02-07,3.37,HIGH_POSITIVE
2011-02-08,3.44,HIGH_POSITIVE
2011-02-09,3.35,HIGH_POSITIVE
2011-02-10,3.4000000000000004,HIGH_POSITIVE
2011-02-11,3.3400000000000003,HIGH_POSITIVE
2011-02-14,3.3200000000000003,HIGH_POSITIVE
2011-02-15,3.31,HIGH_POSITIVE
2011-02-16,3.33,HIGH_POSITIVE
2011-02-17,3.31,HIGH_POSITIVE
2011-02-18,3.3099999999999996,HIGH_POSITIVE
2011-02-22,3.1799999999999997,HIGH_POSITIVE
2011-02-23,3.22,HIGH_POSITIVE
2011-02-24,3.2,HIGH_POSITIVE
2011-02-25,3.15,HIGH_POSITIVE
2011-02-28,3.17,HIGH_POSITIVE
2011-03-01,3.16,HIGH_POSITIVE
2011-03-02,3.2,HIGH_POSITIVE
2011-03-03,3.29,HIGH_POSITIVE
2011-03-04,3.2300000000000004,HIGH_POSITIVE
2011-03-07,3.26,HIGH_POSITIVE
2011-03-08,3.3,HIGH_POSITIVE
2011-03-09,3.2199999999999998,HIGH_POSITIVE
2011-03-10,3.12,HIGH_POSITIVE
2011-03-11,3.16,HIGH_POSITIVE
2011-03-14,3.1399999999999997,HIGH_POSITIVE
2011-03-15,3.1,HIGH_POSITIVE
2011-03-16,3.0100000000000002,HIGH_POSITIVE
2011-03-17,3.01,HIGH_POSITIVE
2011-03-18,3.05,HIGH_POSITIVE
2011-03-21,3.09,HIGH_POSITIVE
2011-03-22,3.09,HIGH_POSITIVE
2011-03-23,3.12,HIGH_POSITIVE
2011-03-24,3.16,HIGH_POSITIVE
2011-03-25,3.16,HIGH_POSITIVE
2011-03-28,3.1700000000000004,HIGH_POSITIVE
2011-03-29,3.19,HIGH_POSITIVE
2011-03-30,3.1700000000000004,HIGH_POSITIVE
2011-03-31,3.1700000000000004,HIGH_POSITIVE
2011-04-01,3.19,HIGH_POSITIVE
2011-04-04,3.21,HIGH_POSITIVE
2011-04-05,3.2,HIGH_POSITIVE
2011-04-06,3.27,HIGH_POSITIVE
2011-04-07,3.31,HIGH_POSITIVE
2011-04-08,3.32,HIGH_POSITIVE
2011-04-11,3.33,HIGH_POSITIVE
2011-04-12,3.2800000000000002,HIGH_POSITIVE
2011-04-13,3.2600000000000002,HIGH_POSITIVE
2011-04-14,3.26,HIGH_POSITIVE
2011-04-15,3.1900000000000004,HIGH_POSITIVE
2011-04-18,3.16,HIGH_POSITIVE
2011-04-19,3.1500000000000004,HIGH_POSITIVE
2011-04-20,3.1900000000000004,HIGH_POSITIVE
2011-04-21,3.19,HIGH_POSITIVE
2011-04-25,3.16,HIGH_POSITIVE
2011-04-26,3.1199999999999997,HIGH_POSITIVE
2011-04-27,3.17,HIGH_POSITIVE
2011-04-28,3.11,HIGH_POSITIVE
2011-04-29,3.0999999999999996,HIGH_POSITIVE
2011-05-02,3.09,HIGH_POSITIVE
2011-05-03,3.0799999999999996,HIGH_POSITIVE
2011-05-04,3.06,HIGH_POSITIVE
2011-05-05,2.98,HIGH_POSITIVE
2011-05-06,3.01,HIGH_POSITIVE
2011-05-09,3.0,HIGH_POSITIVE
2011-05-10,3.04,HIGH_POSITIVE
2011-05-11,3.01,HIGH_POSITIVE
2011-05-12,3.04,HIGH_POSITIVE
2011-05-13,2.99,HIGH_POSITIVE
2011-05-16,2.9699999999999998,HIGH_POSITIVE
2011-05-17,2.93,HIGH_POSITIVE
2011-05-18,2.99,HIGH_POSITIVE
2011-05-19,2.98,HIGH_POSITIVE
2011-05-20,2.9699999999999998,HIGH_POSITIVE
2011-05-23,2.9299999999999997,HIGH_POSITIVE
2011-05-24,2.92,HIGH_POSITIVE
2011-05-25,2.9499999999999997,HIGH_POSITIVE
2011-05-26,2.8899999999999997,HIGH_POSITIVE
2011-05-27,2.8899999999999997,HIGH_POSITIVE
2011-05-31,2.8699999999999997,HIGH_POSITIVE
2011-06-01,2.78,HIGH_POSITIVE
2011-06-02,2.85,HIGH_POSITIVE
2011-06-03,2.81,HIGH_POSITIVE
2011-06-06,2.8299999999999996,HIGH_POSITIVE
2011-06-07,2.8299999999999996,HIGH_POSITIVE
2011-06-08,2.8,HIGH_POSITIVE
2011-06-09,2.82,HIGH_POSITIVE
2011-06-10,2.8000000000000003,HIGH_POSITIVE
2011-06-13,2.82,HIGH_POSITIVE
2011-06-14,2.92,HIGH_POSITIVE
2011-06-15,2.79,HIGH_POSITIVE
2011-06-16,2.75,HIGH_POSITIVE
2011-06-17,2.77,HIGH_POSITIVE
2011-06-20,2.79,HIGH_POSITIVE
2011-06-21,2.81,HIGH_POSITIVE
2011-06-22,2.8499999999999996,HIGH_POSITIVE
2011-06-23,2.7800000000000002,HIGH_POSITIVE
2011-06-24,2.7199999999999998,HIGH_POSITIVE
2011-06-27,2.77,HIGH_POSITIVE
2011-06-28,2.84,HIGH_POSITIVE
2011-06-29,2.95,HIGH_POSITIVE
2011-06-30,2.99,HIGH_POSITIVE
2011-07-01,3.02,HIGH_POSITIVE
2011-07-05,2.97,HIGH_POSITIVE
2011-07-06,2.93,HIGH_POSITIVE
2011-07-07,2.9699999999999998,HIGH_POSITIVE
2011-07-08,2.86,HIGH_POSITIVE
2011-07-11,2.77,HIGH_POSITIVE
2011-07-12,2.7399999999999998,HIGH_POSITIVE
2011-07-13,2.76,HIGH_POSITIVE
2011-07-14,2.83,HIGH_POSITIVE
2011-07-15,2.79,HIGH_POSITIVE
2011-07-18,2.79,HIGH_POSITIVE
2011-07-19,2.74,HIGH_POSITIVE
2011-07-20,2.77,HIGH_POSITIVE
2011-07-21,2.8299999999999996,HIGH_POSITIVE
2011-07-22,2.79,HIGH_POSITIVE
2011-07-25,2.8299999999999996,HIGH_POSITIVE
2011-07-26,2.7800000000000002,HIGH_POSITIVE
2011-07-27,2.8,HIGH_POSITIVE
2011-07-28,2.77,HIGH_POSITIVE
2011-07-29,2.6199999999999997,HIGH_POSITIVE
2011-08-01,2.55,HIGH_POSITIVE
2011-08-02,2.49,HIGH_POSITIVE
2011-08-03,2.48,HIGH_POSITIVE
2011-08-04,2.35,HIGH_POSITIVE
2011-08-05,2.47,HIGH_POSITIVE
2011-08-08,2.28,HIGH_POSITIVE
2011-08-09,2.0900000000000003,HIGH_POSITIVE
2011-08-10,2.08,HIGH_POSITIVE
2011-08-11,2.2399999999999998,HIGH_POSITIVE
2011-08-12,2.1300000000000003,HIGH_POSITIVE
2011-08-15,2.17,HIGH_POSITIVE
2011-08-16,2.11,HIGH_POSITIVE
2011-08-17,2.05,HIGH_POSITIVE
2011-08-18,1.98,HIGH_POSITIVE
2011-08-19,1.9699999999999998,HIGH_POSITIVE
2011-08-22,2.0100000000000002,HIGH_POSITIVE
2011-08-23,2.05,HIGH_POSITIVE
2011-08-24,2.18,HIGH_POSITIVE
2011-08-25,2.13,HIGH_POSITIVE
2011-08-26,2.1,HIGH_POSITIVE
2011-08-29,2.19,HIGH_POSITIVE
2011-08-30,2.1,HIGH_POSITIVE
2011-08-31,2.13,HIGH_POSITIVE
2011-09-01,2.05,HIGH_POSITIVE
2011-09-02,1.92,HIGH_POSITIVE
2011-09-06,1.85,HIGH_POSITIVE
2011-09-07,1.9399999999999997,HIGH_POSITIVE
2011-09-08,1.88,HIGH_POSITIVE
2011-09-09,1.8199999999999998,HIGH_POSITIVE
2011-09-12,1.8299999999999998,HIGH_POSITIVE
2011-09-13,1.9,HIGH_POSITIVE
2011-09-14,1.9399999999999997,HIGH_POSITIVE
2011-09-15,1.9899999999999998,HIGH_POSITIVE
2011-09-16,1.99,HIGH_POSITIVE
2011-09-19,1.89,HIGH_POSITIVE
2011-09-20,1.8599999999999999,HIGH_POSITIVE
2011-09-21,1.7699999999999998,HIGH_POSITIVE
2011-09-22,1.6199999999999999,HIGH_POSITIVE
2011-09-23,1.74,HIGH_POSITIVE
2011-09-26,1.8099999999999998,HIGH_POSITIVE
2011-09-27,1.9,HIGH_POSITIVE
2011-09-28,1.9099999999999997,HIGH_POSITIVE
2011-09-29,1.88,HIGH_POSITIVE
2011-09-30,1.79,HIGH_POSITIVE
2011-10-03,1.6800000000000002,HIGH_POSITIVE
2011-10-04,1.7,HIGH_POSITIVE
2011-10-05,1.8199999999999998,HIGH_POSITIVE
2011-10-06,1.9199999999999997,HIGH_POSITIVE
2011-10-07,1.99,HIGH_POSITIVE
2011-10-10,1.99,HIGH_POSITIVE
2011-10-11,2.06,HIGH_POSITIVE
2011-10-12,2.1500000000000004,HIGH_POSITIVE
2011-10-13,2.08,HIGH_POSITIVE
2011-10-14,2.15,HIGH_POSITIVE
2011-10-17,2.06,HIGH_POSITIVE
2011-10-18,2.07,HIGH_POSITIVE
2011-10-19,2.0700000000000003,HIGH_POSITIVE
2011-10-20,2.08,HIGH_POSITIVE
2011-10-21,2.11,HIGH_POSITIVE
2011-10-24,2.14,HIGH_POSITIVE
2011-10-25,2.0300000000000002,HIGH_POSITIVE
2011-10-26,2.1,HIGH_POSITIVE
2011-10-27,2.28,HIGH_POSITIVE
2011-10-28,2.21,HIGH_POSITIVE
2011-10-31,2.05,HIGH_POSITIVE
2011-11-01,1.88,HIGH_POSITIVE
2011-11-02,1.9199999999999997,HIGH_POSITIVE
2011-11-03,1.9799999999999998,HIGH_POSITIVE
2011-11-04,1.95,HIGH_POSITIVE
2011-11-07,1.95,HIGH_POSITIVE
2011-11-08,2.0,HIGH_POSITIVE
2011-11-09,1.9,HIGH_POSITIVE
2011-11-10,1.94,HIGH_POSITIVE
2011-11-11,1.94,HIGH_POSITIVE
2011-11-14,1.95,HIGH_POSITIVE
2011-11-15,1.95,HIGH_POSITIVE
2011-11-16,1.8999999999999997,HIGH_POSITIVE
2011-11-17,1.8599999999999999,HIGH_POSITIVE
2011-11-18,1.8899999999999997,HIGH_POSITIVE
2011-11-21,1.8599999999999999,HIGH_POSITIVE
2011-11-22,1.8299999999999998,HIGH_POSITIVE
2011-11-23,1.77,HIGH_POSITIVE
2011-11-25,1.8399999999999999,HIGH_POSITIVE
2011-11-28,1.8399999999999999,HIGH_POSITIVE
2011-11-29,1.8599999999999999,HIGH_POSITIVE
2011-11-30,1.96,HIGH_POSITIVE
2011-12-01,1.9899999999999998,HIGH_POSITIVE
2011-12-02,1.9299999999999997,HIGH_POSITIVE
2011-12-05,1.93,HIGH_POSITIVE
2011-12-06,1.97,HIGH_POSITIVE
2011-12-07,1.91,HIGH_POSITIVE
2011-12-08,1.89,HIGH_POSITIVE
2011-12-09,1.9599999999999997,HIGH_POSITIVE
2011-12-12,1.9299999999999997,HIGH_POSITIVE
2011-12-13,1.8499999999999999,HIGH_POSITIVE
2011-12-14,1.7999999999999998,HIGH_POSITIVE
2011-12-15,1.7999999999999998,HIGH_POSITIVE
2011-12-16,1.75,HIGH_POSITIVE
2011-12-19,1.71,HIGH_POSITIVE
2011-12-20,1.8199999999999998,HIGH_POSITIVE
2011-12-21,1.85,HIGH_POSITIVE
2011-12-22,1.85,HIGH_POSITIVE
2011-12-23,1.9099999999999997,HIGH_POSITIVE
2011-12-27,1.9,HIGH_POSITIVE
2011-12-28,1.81,HIGH_POSITIVE
2011-12-29,1.79,HIGH_POSITIVE
2011-12-30,1.77,HIGH_POSITIVE
2012-01-03,1.85,HIGH_POSITIVE
2012-01-04,1.88,HIGH_POSITIVE
2012-01-05,1.91,HIGH_POSITIVE
2012-01-06,1.8599999999999999,HIGH_POSITIVE
2012-01-09,1.8699999999999999,HIGH_POSITIVE
2012-01-10,1.89,HIGH_POSITIVE
2012-01-11,1.8199999999999998,HIGH_POSITIVE
2012-01-12,1.8299999999999998,HIGH_POSITIVE
2012-01-13,1.7899999999999998,HIGH_POSITIVE
2012-01-17,1.76,HIGH_POSITIVE
2012-01-18,1.8099999999999998,HIGH_POSITIVE
2012-01-19,1.8999999999999997,HIGH_POSITIVE
2012-01-20,1.9399999999999997,HIGH_POSITIVE
2012-01-23,1.9699999999999998,HIGH_POSITIVE
2012-01-24,1.96,HIGH_POSITIVE
2012-01-25,1.8899999999999997,HIGH_POSITIVE
2012-01-26,1.8399999999999999,HIGH_POSITIVE
2012-01-27,1.81,HIGH_POSITIVE
2012-01-30,1.75,HIGH_POSITIVE
2012-01-31,1.7000000000000002,HIGH_POSITIVE
2012-02-01,1.7400000000000002,HIGH_POSITIVE
2012-02-02,1.7200000000000002,HIGH_POSITIVE
2012-02-03,1.83,HIGH_POSITIVE
2012-02-06,1.79,HIGH_POSITIVE
2012-02-07,1.8599999999999999,HIGH_POSITIVE
2012-02-08,1.8599999999999999,HIGH_POSITIVE
2012-02-09,1.8900000000000001,HIGH_POSITIVE
2012-02-10,1.81,HIGH_POSITIVE
2012-02-13,1.84,HIGH_POSITIVE
2012-02-14,1.74,HIGH_POSITIVE
2012-02-15,1.75,HIGH_POSITIVE
2012-02-16,1.82,HIGH_POSITIVE
2012-02-17,1.8299999999999998,HIGH_POSITIVE
2012-02-21,1.88,HIGH_POSITIVE
2012-02-22,1.8399999999999999,HIGH_POSITIVE
2012-02-23,1.82,HIGH_POSITIVE
2012-02-24,1.8,HIGH_POSITIVE
2012-02-27,1.75,HIGH_POSITIVE
2012-02-28,1.76,HIGH_POSITIVE
2012-02-29,1.8,HIGH_POSITIVE
2012-03-01,1.8499999999999999,HIGH_POSITIVE
2012-03-02,1.82,HIGH_POSITIVE
2012-03-05,1.83,HIGH_POSITIVE
2012-03-06,1.79,HIGH_POSITIVE
2012-03-07,1.8,HIGH_POSITIVE
2012-03-08,1.8499999999999999,HIGH_POSITIVE
2012-03-09,1.86,HIGH_POSITIVE
2012-03-12,1.86,HIGH_POSITIVE
2012-03-13,1.9400000000000002,HIGH_POSITIVE
2012-03-14,2.08,HIGH_POSITIVE
2012-03-15,2.08,HIGH_POSITIVE
2012-03-16,2.1,HIGH_POSITIVE
2012-03-19,2.18,HIGH_POSITIVE
2012-03-20,2.1599999999999997,HIGH_POSITIVE
2012-03-21,2.1,HIGH_POSITIVE
2012-03-22,2.1,HIGH_POSITIVE
2012-03-23,2.06,HIGH_POSITIVE
2012-03-26,2.07,HIGH_POSITIVE
2012-03-27,2.02,HIGH_POSITIVE
2012-03-28,2.03,HIGH_POSITIVE
2012-03-29,2.0,HIGH_POSITIVE
2012-03-30,2.04,HIGH_POSITIVE
2012-04-02,2.04,HIGH_POSITIVE
2012-04-03,2.0999999999999996,HIGH_POSITIVE
2012-04-04,2.06,HIGH_POSITIVE
2012-04-05,2.0,HIGH_POSITIVE
2012-04-09,1.87,HIGH_POSITIVE
2012-04-10,1.8199999999999998,HIGH_POSITIVE
2012-04-11,1.8699999999999999,HIGH_POSITIVE
2012-04-12,1.9000000000000001,HIGH_POSITIVE
2012-04-13,1.85,HIGH_POSITIVE
2012-04-16,1.82,HIGH_POSITIVE
2012-04-17,1.8499999999999999,HIGH_POSITIVE
2012-04-18,1.82,HIGH_POSITIVE
2012-04-19,1.81,HIGH_POSITIVE
2012-04-20,1.81,HIGH_POSITIVE
2012-04-23,1.79,HIGH_POSITIVE
2012-04-24,1.82,HIGH_POSITIVE
2012-04-25,1.8299999999999998,HIGH_POSITIVE
2012-04-26,1.8,HIGH_POSITIVE
2012-04-27,1.77,HIGH_POSITIVE
2012-04-30,1.75,HIGH_POSITIVE
2012-05-01,1.79,HIGH_POSITIVE
2012-05-02,1.78,HIGH_POSITIVE
2012-05-03,1.77,HIGH_POSITIVE
2012-05-04,1.73,HIGH_POSITIVE
2012-05-07,1.74,HIGH_POSITIVE
2012-05-08,1.7,HIGH_POSITIVE
2012-05-09,1.6900000000000002,HIGH_POSITIVE
2012-05-10,1.71,HIGH_POSITIVE
2012-05-11,1.6600000000000001,HIGH_POSITIVE
2012-05-14,1.59,HIGH_POSITIVE
2012-05-15,1.57,HIGH_POSITIVE
2012-05-16,1.56,HIGH_POSITIVE
2012-05-17,1.5,HIGH_POSITIVE
2012-05-18,1.51,HIGH_POSITIVE
2012-05-21,1.54,HIGH_POSITIVE
2012-05-22,1.58,HIGH_POSITIVE
2012-05-23,1.53,HIGH_POSITIVE
2012-05-24,1.56,HIGH_POSITIVE
2012-05-25,1.55,HIGH_POSITIVE
2012-05-29,1.54,HIGH_POSITIVE
2012-05-30,1.44,HIGH_POSITIVE
2012-05-31,1.4100000000000001,HIGH_POSITIVE
2012-06-01,1.3,HIGH_POSITIVE
2012-06-04,1.35,HIGH_POSITIVE
2012-06-05,1.3900000000000001,HIGH_POSITIVE
2012-06-06,1.48,HIGH_POSITIVE
2012-06-07,1.48,HIGH_POSITIVE
2012-06-08,1.46,HIGH_POSITIVE
2012-06-11,1.4200000000000002,HIGH_POSITIVE
2012-06-12,1.48,HIGH_POSITIVE
2012-06-13,1.4300000000000002,HIGH_POSITIVE
2012-06-14,1.46,HIGH_POSITIVE
2012-06-15,1.4200000000000002,HIGH_POSITIVE
2012-06-18,1.4100000000000001,HIGH_POSITIVE
2012-06-19,1.46,HIGH_POSITIVE
2012-06-20,1.45,HIGH_POSITIVE
2012-06-21,1.44,HIGH_POSITIVE
2012-06-22,1.5,HIGH_POSITIVE
2012-06-25,1.44,HIGH_POSITIVE
2012-06-26,1.45,HIGH_POSITIVE
2012-06-27,1.44,HIGH_POSITIVE
2012-06-28,1.3800000000000001,HIGH_POSITIVE
2012-06-29,1.46,HIGH_POSITIVE
2012-07-02,1.4000000000000001,HIGH_POSITIVE
2012-07-03,1.44,HIGH_POSITIVE
2012-07-05,1.4300000000000002,HIGH_POSITIVE
2012-07-06,1.37,HIGH_POSITIVE
2012-07-09,1.33,HIGH_POSITIVE
2012-07-10,1.33,HIGH_POSITIVE
2012-07-11,1.34,HIGH_POSITIVE
2012-07-12,1.3,HIGH_POSITIVE
2012-07-13,1.32,HIGH_POSITIVE
2012-07-16,1.32,HIGH_POSITIVE
2012-07-17,1.35,HIGH_POSITIVE
2012-07-18,1.34,HIGH_POSITIVE
2012-07-19,1.37,HIGH_POSITIVE
2012-07-20,1.32,HIGH_POSITIVE
2012-07-23,1.3,HIGH_POSITIVE
2012-07-24,1.26,HIGH_POSITIVE
2012-07-25,1.26,HIGH_POSITIVE
2012-07-26,1.27,HIGH_POSITIVE
2012-07-27,1.4100000000000001,HIGH_POSITIVE
2012-07-30,1.35,HIGH_POSITIVE
2012-07-31,1.35,HIGH_POSITIVE
2012-08-01,1.3900000000000001,HIGH_POSITIVE
2012-08-02,1.34,HIGH_POSITIVE
2012-08-03,1.4400000000000002,HIGH_POSITIVE
2012-08-06,1.4300000000000002,HIGH_POSITIVE
2012-08-07,1.47,HIGH_POSITIVE
2012-08-08,1.49,HIGH_POSITIVE
2012-08-09,1.49,HIGH_POSITIVE
2012-08-10,1.47,HIGH_POSITIVE
2012-08-13,1.46,HIGH_POSITIVE
2012-08-14,1.54,HIGH_POSITIVE
2012-08-15,1.61,HIGH_POSITIVE
2012-08-16,1.6300000000000001,HIGH_POSITIVE
2012-08-17,1.61,HIGH_POSITIVE
2012-08-20,1.6300000000000001,HIGH_POSITIVE
2012-08-21,1.6,HIGH_POSITIVE
2012-08-22,1.52,HIGH_POSITIVE
2012-08-23,1.49,HIGH_POSITIVE
2012-08-24,1.49,HIGH_POSITIVE
2012-08-27,1.47,HIGH_POSITIVE
2012-08-28,1.46,HIGH_POSITIVE
2012-08-29,1.48,HIGH_POSITIVE
2012-08-30,1.46,HIGH_POSITIVE
2012-08-31,1.4100000000000001,HIGH_POSITIVE
2012-09-04,1.4300000000000002,HIGH_POSITIVE
2012-09-05,1.4300000000000002,HIGH_POSITIVE
2012-09-06,1.5,HIGH_POSITIVE
2012-09-07,1.49,HIGH_POSITIVE
2012-09-10,1.5,HIGH_POSITIVE
2012-09-11,1.52,HIGH_POSITIVE
2012-09-12,1.59,HIGH_POSITIVE
2012-09-13,1.58,HIGH_POSITIVE
2012-09-14,1.7,HIGH_POSITIVE
2012-09-17,1.6700000000000002,HIGH_POSITIVE
2012-09-18,1.6400000000000001,HIGH_POSITIVE
2012-09-19,1.61,HIGH_POSITIVE
2012-09-20,1.62,HIGH_POSITIVE
2012-09-21,1.59,HIGH_POSITIVE
2012-09-24,1.56,HIGH_POSITIVE
2012-09-25,1.52,HIGH_POSITIVE
2012-09-26,1.47,HIGH_POSITIVE
2012-09-27,1.5,HIGH_POSITIVE
2012-09-28,1.48,HIGH_POSITIVE
2012-10-01,1.47,HIGH_POSITIVE
2012-10-02,1.48,HIGH_POSITIVE
2012-10-03,1.48,HIGH_POSITIVE
2012-10-04,1.52,HIGH_POSITIVE
2012-10-05,1.57,HIGH_POSITIVE
2012-10-08,1.57,HIGH_POSITIVE
2012-10-09,1.56,HIGH_POSITIVE
2012-10-10,1.54,HIGH_POSITIVE
2012-10-11,1.52,HIGH_POSITIVE
2012-10-12,1.51,HIGH_POSITIVE
2012-10-15,1.51,HIGH_POSITIVE
2012-10-16,1.57,HIGH_POSITIVE
2012-10-17,1.6500000000000001,HIGH_POSITIVE
2012-10-18,1.6800000000000002,HIGH_POSITIVE
2012-10-19,1.61,HIGH_POSITIVE
2012-10-22,1.6400000000000001,HIGH_POSITIVE
2012-10-23,1.61,HIGH_POSITIVE
2012-10-24,1.62,HIGH_POSITIVE
2012-10-25,1.6700000000000002,HIGH_POSITIVE
2012-10-26,1.59,HIGH_POSITIVE
2012-10-31,1.54,HIGH_POSITIVE
2012-11-01,1.57,HIGH_POSITIVE
2012-11-02,1.56,HIGH_POSITIVE
2012-11-05,1.53,HIGH_POSITIVE
2012-11-06,1.59,HIGH_POSITIVE
2012-11-07,1.5,HIGH_POSITIVE
2012-11-08,1.4200000000000002,HIGH_POSITIVE
2012-11-09,1.4300000000000002,HIGH_POSITIVE
2012-11-12,1.4300000000000002,HIGH_POSITIVE
2012-11-13,1.4100000000000001,HIGH_POSITIVE
2012-11-14,1.4100000000000001,HIGH_POSITIVE
2012-11-15,1.4100000000000001,HIGH_POSITIVE
2012-11-16,1.4200000000000002,HIGH_POSITIVE
2012-11-19,1.4500000000000002,HIGH_POSITIVE
2012-11-20,1.5,HIGH_POSITIVE
2012-11-21,1.52,HIGH_POSITIVE
2012-11-23,1.51,HIGH_POSITIVE
2012-11-26,1.49,HIGH_POSITIVE
2012-11-27,1.46,HIGH_POSITIVE
2012-11-28,1.45,HIGH_POSITIVE
2012-11-29,1.4400000000000002,HIGH_POSITIVE
2012-11-30,1.4400000000000002,HIGH_POSITIVE
2012-12-03,1.45,HIGH_POSITIVE
2012-12-04,1.4400000000000002,HIGH_POSITIVE
2012-12-05,1.4200000000000002,HIGH_POSITIVE
2012-12-06,1.4100000000000001,HIGH_POSITIVE
2012-12-07,1.46,HIGH_POSITIVE
2012-12-10,1.45,HIGH_POSITIVE
2012-12-11,1.5,HIGH_POSITIVE
2012-12-12,1.58,HIGH_POSITIVE
2012-12-13,1.6,HIGH_POSITIVE
2012-12-14,1.5899999999999999,HIGH_POSITIVE
2012-12-17,1.65,HIGH_POSITIVE
2012-12-18,1.6800000000000002,HIGH_POSITIVE
2012-12-19,1.6700000000000002,HIGH_POSITIVE
2012-12-20,1.6600000000000001,HIGH_POSITIVE
2012-12-21,1.62,HIGH_POSITIVE
2012-12-24,1.6300000000000001,HIGH_POSITIVE
2012-12-26,1.61,HIGH_POSITIVE
2012-12-27,1.59,HIGH_POSITIVE
2012-12-28,1.58,HIGH_POSITIVE
2012-12-31,1.62,HIGH_POSITIVE
2013-01-02,1.7100000000000002,HIGH_POSITIVE
2013-01-03,1.77,HIGH_POSITIVE
2013-01-04,1.78,HIGH_POSITIVE
2013-01-07,1.77,HIGH_POSITIVE
2013-01-08,1.75,HIGH_POSITIVE
2013-01-09,1.75,HIGH_POSITIVE
2013-01-10,1.77,HIGH_POSITIVE
2013-01-11,1.75,HIGH_POSITIVE
2013-01-14,1.75,HIGH_POSITIVE
2013-01-15,1.7200000000000002,HIGH_POSITIVE
2013-01-16,1.7000000000000002,HIGH_POSITIVE
2013-01-17,1.75,HIGH_POSITIVE
2013-01-18,1.73,HIGH_POSITIVE
2013-01-22,1.7200000000000002,HIGH_POSITIVE
2013-01-23,1.7100000000000002,HIGH_POSITIVE
2013-01-24,1.73,HIGH_POSITIVE
2013-01-25,1.83,HIGH_POSITIVE
2013-01-28,1.84,HIGH_POSITIVE
2013-01-29,1.88,HIGH_POSITIVE
2013-01-30,1.88,HIGH_POSITIVE
2013-01-31,1.87,HIGH_POSITIVE
2013-02-01,1.8900000000000001,HIGH_POSITIVE
2013-02-04,1.85,HIGH_POSITIVE
2013-02-05,1.8900000000000001,HIGH_POSITIVE
2013-02-06,1.85,HIGH_POSITIVE
2013-02-07,1.84,HIGH_POSITIVE
2013-02-08,1.85,HIGH_POSITIVE
2013-02-11,1.84,HIGH_POSITIVE
2013-02-12,1.88,HIGH_POSITIVE
2013-02-13,1.9,HIGH_POSITIVE
2013-02-14,1.84,HIGH_POSITIVE
2013-02-15,1.8399999999999999,HIGH_POSITIVE
2013-02-19,1.8599999999999999,HIGH_POSITIVE
2013-02-20,1.85,HIGH_POSITIVE
2013-02-21,1.83,HIGH_POSITIVE
2013-02-22,1.81,HIGH_POSITIVE
2013-02-25,1.72,HIGH_POSITIVE
2013-02-26,1.71,HIGH_POSITIVE
2013-02-27,1.74,HIGH_POSITIVE
2013-02-28,1.72,HIGH_POSITIVE
2013-03-01,1.7000000000000002,HIGH_POSITIVE
2013-03-04,1.72,HIGH_POSITIVE
2013-03-05,1.75,HIGH_POSITIVE
2013-03-06,1.8,HIGH_POSITIVE
2013-03-07,1.85,HIGH_POSITIVE
2013-03-08,1.9100000000000001,HIGH_POSITIVE
2013-03-11,1.92,HIGH_POSITIVE
2013-03-12,1.88,HIGH_POSITIVE
2013-03-13,1.8900000000000001,HIGH_POSITIVE
2013-03-14,1.8900000000000001,HIGH_POSITIVE
2013-03-15,1.8699999999999997,HIGH_POSITIVE
2013-03-18,1.81,HIGH_POSITIVE
2013-03-19,1.77,HIGH_POSITIVE
2013-03-20,1.81,HIGH_POSITIVE
2013-03-21,1.81,HIGH_POSITIVE
2013-03-22,1.79,HIGH_POSITIVE
2013-03-25,1.79,HIGH_POSITIVE
2013-03-26,1.7799999999999998,HIGH_POSITIVE
2013-03-27,1.73,HIGH_POSITIVE
2013-03-28,1.73,HIGH_POSITIVE
2013-04-01,1.7200000000000002,HIGH_POSITIVE
2013-04-02,1.7399999999999998,HIGH_POSITIVE
2013-04-03,1.7000000000000002,HIGH_POSITIVE
2013-04-04,1.65,HIGH_POSITIVE
2013-04-05,1.5899999999999999,HIGH_POSITIVE
2013-04-08,1.63,HIGH_POSITIVE
2013-04-09,1.65,HIGH_POSITIVE
2013-04-10,1.7200000000000002,HIGH_POSITIVE
2013-04-11,1.7000000000000002,HIGH_POSITIVE
2013-04-12,1.64,HIGH_POSITIVE
2013-04-15,1.6,HIGH_POSITIVE
2013-04-16,1.62,HIGH_POSITIVE
2013-04-17,1.6,HIGH_POSITIVE
2013-04-18,1.6,HIGH_POSITIVE
2013-04-19,1.6099999999999999,HIGH_POSITIVE
2013-04-22,1.6,HIGH_POSITIVE
2013-04-23,1.62,HIGH_POSITIVE
2013-04-24,1.6,HIGH_POSITIVE
2013-04-25,1.62,HIGH_POSITIVE
2013-04-26,1.58,HIGH_POSITIVE
2013-04-29,1.58,HIGH_POSITIVE
2013-04-30,1.5899999999999999,HIGH_POSITIVE
2013-05-01,1.5499999999999998,HIGH_POSITIVE
2013-05-02,1.5499999999999998,HIGH_POSITIVE
2013-05-03,1.67,HIGH_POSITIVE
2013-05-06,1.69,HIGH_POSITIVE
2013-05-07,1.72,HIGH_POSITIVE
2013-05-08,1.7,HIGH_POSITIVE
2013-05-09,1.7,HIGH_POSITIVE
2013-05-10,1.7899999999999998,HIGH_POSITIVE
2013-05-13,1.79,HIGH_POSITIVE
2013-05-14,1.8399999999999999,HIGH_POSITIVE
2013-05-15,1.8199999999999998,HIGH_POSITIVE
2013-05-16,1.75,HIGH_POSITIVE
2013-05-17,1.83,HIGH_POSITIVE
2013-05-20,1.85,HIGH_POSITIVE
2013-05-21,1.8199999999999998,HIGH_POSITIVE
2013-05-22,1.9199999999999997,HIGH_POSITIVE
2013-05-23,1.9,HIGH_POSITIVE
2013-05-24,1.8899999999999997,HIGH_POSITIVE
2013-05-28,2.02,HIGH_POSITIVE
2013-05-29,1.9899999999999998,HIGH_POSITIVE
2013-05-30,2.0,HIGH_POSITIVE
2013-05-31,2.02,HIGH_POSITIVE
2013-06-03,1.9899999999999998,HIGH_POSITIVE
2013-06-04,2.0,HIGH_POSITIVE
2013-06-05,1.96,HIGH_POSITIVE
2013-06-06,1.94,HIGH_POSITIVE
2013-06-07,2.03,HIGH_POSITIVE
2013-06-10,2.08,HIGH_POSITIVE
2013-06-11,2.06,HIGH_POSITIVE
2013-06-12,2.11,HIGH_POSITIVE
2013-06-13,2.05,HIGH_POSITIVE
2013-06-14,2.0100000000000002,HIGH_POSITIVE
2013-06-17,2.06,HIGH_POSITIVE
2013-06-18,2.0700000000000003,HIGH_POSITIVE
2013-06-19,2.2,HIGH_POSITIVE
2013-06-20,2.27,HIGH_POSITIVE
2013-06-21,2.39,HIGH_POSITIVE
2013-06-24,2.4099999999999997,HIGH_POSITIVE
2013-06-25,2.43,HIGH_POSITIVE
2013-06-26,2.3899999999999997,HIGH_POSITIVE
2013-06-27,2.3400000000000003,HIGH_POSITIVE
2013-06-28,2.37,HIGH_POSITIVE
2013-07-01,2.35,HIGH_POSITIVE
2013-07-02,2.34,HIGH_POSITIVE
2013-07-03,2.38,HIGH_POSITIVE
2013-07-05,2.58,HIGH_POSITIVE
2013-07-08,2.51,HIGH_POSITIVE
2013-07-09,2.51,HIGH_POSITIVE
2013-07-10,2.5700000000000003,HIGH_POSITIVE
2013-07-11,2.47,HIGH_POSITIVE
2013-07-12,2.4899999999999998,HIGH_POSITIVE
2013-07-15,2.46,HIGH_POSITIVE
2013-07-16,2.4499999999999997,HIGH_POSITIVE
2013-07-17,2.41,HIGH_POSITIVE
2013-07-18,2.45,HIGH_POSITIVE
2013-07-19,2.39,HIGH_POSITIVE
2013-07-22,2.4,HIGH_POSITIVE
2013-07-23,2.4099999999999997,HIGH_POSITIVE
2013-07-24,2.4899999999999998,HIGH_POSITIVE
2013-07-25,2.4899999999999998,HIGH_POSITIVE
2013-07-26,2.47,HIGH_POSITIVE
2013-07-29,2.5,HIGH_POSITIVE
2013-07-30,2.52,HIGH_POSITIVE
2013-07-31,2.49,HIGH_POSITIVE
2013-08-01,2.6100000000000003,HIGH_POSITIVE
2013-08-02,2.52,HIGH_POSITIVE
2013-08-05,2.55,HIGH_POSITIVE
2013-08-06,2.55,HIGH_POSITIVE
2013-08-07,2.4899999999999998,HIGH_POSITIVE
2013-08-08,2.46,HIGH_POSITIVE
2013-08-09,2.46,HIGH_POSITIVE
2013-08-12,2.4899999999999998,HIGH_POSITIVE
2013-08-13,2.59,HIGH_POSITIVE
2013-08-14,2.59,HIGH_POSITIVE
2013-08-15,2.64,HIGH_POSITIVE
2013-08-16,2.71,HIGH_POSITIVE
2013-08-19,2.75,HIGH_POSITIVE
2013-08-20,2.69,HIGH_POSITIVE
2013-08-21,2.73,HIGH_POSITIVE
2013-08-22,2.76,HIGH_POSITIVE
2013-08-23,2.6799999999999997,HIGH_POSITIVE
2013-08-26,2.66,HIGH_POSITIVE
2013-08-27,2.6,HIGH_POSITIVE
2013-08-28,2.6399999999999997,HIGH_POSITIVE
2013-08-29,2.61,HIGH_POSITIVE
2013-08-30,2.65,HIGH_POSITIVE
2013-09-03,2.7199999999999998,HIGH_POSITIVE
2013-09-04,2.76,HIGH_POSITIVE
2013-09-05,2.82,HIGH_POSITIVE
2013-09-06,2.8,HIGH_POSITIVE
2013-09-09,2.78,HIGH_POSITIVE
2013-09-10,2.83,HIGH_POSITIVE
2013-09-11,2.81,HIGH_POSITIVE
2013-09-12,2.79,HIGH_POSITIVE
2013-09-13,2.77,HIGH_POSITIVE
2013-09-16,2.75,HIGH_POSITIVE
2013-09-17,2.7399999999999998,HIGH_POSITIVE
2013-09-18,2.58,HIGH_POSITIVE
2013-09-19,2.6599999999999997,HIGH_POSITIVE
2013-09-20,2.64,HIGH_POSITIVE
2013-09-23,2.62,HIGH_POSITIVE
2013-09-24,2.57,HIGH_POSITIVE
2013-09-25,2.53,HIGH_POSITIVE
2013-09-26,2.5700000000000003,HIGH_POSITIVE
2013-09-27,2.54,HIGH_POSITIVE
2013-09-30,2.54,HIGH_POSITIVE
2013-10-01,2.56,HIGH_POSITIVE
2013-10-02,2.52,HIGH_POSITIVE
2013-10-03,2.5100000000000002,HIGH_POSITIVE
2013-10-04,2.5500000000000003,HIGH_POSITIVE
2013-10-07,2.53,HIGH_POSITIVE
2013-10-08,2.5100000000000002,HIGH_POSITIVE
2013-10-09,2.5300000000000002,HIGH_POSITIVE
2013-10-10,2.57,HIGH_POSITIVE
2013-10-11,2.56,HIGH_POSITIVE
2013-10-14,2.56,HIGH_POSITIVE
2013-10-15,2.59,HIGH_POSITIVE
2013-10-16,2.54,HIGH_POSITIVE
2013-10-17,2.48,HIGH_POSITIVE
2013-10-18,2.48,HIGH_POSITIVE
2013-10-21,2.52,HIGH_POSITIVE
2013-10-22,2.44,HIGH_POSITIVE
2013-10-23,2.4,HIGH_POSITIVE
2013-10-24,2.4099999999999997,HIGH_POSITIVE
2013-10-25,2.42,HIGH_POSITIVE
2013-10-28,2.43,HIGH_POSITIVE
2013-10-29,2.42,HIGH_POSITIVE
2013-10-30,2.44,HIGH_POSITIVE
2013-10-31,2.4699999999999998,HIGH_POSITIVE
2013-11-01,2.55,HIGH_POSITIVE
2013-11-04,2.54,HIGH_POSITIVE
2013-11-05,2.59,HIGH_POSITIVE
2013-11-06,2.56,HIGH_POSITIVE
2013-11-07,2.52,HIGH_POSITIVE
2013-11-08,2.65,HIGH_POSITIVE
2013-11-11,2.65,HIGH_POSITIVE
2013-11-12,2.67,HIGH_POSITIVE
2013-11-13,2.62,HIGH_POSITIVE
2013-11-14,2.56,HIGH_POSITIVE
2013-11-15,2.58,HIGH_POSITIVE
2013-11-18,2.54,HIGH_POSITIVE
2013-11-19,2.57,HIGH_POSITIVE
2013-11-20,2.6799999999999997,HIGH_POSITIVE
2013-11-21,2.67,HIGH_POSITIVE
2013-11-22,2.63,HIGH_POSITIVE
2013-11-25,2.6,HIGH_POSITIVE
2013-11-26,2.58,HIGH_POSITIVE
2013-11-27,2.6100000000000003,HIGH_POSITIVE
2013-11-29,2.62,HIGH_POSITIVE
2013-12-02,2.68,HIGH_POSITIVE
2013-12-03,2.66,HIGH_POSITIVE
2013-12-04,2.6999999999999997,HIGH_POSITIVE
2013-12-05,2.75,HIGH_POSITIVE
2013-12-06,2.75,HIGH_POSITIVE
2013-12-09,2.73,HIGH_POSITIVE
2013-12-10,2.67,HIGH_POSITIVE
2013-12-11,2.73,HIGH_POSITIVE
2013-12-12,2.75,HIGH_POSITIVE
2013-12-13,2.7399999999999998,HIGH_POSITIVE
2013-12-16,2.7600000000000002,HIGH_POSITIVE
2013-12-17,2.71,HIGH_POSITIVE
2013-12-18,2.7600000000000002,HIGH_POSITIVE
2013-12-19,2.81,HIGH_POSITIVE
2013-12-20,2.7600000000000002,HIGH_POSITIVE
2013-12-23,2.8,HIGH_POSITIVE
2013-12-24,2.85,HIGH_POSITIVE
2013-12-26,2.87,HIGH_POSITIVE
2013-12-27,2.9,HIGH_POSITIVE
2013-12-30,2.8600000000000003,HIGH_POSITIVE
2013-12-31,2.91,HIGH_POSITIVE
2014-01-02,2.87,HIGH_POSITIVE
2014-01-03,2.88,HIGH_POSITIVE
2014-01-06,2.86,HIGH_POSITIVE
2014-01-07,2.83,HIGH_POSITIVE
2014-01-08,2.88,HIGH_POSITIVE
2014-01-09,2.8400000000000003,HIGH_POSITIVE
2014-01-10,2.76,HIGH_POSITIVE
2014-01-13,2.73,HIGH_POSITIVE
2014-01-14,2.77,HIGH_POSITIVE
2014-01-15,2.77,HIGH_POSITIVE
2014-01-16,2.75,HIGH_POSITIVE
2014-01-17,2.73,HIGH_POSITIVE
2014-01-21,2.73,HIGH_POSITIVE
2014-01-22,2.7600000000000002,HIGH_POSITIVE
2014-01-23,2.68,HIGH_POSITIVE
2014-01-24,2.64,HIGH_POSITIVE
2014-01-27,2.67,HIGH_POSITIVE
2014-01-28,2.66,HIGH_POSITIVE
2014-01-29,2.58,HIGH_POSITIVE
2014-01-30,2.62,HIGH_POSITIVE
2014-01-31,2.57,HIGH_POSITIVE
2014-02-03,2.5,HIGH_POSITIVE
2014-02-04,2.52,HIGH_POSITIVE
2014-02-05,2.58,HIGH_POSITIVE
2014-02-06,2.6,HIGH_POSITIVE
2014-02-07,2.59,HIGH_POSITIVE
2014-02-10,2.58,HIGH_POSITIVE
2014-02-11,2.63,HIGH_POSITIVE
2014-02-12,2.6799999999999997,HIGH_POSITIVE
2014-02-13,2.61,HIGH_POSITIVE
2014-02-14,2.64,HIGH_POSITIVE
2014-02-18,2.59,HIGH_POSITIVE
2014-02-19,2.62,HIGH_POSITIVE
2014-02-20,2.6399999999999997,HIGH_POSITIVE
2014-02-21,2.61,HIGH_POSITIVE
2014-02-24,2.64,HIGH_POSITIVE
2014-02-25,2.5900000000000003,HIGH_POSITIVE
2014-02-26,2.56,HIGH_POSITIVE
2014-02-27,2.54,HIGH_POSITIVE
2014-02-28,2.54,HIGH_POSITIVE
2014-03-03,2.48,HIGH_POSITIVE
2014-03-04,2.58,HIGH_POSITIVE
2014-03-05,2.5700000000000003,HIGH_POSITIVE
2014-03-06,2.62,HIGH_POSITIVE
2014-03-07,2.67,HIGH_POSITIVE
2014-03-10,2.67,HIGH_POSITIVE
2014-03-11,2.64,HIGH_POSITIVE
2014-03-12,2.61,HIGH_POSITIVE
2014-03-13,2.54,HIGH_POSITIVE
2014-03-14,2.53,HIGH_POSITIVE
2014-03-17,2.5700000000000003,HIGH_POSITIVE
2014-03-18,2.5500000000000003,HIGH_POSITIVE
2014-03-19,2.63,HIGH_POSITIVE
2014-03-20,2.65,HIGH_POSITIVE
2014-03-21,2.61,HIGH_POSITIVE
2014-03-24,2.6,HIGH_POSITIVE
2014-03-25,2.62,HIGH_POSITIVE
2014-03-26,2.59,HIGH_POSITIVE
2014-03-27,2.57,HIGH_POSITIVE
2014-03-28,2.6,HIGH_POSITIVE
2014-03-31,2.6,HIGH_POSITIVE
2014-04-01,2.64,HIGH_POSITIVE
2014-04-02,2.6999999999999997,HIGH_POSITIVE
2014-04-03,2.69,HIGH_POSITIVE
2014-04-04,2.6300000000000003,HIGH_POSITIVE
2014-04-07,2.6,HIGH_POSITIVE
2014-04-08,2.58,HIGH_POSITIVE
2014-04-09,2.61,HIGH_POSITIVE
2014-04-10,2.56,HIGH_POSITIVE
2014-04-11,2.54,HIGH_POSITIVE
2014-04-14,2.55,HIGH_POSITIVE
2014-04-15,2.5300000000000002,HIGH_POSITIVE
2014-04-16,2.54,HIGH_POSITIVE
2014-04-17,2.62,HIGH_POSITIVE
2014-04-21,2.62,HIGH_POSITIVE
2014-04-22,2.62,HIGH_POSITIVE
2014-04-23,2.5900000000000003,HIGH_POSITIVE
2014-04-24,2.6,HIGH_POSITIVE
2014-04-25,2.5700000000000003,HIGH_POSITIVE
2014-04-28,2.6,HIGH_POSITIVE
2014-04-29,2.6,HIGH_POSITIVE
2014-04-30,2.56,HIGH_POSITIVE
2014-05-01,2.53,HIGH_POSITIVE
2014-05-02,2.5,HIGH_POSITIVE
2014-05-05,2.52,HIGH_POSITIVE
2014-05-06,2.51,HIGH_POSITIVE
2014-05-07,2.52,HIGH_POSITIVE
2014-05-08,2.51,HIGH_POSITIVE
2014-05-09,2.52,HIGH_POSITIVE
2014-05-12,2.5700000000000003,HIGH_POSITIVE
2014-05-13,2.51,HIGH_POSITIVE
2014-05-14,2.44,HIGH_POSITIVE
2014-05-15,2.41,HIGH_POSITIVE
2014-05-16,2.43,HIGH_POSITIVE
2014-05-19,2.45,HIGH_POSITIVE
2014-05-20,2.43,HIGH_POSITIVE
2014-05-21,2.45,HIGH_POSITIVE
2014-05-22,2.47,HIGH_POSITIVE
2014-05-23,2.44,HIGH_POSITIVE
2014-05-27,2.43,HIGH_POSITIVE
2014-05-28,2.34,HIGH_POSITIVE
2014-05-29,2.35,HIGH_POSITIVE
2014-05-30,2.38,HIGH_POSITIVE
2014-06-02,2.44,HIGH_POSITIVE
2014-06-03,2.5,HIGH_POSITIVE
2014-06-04,2.51,HIGH_POSITIVE
2014-06-05,2.4899999999999998,HIGH_POSITIVE
2014-06-06,2.49,HIGH_POSITIVE
2014-06-09,2.5100000000000002,HIGH_POSITIVE
2014-06-10,2.5300000000000002,HIGH_POSITIVE
2014-06-11,2.54,HIGH_POSITIVE
2014-06-12,2.48,HIGH_POSITIVE
2014-06-13,2.49,HIGH_POSITIVE
2014-06-16,2.5,HIGH_POSITIVE
2014-06-17,2.5500000000000003,HIGH_POSITIVE
2014-06-18,2.51,HIGH_POSITIVE
2014-06-19,2.5500000000000003,HIGH_POSITIVE
2014-06-20,2.54,HIGH_POSITIVE
2014-06-23,2.53,HIGH_POSITIVE
2014-06-24,2.4699999999999998,HIGH_POSITIVE
2014-06-25,2.46,HIGH_POSITIVE
2014-06-26,2.42,HIGH_POSITIVE
2014-06-27,2.44,HIGH_POSITIVE
2014-06-30,2.42,HIGH_POSITIVE
2014-07-01,2.47,HIGH_POSITIVE
2014-07-02,2.52,HIGH_POSITIVE
2014-07-03,2.54,HIGH_POSITIVE
2014-07-07,2.51,HIGH_POSITIVE
2014-07-08,2.47,HIGH_POSITIVE
2014-07-09,2.46,HIGH_POSITIVE
2014-07-10,2.4499999999999997,HIGH_POSITIVE
2014-07-11,2.42,HIGH_POSITIVE
2014-07-14,2.44,HIGH_POSITIVE
2014-07-15,2.45,HIGH_POSITIVE
2014-07-16,2.44,HIGH_POSITIVE
2014-07-17,2.37,HIGH_POSITIVE
2014-07-18,2.4,HIGH_POSITIVE
2014-07-21,2.3800000000000003,HIGH_POSITIVE
2014-07-22,2.37,HIGH_POSITIVE
2014-07-23,2.37,HIGH_POSITIVE
2014-07-24,2.41,HIGH_POSITIVE
2014-07-25,2.37,HIGH_POSITIVE
2014-07-28,2.39,HIGH_POSITIVE
2014-07-29,2.35,HIGH_POSITIVE
2014-07-30,2.44,HIGH_POSITIVE
2014-07-31,2.46,HIGH_POSITIVE
2014-08-01,2.39,HIGH_POSITIVE
2014-08-04,2.3899999999999997,HIGH_POSITIVE
2014-08-05,2.37,HIGH_POSITIVE
2014-08-06,2.3800000000000003,HIGH_POSITIVE
2014-08-07,2.3200000000000003,HIGH_POSITIVE
2014-08-08,2.34,HIGH_POSITIVE
2014-08-11,2.34,HIGH_POSITIVE
2014-08-12,2.36,HIGH_POSITIVE
2014-08-13,2.33,HIGH_POSITIVE
2014-08-14,2.3,HIGH_POSITIVE
2014-08-15,2.25,HIGH_POSITIVE
2014-08-18,2.29,HIGH_POSITIVE
2014-08-19,2.29,HIGH_POSITIVE
2014-08-20,2.31,HIGH_POSITIVE
2014-08-21,2.31,HIGH_POSITIVE
2014-08-22,2.3,HIGH_POSITIVE
2014-08-25,2.2800000000000002,HIGH_POSITIVE
2014-08-26,2.27,HIGH_POSITIVE
2014-08-27,2.2600000000000002,HIGH_POSITIVE
2014-08-28,2.23,HIGH_POSITIVE
2014-08-29,2.2600000000000002,HIGH_POSITIVE
2014-09-02,2.32,HIGH_POSITIVE
2014-09-03,2.3000000000000003,HIGH_POSITIVE
2014-09-04,2.35,HIGH_POSITIVE
2014-09-05,2.36,HIGH_POSITIVE
2014-09-08,2.38,HIGH_POSITIVE
2014-09-09,2.39,HIGH_POSITIVE
2014-09-10,2.43,HIGH_POSITIVE
2014-09-11,2.43,HIGH_POSITIVE
2014-09-12,2.5100000000000002,HIGH_POSITIVE
2014-09-15,2.49,HIGH_POSITIVE
2014-09-16,2.47,HIGH_POSITIVE
2014-09-17,2.5,HIGH_POSITIVE
2014-09-18,2.51,HIGH_POSITIVE
2014-09-19,2.48,HIGH_POSITIVE
2014-09-22,2.4699999999999998,HIGH_POSITIVE
2014-09-23,2.44,HIGH_POSITIVE
2014-09-24,2.46,HIGH_POSITIVE
2014-09-25,2.42,HIGH_POSITIVE
2014-09-26,2.43,HIGH_POSITIVE
2014-09-29,2.39,HIGH_POSITIVE
2014-09-30,2.39,HIGH_POSITIVE
2014-10-01,2.32,HIGH_POSITIVE
2014-10-02,2.34,HIGH_POSITIVE
2014-10-03,2.3400000000000003,HIGH_POSITIVE
2014-10-06,2.3200000000000003,HIGH_POSITIVE
2014-10-07,2.26,HIGH_POSITIVE
2014-10-08,2.25,HIGH_POSITIVE
2014-10-09,2.2399999999999998,HIGH_POSITIVE
2014-10-10,2.21,HIGH_POSITIVE
2014-10-13,2.21,HIGH_POSITIVE
2014-10-14,2.12,HIGH_POSITIVE
2014-10-15,2.05,HIGH_POSITIVE
2014-10-16,2.07,HIGH_POSITIVE
2014-10-17,2.1100000000000003,HIGH_POSITIVE
2014-10-20,2.1,HIGH_POSITIVE
2014-10-21,2.13,HIGH_POSITIVE
2014-10-22,2.14,HIGH_POSITIVE
2014-10-23,2.18,HIGH_POSITIVE
2014-10-24,2.18,HIGH_POSITIVE
2014-10-27,2.16,HIGH_POSITIVE
2014-10-28,2.19,HIGH_POSITIVE
2014-10-29,2.23,HIGH_POSITIVE
2014-10-30,2.21,HIGH_POSITIVE
2014-10-31,2.24,HIGH_POSITIVE
2014-11-03,2.2399999999999998,HIGH_POSITIVE
2014-11-04,2.24,HIGH_POSITIVE
2014-11-05,2.25,HIGH_POSITIVE
2014-11-06,2.27,HIGH_POSITIVE
2014-11-07,2.1999999999999997,HIGH_POSITIVE
2014-11-10,2.25,HIGH_POSITIVE
2014-11-11,2.25,HIGH_POSITIVE
2014-11-12,2.23,HIGH_POSITIVE
2014-11-13,2.2,HIGH_POSITIVE
2014-11-14,2.17,HIGH_POSITIVE
2014-11-17,2.19,HIGH_POSITIVE
2014-11-18,2.1799999999999997,HIGH_POSITIVE
2014-11-19,2.21,HIGH_POSITIVE
2014-11-20,2.1999999999999997,HIGH_POSITIVE
2014-11-21,2.17,HIGH_POSITIVE
2014-11-24,2.1599999999999997,HIGH_POSITIVE
2014-11-25,2.13,HIGH_POSITIVE
2014-11-26,2.1,HIGH_POSITIVE
2014-11-28,2.0500000000000003,HIGH_POSITIVE
2014-12-01,2.0900000000000003,HIGH_POSITIVE
2014-12-02,2.1399999999999997,HIGH_POSITIVE
2014-12-03,2.14,HIGH_POSITIVE
2014-12-04,2.11,HIGH_POSITIVE
2014-12-05,2.13,HIGH_POSITIVE
2014-12-08,2.0799999999999996,HIGH_POSITIVE
2014-12-09,1.9900000000000002,HIGH_POSITIVE
2014-12-10,1.9700000000000002,HIGH_POSITIVE
2014-12-11,1.98,HIGH_POSITIVE
2014-12-12,1.9100000000000001,HIGH_POSITIVE
2014-12-15,1.9000000000000001,HIGH_POSITIVE
2014-12-16,1.8599999999999999,HIGH_POSITIVE
2014-12-17,1.9100000000000001,HIGH_POSITIVE
2014-12-18,1.9700000000000002,HIGH_POSITIVE
2014-12-19,1.91,HIGH_POSITIVE
2014-12-22,1.89,HIGH_POSITIVE
2014-12-23,1.9999999999999998,HIGH_POSITIVE
2014-12-24,2.01,HIGH_POSITIVE
2014-12-26,1.99,HIGH_POSITIVE
2014-12-29,1.9700000000000002,HIGH_POSITIVE
2014-12-30,1.9700000000000002,HIGH_POSITIVE
2014-12-31,1.92,HIGH_POSITIVE
2015-01-02,1.87,HIGH_POSITIVE
2015-01-05,1.78,HIGH_POSITIVE
2015-01-06,1.72,HIGH_POSITIVE
2015-01-07,1.71,HIGH_POSITIVE
2015-01-08,1.7999999999999998,HIGH_POSITIVE
2015-01-09,1.76,HIGH_POSITIVE
2015-01-12,1.73,HIGH_POSITIVE
2015-01-13,1.71,HIGH_POSITIVE
2015-01-14,1.6800000000000002,HIGH_POSITIVE
2015-01-15,1.61,HIGH_POSITIVE
2015-01-16,1.6600000000000001,HIGH_POSITIVE
2015-01-20,1.6500000000000001,HIGH_POSITIVE
2015-01-21,1.7000000000000002,HIGH_POSITIVE
2015-01-22,1.73,HIGH_POSITIVE
2015-01-23,1.6400000000000001,HIGH_POSITIVE
2015-01-26,1.6500000000000001,HIGH_POSITIVE
2015-01-27,1.6600000000000001,HIGH_POSITIVE
2015-01-28,1.56,HIGH_POSITIVE
2015-01-29,1.6,HIGH_POSITIVE
2015-01-30,1.5,HIGH_POSITIVE
2015-02-02,1.51,HIGH_POSITIVE
2015-02-03,1.58,HIGH_POSITIVE
2015-02-04,1.61,HIGH_POSITIVE
2015-02-05,1.6300000000000001,HIGH_POSITIVE
2015-02-06,1.69,HIGH_POSITIVE
2015-02-09,1.72,HIGH_POSITIVE
2015-02-10,1.7599999999999998,HIGH_POSITIVE
2015-02-11,1.76,HIGH_POSITIVE
2015-02-12,1.76,HIGH_POSITIVE
2015-02-13,1.79,HIGH_POSITIVE
2015-02-17,1.8900000000000001,HIGH_POSITIVE
2015-02-18,1.8399999999999999,HIGH_POSITIVE
2015-02-19,1.88,HIGH_POSITIVE
2015-02-20,1.9,HIGH_POSITIVE
2015-02-23,1.84,HIGH_POSITIVE
2015-02-24,1.77,HIGH_POSITIVE
2015-02-25,1.75,HIGH_POSITIVE
2015-02-26,1.8099999999999998,HIGH_POSITIVE
2015-02-27,1.78,HIGH_POSITIVE
2015-03-02,1.86,HIGH_POSITIVE
2015-03-03,1.86,HIGH_POSITIVE
2015-03-04,1.86,HIGH_POSITIVE
2015-03-05,1.8599999999999999,HIGH_POSITIVE
2015-03-06,1.9700000000000002,HIGH_POSITIVE
2015-03-09,1.9300000000000002,HIGH_POSITIVE
2015-03-10,1.8900000000000001,HIGH_POSITIVE
2015-03-11,1.8599999999999999,HIGH_POSITIVE
2015-03-12,1.86,HIGH_POSITIVE
2015-03-13,1.89,HIGH_POSITIVE
2015-03-16,1.84,HIGH_POSITIVE
2015-03-17,1.79,HIGH_POSITIVE
2015-03-18,1.7,HIGH_POSITIVE
2015-03-19,1.72,HIGH_POSITIVE
2015-03-20,1.69,HIGH_POSITIVE
2015-03-23,1.68,HIGH_POSITIVE
2015-03-24,1.64,HIGH_POSITIVE
2015-03-25,1.68,HIGH_POSITIVE
2015-03-26,1.7299999999999998,HIGH_POSITIVE
2015-03-27,1.68,HIGH_POSITIVE
2015-03-30,1.69,HIGH_POSITIVE
2015-03-31,1.68,HIGH_POSITIVE
2015-04-01,1.6,HIGH_POSITIVE
2015-04-02,1.67,HIGH_POSITIVE
2015-04-06,1.71,HIGH_POSITIVE
2015-04-07,1.67,HIGH_POSITIVE
2015-04-08,1.7,HIGH_POSITIVE
2015-04-09,1.75,HIGH_POSITIVE
2015-04-10,1.72,HIGH_POSITIVE
2015-04-13,1.71,HIGH_POSITIVE
2015-04-14,1.67,HIGH_POSITIVE
2015-04-15,1.68,HIGH_POSITIVE
2015-04-16,1.68,HIGH_POSITIVE
2015-04-17,1.6400000000000001,HIGH_POSITIVE
2015-04-20,1.66,HIGH_POSITIVE
2015-04-21,1.69,HIGH_POSITIVE
2015-04-22,1.76,HIGH_POSITIVE
2015-04-23,1.72,HIGH_POSITIVE
2015-04-24,1.69,HIGH_POSITIVE
2015-04-27,1.69,HIGH_POSITIVE
2015-04-28,1.76,HIGH_POSITIVE
2015-04-29,1.81,HIGH_POSITIVE
2015-04-30,1.8099999999999998,HIGH_POSITIVE
2015-05-01,1.87,HIGH_POSITIVE
2015-05-04,1.9100000000000001,HIGH_POSITIVE
2015-05-05,1.95,HIGH_POSITIVE
2015-05-06,2.0,HIGH_POSITIVE
2015-05-07,1.9400000000000002,HIGH_POSITIVE
2015-05-08,1.9300000000000002,HIGH_POSITIVE
2015-05-11,2.03,HIGH_POSITIVE
2015-05-12,2.03,HIGH_POSITIVE
2015-05-13,2.0300000000000002,HIGH_POSITIVE
2015-05-14,2.0,HIGH_POSITIVE
2015-05-15,1.9100000000000001,HIGH_POSITIVE
2015-05-18,2.01,HIGH_POSITIVE
2015-05-19,2.04,HIGH_POSITIVE
2015-05-20,2.03,HIGH_POSITIVE
2015-05-21,1.97,HIGH_POSITIVE
2015-05-22,1.98,HIGH_POSITIVE
2015-05-26,1.9000000000000001,HIGH_POSITIVE
2015-05-27,1.87,HIGH_POSITIVE
2015-05-28,1.8699999999999999,HIGH_POSITIVE
2015-05-29,1.86,HIGH_POSITIVE
2015-06-01,1.93,HIGH_POSITIVE
2015-06-02,2.01,HIGH_POSITIVE
2015-06-03,2.12,HIGH_POSITIVE
2015-06-04,2.04,HIGH_POSITIVE
2015-06-05,2.12,HIGH_POSITIVE
2015-06-08,2.12,HIGH_POSITIVE
2015-06-09,2.15,HIGH_POSITIVE
2015-06-10,2.2199999999999998,HIGH_POSITIVE
2015-06-11,2.1100000000000003,HIGH_POSITIVE
2015-06-12,2.1100000000000003,HIGH_POSITIVE
2015-06-15,2.08,HIGH_POSITIVE
2015-06-16,2.04,HIGH_POSITIVE
2015-06-17,2.05,HIGH_POSITIVE
2015-06-18,2.09,HIGH_POSITIVE
2015-06-19,2.01,HIGH_POSITIVE
2015-06-22,2.1,HIGH_POSITIVE
2015-06-23,2.12,HIGH_POSITIVE
2015-06-24,2.08,HIGH_POSITIVE
2015-06-25,2.11,HIGH_POSITIVE
2015-06-26,2.2,HIGH_POSITIVE
2015-06-29,2.06,HIGH_POSITIVE
2015-06-30,2.0700000000000003,HIGH_POSITIVE
2015-07-01,2.1500000000000004,HIGH_POSITIVE
2015-07-02,2.1399999999999997,HIGH_POSITIVE
2015-07-06,2.04,HIGH_POSITIVE
2015-07-07,2.02,HIGH_POSITIVE
2015-07-08,1.9800000000000002,HIGH_POSITIVE
2015-07-09,2.07,HIGH_POSITIVE
2015-07-10,2.1399999999999997,HIGH_POSITIVE
2015-07-13,2.16,HIGH_POSITIVE
2015-07-14,2.14,HIGH_POSITIVE
2015-07-15,2.08,HIGH_POSITIVE
2015-07-16,2.07,HIGH_POSITIVE
2015-07-17,2.05,HIGH_POSITIVE
2015-07-20,2.07,HIGH_POSITIVE
2015-07-21,2.0100000000000002,HIGH_POSITIVE
2015-07-22,1.99,HIGH_POSITIVE
2015-07-23,1.9499999999999997,HIGH_POSITIVE
2015-07-24,1.95,HIGH_POSITIVE
2015-07-27,1.91,HIGH_POSITIVE
2015-07-28,1.9399999999999997,HIGH_POSITIVE
2015-07-29,1.96,HIGH_POSITIVE
2015-07-30,1.92,HIGH_POSITIVE
2015-07-31,1.87,HIGH_POSITIVE
2015-08-03,1.83,HIGH_POSITIVE
2015-08-04,1.8599999999999999,HIGH_POSITIVE
2015-08-05,1.9,HIGH_POSITIVE
2015-08-06,1.88,HIGH_POSITIVE
2015-08-07,1.8000000000000003,HIGH_POSITIVE
2015-08-10,1.8400000000000003,HIGH_POSITIVE
2015-08-11,1.7799999999999998,HIGH_POSITIVE
2015-08-12,1.77,HIGH_POSITIVE
2015-08-13,1.79,HIGH_POSITIVE
2015-08-14,1.7900000000000003,HIGH_POSITIVE
2015-08-17,1.7600000000000002,HIGH_POSITIVE
2015-08-18,1.7800000000000002,HIGH_POSITIVE
2015-08-19,1.73,HIGH_POSITIVE
2015-08-20,1.6999999999999997,HIGH_POSITIVE
2015-08-21,1.69,HIGH_POSITIVE
2015-08-24,1.6799999999999997,HIGH_POSITIVE
2015-08-25,1.7600000000000002,HIGH_POSITIVE
2015-08-26,1.83,HIGH_POSITIVE
2015-08-27,1.8200000000000003,HIGH_POSITIVE
2015-08-28,1.81,HIGH_POSITIVE
2015-08-31,1.8199999999999998,HIGH_POSITIVE
2015-09-01,1.7799999999999998,HIGH_POSITIVE
2015-09-02,1.83,HIGH_POSITIVE
2015-09-03,1.8200000000000003,HIGH_POSITIVE
2015-09-04,1.77,HIGH_POSITIVE
2015-09-08,1.81,HIGH_POSITIVE
2015-09-09,1.8199999999999998,HIGH_POSITIVE
2015-09-10,1.8399999999999999,HIGH_POSITIVE
2015-09-11,1.8000000000000003,HIGH_POSITIVE
2015-09-14,1.7800000000000002,HIGH_POSITIVE
2015-09-15,1.8099999999999998,HIGH_POSITIVE
2015-09-16,1.8399999999999999,HIGH_POSITIVE
2015-09-17,1.8199999999999998,HIGH_POSITIVE
2015-09-18,1.7799999999999998,HIGH_POSITIVE
2015-09-21,1.8400000000000003,HIGH_POSITIVE
2015-09-22,1.79,HIGH_POSITIVE
2015-09-23,1.82,HIGH_POSITIVE
2015-09-24,1.8099999999999998,HIGH_POSITIVE
2015-09-25,1.8199999999999998,HIGH_POSITIVE
2015-09-28,1.76,HIGH_POSITIVE
2015-09-29,1.7199999999999998,HIGH_POSITIVE
2015-09-30,1.73,HIGH_POSITIVE
2015-10-01,1.7399999999999998,HIGH_POSITIVE
2015-10-02,1.74,HIGH_POSITIVE
2015-10-05,1.8099999999999998,HIGH_POSITIVE
2015-10-06,1.7899999999999998,HIGH_POSITIVE
2015-10-07,1.81,HIGH_POSITIVE
2015-10-08,1.85,HIGH_POSITIVE
2015-10-09,1.84,HIGH_POSITIVE
2015-10-12,1.84,HIGH_POSITIVE
2015-10-13,1.79,HIGH_POSITIVE
2015-10-14,1.78,HIGH_POSITIVE
2015-10-15,1.82,HIGH_POSITIVE
2015-10-16,1.81,HIGH_POSITIVE
2015-10-19,1.81,HIGH_POSITIVE
2015-10-20,1.85,HIGH_POSITIVE
2015-10-21,1.81,HIGH_POSITIVE
2015-10-22,1.81,HIGH_POSITIVE
2015-10-23,1.8499999999999999,HIGH_POSITIVE
2015-10-26,1.8199999999999998,HIGH_POSITIVE
2015-10-27,1.7599999999999998,HIGH_POSITIVE
2015-10-28,1.77,HIGH_POSITIVE
2015-10-29,1.8599999999999999,HIGH_POSITIVE
2015-10-30,1.82,HIGH_POSITIVE
2015-11-02,1.83,HIGH_POSITIVE
2015-11-03,1.8399999999999999,HIGH_POSITIVE
2015-11-04,1.85,HIGH_POSITIVE
2015-11-05,1.8399999999999999,HIGH_POSITIVE
2015-11-06,1.8699999999999999,HIGH_POSITIVE
2015-11-09,1.89,HIGH_POSITIVE
2015-11-10,1.8099999999999998,HIGH_POSITIVE
2015-11-11,1.8099999999999998,HIGH_POSITIVE
2015-11-12,1.8099999999999998,HIGH_POSITIVE
2015-11-13,1.7799999999999998,HIGH_POSITIVE
2015-11-16,1.77,HIGH_POSITIVE
2015-11-17,1.75,HIGH_POSITIVE
2015-11-18,1.78,HIGH_POSITIVE
2015-11-19,1.7500000000000002,HIGH_POSITIVE
2015-11-20,1.7699999999999998,HIGH_POSITIVE
2015-11-23,1.75,HIGH_POSITIVE
2015-11-24,1.7200000000000002,HIGH_POSITIVE
2015-11-25,1.71,HIGH_POSITIVE
2015-11-27,1.7200000000000002,HIGH_POSITIVE
2015-11-30,1.7,HIGH_POSITIVE
2015-12-01,1.64,HIGH_POSITIVE
2015-12-02,1.6600000000000001,HIGH_POSITIVE
2015-12-03,1.7600000000000002,HIGH_POSITIVE
2015-12-04,1.6799999999999997,HIGH_POSITIVE
2015-12-07,1.56,HIGH_POSITIVE
2015-12-08,1.4800000000000002,HIGH_POSITIVE
2015-12-09,1.5000000000000002,HIGH_POSITIVE
2015-12-10,1.5300000000000002,HIGH_POSITIVE
2015-12-11,1.4499999999999997,HIGH_POSITIVE
2015-12-14,1.5499999999999998,HIGH_POSITIVE
2015-12-15,1.5899999999999999,HIGH_POSITIVE
2015-12-16,1.5999999999999999,HIGH_POSITIVE
2015-12-17,1.5500000000000003,HIGH_POSITIVE
2015-12-18,1.52,HIGH_POSITIVE
2015-12-21,1.56,HIGH_POSITIVE
2015-12-22,1.58,HIGH_POSITIVE
2015-12-23,1.62,HIGH_POSITIVE
2015-12-24,1.6099999999999999,HIGH_POSITIVE
2015-12-28,1.58,HIGH_POSITIVE
2015-12-29,1.65,HIGH_POSITIVE
2015-12-30,1.67,HIGH_POSITIVE
2015-12-31,1.62,HIGH_POSITIVE
2016-01-04,1.6300000000000003,HIGH_POSITIVE
2016-01-05,1.5699999999999998,HIGH_POSITIVE
2016-01-06,1.5100000000000002,HIGH_POSITIVE
2016-01-07,1.5,HIGH_POSITIVE
2016-01-08,1.4899999999999998,HIGH_POSITIVE
2016-01-11,1.54,HIGH_POSITIVE
2016-01-12,1.5,HIGH_POSITIVE
2016-01-13,1.48,HIGH_POSITIVE
2016-01-14,1.55,HIGH_POSITIVE
2016-01-15,1.5399999999999998,HIGH_POSITIVE
2016-01-19,1.58,HIGH_POSITIVE
2016-01-20,1.5799999999999998,HIGH_POSITIVE
2016-01-21,1.58,HIGH_POSITIVE
2016-01-22,1.5999999999999999,HIGH_POSITIVE
2016-01-25,1.5599999999999998,HIGH_POSITIVE
2016-01-26,1.5399999999999998,HIGH_POSITIVE
2016-01-27,1.55,HIGH_POSITIVE
2016-01-28,1.53,HIGH_POSITIVE
2016-01-29,1.47,HIGH_POSITIVE
2016-02-01,1.5,HIGH_POSITIVE
2016-02-02,1.33,HIGH_POSITIVE
2016-02-03,1.3399999999999999,HIGH_POSITIVE
2016-02-04,1.35,HIGH_POSITIVE
2016-02-05,1.31,HIGH_POSITIVE
2016-02-08,1.24,HIGH_POSITIVE
2016-02-09,1.22,HIGH_POSITIVE
2016-02-10,1.19,HIGH_POSITIVE
2016-02-11,1.16,HIGH_POSITIVE
2016-02-12,1.23,HIGH_POSITIVE
2016-02-16,1.27,HIGH_POSITIVE
2016-02-17,1.28,HIGH_POSITIVE
2016-02-18,1.22,HIGH_POSITIVE
2016-02-19,1.23,HIGH_POSITIVE
2016-02-22,1.22,HIGH_POSITIVE
2016-02-23,1.19,HIGH_POSITIVE
2016-02-24,1.2,HIGH_POSITIVE
2016-02-25,1.15,HIGH_POSITIVE
2016-02-26,1.1600000000000001,HIGH_POSITIVE
2016-02-29,1.12,HIGH_POSITIVE
2016-03-01,1.15,HIGH_POSITIVE
2016-03-02,1.17,HIGH_POSITIVE
2016-03-03,1.1800000000000002,HIGH_POSITIVE
2016-03-04,1.21,HIGH_POSITIVE
2016-03-07,1.2399999999999998,HIGH_POSITIVE
2016-03-08,1.15,HIGH_POSITIVE
2016-03-09,1.2199999999999998,HIGH_POSITIVE
2016-03-10,1.24,HIGH_POSITIVE
2016-03-11,1.28,HIGH_POSITIVE
2016-03-14,1.27,HIGH_POSITIVE
2016-03-15,1.26,HIGH_POSITIVE
2016-03-16,1.2799999999999998,HIGH_POSITIVE
2016-03-17,1.27,HIGH_POSITIVE
2016-03-18,1.2599999999999998,HIGH_POSITIVE
2016-03-21,1.29,HIGH_POSITIVE
2016-03-22,1.2999999999999998,HIGH_POSITIVE
2016-03-23,1.2399999999999998,HIGH_POSITIVE
2016-03-24,1.2799999999999998,HIGH_POSITIVE
2016-03-28,1.2399999999999998,HIGH_POSITIVE
2016-03-29,1.1800000000000002,HIGH_POSITIVE
2016-03-30,1.2200000000000002,HIGH_POSITIVE
2016-03-31,1.19,HIGH_POSITIVE
2016-04-01,1.17,HIGH_POSITIVE
2016-04-04,1.19,HIGH_POSITIVE
2016-04-05,1.17,HIGH_POSITIVE
2016-04-06,1.21,HIGH_POSITIVE
2016-04-07,1.18,HIGH_POSITIVE
2016-04-08,1.18,HIGH_POSITIVE
2016-04-11,1.2,HIGH_POSITIVE
2016-04-12,1.25,HIGH_POSITIVE
2016-04-13,1.22,HIGH_POSITIVE
2016-04-14,1.25,HIGH_POSITIVE
2016-04-15,1.23,HIGH_POSITIVE
2016-04-18,1.26,HIGH_POSITIVE
2016-04-19,1.26,HIGH_POSITIVE
2016-04-20,1.31,HIGH_POSITIVE
2016-04-21,1.3199999999999998,HIGH_POSITIVE
2016-04-22,1.3299999999999998,HIGH_POSITIVE
2016-04-25,1.3399999999999999,HIGH_POSITIVE
2016-04-26,1.33,HIGH_POSITIVE
2016-04-27,1.29,HIGH_POSITIVE
2016-04-28,1.28,HIGH_POSITIVE
2016-04-29,1.27,HIGH_POSITIVE
2016-05-02,1.3299999999999998,HIGH_POSITIVE
2016-05-03,1.28,HIGH_POSITIVE
2016-05-04,1.27,HIGH_POSITIVE
2016-05-05,1.25,HIGH_POSITIVE
2016-05-06,1.28,HIGH_POSITIVE
2016-05-09,1.26,HIGH_POSITIVE
2016-05-10,1.25,HIGH_POSITIVE
2016-05-11,1.2,HIGH_POSITIVE
2016-05-12,1.21,HIGH_POSITIVE
2016-05-13,1.16,HIGH_POSITIVE
2016-05-16,1.1800000000000002,HIGH_POSITIVE
2016-05-17,1.1800000000000002,HIGH_POSITIVE
2016-05-18,1.2400000000000002,HIGH_POSITIVE
2016-05-19,1.21,HIGH_POSITIVE
2016-05-20,1.1800000000000002,HIGH_POSITIVE
2016-05-23,1.1500000000000001,HIGH_POSITIVE
2016-05-24,1.1700000000000002,HIGH_POSITIVE
2016-05-25,1.2000000000000002,HIGH_POSITIVE
2016-05-26,1.1800000000000002,HIGH_POSITIVE
2016-05-27,1.17,HIGH_POSITIVE
2016-05-31,1.1600000000000001,HIGH_POSITIVE
2016-06-01,1.1500000000000001,HIGH_POSITIVE
2016-06-02,1.13,HIGH_POSITIVE
2016-06-03,1.1099999999999999,HIGH_POSITIVE
2016-06-06,1.13,HIGH_POSITIVE
2016-06-07,1.13,HIGH_POSITIVE
2016-06-08,1.1099999999999999,HIGH_POSITIVE
2016-06-09,1.0899999999999999,HIGH_POSITIVE
2016-06-10,1.0699999999999998,HIGH_POSITIVE
2016-06-13,1.07,HIGH_POSITIVE
2016-06-14,1.07,HIGH_POSITIVE
2016-06-15,1.08,HIGH_POSITIVE
2016-06-16,1.04,HIGH_POSITIVE
2016-06-17,1.11,HIGH_POSITIVE
2016-06-20,1.1099999999999999,HIGH_POSITIVE
2016-06-21,1.1400000000000001,HIGH_POSITIVE
2016-06-22,1.13,HIGH_POSITIVE
2016-06-23,1.1600000000000001,HIGH_POSITIVE
2016-06-24,1.09,HIGH_POSITIVE
2016-06-27,1.01,LOW_POSITIVE
2016-06-28,1.01,LOW_POSITIVE
2016-06-29,1.04,LOW_POSITIVE
2016-06-30,1.04,LOW_POSITIVE
2016-07-01,1.01,LOW_POSITIVE
2016-07-05,0.9300000000000002,LOW_POSITIVE
2016-07-06,0.9199999999999999,LOW_POSITIVE
2016-07-07,0.9299999999999999,LOW_POSITIVE
2016-07-08,0.8900000000000001,LOW_POSITIVE
2016-07-11,0.9299999999999999,LOW_POSITIVE
2016-07-12,1.01,LOW_POSITIVE
2016-07-13,0.97,LOW_POSITIVE
2016-07-14,1.0,LOW_POSITIVE
2016-07-15,1.08,LOW_POSITIVE
2016-07-18,1.07,LOW_POSITIVE
2016-07-19,1.0,LOW_POSITIVE
2016-07-20,1.03,LOW_POSITIVE
2016-07-21,1.03,LOW_POSITIVE
2016-07-22,1.02,LOW_POSITIVE
2016-07-25,1.03,LOW_POSITIVE
2016-07-26,1.02,LOW_POSITIVE
2016-07-27,0.99,LOW_POSITIVE
2016-07-28,0.99,LOW_POSITIVE
2016-07-29,0.96,LOW_POSITIVE
2016-08-01,1.01,LOW_POSITIVE
2016-08-02,1.05,LOW_POSITIVE
2016-08-03,1.02,LOW_POSITIVE
2016-08-04,1.0,LOW_POSITIVE
2016-08-05,1.03,LOW_POSITIVE
2016-08-08,1.02,LOW_POSITIVE
2016-08-09,1.0,LOW_POSITIVE
2016-08-10,0.95,LOW_POSITIVE
2016-08-11,1.02,LOW_POSITIVE
2016-08-12,0.95,LOW_POSITIVE
2016-08-15,0.99,LOW_POSITIVE
2016-08-16,1.0,LOW_POSITIVE
2016-08-17,0.9800000000000001,LOW_POSITIVE
2016-08-18,0.9500000000000001,LOW_POSITIVE
2016-08-19,0.9900000000000001,LOW_POSITIVE
2016-08-22,0.9700000000000001,LOW_POSITIVE
2016-08-23,0.9700000000000001,LOW_POSITIVE
2016-08-24,0.9700000000000001,LOW_POSITIVE
2016-08-25,0.9800000000000001,LOW_POSITIVE
2016-08-26,1.0,LOW_POSITIVE
2016-08-29,0.9500000000000001,LOW_POSITIVE
2016-08-30,0.9600000000000001,LOW_POSITIVE
2016-08-31,0.9700000000000001,LOW_POSITIVE
2016-09-01,0.9700000000000001,LOW_POSITIVE
2016-09-02,1.0100000000000002,LOW_POSITIVE
2016-09-06,0.99,LOW_POSITIVE
2016-09-07,0.9700000000000001,LOW_POSITIVE
2016-09-08,1.04,LOW_POSITIVE
2016-09-09,1.0899999999999999,LOW_POSITIVE
2016-09-12,1.1099999999999999,LOW_POSITIVE
2016-09-13,1.1,LOW_POSITIVE
2016-09-14,1.08,LOW_POSITIVE
2016-09-15,1.1099999999999999,LOW_POSITIVE
2016-09-16,1.0899999999999999,LOW_POSITIVE
2016-09-19,1.1,LOW_POSITIVE
2016-09-20,1.08,LOW_POSITIVE
2016-09-21,1.0499999999999998,LOW_POSITIVE
2016-09-22,1.0299999999999998,LOW_POSITIVE
2016-09-23,1.02,LOW_POSITIVE
2016-09-26,1.0100000000000002,LOW_POSITIVE
2016-09-27,0.9800000000000001,LOW_POSITIVE
2016-09-28,0.9700000000000001,LOW_POSITIVE
2016-09-29,0.9700000000000001,LOW_POSITIVE
2016-09-30,1.0100000000000002,LOW_POSITIVE
2016-10-03,0.9999999999999999,LOW_POSITIVE
2016-10-04,1.0499999999999998,LOW_POSITIVE
2016-10-05,1.0699999999999998,HIGH_POSITIVE
2016-10-06,1.1,HIGH_POSITIVE
2016-10-07,1.0699999999999998,HIGH_POSITIVE
2016-10-10,1.0699999999999998,HIGH_POSITIVE
2016-10-11,1.08,HIGH_POSITIVE
2016-10-12,1.1099999999999999,HIGH_POSITIVE
2016-10-13,1.0899999999999999,HIGH_POSITIVE
2016-10-14,1.1400000000000001,HIGH_POSITIVE
2016-10-17,1.12,HIGH_POSITIVE
2016-10-18,1.0899999999999999,HIGH_POSITIVE
2016-10-19,1.1099999999999999,HIGH_POSITIVE
2016-10-20,1.1,HIGH_POSITIVE
2016-10-21,1.08,HIGH_POSITIVE
2016-10-24,1.1099999999999999,HIGH_POSITIVE
2016-10-25,1.1099999999999999,HIGH_POSITIVE
2016-10-26,1.12,HIGH_POSITIVE
2016-10-27,1.17,HIGH_POSITIVE
2016-10-28,1.2000000000000002,HIGH_POSITIVE
2016-10-31,1.1800000000000002,HIGH_POSITIVE
2016-11-01,1.1800000000000002,HIGH_POSITIVE
2016-11-02,1.17,HIGH_POSITIVE
2016-11-03,1.1800000000000002,HIGH_POSITIVE
2016-11-04,1.17,HIGH_POSITIVE
2016-11-07,1.2000000000000002,HIGH_POSITIVE
2016-11-08,1.17,HIGH_POSITIVE
2016-11-09,1.3499999999999999,HIGH_POSITIVE
2016-11-10,1.43,HIGH_POSITIVE
2016-11-11,1.43,HIGH_POSITIVE
2016-11-14,1.46,HIGH_POSITIVE
2016-11-15,1.45,HIGH_POSITIVE
2016-11-16,1.4600000000000002,HIGH_POSITIVE
2016-11-17,1.52,HIGH_POSITIVE
2016-11-18,1.5699999999999998,HIGH_POSITIVE
2016-11-21,1.55,HIGH_POSITIVE
2016-11-22,1.53,HIGH_POSITIVE
2016-11-23,1.5599999999999998,HIGH_POSITIVE
2016-11-25,1.5499999999999998,HIGH_POSITIVE
2016-11-28,1.5299999999999998,HIGH_POSITIVE
2016-11-29,1.5199999999999998,HIGH_POSITIVE
2016-11-30,1.57,HIGH_POSITIVE
2016-12-01,1.6300000000000003,HIGH_POSITIVE
2016-12-02,1.5999999999999999,HIGH_POSITIVE
2016-12-05,1.5700000000000003,HIGH_POSITIVE
2016-12-06,1.56,HIGH_POSITIVE
2016-12-07,1.4899999999999998,HIGH_POSITIVE
2016-12-08,1.56,HIGH_POSITIVE
2016-12-09,1.62,HIGH_POSITIVE
2016-12-12,1.6400000000000001,HIGH_POSITIVE
2016-12-13,1.6,HIGH_POSITIVE
2016-12-14,1.62,HIGH_POSITIVE
2016-12-15,1.69,HIGH_POSITIVE
2016-12-16,1.69,HIGH_POSITIVE
2016-12-19,1.6400000000000001,HIGH_POSITIVE
2016-12-20,1.67,HIGH_POSITIVE
2016-12-21,1.67,HIGH_POSITIVE
2016-12-22,1.6799999999999997,HIGH_POSITIVE
2016-12-23,1.6799999999999997,HIGH_POSITIVE
2016-12-27,1.6799999999999997,HIGH_POSITIVE
2016-12-28,1.6099999999999999,HIGH_POSITIVE
2016-12-29,1.6400000000000001,HIGH_POSITIVE
2016-12-30,1.6,HIGH_POSITIVE
2017-01-03,1.56,HIGH_POSITIVE
2017-01-04,1.5899999999999999,HIGH_POSITIVE
2017-01-05,1.54,HIGH_POSITIVE
2017-01-06,1.5699999999999998,HIGH_POSITIVE
2017-01-09,1.56,HIGH_POSITIVE
2017-01-10,1.56,HIGH_POSITIVE
2017-01-11,1.56,HIGH_POSITIVE
2017-01-12,1.5499999999999998,HIGH_POSITIVE
2017-01-13,1.58,HIGH_POSITIVE
2017-01-17,1.53,HIGH_POSITIVE
2017-01-18,1.6,HIGH_POSITIVE
2017-01-19,1.6400000000000001,HIGH_POSITIVE
2017-01-20,1.6600000000000001,HIGH_POSITIVE
2017-01-23,1.62,HIGH_POSITIVE
2017-01-24,1.6600000000000001,HIGH_POSITIVE
2017-01-25,1.71,HIGH_POSITIVE
2017-01-26,1.69,HIGH_POSITIVE
2017-01-27,1.6700000000000004,HIGH_POSITIVE
2017-01-30,1.6800000000000002,HIGH_POSITIVE
2017-01-31,1.6100000000000003,HIGH_POSITIVE
2017-02-01,1.65,HIGH_POSITIVE
2017-02-02,1.6400000000000001,HIGH_POSITIVE
2017-02-03,1.6700000000000004,HIGH_POSITIVE
2017-02-06,1.63,HIGH_POSITIVE
2017-02-07,1.5999999999999999,HIGH_POSITIVE
2017-02-08,1.5499999999999998,HIGH_POSITIVE
2017-02-09,1.5999999999999999,HIGH_POSITIVE
2017-02-10,1.6,HIGH_POSITIVE
2017-02-13,1.6100000000000003,HIGH_POSITIVE
2017-02-14,1.6300000000000003,HIGH_POSITIVE
2017-02-15,1.65,HIGH_POSITIVE
2017-02-16,1.6300000000000003,HIGH_POSITIVE
2017-02-17,1.6,HIGH_POSITIVE
2017-02-21,1.6,HIGH_POSITIVE
2017-02-22,1.6,HIGH_POSITIVE
2017-02-23,1.5699999999999998,HIGH_POSITIVE
2017-02-24,1.51,HIGH_POSITIVE
2017-02-27,1.5499999999999998,HIGH_POSITIVE
2017-02-28,1.48,HIGH_POSITIVE
2017-03-01,1.54,HIGH_POSITIVE
2017-03-02,1.5100000000000002,HIGH_POSITIVE
2017-03-03,1.5100000000000002,HIGH_POSITIVE
2017-03-06,1.5200000000000002,HIGH_POSITIVE
2017-03-07,1.5,HIGH_POSITIVE
2017-03-08,1.5399999999999998,HIGH_POSITIVE
2017-03-09,1.56,HIGH_POSITIVE
2017-03-10,1.55,HIGH_POSITIVE
2017-03-13,1.56,HIGH_POSITIVE
2017-03-14,1.54,HIGH_POSITIVE
2017-03-15,1.4899999999999998,HIGH_POSITIVE
2017-03-16,1.5199999999999998,HIGH_POSITIVE
2017-03-17,1.5,HIGH_POSITIVE
2017-03-20,1.4600000000000002,HIGH_POSITIVE
2017-03-21,1.4300000000000002,HIGH_POSITIVE
2017-03-22,1.41,HIGH_POSITIVE
2017-03-23,1.4200000000000002,HIGH_POSITIVE
2017-03-24,1.4,HIGH_POSITIVE
2017-03-27,1.38,HIGH_POSITIVE
2017-03-28,1.39,HIGH_POSITIVE
2017-03-29,1.35,HIGH_POSITIVE
2017-03-30,1.39,HIGH_POSITIVE
2017-03-31,1.3699999999999999,HIGH_POSITIVE
2017-04-03,1.33,HIGH_POSITIVE
2017-04-04,1.3299999999999998,HIGH_POSITIVE
2017-04-05,1.3099999999999998,HIGH_POSITIVE
2017-04-06,1.2899999999999998,HIGH_POSITIVE
2017-04-07,1.2999999999999998,HIGH_POSITIVE
2017-04-10,1.3,HIGH_POSITIVE
2017-04-11,1.2699999999999998,HIGH_POSITIVE
2017-04-12,1.2399999999999998,HIGH_POSITIVE
2017-04-13,1.2100000000000002,HIGH_POSITIVE
2017-04-17,1.2199999999999998,HIGH_POSITIVE
2017-04-18,1.1600000000000001,HIGH_POSITIVE
2017-04-19,1.19,HIGH_POSITIVE
2017-04-20,1.2300000000000002,HIGH_POSITIVE
2017-04-21,1.2500000000000002,HIGH_POSITIVE
2017-04-24,1.2499999999999998,HIGH_POSITIVE
2017-04-25,1.26,HIGH_POSITIVE
2017-04-26,1.2499999999999998,HIGH_POSITIVE
2017-04-27,1.2399999999999998,HIGH_POSITIVE
2017-04-28,1.22,HIGH_POSITIVE
2017-05-01,1.24,HIGH_POSITIVE
2017-05-02,1.21,HIGH_POSITIVE
2017-05-03,1.23,HIGH_POSITIVE
2017-05-04,1.2499999999999998,HIGH_POSITIVE
2017-05-05,1.2599999999999998,HIGH_POSITIVE
2017-05-08,1.27,HIGH_POSITIVE
2017-05-09,1.28,HIGH_POSITIVE
2017-05-10,1.2800000000000002,HIGH_POSITIVE
2017-05-11,1.2600000000000002,HIGH_POSITIVE
2017-05-12,1.22,HIGH_POSITIVE
2017-05-15,1.2299999999999998,HIGH_POSITIVE
2017-05-16,1.22,HIGH_POSITIVE
2017-05-17,1.1400000000000001,HIGH_POSITIVE
2017-05-18,1.14,HIGH_POSITIVE
2017-05-19,1.13,HIGH_POSITIVE
2017-05-22,1.13,HIGH_POSITIVE
2017-05-23,1.1500000000000001,HIGH_POSITIVE
2017-05-24,1.0799999999999998,HIGH_POSITIVE
2017-05-25,1.09,HIGH_POSITIVE
2017-05-26,1.08,HIGH_POSITIVE
2017-05-30,1.05,LOW_POSITIVE
2017-05-31,1.04,LOW_POSITIVE
2017-06-01,1.05,LOW_POSITIVE
2017-06-02,0.99,LOW_POSITIVE
2017-06-05,1.0200000000000002,LOW_POSITIVE
2017-06-06,0.9800000000000002,LOW_POSITIVE
2017-06-07,1.0100000000000002,LOW_POSITIVE
2017-06-08,1.0,LOW_POSITIVE
2017-06-09,1.01,LOW_POSITIVE
2017-06-12,1.02,LOW_POSITIVE
2017-06-13,0.99,LOW_POSITIVE
2017-06-14,0.95,LOW_POSITIVE
2017-06-15,0.9500000000000002,LOW_POSITIVE
2017-06-16,0.9500000000000002,LOW_POSITIVE
2017-06-19,0.97,LOW_POSITIVE
2017-06-20,0.9400000000000002,LOW_POSITIVE
2017-06-21,0.9400000000000002,LOW_POSITIVE
2017-06-22,0.9299999999999999,LOW_POSITIVE
2017-06-23,0.94,LOW_POSITIVE
2017-06-26,0.9400000000000002,LOW_POSITIVE
2017-06-27,0.99,LOW_POSITIVE
2017-06-28,1.0100000000000002,LOW_POSITIVE
2017-06-29,1.04,LOW_POSITIVE
2017-06-30,1.07,LOW_POSITIVE
2017-07-03,1.11,LOW_POSITIVE
2017-07-05,1.09,LOW_POSITIVE
2017-07-06,1.1400000000000001,LOW_POSITIVE
2017-07-07,1.1700000000000002,LOW_POSITIVE
2017-07-10,1.15,LOW_POSITIVE
2017-07-11,1.1700000000000002,LOW_POSITIVE
2017-07-12,1.12,LOW_POSITIVE
2017-07-13,1.12,LOW_POSITIVE
2017-07-14,1.11,LOW_POSITIVE
2017-07-17,1.09,LOW_POSITIVE
2017-07-18,1.08,LOW_POSITIVE
2017-07-19,1.04,LOW_POSITIVE
2017-07-20,1.05,LOW_POSITIVE
2017-07-21,1.0200000000000002,LOW_POSITIVE
2017-07-24,1.0299999999999998,LOW_POSITIVE
2017-07-25,1.09,LOW_POSITIVE
2017-07-26,1.06,LOW_POSITIVE
2017-07-27,1.0999999999999999,LOW_POSITIVE
2017-07-28,1.0799999999999998,LOW_POSITIVE
2017-07-31,1.0699999999999998,LOW_POSITIVE
2017-08-01,1.0399999999999998,LOW_POSITIVE
2017-08-02,1.03,LOW_POSITIVE
2017-08-03,1.0200000000000002,LOW_POSITIVE
2017-08-04,1.04,LOW_POSITIVE
2017-08-07,1.0399999999999998,LOW_POSITIVE
2017-08-08,1.05,LOW_POSITIVE
2017-08-09,1.0300000000000002,LOW_POSITIVE
2017-08-10,0.9800000000000002,LOW_POSITIVE
2017-08-11,0.98,LOW_POSITIVE
2017-08-14,0.9900000000000002,LOW_POSITIVE
2017-08-15,1.04,LOW_POSITIVE
2017-08-16,0.99,LOW_POSITIVE
2017-08-17,0.95,LOW_POSITIVE
2017-08-18,0.95,LOW_POSITIVE
2017-08-21,0.9500000000000002,LOW_POSITIVE
2017-08-22,0.9800000000000002,LOW_POSITIVE
2017-08-23,0.95,LOW_POSITIVE
2017-08-24,0.96,LOW_POSITIVE
2017-08-25,0.94,LOW_POSITIVE
2017-08-28,0.9200000000000002,LOW_POSITIVE
2017-08-29,0.8999999999999999,LOW_POSITIVE
2017-08-30,0.9199999999999999,LOW_POSITIVE
2017-08-31,0.8900000000000001,LOW_POSITIVE
2017-09-01,0.9200000000000002,LOW_POSITIVE
2017-09-05,0.8399999999999999,LOW_POSITIVE
2017-09-06,0.8600000000000001,LOW_POSITIVE
2017-09-07,0.8399999999999999,LOW_POSITIVE
2017-09-08,0.8400000000000001,LOW_POSITIVE
2017-09-11,0.9000000000000001,LOW_POSITIVE
2017-09-12,0.8999999999999999,LOW_POSITIVE
2017-09-13,0.9300000000000002,LOW_POSITIVE
2017-09-14,0.9200000000000002,LOW_POSITIVE
2017-09-15,0.9000000000000001,LOW_POSITIVE
2017-09-18,0.9299999999999999,LOW_POSITIVE
2017-09-19,0.9300000000000002,LOW_POSITIVE
2017-09-20,0.9599999999999997,LOW_POSITIVE
2017-09-21,0.96,LOW_POSITIVE
2017-09-22,0.9599999999999997,LOW_POSITIVE
2017-09-25,0.9200000000000002,LOW_POSITIVE
2017-09-26,0.9300000000000002,LOW_POSITIVE
2017-09-27,0.98,LOW_POSITIVE
2017-09-28,1.0,LOW_POSITIVE
2017-09-29,1.02,LOW_POSITIVE
2017-10-02,1.0299999999999998,LOW_POSITIVE
2017-10-03,1.01,LOW_POSITIVE
2017-10-04,1.0,LOW_POSITIVE
2017-10-05,1.0,LOW_POSITIVE
2017-10-06,1.02,LOW_POSITIVE
2017-10-09,1.02,LOW_POSITIVE
2017-10-10,0.9300000000000002,LOW_POSITIVE
2017-10-11,0.9500000000000002,LOW_POSITIVE
2017-10-12,0.9200000000000002,LOW_POSITIVE
2017-10-13,0.8899999999999999,LOW_POSITIVE
2017-10-16,0.8799999999999999,LOW_POSITIVE
2017-10-17,0.8899999999999999,LOW_POSITIVE
2017-10-18,0.9199999999999999,LOW_POSITIVE
2017-10-19,0.9200000000000002,LOW_POSITIVE
2017-10-20,0.9600000000000002,LOW_POSITIVE
2017-10-23,0.96,LOW_POSITIVE
2017-10-24,0.99,LOW_POSITIVE
2017-10-25,1.01,LOW_POSITIVE
2017-10-26,1.03,LOW_POSITIVE
2017-10-27,1.0,LOW_POSITIVE
2017-10-30,0.9500000000000002,LOW_POSITIVE
2017-10-31,0.95,LOW_POSITIVE
2017-11-01,0.9100000000000001,LOW_POSITIVE
2017-11-02,0.8900000000000001,LOW_POSITIVE
2017-11-03,0.8499999999999999,LOW_POSITIVE
2017-11-06,0.8199999999999998,LOW_POSITIVE
2017-11-07,0.8299999999999998,LOW_POSITIVE
2017-11-08,0.7899999999999998,LOW_POSITIVE
2017-11-09,0.8,LOW_POSITIVE
2017-11-10,0.8599999999999999,LOW_POSITIVE
2017-11-13,0.8499999999999999,LOW_POSITIVE
2017-11-14,0.8299999999999998,LOW_POSITIVE
2017-11-15,0.78,LOW_POSITIVE
2017-11-16,0.78,LOW_POSITIVE
2017-11-17,0.75,LOW_POSITIVE
2017-11-20,0.75,LOW_POSITIVE
2017-11-21,0.7399999999999998,LOW_POSITIVE
2017-11-22,0.7099999999999997,LOW_POSITIVE
2017-11-24,0.7299999999999998,LOW_POSITIVE
2017-11-27,0.6999999999999997,LOW_POSITIVE
2017-11-28,0.7299999999999998,LOW_POSITIVE
2017-11-29,0.76,LOW_POSITIVE
2017-11-30,0.7999999999999998,LOW_POSITIVE
2017-12-01,0.75,LOW_POSITIVE
2017-12-04,0.7100000000000002,LOW_POSITIVE
2017-12-05,0.72,LOW_POSITIVE
2017-12-06,0.6500000000000001,LOW_POSITIVE
2017-12-07,0.7000000000000002,LOW_POSITIVE
2017-12-08,0.73,LOW_POSITIVE
2017-12-11,0.7000000000000002,LOW_POSITIVE
2017-12-12,0.7,LOW_POSITIVE
2017-12-13,0.6799999999999999,LOW_POSITIVE
2017-12-14,0.6500000000000001,LOW_POSITIVE
2017-12-15,0.6400000000000001,LOW_POSITIVE
2017-12-18,0.6900000000000002,LOW_POSITIVE
2017-12-19,0.75,LOW_POSITIVE
2017-12-20,0.7700000000000002,LOW_POSITIVE
2017-12-21,0.75,LOW_POSITIVE
2017-12-22,0.75,LOW_POSITIVE
2017-12-26,0.7200000000000002,LOW_POSITIVE
2017-12-27,0.6699999999999999,LOW_POSITIVE
2017-12-28,0.6700000000000002,LOW_POSITIVE
2017-12-29,0.6399999999999999,LOW_POSITIVE
2018-01-02,0.6299999999999999,LOW_POSITIVE
2018-01-03,0.6299999999999999,LOW_POSITIVE
2018-01-04,0.6399999999999999,LOW_POSITIVE
2018-01-05,0.6700000000000002,LOW_POSITIVE
2018-01-08,0.7000000000000002,LOW_POSITIVE
2018-01-09,0.7699999999999998,LOW_POSITIVE
2018-01-10,0.7699999999999998,LOW_POSITIVE
2018-01-11,0.77,LOW_POSITIVE
2018-01-12,0.7699999999999998,LOW_POSITIVE
2018-01-16,0.75,LOW_POSITIVE
2018-01-17,0.7799999999999998,LOW_POSITIVE
2018-01-18,0.8300000000000001,LOW_POSITIVE
2018-01-19,0.8500000000000001,LOW_POSITIVE
2018-01-22,0.8700000000000001,LOW_POSITIVE
2018-01-23,0.8499999999999999,LOW_POSITIVE
2018-01-24,0.8599999999999999,LOW_POSITIVE
2018-01-25,0.8299999999999998,LOW_POSITIVE
2018-01-26,0.8600000000000001,LOW_POSITIVE
2018-01-29,0.9000000000000001,LOW_POSITIVE
2018-01-30,0.8500000000000001,LOW_POSITIVE
2018-01-31,0.8200000000000003,LOW_POSITIVE
2018-02-01,0.8899999999999999,LOW_POSITIVE
2018-02-02,0.96,LOW_POSITIVE
2018-02-05,0.9199999999999999,LOW_POSITIVE
2018-02-06,0.9199999999999999,LOW_POSITIVE
2018-02-07,0.9299999999999999,LOW_POSITIVE
2018-02-08,0.9400000000000002,LOW_POSITIVE
2018-02-09,0.9400000000000002,LOW_POSITIVE
2018-02-12,0.9299999999999999,LOW_POSITIVE
2018-02-13,0.8800000000000001,LOW_POSITIVE
2018-02-14,0.9300000000000002,LOW_POSITIVE
2018-02-15,0.9099999999999999,LOW_POSITIVE
2018-02-16,0.8700000000000001,LOW_POSITIVE
2018-02-20,0.8700000000000001,LOW_POSITIVE
2018-02-21,0.9100000000000001,LOW_POSITIVE
2018-02-22,0.8999999999999999,LOW_POSITIVE
2018-02-23,0.8599999999999999,LOW_POSITIVE
2018-02-26,0.8300000000000001,LOW_POSITIVE
2018-02-27,0.8199999999999998,LOW_POSITIVE
2018-02-28,0.8000000000000003,LOW_POSITIVE
2018-03-01,0.7600000000000002,LOW_POSITIVE
2018-03-02,0.7999999999999998,LOW_POSITIVE
2018-03-05,0.8199999999999998,LOW_POSITIVE
2018-03-06,0.8199999999999998,LOW_POSITIVE
2018-03-07,0.8400000000000003,LOW_POSITIVE
2018-03-08,0.81,LOW_POSITIVE
2018-03-09,0.8700000000000001,LOW_POSITIVE
2018-03-12,0.8200000000000003,LOW_POSITIVE
2018-03-13,0.81,LOW_POSITIVE
2018-03-14,0.7600000000000002,LOW_POSITIVE
2018-03-15,0.75,LOW_POSITIVE
2018-03-16,0.77,LOW_POSITIVE
2018-03-19,0.77,LOW_POSITIVE
2018-03-20,0.81,LOW_POSITIVE
2018-03-21,0.8300000000000001,LOW_POSITIVE
2018-03-22,0.7800000000000002,LOW_POSITIVE
2018-03-23,0.7799999999999998,LOW_POSITIVE
2018-03-26,0.79,LOW_POSITIVE
2018-03-27,0.6799999999999997,LOW_POSITIVE
2018-03-28,0.6499999999999999,LOW_POSITIVE
2018-03-29,0.6500000000000004,LOW_POSITIVE
2018-04-02,0.6499999999999999,LOW_POSITIVE
2018-04-03,0.7000000000000002,LOW_POSITIVE
2018-04-04,0.7200000000000002,LOW_POSITIVE
2018-04-05,0.7600000000000002,LOW_POSITIVE
2018-04-06,0.71,LOW_POSITIVE
2018-04-09,0.6999999999999997,LOW_POSITIVE
2018-04-10,0.71,LOW_POSITIVE
2018-04-11,0.7000000000000002,LOW_POSITIVE
2018-04-12,0.7200000000000002,LOW_POSITIVE
2018-04-13,0.6999999999999997,LOW_POSITIVE
2018-04-16,0.71,LOW_POSITIVE
2018-04-17,0.6599999999999997,LOW_POSITIVE
2018-04-18,0.7000000000000002,LOW_POSITIVE
2018-04-19,0.71,LOW_POSITIVE
2018-04-20,0.7399999999999998,LOW_POSITIVE
2018-04-23,0.73,LOW_POSITIVE
2018-04-24,0.75,LOW_POSITIVE
2018-04-25,0.77,LOW_POSITIVE
2018-04-26,0.75,LOW_POSITIVE
2018-04-27,0.7199999999999998,LOW_POSITIVE
2018-04-30,0.71,LOW_POSITIVE
2018-05-01,0.7100000000000004,LOW_POSITIVE
2018-05-02,0.73,LOW_POSITIVE
2018-05-03,0.6999999999999997,LOW_POSITIVE
2018-05-04,0.71,LOW_POSITIVE
2018-05-07,0.7000000000000002,LOW_POSITIVE
2018-05-08,0.7100000000000004,LOW_POSITIVE
2018-05-09,0.73,LOW_POSITIVE
2018-05-10,0.7000000000000002,LOW_POSITIVE
2018-05-11,0.6900000000000004,LOW_POSITIVE
2018-05-14,0.7200000000000002,LOW_POSITIVE
2018-05-15,0.77,LOW_POSITIVE
2018-05-16,0.77,LOW_POSITIVE
2018-05-17,0.79,LOW_POSITIVE
2018-05-18,0.7400000000000002,LOW_POSITIVE
2018-05-21,0.71,LOW_POSITIVE
2018-05-22,0.7200000000000002,LOW_POSITIVE
2018-05-23,0.7199999999999998,LOW_POSITIVE
2018-05-24,0.7000000000000002,LOW_POSITIVE
2018-05-25,0.6600000000000001,LOW_POSITIVE
2018-05-29,0.6000000000000001,LOW_POSITIVE
2018-05-30,0.6099999999999999,LOW_POSITIVE
2018-05-31,0.6000000000000001,LOW_POSITIVE
2018-06-01,0.6100000000000003,LOW_POSITIVE
2018-06-04,0.6400000000000001,LOW_POSITIVE
2018-06-05,0.6000000000000001,LOW_POSITIVE
2018-06-06,0.6500000000000004,LOW_POSITIVE
2018-06-07,0.6200000000000001,LOW_POSITIVE
2018-06-08,0.6300000000000003,LOW_POSITIVE
2018-06-11,0.6400000000000001,LOW_POSITIVE
2018-06-12,0.6499999999999999,LOW_POSITIVE
2018-06-13,0.6299999999999999,LOW_POSITIVE
2018-06-14,0.5899999999999999,LOW_POSITIVE
2018-06-15,0.5800000000000001,LOW_POSITIVE
2018-06-18,0.5699999999999998,LOW_POSITIVE
2018-06-19,0.5500000000000003,LOW_POSITIVE
2018-06-20,0.5700000000000003,LOW_POSITIVE
2018-06-21,0.56,LOW_POSITIVE
2018-06-22,0.5699999999999998,LOW_POSITIVE
2018-06-25,0.5300000000000002,LOW_POSITIVE
2018-06-26,0.5499999999999998,LOW_POSITIVE
2018-06-27,0.5,LOW_POSITIVE
2018-06-28,0.5099999999999998,LOW_POSITIVE
2018-06-29,0.52,LOW_POSITIVE
2018-07-02,0.5300000000000002,LOW_POSITIVE
2018-07-03,0.5,LOW_POSITIVE
2018-07-05,0.52,LOW_POSITIVE
2018-07-06,0.48,LOW_POSITIVE
2018-07-09,0.52,LOW_POSITIVE
2018-07-10,0.5100000000000002,LOW_POSITIVE
2018-07-11,0.4900000000000002,LOW_POSITIVE
2018-07-12,0.45999999999999996,LOW_POSITIVE
2018-07-13,0.45999999999999996,LOW_POSITIVE
2018-07-16,0.45999999999999996,LOW_POSITIVE
2018-07-17,0.46999999999999975,LOW_POSITIVE
2018-07-18,0.44999999999999973,LOW_POSITIVE
2018-07-19,0.43999999999999995,LOW_POSITIVE
2018-07-20,0.48,LOW_POSITIVE
2018-07-23,0.54,LOW_POSITIVE
2018-07-24,0.5300000000000002,LOW_POSITIVE
2018-07-25,0.52,LOW_POSITIVE
2018-07-26,0.5699999999999998,LOW_POSITIVE
2018-07-27,0.5299999999999998,LOW_POSITIVE
2018-07-30,0.5499999999999998,LOW_POSITIVE
2018-07-31,0.52,LOW_POSITIVE
2018-08-01,0.5499999999999998,LOW_POSITIVE
2018-08-02,0.5299999999999998,LOW_POSITIVE
2018-08-03,0.52,LOW_POSITIVE
2018-08-06,0.5,LOW_POSITIVE
2018-08-07,0.5299999999999998,LOW_POSITIVE
2018-08-08,0.52,LOW_POSITIVE
2018-08-09,0.4900000000000002,LOW_POSITIVE
2018-08-10,0.4500000000000002,LOW_POSITIVE
2018-08-13,0.45999999999999996,LOW_POSITIVE
2018-08-14,0.4500000000000002,LOW_POSITIVE
2018-08-15,0.4099999999999997,LOW_POSITIVE
2018-08-16,0.41999999999999993,LOW_POSITIVE
2018-08-17,0.43000000000000016,LOW_POSITIVE
2018-08-20,0.3899999999999997,LOW_POSITIVE
2018-08-21,0.3999999999999999,LOW_POSITIVE
2018-08-22,0.3899999999999997,LOW_POSITIVE
2018-08-23,0.3899999999999997,LOW_POSITIVE
2018-08-24,0.3799999999999999,LOW_POSITIVE
2018-08-27,0.3799999999999999,LOW_POSITIVE
2018-08-28,0.4099999999999997,LOW_POSITIVE
2018-08-29,0.41000000000000014,LOW_POSITIVE
2018-08-30,0.3899999999999997,LOW_POSITIVE
2018-08-31,0.3999999999999999,LOW_POSITIVE
2018-09-04,0.4099999999999997,LOW_POSITIVE
2018-09-05,0.4099999999999997,LOW_POSITIVE
2018-09-06,0.3799999999999999,LOW_POSITIVE
2018-09-07,0.41000000000000014,LOW_POSITIVE
2018-09-10,0.3999999999999999,LOW_POSITIVE
2018-09-11,0.43000000000000016,LOW_POSITIVE
2018-09-12,0.41000000000000014,LOW_POSITIVE
2018-09-13,0.4200000000000004,LOW_POSITIVE
2018-09-14,0.43000000000000016,LOW_POSITIVE
2018-09-17,0.4200000000000004,LOW_POSITIVE
2018-09-18,0.46999999999999975,LOW_POSITIVE
2018-09-19,0.5,LOW_POSITIVE
2018-09-20,0.48999999999999977,LOW_POSITIVE
2018-09-21,0.48999999999999977,LOW_POSITIVE
2018-09-24,0.48,LOW_POSITIVE
2018-09-25,0.5100000000000002,LOW_POSITIVE
2018-09-26,0.48,LOW_POSITIVE
2018-09-27,0.48,LOW_POSITIVE
2018-09-28,0.45999999999999996,LOW_POSITIVE
2018-10-01,0.48999999999999977,LOW_POSITIVE
2018-10-02,0.43999999999999995,LOW_POSITIVE
2018-10-03,0.5299999999999998,LOW_POSITIVE
2018-10-04,0.56,LOW_POSITIVE
2018-10-05,0.5899999999999999,LOW_POSITIVE
2018-10-08,0.5899999999999999,LOW_POSITIVE
2018-10-09,0.56,LOW_POSITIVE
2018-10-10,0.5500000000000003,LOW_POSITIVE
2018-10-11,0.48,LOW_POSITIVE
2018-10-12,0.48999999999999977,LOW_POSITIVE
2018-10-15,0.4900000000000002,LOW_POSITIVE
2018-10-16,0.5,LOW_POSITIVE
2018-10-17,0.5299999999999998,LOW_POSITIVE
2018-10-18,0.5,LOW_POSITIVE
2018-10-19,0.5300000000000002,LOW_POSITIVE
2018-10-22,0.52,LOW_POSITIVE
2018-10-23,0.5,LOW_POSITIVE
2018-10-24,0.45999999999999996,LOW_POSITIVE
2018-10-25,0.48,LOW_POSITIVE
2018-10-26,0.4500000000000002,LOW_POSITIVE
2018-10-29,0.43999999999999995,LOW_POSITIVE
2018-10-30,0.45999999999999996,LOW_POSITIVE
2018-10-31,0.45999999999999996,LOW_POSITIVE
2018-11-01,0.4700000000000002,LOW_POSITIVE
2018-11-02,0.52,LOW_POSITIVE
2018-11-05,0.4900000000000002,LOW_POSITIVE
2018-11-06,0.5,LOW_POSITIVE
2018-11-07,0.48,LOW_POSITIVE
2018-11-08,0.5,LOW_POSITIVE
2018-11-09,0.45999999999999996,LOW_POSITIVE
2018-11-12,0.45999999999999996,LOW_POSITIVE
2018-11-13,0.41999999999999993,LOW_POSITIVE
2018-11-14,0.41000000000000014,LOW_POSITIVE
2018-11-15,0.4099999999999997,LOW_POSITIVE
2018-11-16,0.3999999999999999,LOW_POSITIVE
2018-11-19,0.3999999999999999,LOW_POSITIVE
2018-11-20,0.3900000000000001,LOW_POSITIVE
2018-11-21,0.3900000000000001,LOW_POSITIVE
2018-11-23,0.3799999999999999,LOW_POSITIVE
2018-11-26,0.36999999999999966,LOW_POSITIVE
2018-11-27,0.3599999999999999,LOW_POSITIVE
2018-11-28,0.3700000000000001,LOW_POSITIVE
2018-11-29,0.33999999999999986,LOW_POSITIVE
2018-11-30,0.3099999999999996,LOW_POSITIVE
2018-12-03,0.2599999999999998,LOW_POSITIVE
2018-12-04,0.20000000000000018,LOW_POSITIVE
2018-12-06,0.16999999999999993,LOW_POSITIVE
2018-12-07,0.16999999999999993,LOW_POSITIVE
2018-12-10,0.16000000000000014,LOW_POSITIVE
2018-12-11,0.18999999999999995,LOW_POSITIVE
2018-12-12,0.20999999999999996,LOW_POSITIVE
2018-12-13,0.2200000000000002,LOW_POSITIVE
2018-12-14,0.20999999999999996,LOW_POSITIVE
2018-12-17,0.19999999999999973,LOW_POSITIVE
2018-12-18,0.17999999999999972,LOW_POSITIVE
2018-12-19,0.1499999999999999,LOW_POSITIVE
2018-12-20,0.1499999999999999,LOW_POSITIVE
2018-12-21,0.16999999999999993,LOW_POSITIVE
2018-12-24,0.13000000000000034,LOW_POSITIVE
2018-12-26,0.20000000000000018,LOW_POSITIVE
2018-12-27,0.18999999999999995,LOW_POSITIVE
2018-12-28,0.15000000000000036,LOW_POSITIVE
2018-12-31,0.06000000000000005,LOW_POSITIVE
2019-01-02,0.06000000000000005,LOW_POSITIVE
2019-01-03,0.06000000000000005,LOW_POSITIVE
2019-01-04,0.10000000000000009,LOW_POSITIVE
2019-01-07,0.1200000000000001,LOW_POSITIVE
2019-01-08,0.1299999999999999,LOW_POSITIVE
2019-01-09,0.15000000000000036,LOW_POSITIVE
2019-01-10,0.15000000000000036,LOW_POSITIVE
2019-01-11,0.1299999999999999,LOW_POSITIVE
2019-01-14,0.14000000000000012,LOW_POSITIVE
2019-01-15,0.15000000000000036,LOW_POSITIVE
2019-01-16,0.16000000000000014,LOW_POSITIVE
2019-01-17,0.18000000000000016,LOW_POSITIVE
2019-01-18,0.18999999999999995,LOW_POSITIVE
2019-01-22,0.15000000000000036,LOW_POSITIVE
2019-01-23,0.16999999999999993,LOW_POSITIVE
2019-01-24,0.14000000000000012,LOW_POSITIVE
2019-01-25,0.1599999999999997,LOW_POSITIVE
2019-01-28,0.1499999999999999,LOW_POSITIVE
2019-01-29,0.1200000000000001,LOW_POSITIVE
2019-01-30,0.13000000000000034,LOW_POSITIVE
2019-01-31,0.08000000000000007,LOW_POSITIVE
2019-02-01,0.14000000000000012,LOW_POSITIVE
2019-02-04,0.16000000000000014,LOW_POSITIVE
2019-02-05,0.1499999999999999,LOW_POSITIVE
2019-02-06,0.14000000000000012,LOW_POSITIVE
2019-02-07,0.10000000000000009,LOW_POSITIVE
2019-02-08,0.08999999999999986,LOW_POSITIVE
2019-02-11,0.10000000000000009,LOW_POSITIVE
2019-02-12,0.13000000000000034,LOW_POSITIVE
2019-02-13,0.16000000000000014,LOW_POSITIVE
2019-02-14,0.13000000000000034,LOW_POSITIVE
2019-02-15,0.11000000000000032,LOW_POSITIVE
2019-02-19,0.10999999999999988,LOW_POSITIVE
2019-02-20,0.10999999999999988,LOW_POSITIVE
2019-02-21,0.14000000000000012,LOW_POSITIVE
2019-02-22,0.10000000000000009,LOW_POSITIVE
2019-02-25,0.10999999999999988,LOW_POSITIVE
2019-02-26,0.0900000000000003,LOW_POSITIVE
2019-02-27,0.1499999999999999,LOW_POSITIVE
2019-02-28,0.18999999999999995,LOW_POSITIVE
2019-03-01,0.20999999999999996,LOW_POSITIVE
2019-03-04,0.18000000000000016,LOW_POSITIVE
2019-03-05,0.18000000000000016,LOW_POSITIVE
2019-03-06,0.1499999999999999,LOW_POSITIVE
2019-03-07,0.1200000000000001,LOW_POSITIVE
2019-03-08,0.0900000000000003,LOW_POSITIVE
2019-03-11,0.11000000000000032,LOW_POSITIVE
2019-03-12,0.08999999999999986,LOW_POSITIVE
2019-03-13,0.08000000000000007,LOW_POSITIVE
2019-03-14,0.10999999999999988,LOW_POSITIVE
2019-03-15,0.06999999999999984,LOW_POSITIVE
2019-03-18,0.08000000000000007,LOW_POSITIVE
2019-03-19,0.10999999999999988,LOW_POSITIVE
2019-03-20,0.06999999999999984,LOW_POSITIVE
2019-03-21,0.06000000000000005,LOW_POSITIVE
2019-03-25,0.020000000000000018,LOW_POSITIVE
2019-03-29,0.010000000000000231,LOW_POSITIVE
2019-04-01,0.08000000000000007,LOW_POSITIVE
2019-04-02,0.06999999999999984,LOW_POSITIVE
2019-04-03,0.10999999999999988,LOW_POSITIVE
2019-04-04,0.09999999999999964,LOW_POSITIVE
2019-04-05,0.06999999999999984,LOW_POSITIVE
2019-04-08,0.08999999999999986,LOW_POSITIVE
2019-04-09,0.08999999999999986,LOW_POSITIVE
2019-04-10,0.06999999999999984,LOW_POSITIVE
2019-04-11,0.06999999999999984,LOW_POSITIVE
2019-04-12,0.1200000000000001,LOW_POSITIVE
2019-04-15,0.11999999999999966,LOW_POSITIVE
2019-04-16,0.1499999999999999,LOW_POSITIVE
2019-04-17,0.1499999999999999,LOW_POSITIVE
2019-04-18,0.1299999999999999,LOW_POSITIVE
2019-04-22,0.1299999999999999,LOW_POSITIVE
2019-04-23,0.13999999999999968,LOW_POSITIVE
2019-04-24,0.10999999999999988,LOW_POSITIVE
2019-04-25,0.1200000000000001,LOW_POSITIVE
2019-04-26,0.09999999999999964,LOW_POSITIVE
2019-04-29,0.1200000000000001,LOW_POSITIVE
2019-04-30,0.11999999999999966,LOW_POSITIVE
2019-05-01,0.1299999999999999,LOW_POSITIVE
2019-05-02,0.13999999999999968,LOW_POSITIVE
2019-05-03,0.1299999999999999,LOW_POSITIVE
2019-05-06,0.11999999999999966,LOW_POSITIVE
2019-05-07,0.08000000000000007,LOW_POSITIVE
2019-05-08,0.1200000000000001,LOW_POSITIVE
2019-05-09,0.0900000000000003,LOW_POSITIVE
2019-05-10,0.11000000000000032,LOW_POSITIVE
2019-05-13,0.08000000000000007,LOW_POSITIVE
2019-05-14,0.10000000000000009,LOW_POSITIVE
2019-05-15,0.07000000000000028,LOW_POSITIVE
2019-05-16,0.06999999999999984,LOW_POSITIVE
2019-05-17,0.06000000000000005,LOW_POSITIVE
2019-05-20,0.07000000000000028,LOW_POSITIVE
2019-05-21,0.07000000000000028,LOW_POSITIVE
2019-05-22,0.020000000000000018,LOW_POSITIVE
2019-06-04,0.010000000000000231,LOW_POSITIVE
2019-06-05,0.08000000000000007,LOW_POSITIVE
2019-06-06,0.10000000000000009,LOW_POSITIVE
2019-06-07,0.11999999999999988,LOW_POSITIVE
2019-06-10,0.1200000000000001,LOW_POSITIVE
2019-06-11,0.10000000000000009,LOW_POSITIVE
2019-06-12,0.10999999999999988,LOW_POSITIVE
2019-06-13,0.10000000000000009,LOW_POSITIVE
2019-06-14,0.08999999999999986,LOW_POSITIVE
2019-06-17,0.06000000000000005,LOW_POSITIVE
2019-06-18,0.020000000000000018,LOW_POSITIVE
2019-06-19,0.06999999999999984,LOW_POSITIVE
2019-06-20,0.09999999999999987,LOW_POSITIVE
2019-06-21,0.11999999999999988,LOW_POSITIVE
2019-06-24,0.10000000000000009,LOW_POSITIVE
2019-06-25,0.07000000000000006,LOW_POSITIVE
2019-06-26,0.08999999999999986,LOW_POSITIVE
2019-06-27,0.07999999999999985,LOW_POSITIVE
2019-06-28,0.08000000000000007,LOW_POSITIVE
2019-07-01,0.08999999999999986,LOW_POSITIVE
2019-07-02,0.07000000000000006,LOW_POSITIVE
2019-07-03,0.050000000000000044,LOW_POSITIVE
2019-07-05,0.06000000000000005,LOW_POSITIVE
2019-07-08,0.05999999999999983,LOW_POSITIVE
2019-07-09,0.06999999999999984,LOW_POSITIVE
2019-07-10,0.1399999999999999,LOW_POSITIVE
2019-07-11,0.15999999999999992,LOW_POSITIVE
2019-07-12,0.16000000000000014,LOW_POSITIVE
2019-07-15,0.1399999999999999,LOW_POSITIVE
2019-07-16,0.1299999999999999,LOW_POSITIVE
2019-07-17,0.1100000000000001,LOW_POSITIVE
2019-07-18,0.14000000000000012,LOW_POSITIVE
2019-07-19,0.10999999999999988,LOW_POSITIVE
2019-07-22,0.09999999999999987,LOW_POSITIVE
2019-07-23,0.1100000000000001,LOW_POSITIVE
2019-07-24,0.06999999999999984,LOW_POSITIVE
2019-07-25,0.09000000000000008,LOW_POSITIVE
2019-07-26,0.08000000000000007,LOW_POSITIVE
2019-07-29,0.08000000000000007,LOW_POSITIVE
2019-07-30,0.09000000000000008,LOW_POSITIVE
2019-07-31,0.020000000000000018,LOW_POSITIVE
2019-08-01,0.020000000000000018,LOW_POSITIVE
2019-08-02,0.010000000000000009,LOW_POSITIVE
2019-09-13,0.020000000000000018,LOW_POSITIVE
2019-10-09,0.0,LOW_POSITIVE
2019-10-10,0.040000000000000036,LOW_POSITIVE
2019-10-11,0.09000000000000008,LOW_POSITIVE
2019-10-14,0.09000000000000008,LOW_POSITIVE
2019-10-15,0.1200000000000001,LOW_POSITIVE
2019-10-16,0.15999999999999992,LOW_POSITIVE
2019-10-17,0.16999999999999993,LOW_POSITIVE
2019-10-18,0.17999999999999994,LOW_POSITIVE
2019-10-21,0.20999999999999996,LOW_POSITIVE
2019-10-22,0.18999999999999995,LOW_POSITIVE
2019-10-23,0.18999999999999995,LOW_POSITIVE
2019-10-24,0.17999999999999994,LOW_POSITIVE
2019-10-25,0.19999999999999996,LOW_POSITIVE
2019-10-28,0.25,LOW_POSITIVE
2019-10-29,0.25,LOW_POSITIVE
2019-10-30,0.18999999999999995,LOW_POSITIVE
2019-10-31,0.15999999999999992,LOW_POSITIVE
2019-11-01,0.19999999999999996,LOW_POSITIVE
2019-11-04,0.22999999999999998,LOW_POSITIVE
2019-11-05,0.24,LOW_POSITIVE
2019-11-06,0.22999999999999998,LOW_POSITIVE
2019-11-07,0.33999999999999986,LOW_POSITIVE
2019-11-08,0.3599999999999999,LOW_POSITIVE
2019-11-11,0.3599999999999999,LOW_POSITIVE
2019-11-12,0.33999999999999986,LOW_POSITIVE
2019-11-13,0.30999999999999983,LOW_POSITIVE
2019-11-14,0.27,LOW_POSITIVE
2019-11-15,0.30000000000000004,LOW_POSITIVE
2019-11-18,0.27,LOW_POSITIVE
2019-11-19,0.25,LOW_POSITIVE
2019-11-20,0.18999999999999995,LOW_POSITIVE
2019-11-21,0.21999999999999997,LOW_POSITIVE
2019-11-22,0.20999999999999996,LOW_POSITIVE
2019-11-25,0.17999999999999994,LOW_POSITIVE
2019-11-26,0.1499999999999999,LOW_POSITIVE
2019-11-27,0.16999999999999993,LOW_POSITIVE
2019-11-29,0.17999999999999994,LOW_POSITIVE
2019-12-02,0.22999999999999998,LOW_POSITIVE
2019-12-03,0.1499999999999999,LOW_POSITIVE
2019-12-04,0.20999999999999996,LOW_POSITIVE
2019-12-05,0.24,LOW_POSITIVE
2019-12-06,0.27,LOW_POSITIVE
2019-12-09,0.27,LOW_POSITIVE
2019-12-10,0.29000000000000004,LOW_POSITIVE
2019-12-11,0.24,LOW_POSITIVE
2019-12-12,0.34999999999999987,LOW_POSITIVE
2019-12-13,0.28,LOW_POSITIVE
2019-12-16,0.34999999999999987,LOW_POSITIVE
2019-12-17,0.3599999999999999,LOW_POSITIVE
2019-12-18,0.3799999999999999,LOW_POSITIVE
2019-12-19,0.3999999999999999,LOW_POSITIVE
2019-12-20,0.3999999999999999,LOW_POSITIVE
2019-12-23,0.3999999999999999,LOW_POSITIVE
2019-12-24,0.3699999999999999,LOW_POSITIVE
2019-12-26,0.3699999999999999,LOW_POSITIVE
2019-12-27,0.3699999999999999,LOW_POSITIVE
2019-12-30,0.32999999999999985,LOW_POSITIVE
2019-12-31,0.32999999999999985,LOW_POSITIVE
2020-01-02,0.31999999999999984,LOW_POSITIVE
2020-01-03,0.25,LOW_POSITIVE
2020-01-06,0.27,LOW_POSITIVE
2020-01-07,0.30000000000000004,LOW_POSITIVE
2020-01-08,0.32000000000000006,LOW_POSITIVE
2020-01-09,0.31000000000000005,LOW_POSITIVE
2020-01-10,0.30000000000000004,LOW_POSITIVE
2020-01-13,0.32000000000000006,LOW_POSITIVE
2020-01-14,0.29000000000000004,LOW_POSITIVE
2020-01-15,0.25,LOW_POSITIVE
2020-01-16,0.27,LOW_POSITIVE
2020-01-17,0.28,LOW_POSITIVE
2020-01-21,0.24,LOW_POSITIVE
2020-01-22,0.21999999999999997,LOW_POSITIVE
2020-01-23,0.18999999999999995,LOW_POSITIVE
2020-01-24,0.1499999999999999,LOW_POSITIVE
2020-01-27,0.08000000000000007,LOW_POSITIVE
2020-01-28,0.11999999999999988,LOW_POSITIVE
2020-01-29,0.09000000000000008,LOW_POSITIVE
2020-01-30,0.09000000000000008,LOW_POSITIVE
2020-01-31,0.06000000000000005,LOW_POSITIVE
2020-02-03,0.08000000000000007,LOW_POSITIVE
2020-02-04,0.13000000000000012,LOW_POSITIVE
2020-02-05,0.16999999999999993,LOW_POSITIVE
2020-02-06,0.1399999999999999,LOW_POSITIVE
2020-02-07,0.10000000000000009,LOW_POSITIVE
2020-02-10,0.1100000000000001,LOW_POSITIVE
2020-02-11,0.1100000000000001,LOW_POSITIVE
2020-02-12,0.13000000000000012,LOW_POSITIVE
2020-02-13,0.13000000000000012,LOW_POSITIVE
2020-02-14,0.10000000000000009,LOW_POSITIVE
2020-02-18,0.08000000000000007,LOW_POSITIVE
2020-02-19,0.09000000000000008,LOW_POSITIVE
2020-02-20,0.06000000000000005,LOW_POSITIVE
2020-02-21,0.030000000000000027,LOW_POSITIVE
2020-02-24,0.029999999999999805,LOW_POSITIVE
2020-02-25,0.030000000000000027,LOW_POSITIVE
2020-02-26,0.07000000000000006,LOW_POSITIVE
2020-02-27,0.1200000000000001,LOW_POSITIVE
2020-02-28,0.15999999999999992,LOW_POSITIVE
2020-03-02,0.21000000000000008,LOW_POSITIVE
2020-03-03,0.29000000000000004,LOW_POSITIVE
2020-03-04,0.43000000000000005,LOW_POSITIVE
2020-03-05,0.44000000000000006,LOW_POSITIVE
2020-03-06,0.35,LOW_POSITIVE
2020-03-09,0.23000000000000004,LOW_POSITIVE
2020-03-10,0.33,LOW_POSITIVE
2020-03-11,0.41999999999999993,LOW_POSITIVE
2020-03-12,0.49,LOW_POSITIVE
2020-03-13,0.5599999999999999,LOW_POSITIVE
2020-03-16,0.44,LOW_POSITIVE
2020-03-17,0.72,LOW_POSITIVE
2020-03-18,0.97,LOW_POSITIVE
2020-03-19,0.9200000000000002,LOW_POSITIVE
2020-03-20,0.77,LOW_POSITIVE
2020-03-23,0.59,LOW_POSITIVE
2020-03-24,0.59,LOW_POSITIVE
2020-03-25,0.69,LOW_POSITIVE
2020-03-26,0.7,LOW_POSITIVE
2020-03-27,0.61,LOW_POSITIVE
2020-03-30,0.5599999999999999,LOW_POSITIVE
2020-03-31,0.5299999999999999,LOW_POSITIVE
2020-04-01,0.45999999999999996,LOW_POSITIVE
2020-04-02,0.49,LOW_POSITIVE
2020-04-03,0.47,LOW_POSITIVE
2020-04-06,0.47000000000000003,LOW_POSITIVE
2020-04-07,0.55,LOW_POSITIVE
2020-04-08,0.54,LOW_POSITIVE
2020-04-09,0.48,LOW_POSITIVE
2020-04-13,0.49,LOW_POSITIVE
2020-04-14,0.51,LOW_POSITIVE
2020-04-15,0.44,LOW_POSITIVE
2020-04-16,0.43999999999999995,LOW_POSITIVE
2020-04-17,0.49,LOW_POSITIVE
2020-04-20,0.48,LOW_POSITIVE
2020-04-21,0.4099999999999999,LOW_POSITIVE
2020-04-22,0.47,LOW_POSITIVE
2020-04-23,0.43999999999999995,LOW_POSITIVE
2020-04-24,0.42,LOW_POSITIVE
2020-04-27,0.5,LOW_POSITIVE
2020-04-28,0.45999999999999996,LOW_POSITIVE
2020-04-29,0.45,LOW_POSITIVE
2020-04-30,0.48,LOW_POSITIVE
2020-05-01,0.47,LOW_POSITIVE
2020-05-04,0.48,LOW_POSITIVE
2020-05-05,0.5,LOW_POSITIVE
2020-05-06,0.5599999999999999,LOW_POSITIVE
2020-05-07,0.48,LOW_POSITIVE
2020-05-08,0.5399999999999999,LOW_POSITIVE
2020-05-11,0.57,LOW_POSITIVE
2020-05-12,0.5299999999999999,LOW_POSITIVE
2020-05-13,0.49,LOW_POSITIVE
2020-05-14,0.48,LOW_POSITIVE
2020-05-15,0.49,LOW_POSITIVE
2020-05-18,0.5599999999999999,LOW_POSITIVE
2020-05-19,0.5399999999999999,LOW_POSITIVE
2020-05-20,0.52,LOW_POSITIVE
2020-05-21,0.52,LOW_POSITIVE
2020-05-22,0.49,LOW_POSITIVE
2020-05-26,0.5199999999999999,LOW_POSITIVE
2020-05-27,0.5,LOW_POSITIVE
2020-05-28,0.5299999999999999,LOW_POSITIVE
2020-05-29,0.48,LOW_POSITIVE
2020-06-01,0.49,LOW_POSITIVE
2020-06-02,0.51,LOW_POSITIVE
2020-06-03,0.6,LOW_POSITIVE
2020-06-04,0.6499999999999999,LOW_POSITIVE
2020-06-05,0.73,LOW_POSITIVE
2020-06-08,0.69,LOW_POSITIVE
2020-06-09,0.6499999999999999,LOW_POSITIVE
2020-06-10,0.5700000000000001,LOW_POSITIVE
2020-06-11,0.47000000000000003,LOW_POSITIVE
2020-06-12,0.53,LOW_POSITIVE
2020-06-15,0.5399999999999999,LOW_POSITIVE
2020-06-16,0.5700000000000001,LOW_POSITIVE
2020-06-17,0.55,LOW_POSITIVE
2020-06-18,0.52,LOW_POSITIVE
2020-06-19,0.52,LOW_POSITIVE
2020-06-22,0.5399999999999999,LOW_POSITIVE
2020-06-23,0.54,LOW_POSITIVE
2020-06-24,0.5199999999999999,LOW_POSITIVE
2020-06-25,0.51,LOW_POSITIVE
2020-06-26,0.47,LOW_POSITIVE
2020-06-29,0.48,LOW_POSITIVE
2020-06-30,0.5,LOW_POSITIVE
2020-07-01,0.5299999999999999,LOW_POSITIVE
2020-07-02,0.52,LOW_POSITIVE
2020-07-06,0.5299999999999999,LOW_POSITIVE
2020-07-07,0.5,LOW_POSITIVE
2020-07-08,0.52,LOW_POSITIVE
2020-07-09,0.47,LOW_POSITIVE
2020-07-10,0.5,LOW_POSITIVE
2020-07-13,0.48,LOW_POSITIVE
2020-07-14,0.45999999999999996,LOW_POSITIVE
2020-07-15,0.49,LOW_POSITIVE
2020-07-16,0.48,LOW_POSITIVE
2020-07-17,0.5,LOW_POSITIVE
2020-07-20,0.48,LOW_POSITIVE
2020-07-21,0.45999999999999996,LOW_POSITIVE
2020-07-22,0.45999999999999996,LOW_POSITIVE
2020-07-23,0.44999999999999996,LOW_POSITIVE
2020-07-24,0.42999999999999994,LOW_POSITIVE
2020-07-27,0.48,LOW_POSITIVE
2020-07-28,0.44999999999999996,LOW_POSITIVE
2020-07-29,0.44999999999999996,LOW_POSITIVE
2020-07-30,0.44000000000000006,LOW_POSITIVE
2020-07-31,0.44000000000000006,LOW_POSITIVE
2020-08-03,0.44000000000000006,LOW_POSITIVE
2020-08-04,0.38,LOW_POSITIVE
2020-08-05,0.43000000000000005,LOW_POSITIVE
2020-08-06,0.41000000000000003,LOW_POSITIVE
2020-08-07,0.42999999999999994,LOW_POSITIVE
2020-08-10,0.45999999999999996,LOW_POSITIVE
2020-08-11,0.49,LOW_POSITIVE
2020-08-12,0.5599999999999999,LOW_POSITIVE
2020-08-13,0.57,LOW_POSITIVE
2020-08-14,0.58,LOW_POSITIVE
2020-08-17,0.5599999999999999,LOW_POSITIVE
2020-08-18,0.54,LOW_POSITIVE
2020-08-19,0.55,LOW_POSITIVE
2020-08-20,0.53,LOW_POSITIVE
2020-08-21,0.51,LOW_POSITIVE
2020-08-24,0.51,LOW_POSITIVE
2020-08-25,0.5599999999999999,LOW_POSITIVE
2020-08-26,0.57,LOW_POSITIVE
2020-08-27,0.61,LOW_POSITIVE
2020-08-28,0.62,LOW_POSITIVE
2020-08-31,0.6,LOW_POSITIVE
2020-09-01,0.56,LOW_POSITIVE
2020-09-02,0.53,LOW_POSITIVE
2020-09-03,0.51,LOW_POSITIVE
2020-09-04,0.59,LOW_POSITIVE
2020-09-08,0.5399999999999999,LOW_POSITIVE
2020-09-09,0.57,LOW_POSITIVE
2020-09-10,0.53,LOW_POSITIVE
2020-09-11,0.54,LOW_POSITIVE
2020-09-14,0.54,LOW_POSITIVE
2020-09-15,0.55,LOW_POSITIVE
2020-09-16,0.57,LOW_POSITIVE
2020-09-17,0.57,LOW_POSITIVE
2020-09-18,0.57,LOW_POSITIVE
2020-09-21,0.56,LOW_POSITIVE
2020-09-22,0.56,LOW_POSITIVE
2020-09-23,0.55,LOW_POSITIVE
2020-09-24,0.55,LOW_POSITIVE
2020-09-25,0.54,LOW_POSITIVE
2020-09-28,0.55,LOW_POSITIVE
2020-09-29,0.54,LOW_POSITIVE
2020-09-30,0.57,LOW_POSITIVE
2020-10-01,0.56,LOW_POSITIVE
2020-10-02,0.58,LOW_POSITIVE
2020-10-05,0.66,LOW_POSITIVE
2020-10-06,0.62,LOW_POSITIVE
2020-10-07,0.68,LOW_POSITIVE
2020-10-08,0.65,LOW_POSITIVE
2020-10-09,0.64,LOW_POSITIVE
2020-10-12,0.64,LOW_POSITIVE
2020-10-13,0.61,LOW_POSITIVE
2020-10-14,0.6,LOW_POSITIVE
2020-10-15,0.62,LOW_POSITIVE
2020-10-16,0.64,LOW_POSITIVE
2020-10-19,0.65,LOW_POSITIVE
2020-10-20,0.68,LOW_POSITIVE
2020-10-21,0.7,LOW_POSITIVE
2020-10-22,0.74,LOW_POSITIVE
2020-10-23,0.73,LOW_POSITIVE
2020-10-26,0.6900000000000001,LOW_POSITIVE
2020-10-27,0.67,LOW_POSITIVE
2020-10-28,0.67,LOW_POSITIVE
2020-10-29,0.73,LOW_POSITIVE
2020-10-30,0.75,LOW_POSITIVE
2020-11-02,0.74,LOW_POSITIVE
2020-11-03,0.76,LOW_POSITIVE
2020-11-04,0.66,LOW_POSITIVE
2020-11-05,0.67,LOW_POSITIVE
2020-11-06,0.71,LOW_POSITIVE
2020-11-09,0.84,LOW_POSITIVE
2020-11-10,0.86,LOW_POSITIVE
2020-11-11,0.86,LOW_POSITIVE
2020-11-12,0.75,LOW_POSITIVE
2020-11-13,0.77,LOW_POSITIVE
2020-11-16,0.79,LOW_POSITIVE
2020-11-17,0.75,LOW_POSITIVE
2020-11-18,0.77,LOW_POSITIVE
2020-11-19,0.75,LOW_POSITIVE
2020-11-20,0.72,LOW_POSITIVE
2020-11-23,0.76,LOW_POSITIVE
2020-11-24,0.77,LOW_POSITIVE
2020-11-25,0.77,LOW_POSITIVE
2020-11-27,0.73,LOW_POSITIVE
2020-11-30,0.73,LOW_POSITIVE
2020-12-01,0.8,LOW_POSITIVE
2020-12-02,0.84,LOW_POSITIVE
2020-12-03,0.8200000000000001,LOW_POSITIVE
2020-12-04,0.86,LOW_POSITIVE
2020-12-07,0.84,LOW_POSITIVE
2020-12-08,0.8200000000000001,LOW_POSITIVE
2020-12-09,0.85,LOW_POSITIVE
2020-12-10,0.8200000000000001,LOW_POSITIVE
2020-12-11,0.8,LOW_POSITIVE
2020-12-14,0.8,LOW_POSITIVE
2020-12-15,0.8300000000000001,LOW_POSITIVE
2020-12-16,0.8300000000000001,LOW_POSITIVE
2020-12-17,0.85,LOW_POSITIVE
2020-12-18,0.86,LOW_POSITIVE
2020-12-21,0.86,LOW_POSITIVE
2020-12-22,0.8400000000000001,LOW_POSITIVE
2020-12-23,0.87,LOW_POSITIVE
2020-12-24,0.84,LOW_POSITIVE
2020-12-28,0.83,LOW_POSITIVE
2020-12-29,0.83,LOW_POSITIVE
2020-12-30,0.81,LOW_POSITIVE
2020-12-31,0.8300000000000001,LOW_POSITIVE
2021-01-04,0.8300000000000001,LOW_POSITIVE
2021-01-05,0.86,LOW_POSITIVE
2021-01-06,0.93,LOW_POSITIVE
2021-01-07,0.9700000000000001,LOW_POSITIVE
2021-01-08,1.0299999999999998,LOW_POSITIVE
2021-01-11,1.0499999999999998,LOW_POSITIVE
2021-01-12,1.0399999999999998,LOW_POSITIVE
2021-01-13,0.9800000000000001,LOW_POSITIVE
2021-01-14,1.0499999999999998,LOW_POSITIVE
2021-01-15,1.01,LOW_POSITIVE
2021-01-19,1.0,LOW_POSITIVE
2021-01-20,1.0,LOW_POSITIVE
2021-01-21,1.02,LOW_POSITIVE
2021-01-22,1.0,LOW_POSITIVE
2021-01-25,0.9500000000000001,LOW_POSITIVE
2021-01-26,0.9600000000000001,LOW_POSITIVE
2021-01-27,0.9500000000000001,LOW_POSITIVE
2021-01-28,0.9900000000000001,LOW_POSITIVE
2021-01-29,1.01,LOW_POSITIVE
2021-02-01,1.01,LOW_POSITIVE
2021-02-02,1.04,LOW_POSITIVE
2021-02-03,1.0699999999999998,HIGH_POSITIVE
2021-02-04,1.0799999999999998,HIGH_POSITIVE
2021-02-05,1.13,HIGH_POSITIVE
2021-02-08,1.1199999999999999,HIGH_POSITIVE
2021-02-09,1.1099999999999999,HIGH_POSITIVE
2021-02-10,1.0799999999999998,HIGH_POSITIVE
2021-02-11,1.0899999999999999,HIGH_POSITIVE
2021-02-12,1.14,HIGH_POSITIVE
2021-02-16,1.22,HIGH_POSITIVE
2021-02-17,1.22,HIGH_POSITIVE
2021-02-18,1.23,HIGH_POSITIVE
2021-02-19,1.27,HIGH_POSITIVE
2021-02-22,1.31,HIGH_POSITIVE
2021-02-23,1.29,HIGH_POSITIVE
2021-02-24,1.2999999999999998,HIGH_POSITIVE
2021-02-25,1.45,HIGH_POSITIVE
2021-02-26,1.3599999999999999,HIGH_POSITIVE
2021-03-01,1.3699999999999999,HIGH_POSITIVE
2021-03-02,1.3399999999999999,HIGH_POSITIVE
2021-03-03,1.39,HIGH_POSITIVE
2021-03-04,1.46,HIGH_POSITIVE
2021-03-05,1.48,HIGH_POSITIVE
2021-03-08,1.5,HIGH_POSITIVE
2021-03-09,1.45,HIGH_POSITIVE
2021-03-10,1.45,HIGH_POSITIVE
2021-03-11,1.46,HIGH_POSITIVE
2021-03-12,1.5499999999999998,HIGH_POSITIVE
2021-03-15,1.54,HIGH_POSITIVE
2021-03-16,1.55,HIGH_POSITIVE
2021-03-17,1.5599999999999998,HIGH_POSITIVE
2021-03-18,1.63,HIGH_POSITIVE
2021-03-19,1.67,HIGH_POSITIVE
2021-03-22,1.63,HIGH_POSITIVE
2021-03-23,1.5499999999999998,HIGH_POSITIVE
2021-03-24,1.55,HIGH_POSITIVE
2021-03-25,1.5599999999999998,HIGH_POSITIVE
2021-03-26,1.6099999999999999,HIGH_POSITIVE
2021-03-29,1.67,HIGH_POSITIVE
2021-03-30,1.67,HIGH_POSITIVE
2021-03-31,1.67,HIGH_POSITIVE
2021-04-01,1.63,HIGH_POSITIVE
2021-04-05,1.67,HIGH_POSITIVE
2021-04-06,1.6099999999999999,HIGH_POSITIVE
2021-04-07,1.6199999999999999,HIGH_POSITIVE
2021-04-08,1.5899999999999999,HIGH_POSITIVE
2021-04-09,1.6099999999999999,HIGH_POSITIVE
2021-04-12,1.63,HIGH_POSITIVE
2021-04-13,1.5799999999999998,HIGH_POSITIVE
2021-04-14,1.5799999999999998,HIGH_POSITIVE
2021-04-15,1.5,HIGH_POSITIVE
2021-04-16,1.53,HIGH_POSITIVE
2021-04-19,1.53,HIGH_POSITIVE
2021-04-20,1.51,HIGH_POSITIVE
2021-04-21,1.5,HIGH_POSITIVE
2021-04-22,1.51,HIGH_POSITIVE
2021-04-23,1.51,HIGH_POSITIVE
2021-04-26,1.52,HIGH_POSITIVE
2021-04-27,1.5699999999999998,HIGH_POSITIVE
2021-04-28,1.5799999999999998,HIGH_POSITIVE
2021-04-29,1.5999999999999999,HIGH_POSITIVE
2021-04-30,1.5999999999999999,HIGH_POSITIVE
2021-05-03,1.5699999999999998,HIGH_POSITIVE
2021-05-04,1.55,HIGH_POSITIVE
2021-05-05,1.53,HIGH_POSITIVE
2021-05-06,1.53,HIGH_POSITIVE
2021-05-07,1.55,HIGH_POSITIVE
2021-05-10,1.5799999999999998,HIGH_POSITIVE
2021-05-11,1.5899999999999999,HIGH_POSITIVE
2021-05-12,1.64,HIGH_POSITIVE
2021-05-13,1.6099999999999999,HIGH_POSITIVE
2021-05-14,1.5699999999999998,HIGH_POSITIVE
2021-05-17,1.5799999999999998,HIGH_POSITIVE
2021-05-18,1.5799999999999998,HIGH_POSITIVE
2021-05-19,1.63,HIGH_POSITIVE
2021-05-20,1.5799999999999998,HIGH_POSITIVE
2021-05-21,1.5899999999999999,HIGH_POSITIVE
2021-05-24,1.57,HIGH_POSITIVE
2021-05-25,1.52,HIGH_POSITIVE
2021-05-26,1.54,HIGH_POSITIVE
2021-05-27,1.57,HIGH_POSITIVE
2021-05-28,1.53,HIGH_POSITIVE
2021-06-01,1.58,HIGH_POSITIVE
2021-06-02,1.54,HIGH_POSITIVE
2021-06-03,1.5899999999999999,HIGH_POSITIVE
2021-06-04,1.51,HIGH_POSITIVE
2021-06-07,1.52,HIGH_POSITIVE
2021-06-08,1.48,HIGH_POSITIVE
2021-06-09,1.45,HIGH_POSITIVE
2021-06-10,1.4,HIGH_POSITIVE
2021-06-11,1.42,HIGH_POSITIVE
2021-06-14,1.46,HIGH_POSITIVE
2021-06-15,1.43,HIGH_POSITIVE
2021-06-16,1.49,HIGH_POSITIVE
2021-06-17,1.44,HIGH_POSITIVE
2021-06-18,1.3599999999999999,HIGH_POSITIVE
2021-06-21,1.41,HIGH_POSITIVE
2021-06-22,1.39,HIGH_POSITIVE
2021-06-23,1.42,HIGH_POSITIVE
2021-06-24,1.41,HIGH_POSITIVE
2021-06-25,1.45,HIGH_POSITIVE
2021-06-28,1.41,HIGH_POSITIVE
2021-06-29,1.41,HIGH_POSITIVE
2021-06-30,1.38,HIGH_POSITIVE
2021-07-01,1.39,HIGH_POSITIVE
2021-07-02,1.3599999999999999,HIGH_POSITIVE
2021-07-06,1.3,HIGH_POSITIVE
2021-07-07,1.25,HIGH_POSITIVE
2021-07-08,1.23,HIGH_POSITIVE
2021-07-09,1.29,HIGH_POSITIVE
2021-07-12,1.2999999999999998,HIGH_POSITIVE
2021-07-13,1.3399999999999999,HIGH_POSITIVE
2021-07-14,1.29,HIGH_POSITIVE
2021-07-15,1.24,HIGH_POSITIVE
2021-07-16,1.23,HIGH_POSITIVE
2021-07-19,1.1199999999999999,HIGH_POSITIVE
2021-07-20,1.15,HIGH_POSITIVE
2021-07-21,1.23,HIGH_POSITIVE
2021-07-22,1.2,HIGH_POSITIVE
2021-07-23,1.23,HIGH_POSITIVE
2021-07-26,1.21,HIGH_POSITIVE
2021-07-27,1.18,HIGH_POSITIVE
2021-07-28,1.19,HIGH_POSITIVE
2021-07-29,1.2,HIGH_POSITIVE
2021-07-30,1.17,HIGH_POSITIVE
2021-08-02,1.13,HIGH_POSITIVE
2021-08-03,1.1199999999999999,HIGH_POSITIVE
2021-08-04,1.1199999999999999,HIGH_POSITIVE
2021-08-05,1.15,HIGH_POSITIVE
2021-08-06,1.22,HIGH_POSITIVE
2021-08-09,1.25,HIGH_POSITIVE
2021-08-10,1.28,HIGH_POSITIVE
2021-08-11,1.27,HIGH_POSITIVE
2021-08-12,1.27,HIGH_POSITIVE
2021-08-13,1.21,HIGH_POSITIVE
2021-08-16,1.18,HIGH_POSITIVE
2021-08-17,1.19,HIGH_POSITIVE
2021-08-18,1.2,HIGH_POSITIVE
2021-08-19,1.18,HIGH_POSITIVE
2021-08-20,1.2,HIGH_POSITIVE
2021-08-23,1.18,HIGH_POSITIVE
2021-08-24,1.23,HIGH_POSITIVE
2021-08-25,1.28,HIGH_POSITIVE
2021-08-26,1.27,HIGH_POSITIVE
2021-08-27,1.24,HIGH_POSITIVE
2021-08-30,1.21,HIGH_POSITIVE
2021-08-31,1.23,HIGH_POSITIVE
2021-09-01,1.24,HIGH_POSITIVE
2021-09-02,1.22,HIGH_POSITIVE
2021-09-03,1.25,HIGH_POSITIVE
2021-09-07,1.2999999999999998,HIGH_POSITIVE
2021-09-08,1.27,HIGH_POSITIVE
2021-09-09,1.23,HIGH_POSITIVE
2021-09-10,1.27,HIGH_POSITIVE
2021-09-13,1.26,HIGH_POSITIVE
2021-09-14,1.21,HIGH_POSITIVE
2021-09-15,1.24,HIGH_POSITIVE
2021-09-16,1.27,HIGH_POSITIVE
2021-09-17,1.3,HIGH_POSITIVE
2021-09-20,1.24,HIGH_POSITIVE
2021-09-21,1.26,HIGH_POSITIVE
2021-09-22,1.24,HIGH_POSITIVE
2021-09-23,1.3299999999999998,HIGH_POSITIVE
2021-09-24,1.39,HIGH_POSITIVE
2021-09-27,1.39,HIGH_POSITIVE
2021-09-28,1.45,HIGH_POSITIVE
2021-09-29,1.46,HIGH_POSITIVE
2021-09-30,1.43,HIGH_POSITIVE
2021-10-01,1.39,HIGH_POSITIVE
2021-10-04,1.4,HIGH_POSITIVE
2021-10-05,1.45,HIGH_POSITIVE
2021-10-06,1.43,HIGH_POSITIVE
2021-10-07,1.48,HIGH_POSITIVE
2021-10-08,1.52,HIGH_POSITIVE
2021-10-11,1.52,HIGH_POSITIVE
2021-10-12,1.49,HIGH_POSITIVE
2021-10-13,1.45,HIGH_POSITIVE
2021-10-14,1.42,HIGH_POSITIVE
2021-10-15,1.4700000000000002,HIGH_POSITIVE
2021-10-18,1.48,HIGH_POSITIVE
2021-10-19,1.5399999999999998,HIGH_POSITIVE
2021-10-20,1.5499999999999998,HIGH_POSITIVE
2021-10-21,1.56,HIGH_POSITIVE
2021-10-22,1.5299999999999998,HIGH_POSITIVE
2021-10-25,1.5,HIGH_POSITIVE
2021-10-26,1.4899999999999998,HIGH_POSITIVE
2021-10-27,1.42,HIGH_POSITIVE
2021-10-28,1.4200000000000002,HIGH_POSITIVE
2021-10-29,1.4000000000000001,HIGH_POSITIVE
2021-11-01,1.4300000000000002,HIGH_POSITIVE
2021-11-02,1.4100000000000001,HIGH_POSITIVE
2021-11-03,1.4300000000000002,HIGH_POSITIVE
2021-11-04,1.3900000000000001,HIGH_POSITIVE
2021-11-05,1.31,HIGH_POSITIVE
2021-11-08,1.35,HIGH_POSITIVE
2021-11-09,1.3199999999999998,HIGH_POSITIVE
2021-11-10,1.3900000000000001,HIGH_POSITIVE
2021-11-11,1.3900000000000001,HIGH_POSITIVE
2021-11-12,1.4100000000000001,HIGH_POSITIVE
2021-11-15,1.45,HIGH_POSITIVE
2021-11-16,1.46,HIGH_POSITIVE
2021-11-17,1.4200000000000002,HIGH_POSITIVE
2021-11-18,1.4100000000000001,HIGH_POSITIVE
2021-11-19,1.36,HIGH_POSITIVE
2021-11-22,1.43,HIGH_POSITIVE
2021-11-23,1.46,HIGH_POSITIVE
2021-11-24,1.4,HIGH_POSITIVE
2021-11-26,1.28,HIGH_POSITIVE
2021-11-29,1.31,HIGH_POSITIVE
2021-11-30,1.19,HIGH_POSITIVE
2021-12-01,1.18,HIGH_POSITIVE
2021-12-02,1.17,HIGH_POSITIVE
2021-12-03,1.09,HIGH_POSITIVE
2021-12-06,1.15,HIGH_POSITIVE
2021-12-07,1.17,HIGH_POSITIVE
2021-12-08,1.23,HIGH_POSITIVE
2021-12-09,1.21,HIGH_POSITIVE
2021-12-10,1.21,HIGH_POSITIVE
2021-12-13,1.15,HIGH_POSITIVE
2021-12-14,1.18,HIGH_POSITIVE
2021-12-15,1.18,HIGH_POSITIVE
2021-12-16,1.18,HIGH_POSITIVE
2021-12-17,1.14,HIGH_POSITIVE
2021-12-20,1.16,HIGH_POSITIVE
2021-12-21,1.19,HIGH_POSITIVE
2021-12-22,1.18,HIGH_POSITIVE
2021-12-23,1.19,HIGH_POSITIVE
2021-12-27,1.15,HIGH_POSITIVE
2021-12-28,1.1,HIGH_POSITIVE
2021-12-29,1.17,HIGH_POSITIVE
2021-12-30,1.1400000000000001,HIGH_POSITIVE
2021-12-31,1.13,HIGH_POSITIVE
2022-01-03,1.23,HIGH_POSITIVE
2022-01-04,1.2799999999999998,HIGH_POSITIVE
2022-01-05,1.3,HIGH_POSITIVE
2022-01-06,1.28,HIGH_POSITIVE
2022-01-07,1.33,HIGH_POSITIVE
2022-01-10,1.32,HIGH_POSITIVE
2022-01-11,1.29,HIGH_POSITIVE
2022-01-12,1.26,HIGH_POSITIVE
2022-01-13,1.23,HIGH_POSITIVE
2022-01-14,1.27,HIGH_POSITIVE
2022-01-18,1.29,HIGH_POSITIVE
2022-01-19,1.2600000000000002,HIGH_POSITIVE
2022-01-20,1.23,HIGH_POSITIVE
2022-01-21,1.17,HIGH_POSITIVE
2022-01-24,1.17,HIGH_POSITIVE
2022-01-25,1.13,HIGH_POSITIVE
2022-01-26,1.1500000000000001,HIGH_POSITIVE
2022-01-27,1.06,LOW_POSITIVE
2022-01-28,1.03,LOW_POSITIVE
2022-01-31,1.01,LOW_POSITIVE
2022-02-01,1.03,LOW_POSITIVE
2022-02-02,1.02,LOW_POSITIVE
2022-02-03,1.04,LOW_POSITIVE
2022-02-04,1.04,LOW_POSITIVE
2022-02-07,1.04,LOW_POSITIVE
2022-02-08,1.0499999999999998,LOW_POSITIVE
2022-02-09,1.0299999999999998,LOW_POSITIVE
2022-02-10,0.8899999999999999,LOW_POSITIVE
2022-02-11,0.8499999999999999,LOW_POSITIVE
2022-02-14,0.8500000000000001,LOW_POSITIVE
2022-02-15,0.9399999999999997,LOW_POSITIVE
2022-02-16,0.9399999999999997,LOW_POSITIVE
2022-02-17,0.9199999999999999,LOW_POSITIVE
2022-02-18,0.8899999999999999,LOW_POSITIVE
2022-02-22,0.77,LOW_POSITIVE
2022-02-23,0.8300000000000001,LOW_POSITIVE
2022-02-24,0.8799999999999999,LOW_POSITIVE
2022-02-25,0.8400000000000001,LOW_POSITIVE
2022-02-28,0.8200000000000001,LOW_POSITIVE
2022-03-01,0.8099999999999999,LOW_POSITIVE
2022-03-02,0.8,LOW_POSITIVE
2022-03-03,0.78,LOW_POSITIVE
2022-03-04,0.69,LOW_POSITIVE
2022-03-07,0.71,LOW_POSITIVE
2022-03-08,0.74,LOW_POSITIVE
2022-03-09,0.79,LOW_POSITIVE
2022-03-10,0.79,LOW_POSITIVE
2022-03-11,0.78,LOW_POSITIVE
2022-03-14,0.8600000000000001,LOW_POSITIVE
2022-03-15,0.8699999999999999,LOW_POSITIVE
2022-03-16,0.8399999999999999,LOW_POSITIVE
2022-03-17,0.9000000000000001,LOW_POSITIVE
2022-03-18,0.8500000000000001,LOW_POSITIVE
2022-03-21,0.9199999999999999,LOW_POSITIVE
2022-03-22,0.7899999999999998,LOW_POSITIVE
2022-03-23,0.7999999999999998,LOW_POSITIVE
2022-03-24,0.7899999999999998,LOW_POSITIVE
2022-03-25,0.81,LOW_POSITIVE
2022-03-28,0.77,LOW_POSITIVE
2022-03-29,0.7400000000000002,LOW_POSITIVE
2022-03-30,0.7100000000000002,LOW_POSITIVE
2022-03-31,0.69,LOW_POSITIVE
2022-04-01,0.6700000000000002,LOW_POSITIVE
2022-04-04,0.7,LOW_POSITIVE
2022-04-05,0.77,LOW_POSITIVE
2022-04-06,0.8199999999999998,LOW_POSITIVE
2022-04-07,0.8800000000000001,LOW_POSITIVE
2022-04-08,0.9100000000000001,LOW_POSITIVE
2022-04-11,0.94,LOW_POSITIVE
2022-04-12,0.9500000000000002,LOW_POSITIVE
2022-04-13,0.9200000000000002,LOW_POSITIVE
2022-04-14,0.99,LOW_POSITIVE
2022-04-18,1.01,LOW_POSITIVE
2022-04-19,0.9900000000000002,LOW_POSITIVE
2022-04-20,0.9200000000000002,LOW_POSITIVE
2022-04-21,0.8900000000000001,LOW_POSITIVE
2022-04-22,0.8399999999999999,LOW_POSITIVE
2022-04-25,0.7800000000000002,LOW_POSITIVE
2022-04-26,0.78,LOW_POSITIVE
2022-04-27,0.8499999999999999,LOW_POSITIVE
2022-04-28,0.81,LOW_POSITIVE
2022-04-29,0.79,LOW_POSITIVE
2022-05-02,0.8900000000000001,LOW_POSITIVE
2022-05-03,0.81,LOW_POSITIVE
2022-05-04,0.8600000000000003,LOW_POSITIVE
2022-05-05,0.9699999999999998,LOW_POSITIVE
2022-05-06,1.04,LOW_POSITIVE
2022-05-09,1.0599999999999998,LOW_POSITIVE
2022-05-10,0.9800000000000004,LOW_POSITIVE
2022-05-11,0.9200000000000002,LOW_POSITIVE
2022-05-12,0.8799999999999999,LOW_POSITIVE
2022-05-13,0.8900000000000001,LOW_POSITIVE
2022-05-16,0.81,LOW_POSITIVE
2022-05-17,0.8199999999999998,LOW_POSITIVE
2022-05-18,0.73,LOW_POSITIVE
2022-05-19,0.73,LOW_POSITIVE
2022-05-20,0.71,LOW_POSITIVE
2022-05-23,0.77,LOW_POSITIVE
2022-05-24,0.7399999999999998,LOW_POSITIVE
2022-05-25,0.7400000000000002,LOW_POSITIVE
2022-05-26,0.76,LOW_POSITIVE
2022-05-27,0.7300000000000004,LOW_POSITIVE
2022-05-31,0.77,LOW_POSITIVE
2022-06-01,0.7799999999999998,LOW_POSITIVE
2022-06-02,0.77,LOW_POSITIVE
2022-06-03,0.7799999999999998,LOW_POSITIVE
2022-06-06,0.81,LOW_POSITIVE
2022-06-07,0.7200000000000002,LOW_POSITIVE
2022-06-08,0.7399999999999998,LOW_POSITIVE
2022-06-09,0.69,LOW_POSITIVE
2022-06-10,0.5699999999999998,LOW_POSITIVE
2022-06-13,0.54,LOW_POSITIVE
2022-06-14,0.3400000000000003,LOW_POSITIVE
2022-06-15,0.3999999999999999,LOW_POSITIVE
2022-06-16,0.3999999999999999,LOW_POSITIVE
2022-06-17,0.3900000000000001,LOW_POSITIVE
2022-06-21,0.3900000000000001,LOW_POSITIVE
2022-06-22,0.3700000000000001,LOW_POSITIVE
2022-06-23,0.31000000000000005,LOW_POSITIVE
2022-06-24,0.2999999999999998,LOW_POSITIVE
2022-06-27,0.31000000000000005,LOW_POSITIVE
2022-06-28,0.3200000000000003,LOW_POSITIVE
2022-06-29,0.2200000000000002,LOW_POSITIVE
2022-06-30,0.18000000000000016,LOW_POSITIVE
2022-07-01,0.08999999999999986,LOW_POSITIVE
2022-07-05,0.04999999999999982,LOW_POSITIVE
2022-07-06,0.11000000000000032,LOW_POSITIVE
2022-07-07,0.13999999999999968,LOW_POSITIVE
2022-07-08,0.1299999999999999,LOW_POSITIVE
2022-07-11,0.020000000000000018,LOW_POSITIVE
2024-10-28,0.0,LOW_POSITIVE
2024-10-30,0.009999999999999787,LOW_POSITIVE
2024-10-31,0.010000000000000675,LOW_POSITIVE
2024-11-01,0.08999999999999986,LOW_POSITIVE
2024-11-04,0.05999999999999961,LOW_POSITIVE
2024-11-06,0.11000000000000032,LOW_POSITIVE
2024-11-07,0.02999999999999936,LOW_POSITIVE
2024-11-12,0.04999999999999982,LOW_POSITIVE
2024-11-13,0.13000000000000078,LOW_POSITIVE
2024-11-14,0.0699999999999994,LOW_POSITIVE
2024-11-15,0.08999999999999986,LOW_POSITIVE
2024-11-18,0.08999999999999986,LOW_POSITIVE
2024-11-19,0.04999999999999982,LOW_POSITIVE
2024-11-20,0.040000000000000036,LOW_POSITIVE
2024-11-21,0.040000000000000036,LOW_POSITIVE
2024-12-09,0.0,LOW_POSITIVE
2024-12-10,0.0,LOW_POSITIVE
2024-12-11,0.04999999999999982,LOW_POSITIVE
2024-12-12,0.10000000000000053,LOW_POSITIVE
2024-12-13,0.16000000000000014,LOW_POSITIVE
2024-12-16,0.14999999999999947,LOW_POSITIVE
2024-12-17,0.15000000000000036,LOW_POSITIVE
2024-12-18,0.20000000000000018,LOW_POSITIVE
2024-12-19,0.29000000000000004,LOW_POSITIVE
2024-12-20,0.25,LOW_POSITIVE
2024-12-23,0.33000000000000007,LOW_POSITIVE
2024-12-24,0.34999999999999964,LOW_POSITIVE
2024-12-26,0.34999999999999964,LOW_POSITIVE
2024-12-27,0.41999999999999993,LOW_POSITIVE
2024-12-30,0.3799999999999999,LOW_POSITIVE
2024-12-31,0.41999999999999993,LOW_POSITIVE
2025-01-02,0.40000000000000036,LOW_POSITIVE
2025-01-03,0.41999999999999993,LOW_POSITIVE
2025-01-06,0.4500000000000002,LOW_POSITIVE
2025-01-07,0.47999999999999954,LOW_POSITIVE
2025-01-08,0.47999999999999954,LOW_POSITIVE
2025-01-13,0.5499999999999998,LOW_POSITIVE
2025-01-14,0.5600000000000005,LOW_POSITIVE
2025-01-15,0.46999999999999975,LOW_POSITIVE
2025-01-16,0.4300000000000006,LOW_POSITIVE
2025-01-17,0.40000000000000036,LOW_POSITIVE
2025-01-21,0.3600000000000003,LOW_POSITIVE
2025-01-22,0.39999999999999947,LOW_POSITIVE
2025-01-23,0.47000000000000064,LOW_POSITIVE
2025-01-24,0.45999999999999996,LOW_POSITIVE
2025-01-27,0.40000000000000036,LOW_POSITIVE
2025-01-28,0.41000000000000014,LOW_POSITIVE
2025-01-29,0.3799999999999999,LOW_POSITIVE
2025-01-30,0.35999999999999943,LOW_POSITIVE
2025-01-31,0.41000000000000014,LOW_POSITIVE
2025-02-03,0.33999999999999986,LOW_POSITIVE
2025-02-04,0.33999999999999986,LOW_POSITIVE
2025-02-05,0.2599999999999998,LOW_POSITIVE
2025-02-06,0.2599999999999998,LOW_POSITIVE
2025-02-07,0.2400000000000002,LOW_POSITIVE
2025-02-10,0.2699999999999996,LOW_POSITIVE
2025-02-11,0.29000000000000004,LOW_POSITIVE
2025-02-12,0.3200000000000003,LOW_POSITIVE
2025-02-13,0.25,LOW_POSITIVE
2025-02-14,0.23999999999999932,LOW_POSITIVE
2025-02-18,0.3099999999999996,LOW_POSITIVE
2025-02-19,0.3100000000000005,LOW_POSITIVE
2025-02-20,0.2999999999999998,LOW_POSITIVE
2025-02-21,0.2699999999999996,LOW_POSITIVE
2025-02-24,0.25,LOW_POSITIVE
2025-02-25,0.17999999999999972,LOW_POSITIVE
2025-02-26,0.1299999999999999,LOW_POSITIVE
2025-02-27,0.16000000000000014,LOW_POSITIVE
2025-02-28,0.16000000000000014,LOW_POSITIVE
2025-03-03,0.10000000000000053,LOW_POSITIVE
2025-03-04,0.17999999999999972,LOW_POSITIVE
2025-03-05,0.22000000000000064,LOW_POSITIVE
2025-03-06,0.27000000000000046,LOW_POSITIVE
2025-03-07,0.27000000000000046,LOW_POSITIVE
2025-03-10,0.23999999999999977,LOW_POSITIVE
2025-03-11,0.25,LOW_POSITIVE
2025-03-12,0.25,LOW_POSITIVE
2025-03-13,0.23999999999999932,LOW_POSITIVE
2025-03-14,0.21999999999999975,LOW_POSITIVE
2025-03-17,0.1999999999999993,LOW_POSITIVE
2025-03-18,0.16000000000000014,LOW_POSITIVE
2025-03-19,0.15000000000000036,LOW_POSITIVE
2025-03-20,0.1800000000000006,LOW_POSITIVE
2025-03-21,0.20999999999999996,LOW_POSITIVE
2025-03-24,0.22999999999999954,LOW_POSITIVE
2025-03-25,0.21999999999999975,LOW_POSITIVE
2025-03-26,0.25,LOW_POSITIVE
2025-03-27,0.28000000000000025,LOW_POSITIVE
2025-03-28,0.22999999999999954,LOW_POSITIVE
2025-03-31,0.20000000000000018,LOW_POSITIVE
2025-04-01,0.16000000000000014,LOW_POSITIVE
2025-04-02,0.16000000000000014,LOW_POSITIVE
2025-04-03,0.13999999999999968,LOW_POSITIVE
2025-04-04,0.1499999999999999,LOW_POSITIVE
2025-04-07,0.2900000000000005,LOW_POSITIVE
2025-04-08,0.4299999999999997,LOW_POSITIVE
2025-04-09,0.3099999999999996,LOW_POSITIVE
2025-04-10,0.43000000000000016,LOW_POSITIVE
2025-04-11,0.4400000000000004,LOW_POSITIVE
2025-04-14,0.3899999999999997,LOW_POSITIVE
2025-04-15,0.35999999999999943,LOW_POSITIVE
2025-04-16,0.33000000000000007,LOW_POSITIVE
2025-04-17,0.34999999999999964,LOW_POSITIVE
2025-04-21,0.46999999999999975,LOW_POSITIVE
2025-04-22,0.43000000000000016,LOW_POSITIVE
2025-04-23,0.39000000000000057,LOW_POSITIVE
2025-04-24,0.3500000000000001,LOW_POSITIVE
2025-04-25,0.33999999999999986,LOW_POSITIVE
2025-04-28,0.3100000000000005,LOW_POSITIVE
2025-04-29,0.30000000000000027,LOW_POSITIVE
2025-04-30,0.31999999999999984,LOW_POSITIVE
2025-05-01,0.33000000000000007,LOW_POSITIVE
2025-05-02,0.33000000000000007,LOW_POSITIVE
2025-05-05,0.34000000000000075,LOW_POSITIVE
2025-05-06,0.31999999999999984,LOW_POSITIVE
2025-05-07,0.2599999999999998,LOW_POSITIVE
2025-05-08,0.3200000000000003,LOW_POSITIVE
2025-05-09,0.3200000000000003,LOW_POSITIVE
2025-05-12,0.33999999999999986,LOW_POSITIVE
2025-05-13,0.3799999999999999,LOW_POSITIVE
2025-05-14,0.39000000000000057,LOW_POSITIVE
2025-05-15,0.35000000000000053,LOW_POSITIVE
2025-05-16,0.2999999999999998,LOW_POSITIVE
2025-05-19,0.33999999999999986,LOW_POSITIVE
2025-05-20,0.3600000000000003,LOW_POSITIVE
2025-05-21,0.4500000000000002,LOW_POSITIVE
2025-05-22,0.41000000000000014,LOW_POSITIVE
2025-05-23,0.35999999999999943,LOW_POSITIVE
2025-05-27,0.29000000000000004,LOW_POSITIVE
2025-05-28,0.3099999999999996,LOW_POSITIVE
2025-05-29,0.2999999999999998,LOW_POSITIVE
2025-05-30,0.2999999999999998,LOW_POSITIVE
2025-06-02,0.33999999999999986,LOW_POSITIVE
2025-06-03,0.33999999999999986,LOW_POSITIVE
2025-06-04,0.3100000000000005,LOW_POSITIVE
2025-06-05,0.3200000000000003,LOW_POSITIVE
2025-06-06,0.3700000000000001,LOW_POSITIVE
2025-06-09,0.3600000000000003,LOW_POSITIVE
2025-06-10,0.34999999999999964,LOW_POSITIVE
2025-06-11,0.33000000000000007,LOW_POSITIVE
2025-06-12,0.3000000000000007,LOW_POSITIVE
2025-06-13,0.3200000000000003,LOW_POSITIVE
2025-06-16,0.3600000000000003,LOW_POSITIVE
2025-06-17,0.29000000000000004,LOW_POSITIVE
2025-06-18,0.28000000000000025,LOW_POSITIVE
2025-06-20,0.3099999999999996,LOW_POSITIVE
2025-06-23,0.33999999999999986,LOW_POSITIVE
2025-06-24,0.3099999999999996,LOW_POSITIVE
2025-06-25,0.2999999999999998,LOW_POSITIVE
2025-06-26,0.2999999999999998,LOW_POSITIVE
2025-06-27,0.31999999999999984,LOW_POSITIVE
2025-06-30,0.28000000000000025,LOW_POSITIVE
2025-07-01,0.2799999999999998,LOW_POSITIVE
2025-07-02,0.3099999999999996,LOW_POSITIVE
2025-07-03,0.27999999999999936,LOW_POSITIVE
2025-07-07,0.3200000000000003,LOW_POSITIVE
2025-07-08,0.3099999999999996,LOW_POSITIVE
2025-07-09,0.2699999999999996,LOW_POSITIVE
2025-07-10,0.27999999999999936,LOW_POSITIVE
2025-07-11,0.33999999999999986,LOW_POSITIVE
2025-07-14,0.34999999999999964,LOW_POSITIVE
2025-07-15,0.3799999999999999,LOW_POSITIVE
2025-07-16,0.3799999999999999,LOW_POSITIVE
2025-07-17,0.3700000000000001,LOW_POSITIVE
2025-07-18,0.3600000000000003,LOW_POSITIVE
2025-07-21,0.3200000000000003,LOW_POSITIVE
2025-07-22,0.2999999999999998,LOW_POSITIVE
2025-07-23,0.3200000000000003,LOW_POSITIVE
2025-07-24,0.33000000000000007,LOW_POSITIVE
2025-07-25,0.3100000000000005,LOW_POSITIVE
2025-07-28,0.33000000000000007,LOW_POSITIVE
2025-07-29,0.2699999999999996,LOW_POSITIVE
2025-07-30,0.2599999999999998,LOW_POSITIVE
2025-07-31,0.27000000000000046,LOW_POSITIVE
2025-08-01,0.3600000000000003,LOW_POSITIVE
2025-08-04,0.3999999999999999,LOW_POSITIVE
2025-08-05,0.2999999999999998,LOW_POSITIVE
2025-08-06,0.31999999999999984,LOW_POSITIVE
2025-08-07,0.3100000000000005,LOW_POSITIVE
2025-08-08,0.3399999999999994,LOW_POSITIVE
2025-08-11,0.3399999999999994,LOW_POSITIVE
2025-08-12,0.3900000000000001,LOW_POSITIVE
2025-08-13,0.38000000000000034,LOW_POSITIVE
2025-08-14,0.3799999999999999,LOW_POSITIVE
2025-08-15,0.3999999999999999,LOW_POSITIVE
2025-08-18,0.4099999999999997,LOW_POSITIVE
2025-08-19,0.3899999999999997,LOW_POSITIVE
2025-08-20,0.3900000000000001,LOW_POSITIVE
2025-08-21,0.3799999999999999,LOW_POSITIVE
2025-08-22,0.3899999999999997,LOW_POSITIVE
2025-08-25,0.40000000000000036,LOW_POSITIVE
2025-08-26,0.4099999999999997,LOW_POSITIVE
2025-08-27,0.41000000000000014,LOW_POSITIVE
2025-08-28,0.36999999999999966,LOW_POSITIVE
2025-08-29,0.40000000000000036,LOW_POSITIVE
2025-09-02,0.4600000000000004,LOW_POSITIVE
2025-09-03,0.44999999999999973,LOW_POSITIVE
2025-09-04,0.41000000000000014,LOW_POSITIVE
2025-09-05,0.44999999999999973,LOW_POSITIVE
2025-09-08,0.4099999999999997,LOW_POSITIVE
2025-09-09,0.3999999999999999,LOW_POSITIVE
2025-09-10,0.3799999999999999,LOW_POSITIVE
2025-09-11,0.3799999999999999,LOW_POSITIVE
2025-09-12,0.39999999999999947,LOW_POSITIVE
2025-09-15,0.4099999999999997,LOW_POSITIVE
2025-09-16,0.41999999999999993,LOW_POSITIVE
2025-09-17,0.4599999999999995,LOW_POSITIVE
2025-09-18,0.5000000000000004,LOW_POSITIVE
2025-09-19,0.5399999999999996,LOW_POSITIVE
2025-09-22,0.5400000000000005,LOW_POSITIVE
2025-09-23,0.5100000000000002,LOW_POSITIVE
2025-09-24,0.5300000000000002,LOW_POSITIVE
2025-09-25,0.49999999999999956,LOW_POSITIVE
2025-09-26,0.5300000000000002,LOW_POSITIVE
2025-09-29,0.5000000000000004,LOW_POSITIVE
2025-09-30,0.48,LOW_POSITIVE
2025-10-01,0.5,LOW_POSITIVE
2025-10-02,0.47999999999999954,LOW_POSITIVE
2025-10-03,0.48999999999999977,LOW_POSITIVE
2025-10-06,0.5199999999999996,LOW_POSITIVE
2025-10-07,0.48999999999999977,LOW_POSITIVE
2025-10-08,0.46999999999999975,LOW_POSITIVE
2025-10-09,0.47999999999999954,LOW_POSITIVE
2025-10-10,0.44999999999999973,LOW_POSITIVE
2025-10-13,0.44999999999999973,LOW_POSITIVE
2025-10-14,0.4500000000000002,LOW_POSITIVE
2025-10-15,0.43999999999999995,LOW_POSITIVE
2025-10-16,0.4500000000000002,LOW_POSITIVE
2025-10-17,0.4599999999999995,LOW_POSITIVE
2025-10-20,0.4500000000000002,LOW_POSITIVE
2025-10-21,0.41999999999999993,LOW_POSITIVE
2025-10-22,0.4200000000000004,LOW_POSITIVE
2025-10-23,0.41999999999999993,LOW_POSITIVE
2025-10-24,0.4399999999999995,LOW_POSITIVE
2025-10-27,0.41999999999999993,LOW_POSITIVE
2025-10-28,0.40000000000000036,LOW_POSITIVE
2025-10-29,0.3799999999999999,LOW_POSITIVE
2025-10-30,0.41000000000000014,LOW_POSITIVE
2025-10-31,0.41000000000000014,LOW_POSITIVE
2025-11-03,0.4299999999999997,LOW_POSITIVE
2025-11-04,0.4299999999999997,LOW_POSITIVE
2025-11-05,0.45999999999999996,LOW_POSITIVE
2025-11-06,0.4600000000000004,LOW_POSITIVE
2025-11-07,0.4800000000000004,LOW_POSITIVE
2025-11-10,0.46999999999999975,LOW_POSITIVE
2025-11-11,0.46999999999999975,LOW_POSITIVE
2025-11-12,0.43000000000000016,LOW_POSITIVE
2025-11-13,0.43000000000000016,LOW_POSITIVE
2025-11-14,0.4399999999999995,LOW_POSITIVE
2025-11-17,0.43999999999999995,LOW_POSITIVE
2025-11-18,0.4500000000000002,LOW_POSITIVE
2025-11-19,0.44999999999999973,LOW_POSITIVE
2025-11-20,0.44999999999999973,LOW_POSITIVE
2025-11-21,0.4399999999999995,LOW_POSITIVE
2025-11-24,0.43000000000000016,LOW_POSITIVE
2025-11-25,0.4099999999999997,LOW_POSITIVE
2025-11-26,0.3900000000000001,LOW_POSITIVE
2025-11-28,0.4099999999999997,LOW_POSITIVE
2025-12-01,0.46999999999999975,LOW_POSITIVE
2025-12-02,0.5,LOW_POSITIVE
2025-12-03,0.48999999999999977,LOW_POSITIVE
2025-12-04,0.5100000000000002,LOW_POSITIVE
2025-12-05,0.5299999999999998,LOW_POSITIVE
2025-12-08,0.56,LOW_POSITIVE
2025-12-09,0.5499999999999998,LOW_POSITIVE
2025-12-10,0.5499999999999998,LOW_POSITIVE
2025-12-11,0.5799999999999996,LOW_POSITIVE
2025-12-12,0.6500000000000004,LOW_POSITIVE
2025-12-15,0.6599999999999997,LOW_POSITIVE
2025-12-16,0.6400000000000006,LOW_POSITIVE
2025-12-17,0.6500000000000004,LOW_POSITIVE
2025-12-18,0.6299999999999999,LOW_POSITIVE
2025-12-19,0.6500000000000004,LOW_POSITIVE
2025-12-22,0.6400000000000001,LOW_POSITIVE
2025-12-23,0.6599999999999997,LOW_POSITIVE
2025-12-24,0.6500000000000004,LOW_POSITIVE
2025-12-26,0.6499999999999995,LOW_POSITIVE
2025-12-29,0.6400000000000001,LOW_POSITIVE
2025-12-30,0.6699999999999995,LOW_POSITIVE
2025-12-31,0.6999999999999997,LOW_POSITIVE
2026-01-02,0.7200000000000002,LOW_POSITIVE
2026-01-05,0.6999999999999997,LOW_POSITIVE
2026-01-06,0.6999999999999997,LOW_POSITIVE
2026-01-07,0.6700000000000004,LOW_POSITIVE
2026-01-08,0.7100000000000004,LOW_POSITIVE
2026-01-09,0.6599999999999997,LOW_POSITIVE
2026-01-12,0.6600000000000006,LOW_POSITIVE
2026-01-13,0.6699999999999999,LOW_POSITIVE
2026-01-14,0.6500000000000004,LOW_POSITIVE
2026-01-15,0.6299999999999999,LOW_POSITIVE
2026-01-16,0.6900000000000004,LOW_POSITIVE
2026-01-20,0.77,LOW_POSITIVE
2026-01-21,0.73,LOW_POSITIVE
2026-01-22,0.73,LOW_POSITIVE
2026-01-23,0.7100000000000004,LOW_POSITIVE
2026-01-26,0.6999999999999997,LOW_POSITIVE
2026-01-27,0.7400000000000002,LOW_POSITIVE
2026-01-28,0.7399999999999998,LOW_POSITIVE
2026-01-29,0.7400000000000002,LOW_POSITIVE
2026-01-30,0.7799999999999998,LOW_POSITIVE
2026-02-02,0.7999999999999998,LOW_POSITIVE
2026-02-03,0.79,LOW_POSITIVE
2026-02-04,0.7999999999999998,LOW_POSITIVE
2026-02-05,0.77,LOW_POSITIVE
2026-02-06,0.7699999999999996,LOW_POSITIVE
2026-02-09,0.7899999999999996,LOW_POSITIVE
2026-02-10,0.7600000000000002,LOW_POSITIVE
2026-02-11,0.7099999999999995,LOW_POSITIVE
2026-02-12,0.6399999999999997,LOW_POSITIVE
2026-02-13,0.6200000000000001,LOW_POSITIVE
2026-02-17,0.5699999999999998,LOW_POSITIVE
2026-02-18,0.5999999999999996,LOW_POSITIVE
2026-02-19,0.5800000000000001,LOW_POSITIVE
2026-02-20,0.5700000000000003,LOW_POSITIVE
2026-02-23,0.5300000000000002,LOW_POSITIVE
2026-02-24,0.52,LOW_POSITIVE
2026-02-25,0.52,LOW_POSITIVE
2026-02-26,0.49999999999999956,LOW_POSITIVE
2026-02-27,0.4900000000000002,LOW_POSITIVE
2026-03-02,0.5099999999999998,LOW_POSITIVE
2026-03-03,0.5099999999999998,LOW_POSITIVE
2026-03-04,0.5099999999999998,LOW_POSITIVE
2026-03-05,0.54,LOW_POSITIVE
2026-03-06,0.6000000000000005,LOW_POSITIVE
2026-03-09,0.56,LOW_POSITIVE
2026-03-10,0.5900000000000003,LOW_POSITIVE
2026-03-11,0.6099999999999999,LOW_POSITIVE
2026-03-12,0.6099999999999994,LOW_POSITIVE
2026-03-13,0.6200000000000001,LOW_POSITIVE
2026-03-16,0.5900000000000003,LOW_POSITIVE
2026-03-17,0.5700000000000003,LOW_POSITIVE
2026-03-18,0.5799999999999996,LOW_POSITIVE
2026-03-19,0.52,LOW_POSITIVE
2026-03-20,0.5899999999999999,LOW_POSITIVE
2026-03-23,0.5800000000000001,LOW_POSITIVE
2026-03-24,0.5799999999999996,LOW_POSITIVE
2026-03-25,0.56,LOW_POSITIVE
2026-03-26,0.5899999999999999,LOW_POSITIVE
2026-03-27,0.6700000000000004,LOW_POSITIVE
2026-03-30,0.6399999999999997,LOW_POSITIVE
2026-03-31,0.6199999999999997,LOW_POSITIVE
2026-04-01,0.6499999999999999,LOW_POSITIVE
2026-04-02,0.6299999999999994,LOW_POSITIVE
2026-04-06,0.6199999999999997,LOW_POSITIVE
2026-04-07,0.6499999999999999,LOW_POSITIVE
2026-04-08,0.6000000000000001,LOW_POSITIVE
2026-04-09,0.6099999999999999,LOW_POSITIVE
2026-04-10,0.6099999999999994,LOW_POSITIVE
2026-04-13,0.5999999999999996,LOW_POSITIVE
2026-04-14,0.5499999999999998,LOW_POSITIVE
2026-04-15,0.5899999999999999,LOW_POSITIVE
2026-04-16,0.6300000000000003,LOW_POSITIVE
2026-04-17,0.6199999999999997,LOW_POSITIVE
2026-04-20,0.6099999999999999,LOW_POSITIVE
2026-04-21,0.6099999999999999,LOW_POSITIVE
2026-04-22,0.6099999999999999,LOW_POSITIVE
2026-04-23,0.6399999999999997,LOW_POSITIVE
2026-04-24,0.6399999999999997,LOW_POSITIVE
2026-04-27,0.6599999999999997,LOW_POSITIVE
2026-04-28,0.6500000000000004,LOW_POSITIVE
2026-04-29,0.6699999999999999,LOW_POSITIVE
2026-04-30,0.6800000000000002,LOW_POSITIVE
2026-05-01,0.6599999999999997,LOW_POSITIVE
2026-05-04,0.6700000000000004,LOW_POSITIVE
2026-05-05,0.6599999999999997,LOW_POSITIVE
2026-05-06,0.6300000000000003,LOW_POSITIVE
2026-05-07,0.6500000000000004,LOW_POSITIVE
2026-05-08,0.6299999999999999,LOW_POSITIVE
2026-05-11,0.6299999999999999,LOW_POSITIVE
2026-05-12,0.6600000000000001,LOW_POSITIVE
2026-05-13,0.6699999999999999,LOW_POSITIVE
2026-05-18,0.8000000000000003,LOW_POSITIVE
2026-05-19,0.8399999999999999,LOW_POSITIVE
2026-05-20,0.7800000000000002,LOW_POSITIVE
2026-05-21,0.7400000000000002,LOW_POSITIVE
2026-05-22,0.6999999999999997,LOW_POSITIVE
2026-05-26,0.6800000000000002,LOW_POSITIVE
2026-05-27,0.6800000000000006,LOW_POSITIVE
2026-05-28,0.6500000000000004,LOW_POSITIVE
2026-05-29,0.6600000000000001,LOW_POSITIVE
2026-06-01,0.6399999999999997,LOW_POSITIVE
2026-06-02,0.6400000000000001,LOW_POSITIVE
2026-06-03,0.6500000000000004,LOW_POSITIVE
2026-06-04,0.6499999999999999,LOW_POSITIVE
2026-06-05,0.6699999999999999,LOW_POSITIVE
2026-06-08,0.7099999999999995,LOW_POSITIVE
2026-06-09,0.6300000000000003,LOW_POSITIVE
2026-06-10,0.6499999999999999,LOW_POSITIVE
2026-06-11,0.6000000000000001,LOW_POSITIVE
2026-06-12,0.6200000000000006,LOW_POSITIVE
