final_regime,total_days,VIX_FULL_RISK_TRIGGER_count,VIX_FULL_RISK_TRIGGER_rate,RAW_CREDIT_DRAWDOWN_TRIGGER_count,RAW_CREDIT_DRAWDOWN_TRIGGER_rate,EFFECTIVE_CREDIT_DRAWDOWN_TRIGGER_count,EFFECTIVE_CREDIT_DRAWDOWN_TRIGGER_rate,MONTHLY_SELL_FULL_RISK_TRIGGER_count,MONTHLY_SELL_FULL_RISK_TRIGGER_rate,STEEP_SLOW_GROWTH_OVERLAY_TRIGGER_count,STEEP_SLOW_GROWTH_OVERLAY_TRIGGER_rate,FULL_RISK_TRIGGER_ANY_count,FULL_RISK_TRIGGER_ANY_rate,FULL_RISK_ACTIVE_count,FULL_RISK_ACTIVE_rate,SLOW_GROWTH_OVERLAY_ACTIVE_count,SLOW_GROWTH_OVERLAY_ACTIVE_rate,RECOVERY_ACTIVE_count,RECOVERY_ACTIVE_rate
FLAT_HIGH_RATE,639,31,0.048513302034428794,17,0.026604068857589983,17,0.026604068857589983,0,0.0,0,0.0,48,0.07511737089201878,196,0.30672926447574334,0,0.0,0,0.0
FLAT_LOW_RATE,877,30,0.03420752565564424,51,0.05815279361459521,51,0.05815279361459521,0,0.0,0,0.0,70,0.07981755986316989,323,0.36830102622576966,0,0.0,0,0.0
INVERTED,923,23,0.024918743228602384,11,0.011917659804983749,11,0.011917659804983749,0,0.0,0,0.0,30,0.032502708559046585,172,0.18634886240520043,0,0.0,0,0.0
STEEP_HIGH_RATE,1094,0,0.0,80,0.07312614259597806,80,0.07312614259597806,0,0.0,0,0.0,80,0.07312614259597806,480,0.43875685557586835,0,0.0,0,0.0
STEEP_LOW_RATE,1541,0,0.0,59,0.038286826735885786,59,0.038286826735885786,0,0.0,0,0.0,59,0.038286826735885786,368,0.23880597014925373,0,0.0,0,0.0
