final_regime_at_entry,trigger_combination,entry_count,avg_stress_duration_days,median_stress_duration_days,mean_strategy_return_during_stress,mean_SPY_return_during_stress,mean_max_drawdown_during_stress,mean_SPY_max_drawdown_during_stress,reentry_rate_5d_after_exit,reentry_rate_10d_after_exit,reentry_rate_20d_after_exit,avg_turnover_entry,avg_turnover_exit,mean_strategy_minus_SPY_during_stress,mean_drawdown_reduction_vs_SPY,avg_turnover_entry_exit
FLAT_HIGH_RATE,CREDIT,2,66.0,66.0,0.04162687884113636,-0.03248138904251896,-0.03481082473941555,-0.15497253635399877,0.0,0.0,0.5,1.0,1.0,0.07410826788365532,0.12016171161458322,2.0
FLAT_HIGH_RATE,VIX,7,12.571428571428571,11.0,-0.00015235597890690084,0.012378808274283075,-0.0100248913557642,-0.03547188276678164,0.0,0.14285714285714285,0.2857142857142857,1.0,1.0,-0.012531164253189977,0.02544699141101744,2.0
FLAT_LOW_RATE,CREDIT,5,26.4,28.0,0.020171597235001927,0.024393178052020282,-0.03573207212954495,-0.055804025377101364,0.0,0.0,0.0,1.0,0.8,-0.004221580817018355,0.020071953247556416,1.8
FLAT_LOW_RATE,VIX,4,16.0,14.5,0.009374139676196463,-0.029158585393858266,-0.04151127926546633,-0.10320335333840852,0.25,0.25,0.5,1.0,0.75,0.03853272507005473,0.061692074072942193,1.75
STEEP_HIGH_RATE,CMDTY,4,71.25,62.5,0.05825458392982852,-0.10117612609362503,-0.031902779048004565,-0.18281267939755563,0.0,0.0,0.0,1.0,1.0,0.15943071002345355,0.15090990034955107,2.0
STEEP_HIGH_RATE,VIX,3,12.0,7.0,1.6016193005026953e-05,0.007996917019064945,-0.013656852277785644,-0.03646222051186787,0.0,0.0,0.6666666666666666,1.0,1.0,-0.007980900826059917,0.022805368234082225,2.0
STEEP_LOW_RATE,CMDTY,4,62.25,44.0,0.03540348214328892,0.03824309438414436,-0.03375648422924235,-0.08750475866363921,0.0,0.0,0.25,1.0,1.0,-0.002839612240855438,0.053748274434396864,2.0
STEEP_LOW_RATE,VIX,6,7.166666666666667,6.5,-0.009117488043531463,0.02713356722978888,-0.010161888899285229,-0.013684396213076452,0.0,0.0,0.0,1.0,1.0,-0.03625105527332034,0.0035225073137912233,2.0
