final_regime_at_entry,trigger_combination,entry_count,avg_stress_duration_days,median_stress_duration_days,mean_strategy_return_during_stress,mean_SPY_return_during_stress,mean_max_drawdown_during_stress,mean_SPY_max_drawdown_during_stress,reentry_rate_5d_after_exit,reentry_rate_10d_after_exit,reentry_rate_20d_after_exit,avg_turnover_entry,avg_turnover_exit,mean_strategy_minus_SPY_during_stress,mean_drawdown_reduction_vs_SPY,avg_turnover_entry_exit
FLAT_HIGH_RATE,CREDIT,1,357.0,357.0,0.16025535044910533,-0.40561846931923196,-0.055412548581659005,-0.5389295836996048,0.0,0.0,0.0,1.0,1.0,0.5658738197683373,0.48351703511794575,2.0
FLAT_HIGH_RATE,VIX,5,12.0,11.0,-0.002978573733712642,0.013606336661243001,-0.01304788524267093,-0.035074514315091634,0.2,0.4,0.4,1.0,1.0,-0.016584910394955642,0.022026629072420704,2.0
FLAT_LOW_RATE,CREDIT,2,229.0,229.0,0.0499225954560113,-0.037041461466682135,-0.057636404746328196,-0.20721866521760618,0.0,0.0,0.0,1.0,0.55,0.08696405692269343,0.14958226047127798,1.55
FLAT_LOW_RATE,VIX,4,16.0,14.5,0.0034019379942522854,-0.029158585393858266,-0.003242515114513289,-0.10320335333840852,0.0,0.0,0.25,1.0,0.775,0.03256052338811055,0.09996083822389523,1.775
INVERTED,VIX,4,14.25,15.0,0.007302126672910442,0.009531175738637737,-0.025443073324925403,-0.02827241050835394,0.0,0.0,0.0,0.10000000000000003,0.325,-0.0022290490657272954,0.0028293371834285375,0.42500000000000004
STEEP_HIGH_RATE,CREDIT,2,91.5,91.5,0.022356008519080872,-0.01011499694165452,-0.034759388272463054,-0.11352802905987358,0.0,0.0,0.0,1.0,0.7,0.03247100546073539,0.07876864078741053,1.7
STEEP_LOW_RATE,CREDIT,3,101.66666666666667,87.0,0.07464904778464221,0.09709208732463674,-0.0364647292690902,-0.07745051627104178,0.0,0.0,0.0,0.4000000000000001,0.4000000000000001,-0.022443039539994533,0.04098578700195158,0.8000000000000002
