final_regime,total_days,VIX_FULL_RISK_TRIGGER_count,VIX_FULL_RISK_TRIGGER_rate,RAW_CREDIT_DRAWDOWN_TRIGGER_count,RAW_CREDIT_DRAWDOWN_TRIGGER_rate,EFFECTIVE_CREDIT_DRAWDOWN_TRIGGER_count,EFFECTIVE_CREDIT_DRAWDOWN_TRIGGER_rate,MONTHLY_SELL_FULL_RISK_TRIGGER_count,MONTHLY_SELL_FULL_RISK_TRIGGER_rate,STEEP_SLOW_GROWTH_OVERLAY_TRIGGER_count,STEEP_SLOW_GROWTH_OVERLAY_TRIGGER_rate,FULL_RISK_TRIGGER_ANY_count,FULL_RISK_TRIGGER_ANY_rate,FULL_RISK_ACTIVE_count,FULL_RISK_ACTIVE_rate,SLOW_GROWTH_OVERLAY_ACTIVE_count,SLOW_GROWTH_OVERLAY_ACTIVE_rate,RECOVERY_ACTIVE_count,RECOVERY_ACTIVE_rate
FLAT_HIGH_RATE,639,31,0.048513302034428794,24,0.03755868544600939,24,0.03755868544600939,0,0.0,0,0.0,55,0.08607198748043818,189,0.29577464788732394,0,0.0,0,0.0
FLAT_LOW_RATE,877,30,0.03420752565564424,70,0.07981755986316989,70,0.07981755986316989,0,0.0,0,0.0,89,0.10148232611174458,323,0.36830102622576966,0,0.0,0,0.0
INVERTED,923,23,0.024918743228602384,14,0.015167930660888408,14,0.015167930660888408,0,0.0,0,0.0,34,0.03683640303358613,172,0.18634886240520043,0,0.0,0,0.0
STEEP_HIGH_RATE,1094,0,0.0,118,0.10786106032906764,118,0.10786106032906764,0,0.0,0,0.0,118,0.10786106032906764,459,0.4195612431444241,0,0.0,0,0.0
STEEP_LOW_RATE,1541,0,0.0,81,0.05256327060350422,81,0.05256327060350422,0,0.0,0,0.0,81,0.05256327060350422,341,0.22128487994808566,0,0.0,0,0.0
