refined_regime_at_entry,trigger_combination,entry_count,avg_stress_duration_days,median_stress_duration_days,mean_strategy_return_during_stress,mean_SPY_return_during_stress,mean_max_drawdown_during_stress,mean_SPY_max_drawdown_during_stress,reentry_rate_5d_after_exit,reentry_rate_10d_after_exit,reentry_rate_20d_after_exit,avg_turnover_entry,avg_turnover_exit,mean_strategy_minus_SPY_during_stress,mean_drawdown_reduction_vs_SPY,avg_turnover_entry_exit
FLAT_HIGH_RATE,CREDIT,2,66.0,66.0,0.03988846566700299,-0.03248138904251896,-0.035308190465346334,-0.15497253635399877,0.0,0.0,0.5,1.0,1.0,0.07236985470952195,0.11966434588865243,2.0
FLAT_HIGH_RATE,VIX,7,12.571428571428571,11.0,-0.00015235597890690084,0.012378808274283075,-0.0100248913557642,-0.03547188276678164,0.0,0.14285714285714285,0.2857142857142857,1.0,1.0,-0.012531164253189977,0.02544699141101744,2.0
FLAT_LOW_RATE,CREDIT,5,26.4,28.0,0.030549128970019844,0.024393178052020282,-0.03269285216376929,-0.055804025377101364,0.0,0.0,0.0,1.0,0.8,0.006155950917999562,0.023111173213332073,1.8
FLAT_LOW_RATE,VIX,4,16.0,14.5,0.009383160269940266,-0.029158585393858266,-0.04144589867590709,-0.10320335333840852,0.25,0.25,0.5,1.0,0.75,0.03854174566379853,0.06175745466250143,1.75
STEEP,CMDTY,8,66.75,53.5,0.04682903303655872,-0.031466515854740335,-0.03282963163862346,-0.13515871903059742,0.0,0.0,0.125,1.0,1.0,0.07829554889129905,0.10232908739197397,2.0
STEEP,VIX,9,8.777777777777779,7.0,-0.006072986631352633,0.020754683826214235,-0.0113268766921187,-0.02127700431267359,0.0,0.0,0.2222222222222222,1.0,1.0,-0.026827670457566868,0.00995012762055489,2.0
