event_reason,count,total_turnover,average_turnover,median_turnover,average_strategy_return_next_5d,average_strategy_return_next_20d,average_SPY_return_next_5d,average_SPY_return_next_20d,share_of_total_turnover
FULL_RISK_EXIT_TRIGGER_UNLOCK,35,33.0,0.9428571428571428,1.0,0.007290337402049617,0.01916637132937408,0.00788183027458797,0.013520178400013079,0.34920612610704294
FULL_RISK_ENTRY_VIX,20,20.0,1.0,1.0,-3.2960176353991065e-05,0.010150438571359615,0.012562809773524874,0.007573754127084498,0.21164007642851085
OTHER,4940,17.39366143295233,0.0035209840957393383,0.0,0.003629261766610699,0.014753467974719785,0.0023090480428029684,0.009448915639903847,0.18405979175208367
FLAT_LOW_HIGH_SWITCH,11,8.017523016715419,0.7288657287923108,0.6322765656744493,0.0030859373513816997,0.0161037872275135,-0.006996596606021971,-0.00551772214065984,0.08484145920124982
FULL_RISK_ENTRY_CMDTY,8,8.0,1.0,1.0,0.0008458610627276597,0.01163560641545533,0.007946687618272955,0.01625977259156372,0.08465603057140435
FULL_RISK_ENTRY_CREDIT,7,7.0,1.0,1.0,0.020418860110292574,0.026917956418060687,0.004777768125566739,0.0104584550877331,0.0740740267499788
INVERSE_VOL_REBALANCE,53,1.0888759240853676,0.02054482875632769,0.014130252761121703,0.010227395729563389,0.021787625179442223,0.003928007326124458,0.007463768021267792,0.01152248918972963
