event_reason,count,total_turnover,average_turnover,median_turnover,average_strategy_return_next_5d,average_strategy_return_next_20d,average_SPY_return_next_5d,average_SPY_return_next_20d,share_of_total_turnover
OTHER,4897,26.481686137246616,0.005407736601438966,0.0,0.004118461572662637,0.016425903495942036,0.002358888436078133,0.009310492586914616,0.4530007328259694
FULL_RISK_EXIT_TRIGGER_UNLOCK,21,13.020788753830027,0.6200375597061918,0.7,0.0018226754308247686,0.02143108144478207,0.007200379677827743,0.027198941536898065,0.22273607567461418
FULL_RISK_ENTRY_VIX,12,7.8,0.65,0.7,0.0010472306469578863,0.008040490648447121,0.008131674292941815,-0.0043359199433333495,0.13342827559128909
FULL_RISK_ENTRY_CREDIT,8,7.7,0.9625,1.0,0.009590659120993425,0.011293152719644345,-0.0350208443262532,0.00030878212157642304,0.13171765667345206
INVERSE_VOL_REBALANCE,135,3.3558988339392966,0.024858509881031825,0.01609842109109108,0.004440662444118253,0.01652323831238736,0.004823971338061171,0.012635177584154856,0.05740664031683823
FULL_RISK_ENTRY_MULTI_TRIGGER,1,0.10000000000000003,0.10000000000000003,0.10000000000000003,0.004483214489144016,0.01563711269613477,-0.009027620314912332,0.02218992524057728,0.0017106189178370402
