event_reason,count,total_turnover,average_turnover,median_turnover,average_strategy_return_next_5d,average_strategy_return_next_20d,average_SPY_return_next_5d,average_SPY_return_next_20d,share_of_total_turnover
FULL_RISK_EXIT_TRIGGER_UNLOCK,35,33.0,0.9428571428571428,1.0,0.008614570078520798,0.018785104871305917,0.00788183027458797,0.013520178400013079,0.3631219638223664
FULL_RISK_ENTRY_VIX,20,20.0,1.0,1.0,-5.092208263381415e-05,0.011238525246275438,0.012562809773524874,0.007573754127084498,0.22007391746810084
OTHER,4911,15.815317839897327,0.003220386446731282,0.0,0.003760784889454008,0.015169584737866585,0.002298576359719572,0.009415102319516422,0.17402694765146737
FULL_RISK_ENTRY_CMDTY,8,8.0,1.0,1.0,0.0008458610627276597,0.01163560641545533,0.007946687618272955,0.01625977259156372,0.08802956698724033
FULL_RISK_ENTRY_CREDIT,7,7.0,1.0,1.0,0.020098365962974048,0.02699440098134953,0.004777768125566739,0.0104584550877331,0.0770258711138353
FLAT_LOW_HIGH_SWITCH,6,4.808230311980108,0.8013717186633514,0.8244493293718093,-0.002952181247223925,0.005164005306073434,-0.009457035103567824,-0.0031638356265589196,0.052908304042316556
INVERSE_VOL_REBALANCE,87,2.2550086080300544,0.025919639172759246,0.017066315944682053,0.005948151431849316,0.01874232446420641,0.003520695479174623,0.009137643304773525,0.02481342891467316
