event_reason,count,total_turnover,average_turnover,median_turnover,average_strategy_return_next_5d,average_strategy_return_next_20d,average_SPY_return_next_5d,average_SPY_return_next_20d,share_of_total_turnover
OTHER,4915,22.833106572915945,0.004645596454306397,0.0,0.003708479408380059,0.014777292374209909,0.0023630392237587628,0.009327270854655035,0.36927148885681926
FULL_RISK_EXIT_TRIGGER_UNLOCK,22,14.5,0.6590909090909091,1.0,0.002371985522591274,0.021415300491196745,0.007629806384898907,0.027237965213995376,0.23450320136354885
FULL_RISK_ENTRY_VIX,12,9.3,0.775,1.0,-0.0003201161265814397,0.006280606607554168,0.008131674292941815,-0.0043359199433333495,0.1504055015642072
FLAT_LOW_HIGH_SWITCH,6,6.0,1.0,1.0,0.0014851788354425983,0.012219106979520314,-0.009457035103567824,-0.0031638356265589196,0.09703580746077883
FULL_RISK_ENTRY_CREDIT,9,6.0,0.6666666666666666,0.4,0.00011939793206844968,0.013232577983359627,-0.029108553149080587,0.004861728186220857,0.09703580746077883
INVERSE_VOL_REBALANCE,109,3.0997379924797306,0.028437963233758995,0.019390388257929297,0.0058361285588976654,0.01843665446084027,0.005599086590795168,0.012898322087760471,0.05013092983618738
FULL_RISK_ENTRY_MULTI_TRIGGER,1,0.10000000000000009,0.10000000000000009,0.10000000000000009,0.004483214489144016,0.021699961696408643,-0.009027620314912332,0.02218992524057728,0.0016172634576796488
