event_reason,count,total_turnover,average_turnover,median_turnover,average_strategy_return_next_5d,average_strategy_return_next_20d,average_SPY_return_next_5d,average_SPY_return_next_20d,share_of_total_turnover
OTHER,4890,25.548481177320145,0.005224638277570582,0.0,0.003975785201511768,0.015851166903770714,0.0023383496952598198,0.009257527739556693,0.45036706422919803
FULL_RISK_EXIT_TRIGGER_UNLOCK,21,11.7,0.5571428571428572,0.7,0.0018226754308247686,0.021532990789377073,0.007200379677827743,0.027198941536898065,0.20624688469384497
FULL_RISK_ENTRY_VIX,12,7.8,0.65,0.7,0.0010472306469578863,0.008040490648447121,0.008131674292941815,-0.0043359199433333495,0.13749792312922998
FULL_RISK_ENTRY_CREDIT,8,7.7,0.9625,1.0,0.009590659120993425,0.011293152719644345,-0.0350208443262532,0.00030878212157642304,0.1357351292429578
INVERSE_VOL_REBALANCE,142,3.8796484008191827,0.027321467611402694,0.020767386373822624,0.004770597945839278,0.017897796833482877,0.005409014778790605,0.014299851176351729,0.06839020481849693
FULL_RISK_ENTRY_MULTI_TRIGGER,1,0.10000000000000003,0.10000000000000003,0.10000000000000003,0.004483214489144016,0.01563711269613477,-0.009027620314912332,0.02218992524057728,0.00176279388627218
