strategy,CAGR,Sharpe,Sortino,MaxDD,Calmar,Final Equity,annualized_vol,turnover,transaction_cost_drag,time_in_any_lock,time_in_credit_lock,time_in_vix_lock,time_in_cmdty_lock,number_credit_periods,false_recovery_count,missed_rebound_count
SPY_CASH_BASELINE_ALL_LOCKS,0.11192003535022987,0.8569113949886695,1.0037369124925668,-0.3689055897319068,0.3033839509766308,8.466177856222805,0.13060864402638703,149.0,0.0745,944,212,316,534,9,5,4
SPY_CASH_ABS_ENTRY_LEVEL_Z_UNLOCK_ALL_LOCKS,0.1227804410211093,1.070988751950726,1.1756981230998569,-0.1878344094031813,0.6536631994703618,10.296333068820209,0.11464213867556863,137.0,0.0685,1393,719,316,534,7,4,6
