strategy,CAGR,Sharpe,Sortino,MaxDD,Calmar,Final Equity,annualized_vol,turnover,transaction_cost_drag,time_in_credit_lock,number_credit_periods,avg_credit_period_duration,false_recovery_count,missed_rebound_count
SPY_BUY_HOLD,0.11138490180956961,0.5752440542564119,0.7016046436312886,-0.551894409358084,0.20182284857555077,8.384514463464857,0.19363068768012054,1.0,0.0005,0,0,,0,0
CREDIT_ONLY_BASELINE_SPY_CASH,0.10596302587667394,0.5932308308463305,0.7163343363709578,-0.5601157307609449,0.1891805926120267,7.598251624033206,0.1786202273497859,37.0,0.0185,231,9,25.666666666666668,5,4
CREDIT_ONLY_ABS_ENTRY_LEVEL_Z_UNLOCK_SPY_CASH,0.1353871936787614,0.9560394037518096,1.1173647483350522,-0.26152647566654863,0.517680641448259,12.891987932220832,0.14161256654010076,29.0,0.0145,813,7,116.14285714285714,4,6
