strategy,CAGR,Sharpe,Sortino,MaxDD,Calmar,Final Equity,turnover,time_in_credit_lock,false_recovery_count,missed_rebound_count
FINAL_BASELINE,0.20196797918368836,1.4922093168411117,2.0133586261368372,-0.1593566070738817,1.2673963313617174,40.61039016831501,181.757113519815,273,5,4
FINAL_ABS_ENTRY_LEVEL_Z_UNLOCK,0.18709128747194392,1.410953716255079,1.899777339659723,-0.16905122540885342,1.1067135835274797,31.603253532660325,15.27853837413145,719,4,6
