category,n_days,SPY_cumulative_return,CASH_cumulative_return,CASH_excess_over_SPY,SPY_maxDD,avg_CREDIT_LEVEL_Z,avg_D_CREDIT_15D
both_lock,231,0.10061852728719867,0.015539499439854554,-0.08507902784734411,-0.3017988303089999,2.6904901502437495,0.1392982456140351
baseline_only,0,,,,,,
new_only,582,-0.3831801712192121,0.04241098696864376,0.42559115818785587,-0.4796750771421405,1.8903602164434417,0.03447916666666668
neither,4261,11.356615312564836,0.3077509169260335,-11.048864395638802,-0.2726951101650218,-0.4376647215891619,-0.013778361595414377
