state_machine,number_periods,total_days_locked,avg_duration,median_duration,avg_SPY_return_during_lock,avg_SPY_maxDD_during_lock,avg_CASH_excess_over_SPY,pct_periods_cash_beats_spy,false_recovery_count,missed_rebound_count,avg_next_21d_SPY_return_after_unlock,avg_next_21d_SPY_maxDD_after_unlock,avg_next_63d_SPY_return_after_unlock,avg_next_63d_SPY_maxDD_after_unlock
BASELINE_CREDIT_STATE_MACHINE,9,231,25.666666666666668,24.0,0.011809692389366244,-0.07774444026511228,-0.010093748003792665,0.2222222222222222,5,4,-0.009547076093684326,-0.05651261962833934,0.02782985090904428,-0.08796944742603831
ABS_ENTRY_LEVEL_Z_UNLOCK_STATE_MACHINE,7,813,116.14285714285714,66.0,-0.03905855713727651,-0.17929355811531242,0.047256303280338044,0.42857142857142855,4,6,0.004872034558731896,-0.0558183956180009,0.06533734007034198,-0.08267029667168693
